mutant_id,project,bug_id,mutant_no,operator,category,class,line,killed,llm_score,llm_raw_response,llm_latency_ms,model_used
Chart-17-0001,Chart,17,1,STD,statement_deletion,org.jfree.data.time.TimeSeries,173,1,0.15,0.15,4859,qwen3.6:latest
Chart-17-0002,Chart,17,2,STD,statement_deletion,org.jfree.data.time.TimeSeries,174,1,0.1,0.1,4141,qwen3.6:latest
Chart-17-0003,Chart,17,3,STD,statement_deletion,org.jfree.data.time.TimeSeries,175,0,0.15,0.15,4202,qwen3.6:latest
Chart-17-0004,Chart,17,4,STD,statement_deletion,org.jfree.data.time.TimeSeries,176,0,0.15,0.15,4087,qwen3.6:latest
Chart-17-0005,Chart,17,5,STD,statement_deletion,org.jfree.data.time.TimeSeries,177,1,0.1,0.1,4091,qwen3.6:latest
Chart-17-0006,Chart,17,6,STD,statement_deletion,org.jfree.data.time.TimeSeries,178,1,0.1,0.1,4037,qwen3.6:latest
Chart-17-0007,Chart,17,7,STD,statement_deletion,org.jfree.data.time.TimeSeries,203,1,0.15,0.15,4112,qwen3.6:latest
Chart-17-0008,Chart,17,8,STD,statement_deletion,org.jfree.data.time.TimeSeries,204,0,0.15,0.15,4107,qwen3.6:latest
Chart-17-0009,Chart,17,9,STD,statement_deletion,org.jfree.data.time.TimeSeries,228,1,0.15,0.15,4105,qwen3.6:latest
Chart-17-0010,Chart,17,10,STD,statement_deletion,org.jfree.data.time.TimeSeries,229,0,0.15,0.15,4035,qwen3.6:latest
Chart-17-0011,Chart,17,11,LVR,arithmetic,org.jfree.data.time.TimeSeries,275,0,0.85,0.85,4234,qwen3.6:latest
Chart-17-0012,Chart,17,12,LVR,arithmetic,org.jfree.data.time.TimeSeries,275,0,0.85,0.85,4370,qwen3.6:latest
Chart-17-0013,Chart,17,13,ROR,relational,org.jfree.data.time.TimeSeries,275,0,0.85,0.85,4115,qwen3.6:latest
Chart-17-0014,Chart,17,14,ROR,relational,org.jfree.data.time.TimeSeries,275,0,0.85,0.85,4060,qwen3.6:latest
Chart-17-0015,Chart,17,15,ROR,relational,org.jfree.data.time.TimeSeries,275,0,0.85,0.85,4117,qwen3.6:latest
Chart-17-0016,Chart,17,16,STD,statement_deletion,org.jfree.data.time.TimeSeries,278,1,0.85,0.85,4004,qwen3.6:latest
Chart-17-0017,Chart,17,17,ROR,relational,org.jfree.data.time.TimeSeries,280,1,0.85,0.85,4038,qwen3.6:latest
Chart-17-0018,Chart,17,18,ROR,relational,org.jfree.data.time.TimeSeries,280,0,0.85,0.85,4008,qwen3.6:latest
Chart-17-0019,Chart,17,19,ROR,relational,org.jfree.data.time.TimeSeries,280,1,0.85,0.85,4152,qwen3.6:latest
Chart-17-0020,Chart,17,20,LVR,arithmetic,org.jfree.data.time.TimeSeries,281,1,0.85,0.85,4082,qwen3.6:latest
Chart-17-0021,Chart,17,21,LVR,arithmetic,org.jfree.data.time.TimeSeries,281,1,0.85,0.85,4197,qwen3.6:latest
Chart-17-0022,Chart,17,22,AOR,arithmetic,org.jfree.data.time.TimeSeries,281,0,0.85,0.85,4136,qwen3.6:latest
Chart-17-0023,Chart,17,23,AOR,arithmetic,org.jfree.data.time.TimeSeries,281,1,0.85,0.85,4010,qwen3.6:latest
Chart-17-0024,Chart,17,24,AOR,arithmetic,org.jfree.data.time.TimeSeries,281,1,0.85,0.85,4076,qwen3.6:latest
Chart-17-0025,Chart,17,25,AOR,arithmetic,org.jfree.data.time.TimeSeries,281,0,0.85,0.85,4216,qwen3.6:latest
Chart-17-0026,Chart,17,26,LVR,arithmetic,org.jfree.data.time.TimeSeries,281,1,0.85,0.85,4216,qwen3.6:latest
Chart-17-0027,Chart,17,27,LVR,arithmetic,org.jfree.data.time.TimeSeries,281,1,0.85,0.85,4210,qwen3.6:latest
Chart-17-0028,Chart,17,28,AOR,arithmetic,org.jfree.data.time.TimeSeries,281,0,0.85,0.85,4308,qwen3.6:latest
Chart-17-0029,Chart,17,29,AOR,arithmetic,org.jfree.data.time.TimeSeries,281,0,0.85,0.85,4064,qwen3.6:latest
Chart-17-0030,Chart,17,30,AOR,arithmetic,org.jfree.data.time.TimeSeries,281,0,0.85,0.85,4086,qwen3.6:latest
Chart-17-0031,Chart,17,31,AOR,arithmetic,org.jfree.data.time.TimeSeries,281,1,0.85,0.85,4032,qwen3.6:latest
Chart-17-0032,Chart,17,32,STD,statement_deletion,org.jfree.data.time.TimeSeries,281,1,0.85,0.85,4125,qwen3.6:latest
Chart-17-0033,Chart,17,33,LVR,arithmetic,org.jfree.data.time.TimeSeries,309,0,0.85,0.85,4096,qwen3.6:latest
Chart-17-0034,Chart,17,34,LVR,arithmetic,org.jfree.data.time.TimeSeries,309,1,0.85,0.85,4133,qwen3.6:latest
Chart-17-0035,Chart,17,35,ROR,relational,org.jfree.data.time.TimeSeries,309,1,0.85,0.85,4042,qwen3.6:latest
Chart-17-0036,Chart,17,36,ROR,relational,org.jfree.data.time.TimeSeries,309,1,0.85,0.85,4242,qwen3.6:latest
Chart-17-0037,Chart,17,37,ROR,relational,org.jfree.data.time.TimeSeries,309,0,0.85,0.85,4174,qwen3.6:latest
Chart-17-0038,Chart,17,38,STD,statement_deletion,org.jfree.data.time.TimeSeries,312,0,0.15,0.15,4175,qwen3.6:latest
Chart-17-0039,Chart,17,39,LVR,arithmetic,org.jfree.data.time.TimeSeries,313,1,0.85,0.85,4328,qwen3.6:latest
Chart-17-0040,Chart,17,40,STD,statement_deletion,org.jfree.data.time.TimeSeries,313,1,0.15,0.15,4116,qwen3.6:latest
Chart-17-0041,Chart,17,41,LVR,arithmetic,org.jfree.data.time.TimeSeries,354,0,0.85,0.85,4195,qwen3.6:latest
Chart-17-0042,Chart,17,42,LVR,arithmetic,org.jfree.data.time.TimeSeries,354,0,0.15,0.15,4173,qwen3.6:latest
Chart-17-0043,Chart,17,43,ROR,relational,org.jfree.data.time.TimeSeries,354,0,0.85,0.85,4140,qwen3.6:latest
Chart-17-0044,Chart,17,44,ROR,relational,org.jfree.data.time.TimeSeries,354,0,0.85,0.85,4287,qwen3.6:latest
Chart-17-0045,Chart,17,45,ROR,relational,org.jfree.data.time.TimeSeries,354,1,0.85,0.85,4141,qwen3.6:latest
Chart-17-0046,Chart,17,46,LVR,arithmetic,org.jfree.data.time.TimeSeries,380,0,0.85,0.85,4148,qwen3.6:latest
Chart-17-0047,Chart,17,47,LVR,arithmetic,org.jfree.data.time.TimeSeries,380,1,0.85,0.85,4183,qwen3.6:latest
Chart-17-0048,Chart,17,48,AOR,arithmetic,org.jfree.data.time.TimeSeries,380,0,0.85,0.85,4034,qwen3.6:latest
Chart-17-0049,Chart,17,49,AOR,arithmetic,org.jfree.data.time.TimeSeries,380,1,0.85,0.85,4015,qwen3.6:latest
Chart-17-0050,Chart,17,50,AOR,arithmetic,org.jfree.data.time.TimeSeries,380,1,0.85,0.85,4044,qwen3.6:latest
Chart-17-0051,Chart,17,51,AOR,arithmetic,org.jfree.data.time.TimeSeries,380,1,0.85,0.85,4172,qwen3.6:latest
Chart-17-0052,Chart,17,52,LVR,arithmetic,org.jfree.data.time.TimeSeries,391,1,0.85,0.85,4284,qwen3.6:latest
Chart-17-0053,Chart,17,53,LVR,arithmetic,org.jfree.data.time.TimeSeries,391,1,0.85,0.85,4115,qwen3.6:latest
Chart-17-0054,Chart,17,54,ROR,relational,org.jfree.data.time.TimeSeries,391,1,0.85,0.85,4104,qwen3.6:latest
Chart-17-0055,Chart,17,55,ROR,relational,org.jfree.data.time.TimeSeries,391,1,0.85,0.85,4097,qwen3.6:latest
Chart-17-0056,Chart,17,56,ROR,relational,org.jfree.data.time.TimeSeries,391,1,0.85,0.85,4087,qwen3.6:latest
Chart-17-0057,Chart,17,57,STD,statement_deletion,org.jfree.data.time.TimeSeries,392,1,0.15,0.15,4069,qwen3.6:latest
Chart-17-0058,Chart,17,58,LVR,arithmetic,org.jfree.data.time.TimeSeries,408,1,0.85,0.85,4152,qwen3.6:latest
Chart-17-0059,Chart,17,59,LVR,arithmetic,org.jfree.data.time.TimeSeries,408,0,0.85,0.85,4207,qwen3.6:latest
Chart-17-0060,Chart,17,60,ROR,relational,org.jfree.data.time.TimeSeries,408,1,0.85,0.85,4261,qwen3.6:latest
Chart-17-0061,Chart,17,61,ROR,relational,org.jfree.data.time.TimeSeries,408,1,0.85,0.85,4048,qwen3.6:latest
Chart-17-0062,Chart,17,62,ROR,relational,org.jfree.data.time.TimeSeries,408,1,0.85,0.85,4091,qwen3.6:latest
Chart-17-0063,Chart,17,63,LVR,arithmetic,org.jfree.data.time.TimeSeries,411,1,0.85,0.85,4040,qwen3.6:latest
Chart-17-0064,Chart,17,64,LVR,arithmetic,org.jfree.data.time.TimeSeries,411,1,0.85,0.85,3988,qwen3.6:latest
Chart-17-0065,Chart,17,65,ROR,relational,org.jfree.data.time.TimeSeries,411,1,0.85,0.85,4008,qwen3.6:latest
Chart-17-0066,Chart,17,66,ROR,relational,org.jfree.data.time.TimeSeries,411,1,0.85,0.85,4139,qwen3.6:latest
Chart-17-0067,Chart,17,67,ROR,relational,org.jfree.data.time.TimeSeries,411,0,0.85,0.85,4118,qwen3.6:latest
Chart-17-0068,Chart,17,68,STD,statement_deletion,org.jfree.data.time.TimeSeries,412,1,0.15,0.15,4111,qwen3.6:latest
Chart-17-0069,Chart,17,69,ROR,relational,org.jfree.data.time.TimeSeries,428,1,0.85,0.85,4080,qwen3.6:latest
Chart-17-0070,Chart,17,70,LVR,arithmetic,org.jfree.data.time.TimeSeries,458,1,0.85,0.85,4126,qwen3.6:latest
Chart-17-0071,Chart,17,71,LVR,arithmetic,org.jfree.data.time.TimeSeries,458,1,0.85,0.85,4073,qwen3.6:latest
Chart-17-0072,Chart,17,72,ROR,relational,org.jfree.data.time.TimeSeries,458,1,0.85,0.85,4056,qwen3.6:latest
Chart-17-0073,Chart,17,73,ROR,relational,org.jfree.data.time.TimeSeries,458,1,0.85,0.85,4048,qwen3.6:latest
Chart-17-0074,Chart,17,74,ROR,relational,org.jfree.data.time.TimeSeries,458,1,0.85,0.85,4003,qwen3.6:latest
Chart-17-0075,Chart,17,75,LVR,arithmetic,org.jfree.data.time.TimeSeries,476,1,0.85,0.85,4089,qwen3.6:latest
Chart-17-0076,Chart,17,76,STD,statement_deletion,org.jfree.data.time.TimeSeries,476,1,0.15,0.15,4224,qwen3.6:latest
Chart-17-0077,Chart,17,77,ROR,relational,org.jfree.data.time.TimeSeries,489,0,0.85,0.85,4253,qwen3.6:latest
Chart-17-0078,Chart,17,78,COR,logical,org.jfree.data.time.TimeSeries,492,1,0.85,0.85,4185,qwen3.6:latest
Chart-17-0079,Chart,17,79,COR,logical,org.jfree.data.time.TimeSeries,492,0,0.85,0.85,4146,qwen3.6:latest
Chart-17-0080,Chart,17,80,STD,statement_deletion,org.jfree.data.time.TimeSeries,494,1,0.15,0.15,4127,qwen3.6:latest
Chart-17-0081,Chart,17,81,STD,statement_deletion,org.jfree.data.time.TimeSeries,495,1,0.15,0.15,4226,qwen3.6:latest
Chart-17-0082,Chart,17,82,STD,statement_deletion,org.jfree.data.time.TimeSeries,496,1,0.15,0.15,4168,qwen3.6:latest
Chart-17-0083,Chart,17,83,STD,statement_deletion,org.jfree.data.time.TimeSeries,497,1,0.15,0.15,4174,qwen3.6:latest
Chart-17-0084,Chart,17,84,STD,statement_deletion,org.jfree.data.time.TimeSeries,498,1,0.15,0.15,4041,qwen3.6:latest
Chart-17-0085,Chart,17,85,STD,statement_deletion,org.jfree.data.time.TimeSeries,499,1,0.15,0.15,4113,qwen3.6:latest
Chart-17-0086,Chart,17,86,LVR,arithmetic,org.jfree.data.time.TimeSeries,506,0,0.85,0.85,4075,qwen3.6:latest
Chart-17-0087,Chart,17,87,LVR,arithmetic,org.jfree.data.time.TimeSeries,506,1,0.85,0.85,3988,qwen3.6:latest
Chart-17-0088,Chart,17,88,ROR,relational,org.jfree.data.time.TimeSeries,506,1,0.85,0.85,4109,qwen3.6:latest
Chart-17-0089,Chart,17,89,ROR,relational,org.jfree.data.time.TimeSeries,506,0,0.85,0.85,4098,qwen3.6:latest
Chart-17-0090,Chart,17,90,ROR,relational,org.jfree.data.time.TimeSeries,506,1,0.85,0.85,4236,qwen3.6:latest
Chart-17-0091,Chart,17,91,STD,statement_deletion,org.jfree.data.time.TimeSeries,507,1,0.2,0.2,4170,qwen3.6:latest
Chart-17-0092,Chart,17,92,LVR,arithmetic,org.jfree.data.time.TimeSeries,508,1,0.85,0.85,4229,qwen3.6:latest
Chart-17-0093,Chart,17,93,STD,statement_deletion,org.jfree.data.time.TimeSeries,508,0,0.85,0.85,4266,qwen3.6:latest
Chart-17-0094,Chart,17,94,LVR,arithmetic,org.jfree.data.time.TimeSeries,511,0,0.85,0.85,4076,qwen3.6:latest
Chart-17-0095,Chart,17,95,LVR,arithmetic,org.jfree.data.time.TimeSeries,511,1,0.15,0.15,4104,qwen3.6:latest
Chart-17-0096,Chart,17,96,AOR,arithmetic,org.jfree.data.time.TimeSeries,511,1,0.85,0.85,4098,qwen3.6:latest
Chart-17-0097,Chart,17,97,AOR,arithmetic,org.jfree.data.time.TimeSeries,511,0,0.85,0.85,4100,qwen3.6:latest
Chart-17-0098,Chart,17,98,AOR,arithmetic,org.jfree.data.time.TimeSeries,511,0,0.85,0.85,4130,qwen3.6:latest
Chart-17-0099,Chart,17,99,AOR,arithmetic,org.jfree.data.time.TimeSeries,511,1,0.85,0.85,4066,qwen3.6:latest
Chart-17-0100,Chart,17,100,LVR,arithmetic,org.jfree.data.time.TimeSeries,512,1,0.85,0.85,4192,qwen3.6:latest
Chart-17-0101,Chart,17,101,LVR,arithmetic,org.jfree.data.time.TimeSeries,512,1,0.85,0.85,4153,qwen3.6:latest
Chart-17-0102,Chart,17,102,ROR,relational,org.jfree.data.time.TimeSeries,512,1,0.85,0.85,4121,qwen3.6:latest
Chart-17-0103,Chart,17,103,ROR,relational,org.jfree.data.time.TimeSeries,512,1,0.85,0.85,4057,qwen3.6:latest
Chart-17-0104,Chart,17,104,ROR,relational,org.jfree.data.time.TimeSeries,512,1,0.85,0.85,4128,qwen3.6:latest
Chart-17-0105,Chart,17,105,STD,statement_deletion,org.jfree.data.time.TimeSeries,513,1,0.85,0.85,4142,qwen3.6:latest
Chart-17-0106,Chart,17,106,LVR,arithmetic,org.jfree.data.time.TimeSeries,514,1,0.85,0.85,4126,qwen3.6:latest
Chart-17-0107,Chart,17,107,STD,statement_deletion,org.jfree.data.time.TimeSeries,514,0,0.85,0.85,4192,qwen3.6:latest
Chart-17-0108,Chart,17,108,LVR,arithmetic,org.jfree.data.time.TimeSeries,518,1,0.85,0.85,4290,qwen3.6:latest
Chart-17-0109,Chart,17,109,LVR,arithmetic,org.jfree.data.time.TimeSeries,518,1,0.85,0.85,4150,qwen3.6:latest
Chart-17-0110,Chart,17,110,ROR,relational,org.jfree.data.time.TimeSeries,518,0,0.85,0.85,4118,qwen3.6:latest
Chart-17-0111,Chart,17,111,ROR,relational,org.jfree.data.time.TimeSeries,518,1,0.85,0.85,4136,qwen3.6:latest
Chart-17-0112,Chart,17,112,ROR,relational,org.jfree.data.time.TimeSeries,518,1,0.85,0.85,4085,qwen3.6:latest
Chart-17-0113,Chart,17,113,ORU,return_value,org.jfree.data.time.TimeSeries,519,1,0.85,0.85,4153,qwen3.6:latest
Chart-17-0114,Chart,17,114,ORU,return_value,org.jfree.data.time.TimeSeries,519,1,0.85,0.85,4088,qwen3.6:latest
Chart-17-0115,Chart,17,115,LVR,arithmetic,org.jfree.data.time.TimeSeries,519,1,0.85,0.85,4196,qwen3.6:latest
Chart-17-0116,Chart,17,116,LVR,arithmetic,org.jfree.data.time.TimeSeries,519,0,0.85,0.85,4122,qwen3.6:latest
Chart-17-0117,Chart,17,117,AOR,arithmetic,org.jfree.data.time.TimeSeries,519,1,0.85,0.85,4281,qwen3.6:latest
Chart-17-0118,Chart,17,118,AOR,arithmetic,org.jfree.data.time.TimeSeries,519,0,0.85,0.85,4205,qwen3.6:latest
Chart-17-0119,Chart,17,119,AOR,arithmetic,org.jfree.data.time.TimeSeries,519,1,0.85,0.85,4087,qwen3.6:latest
Chart-17-0120,Chart,17,120,AOR,arithmetic,org.jfree.data.time.TimeSeries,519,0,0.85,0.85,4045,qwen3.6:latest
Chart-17-0121,Chart,17,121,STD,statement_deletion,org.jfree.data.time.TimeSeries,519,1,0.15,0.15,4127,qwen3.6:latest
Chart-17-0122,Chart,17,122,LVR,arithmetic,org.jfree.data.time.TimeSeries,520,1,0.85,0.85,4116,qwen3.6:latest
Chart-17-0123,Chart,17,123,STD,statement_deletion,org.jfree.data.time.TimeSeries,520,1,0.15,0.15,4203,qwen3.6:latest
Chart-17-0124,Chart,17,124,STD,statement_deletion,org.jfree.data.time.TimeSeries,524,0,0.15,0.15,4301,qwen3.6:latest
Chart-17-0125,Chart,17,125,STD,statement_deletion,org.jfree.data.time.TimeSeries,525,1,0.15,0.15,4103,qwen3.6:latest
Chart-17-0126,Chart,17,126,STD,statement_deletion,org.jfree.data.time.TimeSeries,526,1,0.15,0.15,4107,qwen3.6:latest
Chart-17-0127,Chart,17,127,STD,statement_deletion,org.jfree.data.time.TimeSeries,527,1,0.15,0.15,4138,qwen3.6:latest
Chart-17-0128,Chart,17,128,STD,statement_deletion,org.jfree.data.time.TimeSeries,528,1,0.15,0.15,4169,qwen3.6:latest
Chart-17-0129,Chart,17,129,STD,statement_deletion,org.jfree.data.time.TimeSeries,529,0,0.15,0.15,4162,qwen3.6:latest
Chart-17-0130,Chart,17,130,COR,logical,org.jfree.data.time.TimeSeries,534,1,0.85,0.85,4158,qwen3.6:latest
Chart-17-0131,Chart,17,131,COR,logical,org.jfree.data.time.TimeSeries,534,1,0.85,0.85,4236,qwen3.6:latest
Chart-17-0132,Chart,17,132,ROR,relational,org.jfree.data.time.TimeSeries,536,1,0.85,0.85,4164,qwen3.6:latest
Chart-17-0133,Chart,17,133,ROR,relational,org.jfree.data.time.TimeSeries,536,1,0.85,0.85,4159,qwen3.6:latest
Chart-17-0134,Chart,17,134,ROR,relational,org.jfree.data.time.TimeSeries,536,0,0.85,0.85,4114,qwen3.6:latest
Chart-17-0135,Chart,17,135,LVR,arithmetic,org.jfree.data.time.TimeSeries,537,0,0.75,0.75,4057,qwen3.6:latest
Chart-17-0136,Chart,17,136,LVR,arithmetic,org.jfree.data.time.TimeSeries,537,0,0.75,0.75,4013,qwen3.6:latest
Chart-17-0137,Chart,17,137,STD,statement_deletion,org.jfree.data.time.TimeSeries,537,1,0.15,0.15,4042,qwen3.6:latest
Chart-17-0138,Chart,17,138,LVR,arithmetic,org.jfree.data.time.TimeSeries,540,0,0.15,0.15,4140,qwen3.6:latest
Chart-17-0139,Chart,17,139,STD,statement_deletion,org.jfree.data.time.TimeSeries,540,1,0.15,0.15,4103,qwen3.6:latest
Chart-17-0140,Chart,17,140,COR,logical,org.jfree.data.time.TimeSeries,543,1,0.15,0.15,4127,qwen3.6:latest
Chart-17-0141,Chart,17,141,COR,logical,org.jfree.data.time.TimeSeries,543,1,0.15,0.15,4206,qwen3.6:latest
Chart-17-0142,Chart,17,142,STD,statement_deletion,org.jfree.data.time.TimeSeries,544,1,0.15,0.15,3956,qwen3.6:latest
Chart-17-0143,Chart,17,143,LVR,arithmetic,org.jfree.data.time.TimeSeries,559,0,0.85,0.85,4074,qwen3.6:latest
Chart-17-0144,Chart,17,144,STD,statement_deletion,org.jfree.data.time.TimeSeries,559,1,0.15,0.15,4104,qwen3.6:latest
Chart-17-0145,Chart,17,145,STD,statement_deletion,org.jfree.data.time.TimeSeries,573,1,0.15,0.15,4045,qwen3.6:latest
Chart-17-0146,Chart,17,146,LVR,arithmetic,org.jfree.data.time.TimeSeries,586,1,0.85,0.85,4044,qwen3.6:latest
Chart-17-0147,Chart,17,147,STD,statement_deletion,org.jfree.data.time.TimeSeries,586,1,0.15,0.15,4095,qwen3.6:latest
Chart-17-0148,Chart,17,148,STD,statement_deletion,org.jfree.data.time.TimeSeries,601,1,0.15,0.15,4159,qwen3.6:latest
Chart-17-0149,Chart,17,149,LVR,arithmetic,org.jfree.data.time.TimeSeries,614,1,0.15,0.15,4128,qwen3.6:latest
Chart-17-0150,Chart,17,150,LVR,arithmetic,org.jfree.data.time.TimeSeries,614,1,0.15,0.15,4137,qwen3.6:latest
Chart-17-0151,Chart,17,151,ROR,relational,org.jfree.data.time.TimeSeries,614,0,0.85,0.85,4052,qwen3.6:latest
Chart-17-0152,Chart,17,152,ROR,relational,org.jfree.data.time.TimeSeries,614,0,0.75,0.75,4020,qwen3.6:latest
Chart-17-0153,Chart,17,153,ROR,relational,org.jfree.data.time.TimeSeries,614,1,0.85,0.85,4146,qwen3.6:latest
Chart-17-0154,Chart,17,154,STD,statement_deletion,org.jfree.data.time.TimeSeries,616,1,0.15,0.15,4190,qwen3.6:latest
Chart-17-0155,Chart,17,155,STD,statement_deletion,org.jfree.data.time.TimeSeries,617,0,0.15,0.15,4204,qwen3.6:latest
Chart-17-0156,Chart,17,156,STD,statement_deletion,org.jfree.data.time.TimeSeries,635,1,0.15,0.15,4237,qwen3.6:latest
Chart-17-0157,Chart,17,157,STD,statement_deletion,org.jfree.data.time.TimeSeries,636,1,0.85,0.85,4110,qwen3.6:latest
Chart-17-0158,Chart,17,158,LVR,arithmetic,org.jfree.data.time.TimeSeries,650,1,0.85,0.85,4078,qwen3.6:latest
Chart-17-0159,Chart,17,159,LVR,arithmetic,org.jfree.data.time.TimeSeries,650,1,0.85,0.85,4144,qwen3.6:latest
Chart-17-0160,Chart,17,160,ROR,relational,org.jfree.data.time.TimeSeries,650,1,0.85,0.85,4106,qwen3.6:latest
Chart-17-0161,Chart,17,161,ROR,relational,org.jfree.data.time.TimeSeries,650,1,0.85,0.85,4136,qwen3.6:latest
Chart-17-0162,Chart,17,162,ROR,relational,org.jfree.data.time.TimeSeries,650,1,0.85,0.85,4177,qwen3.6:latest
Chart-17-0163,Chart,17,163,ROR,relational,org.jfree.data.time.TimeSeries,654,1,0.85,0.85,4057,qwen3.6:latest
Chart-17-0164,Chart,17,164,STD,statement_deletion,org.jfree.data.time.TimeSeries,655,1,0.15,0.15,4066,qwen3.6:latest
Chart-17-0165,Chart,17,165,ROR,relational,org.jfree.data.time.TimeSeries,693,1,0.85,0.85,4092,qwen3.6:latest
Chart-17-0166,Chart,17,166,LVR,arithmetic,org.jfree.data.time.TimeSeries,700,1,0.85,0.85,4143,qwen3.6:latest
Chart-17-0167,Chart,17,167,LVR,arithmetic,org.jfree.data.time.TimeSeries,700,1,0.85,0.85,4065,qwen3.6:latest
Chart-17-0168,Chart,17,168,ROR,relational,org.jfree.data.time.TimeSeries,700,1,0.85,0.85,4136,qwen3.6:latest
Chart-17-0169,Chart,17,169,ROR,relational,org.jfree.data.time.TimeSeries,700,1,0.85,0.85,4076,qwen3.6:latest
Chart-17-0170,Chart,17,170,ROR,relational,org.jfree.data.time.TimeSeries,700,1,0.85,0.85,4167,qwen3.6:latest
Chart-17-0171,Chart,17,171,STD,statement_deletion,org.jfree.data.time.TimeSeries,703,1,0.15,0.15,4200,qwen3.6:latest
Chart-17-0172,Chart,17,172,STD,statement_deletion,org.jfree.data.time.TimeSeries,704,1,0.15,0.15,4365,qwen3.6:latest
Chart-17-0173,Chart,17,173,LVR,arithmetic,org.jfree.data.time.TimeSeries,705,1,0.85,0.85,4100,qwen3.6:latest
Chart-17-0174,Chart,17,174,STD,statement_deletion,org.jfree.data.time.TimeSeries,705,1,0.25,0.25,4011,qwen3.6:latest
Chart-17-0175,Chart,17,175,STD,statement_deletion,org.jfree.data.time.TimeSeries,708,1,0.15,0.15,4113,qwen3.6:latest
Chart-17-0176,Chart,17,176,ORU,return_value,org.jfree.data.time.TimeSeries,711,1,0.85,0.85,4118,qwen3.6:latest
Chart-17-0177,Chart,17,177,ORU,return_value,org.jfree.data.time.TimeSeries,711,1,0.85,0.85,4082,qwen3.6:latest
Chart-17-0178,Chart,17,178,LVR,arithmetic,org.jfree.data.time.TimeSeries,711,1,0.85,0.85,4163,qwen3.6:latest
Chart-17-0179,Chart,17,179,LVR,arithmetic,org.jfree.data.time.TimeSeries,711,1,0.85,0.85,4013,qwen3.6:latest
Chart-17-0180,Chart,17,180,AOR,arithmetic,org.jfree.data.time.TimeSeries,711,1,0.85,0.85,4164,qwen3.6:latest
Chart-17-0181,Chart,17,181,AOR,arithmetic,org.jfree.data.time.TimeSeries,711,1,0.85,0.85,4046,qwen3.6:latest
Chart-17-0182,Chart,17,182,AOR,arithmetic,org.jfree.data.time.TimeSeries,711,1,0.85,0.85,4030,qwen3.6:latest
Chart-17-0183,Chart,17,183,AOR,arithmetic,org.jfree.data.time.TimeSeries,711,0,0.85,0.85,4086,qwen3.6:latest
Chart-17-0184,Chart,17,184,STD,statement_deletion,org.jfree.data.time.TimeSeries,711,1,0.2,0.2,4043,qwen3.6:latest
Chart-17-0185,Chart,17,185,ROR,relational,org.jfree.data.time.TimeSeries,714,1,0.85,0.85,4079,qwen3.6:latest
Chart-17-0186,Chart,17,186,ROR,relational,org.jfree.data.time.TimeSeries,714,1,0.85,0.85,4123,qwen3.6:latest
Chart-17-0187,Chart,17,187,ROR,relational,org.jfree.data.time.TimeSeries,714,0,0.85,0.85,4075,qwen3.6:latest
Chart-17-0188,Chart,17,188,LVR,arithmetic,org.jfree.data.time.TimeSeries,715,1,0.15,0.15,4078,qwen3.6:latest
Chart-17-0189,Chart,17,189,LVR,arithmetic,org.jfree.data.time.TimeSeries,715,1,0.85,0.85,4082,qwen3.6:latest
Chart-17-0190,Chart,17,190,STD,statement_deletion,org.jfree.data.time.TimeSeries,715,1,0.15,0.15,3979,qwen3.6:latest
Chart-17-0191,Chart,17,191,LVR,arithmetic,org.jfree.data.time.TimeSeries,718,1,0.85,0.85,3964,qwen3.6:latest
Chart-17-0192,Chart,17,192,STD,statement_deletion,org.jfree.data.time.TimeSeries,718,1,0.15,0.15,4004,qwen3.6:latest
Chart-17-0193,Chart,17,193,STD,statement_deletion,org.jfree.data.time.TimeSeries,721,1,0.15,0.15,3958,qwen3.6:latest
Chart-17-0194,Chart,17,194,LVR,arithmetic,org.jfree.data.time.TimeSeries,738,1,0.85,0.85,4250,qwen3.6:latest
Chart-17-0195,Chart,17,195,LVR,arithmetic,org.jfree.data.time.TimeSeries,738,1,0.85,0.85,4282,qwen3.6:latest
Chart-17-0196,Chart,17,196,ROR,relational,org.jfree.data.time.TimeSeries,738,1,0.85,0.85,4407,qwen3.6:latest
Chart-17-0197,Chart,17,197,ROR,relational,org.jfree.data.time.TimeSeries,738,1,0.85,0.85,4302,qwen3.6:latest
Chart-17-0198,Chart,17,198,ROR,relational,org.jfree.data.time.TimeSeries,738,1,0.85,0.85,4243,qwen3.6:latest
Chart-17-0199,Chart,17,199,LVR,arithmetic,org.jfree.data.time.TimeSeries,739,1,0.85,0.85,4271,qwen3.6:latest
Chart-17-0200,Chart,17,200,LVR,arithmetic,org.jfree.data.time.TimeSeries,739,1,0.85,0.85,4321,qwen3.6:latest
Chart-17-0201,Chart,17,201,AOR,arithmetic,org.jfree.data.time.TimeSeries,739,1,0.85,0.85,4380,qwen3.6:latest
Chart-17-0202,Chart,17,202,AOR,arithmetic,org.jfree.data.time.TimeSeries,739,1,0.85,0.85,4340,qwen3.6:latest
Chart-17-0203,Chart,17,203,AOR,arithmetic,org.jfree.data.time.TimeSeries,739,1,0.85,0.85,4518,qwen3.6:latest
Chart-17-0204,Chart,17,204,AOR,arithmetic,org.jfree.data.time.TimeSeries,739,1,0.85,0.85,4355,qwen3.6:latest
Chart-17-0205,Chart,17,205,LVR,arithmetic,org.jfree.data.time.TimeSeries,740,1,0.85,0.85,4099,qwen3.6:latest
Chart-17-0206,Chart,17,206,LVR,arithmetic,org.jfree.data.time.TimeSeries,741,1,0.85,0.85,4299,qwen3.6:latest
Chart-17-0207,Chart,17,207,LVR,arithmetic,org.jfree.data.time.TimeSeries,741,1,0.85,0.85,4218,qwen3.6:latest
Chart-17-0208,Chart,17,208,AOR,arithmetic,org.jfree.data.time.TimeSeries,741,1,0.85,0.85,4160,qwen3.6:latest
Chart-17-0209,Chart,17,209,AOR,arithmetic,org.jfree.data.time.TimeSeries,741,1,0.85,0.85,4315,qwen3.6:latest
Chart-17-0210,Chart,17,210,AOR,arithmetic,org.jfree.data.time.TimeSeries,741,1,0.85,0.85,4275,qwen3.6:latest
Chart-17-0211,Chart,17,211,AOR,arithmetic,org.jfree.data.time.TimeSeries,741,1,0.85,0.85,4360,qwen3.6:latest
Chart-17-0212,Chart,17,212,ROR,relational,org.jfree.data.time.TimeSeries,741,1,0.85,0.85,4244,qwen3.6:latest
Chart-17-0213,Chart,17,213,ROR,relational,org.jfree.data.time.TimeSeries,741,1,0.85,0.85,4195,qwen3.6:latest
Chart-17-0214,Chart,17,214,ROR,relational,org.jfree.data.time.TimeSeries,742,1,0.85,0.85,4179,qwen3.6:latest
Chart-17-0215,Chart,17,215,LVR,arithmetic,org.jfree.data.time.TimeSeries,743,1,0.15,0.15,4086,qwen3.6:latest
Chart-17-0216,Chart,17,216,LVR,arithmetic,org.jfree.data.time.TimeSeries,743,1,0.15,0.15,4224,qwen3.6:latest
Chart-17-0217,Chart,17,217,STD,statement_deletion,org.jfree.data.time.TimeSeries,743,1,0.15,0.15,4172,qwen3.6:latest
Chart-17-0218,Chart,17,218,LVR,arithmetic,org.jfree.data.time.TimeSeries,744,1,0.85,0.85,4420,qwen3.6:latest
Chart-17-0219,Chart,17,219,STD,statement_deletion,org.jfree.data.time.TimeSeries,744,1,0.15,0.15,4301,qwen3.6:latest
Chart-17-0220,Chart,17,220,COR,logical,org.jfree.data.time.TimeSeries,746,1,0.85,0.85,4209,qwen3.6:latest
Chart-17-0221,Chart,17,221,COR,logical,org.jfree.data.time.TimeSeries,746,1,0.85,0.85,4198,qwen3.6:latest
Chart-17-0222,Chart,17,222,COR,logical,org.jfree.data.time.TimeSeries,746,1,0.85,0.85,4198,qwen3.6:latest
Chart-17-0223,Chart,17,223,COR,logical,org.jfree.data.time.TimeSeries,746,0,0.85,0.85,4127,qwen3.6:latest
Chart-17-0224,Chart,17,224,STD,statement_deletion,org.jfree.data.time.TimeSeries,747,1,0.15,0.15,4117,qwen3.6:latest
Chart-17-0225,Chart,17,225,STD,statement_deletion,org.jfree.data.time.TimeSeries,773,1,0.15,0.15,4259,qwen3.6:latest
Chart-17-0226,Chart,17,226,STD,statement_deletion,org.jfree.data.time.TimeSeries,776,1,0.15,0.15,4338,qwen3.6:latest
Chart-17-0227,Chart,17,227,STD,statement_deletion,org.jfree.data.time.TimeSeries,779,1,0.1,0.1,4244,qwen3.6:latest
Chart-17-0228,Chart,17,228,STD,statement_deletion,org.jfree.data.time.TimeSeries,782,1,0.1,0.1,4257,qwen3.6:latest
Chart-17-0229,Chart,17,229,LVR,arithmetic,org.jfree.data.time.TimeSeries,787,1,0.15,0.15,4104,qwen3.6:latest
Chart-17-0230,Chart,17,230,LVR,arithmetic,org.jfree.data.time.TimeSeries,788,1,0.15,0.15,4341,qwen3.6:latest
Chart-17-0231,Chart,17,231,LVR,arithmetic,org.jfree.data.time.TimeSeries,788,0,0.15,0.15,4197,qwen3.6:latest
Chart-17-0232,Chart,17,232,ROR,relational,org.jfree.data.time.TimeSeries,788,0,0.75,0.75,4200,qwen3.6:latest
Chart-17-0233,Chart,17,233,ROR,relational,org.jfree.data.time.TimeSeries,788,1,0.75,0.75,4265,qwen3.6:latest
Chart-17-0234,Chart,17,234,ROR,relational,org.jfree.data.time.TimeSeries,788,1,0.75,0.75,4365,qwen3.6:latest
Chart-17-0235,Chart,17,235,LVR,arithmetic,org.jfree.data.time.TimeSeries,789,1,0.15,0.15,4325,qwen3.6:latest
Chart-17-0236,Chart,17,236,LVR,arithmetic,org.jfree.data.time.TimeSeries,789,1,0.15,0.15,4202,qwen3.6:latest
Chart-17-0237,Chart,17,237,AOR,arithmetic,org.jfree.data.time.TimeSeries,788,1,0.75,0.75,4172,qwen3.6:latest
Chart-17-0238,Chart,17,238,AOR,arithmetic,org.jfree.data.time.TimeSeries,788,1,0.75,0.75,4250,qwen3.6:latest
Chart-17-0239,Chart,17,239,AOR,arithmetic,org.jfree.data.time.TimeSeries,788,1,0.85,0.85,4132,qwen3.6:latest
Chart-17-0240,Chart,17,240,AOR,arithmetic,org.jfree.data.time.TimeSeries,788,1,0.15,0.15,4256,qwen3.6:latest
Chart-17-0241,Chart,17,241,ROR,relational,org.jfree.data.time.TimeSeries,788,0,0.75,0.75,4279,qwen3.6:latest
Chart-17-0242,Chart,17,242,ROR,relational,org.jfree.data.time.TimeSeries,788,0,0.75,0.75,4311,qwen3.6:latest
Chart-17-0243,Chart,17,243,ROR,relational,org.jfree.data.time.TimeSeries,789,1,0.75,0.75,4601,qwen3.6:latest
Chart-17-0244,Chart,17,244,COR,logical,org.jfree.data.time.TimeSeries,788,0,0.75,0.75,4357,qwen3.6:latest
Chart-17-0245,Chart,17,245,COR,logical,org.jfree.data.time.TimeSeries,788,0,0.85,0.85,4180,qwen3.6:latest
Chart-17-0246,Chart,17,246,COR,logical,org.jfree.data.time.TimeSeries,788,0,0.75,0.75,4437,qwen3.6:latest
Chart-17-0247,Chart,17,247,COR,logical,org.jfree.data.time.TimeSeries,788,0,0.75,0.75,4547,qwen3.6:latest
Chart-17-0248,Chart,17,248,LVR,arithmetic,org.jfree.data.time.TimeSeries,790,1,0.15,0.15,4381,qwen3.6:latest
Chart-17-0249,Chart,17,249,LVR,arithmetic,org.jfree.data.time.TimeSeries,790,0,0.15,0.15,4479,qwen3.6:latest
Chart-17-0250,Chart,17,250,STD,statement_deletion,org.jfree.data.time.TimeSeries,790,1,0.15,0.15,5280,qwen3.6:latest
Chart-17-0251,Chart,17,251,LVR,arithmetic,org.jfree.data.time.TimeSeries,791,1,0.85,0.85,5199,qwen3.6:latest
Chart-17-0252,Chart,17,252,STD,statement_deletion,org.jfree.data.time.TimeSeries,791,1,0.15,0.15,5486,qwen3.6:latest
Chart-17-0253,Chart,17,253,COR,logical,org.jfree.data.time.TimeSeries,793,1,0.75,0.75,5329,qwen3.6:latest
Chart-17-0254,Chart,17,254,COR,logical,org.jfree.data.time.TimeSeries,793,1,0.85,0.85,5843,qwen3.6:latest
Chart-17-0255,Chart,17,255,COR,logical,org.jfree.data.time.TimeSeries,793,0,0.75,0.75,5714,qwen3.6:latest
Chart-17-0256,Chart,17,256,COR,logical,org.jfree.data.time.TimeSeries,793,0,0.75,0.75,6411,qwen3.6:latest
Chart-17-0257,Chart,17,257,STD,statement_deletion,org.jfree.data.time.TimeSeries,794,0,0.15,0.15,6916,qwen3.6:latest
Chart-17-0258,Chart,17,258,LVR,arithmetic,org.jfree.data.time.TimeSeries,803,1,0.85,0.85,20075,qwen3.6:latest
Chart-17-0259,Chart,17,259,LVR,arithmetic,org.jfree.data.time.TimeSeries,803,1,,"[REQUEST_ERROR: HTTPConnectionPool(host='localhost', port=11434): Read timed out. (read timeout=60)]",124136,qwen3.6:latest
Chart-17-0260,Chart,17,260,ROR,relational,org.jfree.data.time.TimeSeries,803,0,,"[REQUEST_ERROR: HTTPConnectionPool(host='localhost', port=11434): Read timed out. (read timeout=60)]",124159,qwen3.6:latest
Chart-17-0261,Chart,17,261,ROR,relational,org.jfree.data.time.TimeSeries,803,0,0.85,0.85,3590,qwen3.6:latest
Chart-17-0262,Chart,17,262,STD,statement_deletion,org.jfree.data.time.TimeSeries,804,1,0.15,0.15,10361,qwen3.6:latest
Chart-17-0263,Chart,17,263,STD,statement_deletion,org.jfree.data.time.TimeSeries,805,1,0.85,0.85,10167,qwen3.6:latest
Chart-17-0264,Chart,17,264,LVR,arithmetic,org.jfree.data.time.TimeSeries,819,1,0.85,0.85,8482,qwen3.6:latest
Chart-17-0265,Chart,17,265,LVR,arithmetic,org.jfree.data.time.TimeSeries,819,0,0.85,0.85,8194,qwen3.6:latest
Chart-17-0266,Chart,17,266,ROR,relational,org.jfree.data.time.TimeSeries,819,1,0.85,0.85,8056,qwen3.6:latest
Chart-17-0267,Chart,17,267,ROR,relational,org.jfree.data.time.TimeSeries,819,1,0.85,0.85,8280,qwen3.6:latest
Chart-17-0268,Chart,17,268,ROR,relational,org.jfree.data.time.TimeSeries,819,1,0.85,0.85,7811,qwen3.6:latest
Chart-17-0269,Chart,17,269,STD,statement_deletion,org.jfree.data.time.TimeSeries,820,1,0.85,0.85,8203,qwen3.6:latest
Chart-17-0270,Chart,17,270,STD,statement_deletion,org.jfree.data.time.TimeSeries,821,1,0.15,0.15,7837,qwen3.6:latest
Chart-17-0271,Chart,17,271,ROR,relational,org.jfree.data.time.TimeSeries,832,1,0.85,0.85,8518,qwen3.6:latest
Chart-17-0272,Chart,17,272,ROR,relational,org.jfree.data.time.TimeSeries,832,0,0.85,0.85,8168,qwen3.6:latest
Chart-17-0273,Chart,17,273,ROR,relational,org.jfree.data.time.TimeSeries,832,1,0.95,0.95,8205,qwen3.6:latest
Chart-17-0274,Chart,17,274,LVR,arithmetic,org.jfree.data.time.TimeSeries,835,1,0.85,0.85,7982,qwen3.6:latest
Chart-17-0275,Chart,17,275,LVR,arithmetic,org.jfree.data.time.TimeSeries,835,1,0.85,0.85,7976,qwen3.6:latest
Chart-17-0276,Chart,17,276,AOR,arithmetic,org.jfree.data.time.TimeSeries,835,1,0.85,0.85,8010,qwen3.6:latest
Chart-17-0277,Chart,17,277,AOR,arithmetic,org.jfree.data.time.TimeSeries,835,1,0.85,0.85,7981,qwen3.6:latest
Chart-17-0278,Chart,17,278,AOR,arithmetic,org.jfree.data.time.TimeSeries,835,1,0.85,0.85,7925,qwen3.6:latest
Chart-17-0279,Chart,17,279,AOR,arithmetic,org.jfree.data.time.TimeSeries,835,0,0.85,0.85,7868,qwen3.6:latest
Chart-17-0280,Chart,17,280,ROR,relational,org.jfree.data.time.TimeSeries,835,0,0.85,0.85,7922,qwen3.6:latest
Chart-17-0281,Chart,17,281,ROR,relational,org.jfree.data.time.TimeSeries,835,1,0.85,0.85,7824,qwen3.6:latest
Chart-17-0282,Chart,17,282,ROR,relational,org.jfree.data.time.TimeSeries,835,0,0.85,0.85,7997,qwen3.6:latest
Chart-17-0283,Chart,17,283,STD,statement_deletion,org.jfree.data.time.TimeSeries,836,1,0.15,0.15,7854,qwen3.6:latest
Chart-17-0284,Chart,17,284,STD,statement_deletion,org.jfree.data.time.TimeSeries,838,1,0.15,0.15,7916,qwen3.6:latest
Chart-17-0285,Chart,17,285,STD,statement_deletion,org.jfree.data.time.TimeSeries,858,1,0.15,0.15,8057,qwen3.6:latest
Chart-17-0286,Chart,17,286,LVR,arithmetic,org.jfree.data.time.TimeSeries,877,1,0.85,0.85,8142,qwen3.6:latest
Chart-17-0287,Chart,17,287,LVR,arithmetic,org.jfree.data.time.TimeSeries,877,1,0.85,0.85,7838,qwen3.6:latest
Chart-17-0288,Chart,17,288,ROR,relational,org.jfree.data.time.TimeSeries,877,1,0.85,0.85,7846,qwen3.6:latest
Chart-17-0289,Chart,17,289,ROR,relational,org.jfree.data.time.TimeSeries,877,0,0.85,0.85,7884,qwen3.6:latest
Chart-17-0290,Chart,17,290,ROR,relational,org.jfree.data.time.TimeSeries,877,1,0.85,0.85,7871,qwen3.6:latest
Chart-17-0291,Chart,17,291,ROR,relational,org.jfree.data.time.TimeSeries,880,1,0.85,0.85,7869,qwen3.6:latest
Chart-17-0292,Chart,17,292,ROR,relational,org.jfree.data.time.TimeSeries,880,0,0.85,0.85,7910,qwen3.6:latest
Chart-17-0293,Chart,17,293,ROR,relational,org.jfree.data.time.TimeSeries,880,1,0.85,0.85,7949,qwen3.6:latest
Chart-17-0294,Chart,17,294,STD,statement_deletion,org.jfree.data.time.TimeSeries,885,1,0.15,0.15,8110,qwen3.6:latest
Chart-17-0295,Chart,17,295,LVR,arithmetic,org.jfree.data.time.TimeSeries,886,0,0.85,0.85,8121,qwen3.6:latest
Chart-17-0296,Chart,17,296,LVR,arithmetic,org.jfree.data.time.TimeSeries,886,0,0.85,0.85,8144,qwen3.6:latest
Chart-17-0297,Chart,17,297,ROR,relational,org.jfree.data.time.TimeSeries,886,0,0.85,0.85,8054,qwen3.6:latest
Chart-17-0298,Chart,17,298,ROR,relational,org.jfree.data.time.TimeSeries,886,1,0.85,0.85,8014,qwen3.6:latest
Chart-17-0299,Chart,17,299,ROR,relational,org.jfree.data.time.TimeSeries,887,1,0.85,0.85,8130,qwen3.6:latest
Chart-17-0300,Chart,17,300,ROR,relational,org.jfree.data.time.TimeSeries,887,1,0.85,0.85,8043,qwen3.6:latest
Chart-17-0301,Chart,17,301,ROR,relational,org.jfree.data.time.TimeSeries,887,1,0.85,0.85,8357,qwen3.6:latest
Chart-17-0302,Chart,17,302,STD,statement_deletion,org.jfree.data.time.TimeSeries,892,1,0.15,0.15,8192,qwen3.6:latest
Chart-17-0303,Chart,17,303,STD,statement_deletion,org.jfree.data.time.TimeSeries,895,1,0.15,0.15,7774,qwen3.6:latest
Chart-17-0304,Chart,17,304,ROR,relational,org.jfree.data.time.TimeSeries,917,1,0.95,0.95,8144,qwen3.6:latest
Chart-17-0305,Chart,17,305,ROR,relational,org.jfree.data.time.TimeSeries,920,1,0.95,0.95,8096,qwen3.6:latest
Chart-17-0306,Chart,17,306,LVR,arithmetic,org.jfree.data.time.TimeSeries,923,1,0.85,0.85,7857,qwen3.6:latest
Chart-17-0307,Chart,17,307,LVR,arithmetic,org.jfree.data.time.TimeSeries,923,1,0.85,0.85,7881,qwen3.6:latest
Chart-17-0308,Chart,17,308,ROR,relational,org.jfree.data.time.TimeSeries,923,1,0.85,0.85,7897,qwen3.6:latest
Chart-17-0309,Chart,17,309,ROR,relational,org.jfree.data.time.TimeSeries,923,1,0.85,0.85,7939,qwen3.6:latest
Chart-17-0310,Chart,17,310,ROR,relational,org.jfree.data.time.TimeSeries,923,1,0.85,0.85,7853,qwen3.6:latest
Chart-17-0311,Chart,17,311,LVR,arithmetic,org.jfree.data.time.TimeSeries,927,1,0.85,0.85,8044,qwen3.6:latest
Chart-17-0312,Chart,17,312,LVR,arithmetic,org.jfree.data.time.TimeSeries,929,1,0.85,0.85,7957,qwen3.6:latest
Chart-17-0313,Chart,17,313,LVR,arithmetic,org.jfree.data.time.TimeSeries,929,1,0.85,0.85,7964,qwen3.6:latest
Chart-17-0314,Chart,17,314,ROR,relational,org.jfree.data.time.TimeSeries,929,1,0.85,0.85,7984,qwen3.6:latest
Chart-17-0315,Chart,17,315,ROR,relational,org.jfree.data.time.TimeSeries,929,1,0.85,0.85,7887,qwen3.6:latest
Chart-17-0316,Chart,17,316,ROR,relational,org.jfree.data.time.TimeSeries,929,1,0.85,0.85,7941,qwen3.6:latest
Chart-17-0317,Chart,17,317,ORU,return_value,org.jfree.data.time.TimeSeries,930,0,0.85,0.85,8058,qwen3.6:latest
Chart-17-0318,Chart,17,318,ORU,return_value,org.jfree.data.time.TimeSeries,930,1,0.75,0.75,8017,qwen3.6:latest
Chart-17-0319,Chart,17,319,LVR,arithmetic,org.jfree.data.time.TimeSeries,930,1,0.15,0.15,7938,qwen3.6:latest
Chart-17-0320,Chart,17,320,LVR,arithmetic,org.jfree.data.time.TimeSeries,930,0,0.15,0.15,7968,qwen3.6:latest
Chart-17-0321,Chart,17,321,AOR,arithmetic,org.jfree.data.time.TimeSeries,930,1,0.85,0.85,8036,qwen3.6:latest
Chart-17-0322,Chart,17,322,AOR,arithmetic,org.jfree.data.time.TimeSeries,930,0,0.85,0.85,8265,qwen3.6:latest
Chart-17-0323,Chart,17,323,AOR,arithmetic,org.jfree.data.time.TimeSeries,930,0,0.85,0.85,8224,qwen3.6:latest
Chart-17-0324,Chart,17,324,AOR,arithmetic,org.jfree.data.time.TimeSeries,930,0,0.85,0.85,7963,qwen3.6:latest
Chart-17-0325,Chart,17,325,STD,statement_deletion,org.jfree.data.time.TimeSeries,930,0,0.15,0.15,7962,qwen3.6:latest
Chart-17-0326,Chart,17,326,ROR,relational,org.jfree.data.time.TimeSeries,931,0,0.85,0.85,8461,qwen3.6:latest
Chart-17-0327,Chart,17,327,ROR,relational,org.jfree.data.time.TimeSeries,931,1,0.85,0.85,8348,qwen3.6:latest
Chart-17-0328,Chart,17,328,ROR,relational,org.jfree.data.time.TimeSeries,931,1,0.85,0.85,8376,qwen3.6:latest
Chart-17-0329,Chart,17,329,LVR,arithmetic,org.jfree.data.time.TimeSeries,932,0,0.75,0.75,8836,qwen3.6:latest
Chart-17-0330,Chart,17,330,STD,statement_deletion,org.jfree.data.time.TimeSeries,932,1,0.15,0.15,8733,qwen3.6:latest
Chart-17-0331,Chart,17,331,LVR,arithmetic,org.jfree.data.time.TimeSeries,936,1,0.25,0.25,8704,qwen3.6:latest
Chart-17-0332,Chart,17,332,LVR,arithmetic,org.jfree.data.time.TimeSeries,936,1,0.75,0.75,8415,qwen3.6:latest
Chart-17-0333,Chart,17,333,ROR,relational,org.jfree.data.time.TimeSeries,936,1,0.85,0.85,8329,qwen3.6:latest
Chart-17-0334,Chart,17,334,ROR,relational,org.jfree.data.time.TimeSeries,936,1,0.75,0.75,8458,qwen3.6:latest
Chart-17-0335,Chart,17,335,ROR,relational,org.jfree.data.time.TimeSeries,936,1,0.85,0.85,8294,qwen3.6:latest
Chart-17-0336,Chart,17,336,ORU,return_value,org.jfree.data.time.TimeSeries,937,1,0.85,0.85,8232,qwen3.6:latest
Chart-17-0337,Chart,17,337,ORU,return_value,org.jfree.data.time.TimeSeries,937,1,0.75,0.75,8115,qwen3.6:latest
Chart-17-0338,Chart,17,338,LVR,arithmetic,org.jfree.data.time.TimeSeries,937,1,0.85,0.85,8091,qwen3.6:latest
Chart-17-0339,Chart,17,339,LVR,arithmetic,org.jfree.data.time.TimeSeries,937,1,0.85,0.85,8033,qwen3.6:latest
Chart-17-0340,Chart,17,340,AOR,arithmetic,org.jfree.data.time.TimeSeries,937,1,0.75,0.75,8281,qwen3.6:latest
Chart-17-0341,Chart,17,341,AOR,arithmetic,org.jfree.data.time.TimeSeries,937,1,0.85,0.85,8283,qwen3.6:latest
Chart-17-0342,Chart,17,342,AOR,arithmetic,org.jfree.data.time.TimeSeries,937,1,0.85,0.85,8322,qwen3.6:latest
Chart-17-0343,Chart,17,343,AOR,arithmetic,org.jfree.data.time.TimeSeries,937,0,0.85,0.85,8616,qwen3.6:latest
Chart-17-0344,Chart,17,344,STD,statement_deletion,org.jfree.data.time.TimeSeries,937,1,0.15,0.15,8160,qwen3.6:latest
Chart-17-0345,Chart,17,345,LVR,arithmetic,org.jfree.data.time.TimeSeries,938,0,0.15,0.15,8145,qwen3.6:latest
Chart-17-0346,Chart,17,346,LVR,arithmetic,org.jfree.data.time.TimeSeries,938,0,0.15,0.15,8122,qwen3.6:latest
Chart-17-0347,Chart,17,347,AOR,arithmetic,org.jfree.data.time.TimeSeries,938,0,0.75,0.75,8077,qwen3.6:latest
Chart-17-0348,Chart,17,348,AOR,arithmetic,org.jfree.data.time.TimeSeries,938,1,0.75,0.75,8472,qwen3.6:latest
Chart-17-0349,Chart,17,349,AOR,arithmetic,org.jfree.data.time.TimeSeries,938,0,0.75,0.75,8230,qwen3.6:latest
Chart-17-0350,Chart,17,350,AOR,arithmetic,org.jfree.data.time.TimeSeries,938,1,0.15,0.15,8076,qwen3.6:latest
Chart-17-0351,Chart,17,351,STD,statement_deletion,org.jfree.data.time.TimeSeries,938,0,0.15,0.15,8357,qwen3.6:latest
Chart-17-0352,Chart,17,352,LVR,arithmetic,org.jfree.data.time.TimeSeries,940,1,0.85,0.85,8405,qwen3.6:latest
Chart-17-0353,Chart,17,353,LVR,arithmetic,org.jfree.data.time.TimeSeries,940,0,0.85,0.85,8029,qwen3.6:latest
Chart-17-0354,Chart,17,354,ROR,relational,org.jfree.data.time.TimeSeries,940,1,0.85,0.85,8117,qwen3.6:latest
Chart-17-0355,Chart,17,355,ROR,relational,org.jfree.data.time.TimeSeries,940,1,0.85,0.85,8062,qwen3.6:latest
Chart-17-0356,Chart,17,356,ROR,relational,org.jfree.data.time.TimeSeries,940,1,0.85,0.85,8112,qwen3.6:latest
Chart-17-0357,Chart,17,357,LVR,arithmetic,org.jfree.data.time.TimeSeries,941,1,0.85,0.85,8023,qwen3.6:latest
Chart-17-0358,Chart,17,358,STD,statement_deletion,org.jfree.data.time.TimeSeries,941,1,0.15,0.15,8082,qwen3.6:latest
Chart-17-0359,Chart,17,359,COR,logical,org.jfree.data.time.TimeSeries,943,0,0.85,0.85,8001,qwen3.6:latest
Chart-17-0360,Chart,17,360,COR,logical,org.jfree.data.time.TimeSeries,943,0,0.85,0.85,7993,qwen3.6:latest
Chart-17-0361,Chart,17,361,STD,statement_deletion,org.jfree.data.time.TimeSeries,945,0,0.15,0.15,7816,qwen3.6:latest
Chart-17-0362,Chart,17,362,LVR,arithmetic,org.jfree.data.time.TimeSeries,963,0,0.85,0.85,8002,qwen3.6:latest
Chart-17-0363,Chart,17,363,COR,logical,org.jfree.data.time.TimeSeries,965,0,0.85,0.85,7962,qwen3.6:latest
Chart-17-0364,Chart,17,364,COR,logical,org.jfree.data.time.TimeSeries,965,1,0.85,0.85,7954,qwen3.6:latest
Chart-17-0365,Chart,17,365,COR,logical,org.jfree.data.time.TimeSeries,965,0,0.85,0.85,7866,qwen3.6:latest
Chart-17-0366,Chart,17,366,COR,logical,org.jfree.data.time.TimeSeries,965,0,0.85,0.85,7984,qwen3.6:latest
Chart-17-0367,Chart,17,367,LVR,arithmetic,org.jfree.data.time.TimeSeries,966,1,0.85,0.85,7914,qwen3.6:latest
Chart-17-0368,Chart,17,368,COR,logical,org.jfree.data.time.TimeSeries,969,1,0.85,0.85,7801,qwen3.6:latest
Chart-17-0369,Chart,17,369,COR,logical,org.jfree.data.time.TimeSeries,969,1,0.85,0.85,7933,qwen3.6:latest
Chart-17-0370,Chart,17,370,LVR,arithmetic,org.jfree.data.time.TimeSeries,972,1,0.85,0.85,7825,qwen3.6:latest
Chart-17-0371,Chart,17,371,COR,logical,org.jfree.data.time.TimeSeries,975,0,0.85,0.85,7935,qwen3.6:latest
Chart-17-0372,Chart,17,372,COR,logical,org.jfree.data.time.TimeSeries,975,0,0.85,0.85,7638,qwen3.6:latest
Chart-17-0373,Chart,17,373,LVR,arithmetic,org.jfree.data.time.TimeSeries,978,0,0.15,0.15,7845,qwen3.6:latest
Chart-17-0374,Chart,17,374,COR,logical,org.jfree.data.time.TimeSeries,981,0,0.85,0.85,7834,qwen3.6:latest
Chart-17-0375,Chart,17,375,COR,logical,org.jfree.data.time.TimeSeries,981,0,0.85,0.85,7684,qwen3.6:latest
Chart-17-0376,Chart,17,376,LVR,arithmetic,org.jfree.data.time.TimeSeries,982,1,0.85,0.85,7851,qwen3.6:latest
Chart-17-0377,Chart,17,377,ROR,relational,org.jfree.data.time.TimeSeries,985,0,0.85,0.85,7713,qwen3.6:latest
Chart-17-0378,Chart,17,378,ROR,relational,org.jfree.data.time.TimeSeries,985,0,0.85,0.85,7803,qwen3.6:latest
Chart-17-0379,Chart,17,379,ROR,relational,org.jfree.data.time.TimeSeries,985,1,0.85,0.85,7744,qwen3.6:latest
Chart-17-0380,Chart,17,380,LVR,arithmetic,org.jfree.data.time.TimeSeries,986,0,0.85,0.85,7742,qwen3.6:latest
Chart-17-0381,Chart,17,381,ROR,relational,org.jfree.data.time.TimeSeries,989,1,0.85,0.85,7749,qwen3.6:latest
Chart-17-0382,Chart,17,382,ROR,relational,org.jfree.data.time.TimeSeries,989,0,0.85,0.85,7757,qwen3.6:latest
Chart-17-0383,Chart,17,383,ROR,relational,org.jfree.data.time.TimeSeries,989,1,0.85,0.85,7743,qwen3.6:latest
Chart-17-0384,Chart,17,384,LVR,arithmetic,org.jfree.data.time.TimeSeries,990,1,0.85,0.85,7617,qwen3.6:latest
Chart-17-0385,Chart,17,385,ROR,relational,org.jfree.data.time.TimeSeries,994,1,0.85,0.85,7968,qwen3.6:latest
Chart-17-0386,Chart,17,386,ROR,relational,org.jfree.data.time.TimeSeries,994,1,0.85,0.85,7975,qwen3.6:latest
Chart-17-0387,Chart,17,387,ROR,relational,org.jfree.data.time.TimeSeries,994,1,0.85,0.85,7825,qwen3.6:latest
Chart-17-0388,Chart,17,388,LVR,arithmetic,org.jfree.data.time.TimeSeries,995,1,0.85,0.85,7841,qwen3.6:latest
Chart-17-0389,Chart,17,389,LVR,arithmetic,org.jfree.data.time.TimeSeries,997,1,0.85,0.85,7764,qwen3.6:latest
Chart-17-0390,Chart,17,390,LVR,arithmetic,org.jfree.data.time.TimeSeries,997,1,0.85,0.85,7784,qwen3.6:latest
Chart-17-0391,Chart,17,391,ROR,relational,org.jfree.data.time.TimeSeries,997,0,0.85,0.85,7720,qwen3.6:latest
Chart-17-0392,Chart,17,392,ROR,relational,org.jfree.data.time.TimeSeries,997,0,0.85,0.85,7773,qwen3.6:latest
Chart-17-0393,Chart,17,393,ROR,relational,org.jfree.data.time.TimeSeries,997,1,0.85,0.85,7786,qwen3.6:latest
Chart-17-0394,Chart,17,394,COR,logical,org.jfree.data.time.TimeSeries,998,0,0.95,0.95,7776,qwen3.6:latest
Chart-17-0395,Chart,17,395,COR,logical,org.jfree.data.time.TimeSeries,998,0,0.85,0.85,7783,qwen3.6:latest
Chart-17-0396,Chart,17,396,LVR,arithmetic,org.jfree.data.time.TimeSeries,999,0,0.85,0.85,7763,qwen3.6:latest
Chart-17-0397,Chart,17,397,LVR,arithmetic,org.jfree.data.time.TimeSeries,1002,0,0.85,0.85,7807,qwen3.6:latest
Chart-17-0398,Chart,17,398,LVR,arithmetic,org.jfree.data.time.TimeSeries,1012,0,0.75,0.75,8225,qwen3.6:latest
Chart-17-0399,Chart,17,399,LVR,arithmetic,org.jfree.data.time.TimeSeries,1012,0,0.15,0.15,8357,qwen3.6:latest
Chart-17-0400,Chart,17,400,AOR,arithmetic,org.jfree.data.time.TimeSeries,1012,0,0.75,0.75,8243,qwen3.6:latest
Chart-17-0401,Chart,17,401,AOR,arithmetic,org.jfree.data.time.TimeSeries,1012,0,0.85,0.85,8335,qwen3.6:latest
Chart-17-0402,Chart,17,402,AOR,arithmetic,org.jfree.data.time.TimeSeries,1012,0,0.75,0.75,8265,qwen3.6:latest
Chart-17-0403,Chart,17,403,AOR,arithmetic,org.jfree.data.time.TimeSeries,1012,1,0.75,0.75,8359,qwen3.6:latest
Chart-17-0404,Chart,17,404,ROR,relational,org.jfree.data.time.TimeSeries,1012,0,0.85,0.85,8471,qwen3.6:latest
Chart-17-0405,Chart,17,405,LVR,arithmetic,org.jfree.data.time.TimeSeries,1013,0,0.15,0.15,8150,qwen3.6:latest
Chart-17-0406,Chart,17,406,LVR,arithmetic,org.jfree.data.time.TimeSeries,1013,1,0.75,0.75,8171,qwen3.6:latest
Chart-17-0407,Chart,17,407,AOR,arithmetic,org.jfree.data.time.TimeSeries,1012,1,0.75,0.75,8277,qwen3.6:latest
Chart-17-0408,Chart,17,408,AOR,arithmetic,org.jfree.data.time.TimeSeries,1012,1,0.15,0.15,8244,qwen3.6:latest
Chart-17-0409,Chart,17,409,AOR,arithmetic,org.jfree.data.time.TimeSeries,1012,0,0.15,0.15,8207,qwen3.6:latest
Chart-17-0410,Chart,17,410,AOR,arithmetic,org.jfree.data.time.TimeSeries,1012,1,0.75,0.75,8205,qwen3.6:latest
Chart-17-0411,Chart,17,411,STD,statement_deletion,org.jfree.data.time.TimeSeries,1012,0,0.15,0.15,8170,qwen3.6:latest
Chart-17-0412,Chart,17,412,LVR,arithmetic,org.jfree.data.time.TimeSeries,1014,1,0.75,0.75,8201,qwen3.6:latest
Chart-17-0413,Chart,17,413,LVR,arithmetic,org.jfree.data.time.TimeSeries,1014,0,0.75,0.75,8175,qwen3.6:latest
Chart-17-0414,Chart,17,414,AOR,arithmetic,org.jfree.data.time.TimeSeries,1014,1,0.15,0.15,8247,qwen3.6:latest
Chart-17-0415,Chart,17,415,AOR,arithmetic,org.jfree.data.time.TimeSeries,1014,1,0.15,0.15,8219,qwen3.6:latest
Chart-17-0416,Chart,17,416,AOR,arithmetic,org.jfree.data.time.TimeSeries,1014,1,0.15,0.15,8197,qwen3.6:latest
Chart-17-0417,Chart,17,417,AOR,arithmetic,org.jfree.data.time.TimeSeries,1014,1,0.15,0.15,8180,qwen3.6:latest
Chart-17-0418,Chart,17,418,ROR,relational,org.jfree.data.time.TimeSeries,1014,1,0.75,0.75,8522,qwen3.6:latest
Chart-17-0419,Chart,17,419,LVR,arithmetic,org.jfree.data.time.TimeSeries,1014,1,0.75,0.75,8236,qwen3.6:latest
Chart-17-0420,Chart,17,420,LVR,arithmetic,org.jfree.data.time.TimeSeries,1014,0,0.75,0.75,8223,qwen3.6:latest
Chart-17-0421,Chart,17,421,AOR,arithmetic,org.jfree.data.time.TimeSeries,1014,1,0.15,0.15,8235,qwen3.6:latest
Chart-17-0422,Chart,17,422,AOR,arithmetic,org.jfree.data.time.TimeSeries,1014,1,0.15,0.15,8301,qwen3.6:latest
Chart-17-0423,Chart,17,423,AOR,arithmetic,org.jfree.data.time.TimeSeries,1014,1,0.75,0.75,8254,qwen3.6:latest
Chart-17-0424,Chart,17,424,AOR,arithmetic,org.jfree.data.time.TimeSeries,1014,1,0.75,0.75,8243,qwen3.6:latest
Chart-17-0425,Chart,17,425,STD,statement_deletion,org.jfree.data.time.TimeSeries,1014,1,0.15,0.15,8185,qwen3.6:latest
Chart-17-0426,Chart,17,426,LVR,arithmetic,org.jfree.data.time.TimeSeries,1015,1,0.75,0.75,8298,qwen3.6:latest
Chart-17-0427,Chart,17,427,LVR,arithmetic,org.jfree.data.time.TimeSeries,1015,1,0.15,0.15,8223,qwen3.6:latest
Chart-17-0428,Chart,17,428,AOR,arithmetic,org.jfree.data.time.TimeSeries,1015,1,0.75,0.75,8247,qwen3.6:latest
Chart-17-0429,Chart,17,429,AOR,arithmetic,org.jfree.data.time.TimeSeries,1015,1,0.75,0.75,8314,qwen3.6:latest
Chart-17-0430,Chart,17,430,AOR,arithmetic,org.jfree.data.time.TimeSeries,1015,0,0.85,0.85,8272,qwen3.6:latest
Chart-17-0431,Chart,17,431,AOR,arithmetic,org.jfree.data.time.TimeSeries,1015,1,0.75,0.75,8271,qwen3.6:latest
Chart-17-0432,Chart,17,432,ROR,relational,org.jfree.data.time.TimeSeries,1015,1,0.75,0.75,8452,qwen3.6:latest
Chart-17-0433,Chart,17,433,LVR,arithmetic,org.jfree.data.time.TimeSeries,1016,0,0.75,0.75,8378,qwen3.6:latest
Chart-17-0434,Chart,17,434,LVR,arithmetic,org.jfree.data.time.TimeSeries,1016,1,0.75,0.75,8398,qwen3.6:latest
Chart-17-0435,Chart,17,435,AOR,arithmetic,org.jfree.data.time.TimeSeries,1015,1,0.75,0.75,8298,qwen3.6:latest
Chart-17-0436,Chart,17,436,AOR,arithmetic,org.jfree.data.time.TimeSeries,1015,0,0.85,0.85,8316,qwen3.6:latest
Chart-17-0437,Chart,17,437,AOR,arithmetic,org.jfree.data.time.TimeSeries,1015,0,0.85,0.85,8262,qwen3.6:latest
Chart-17-0438,Chart,17,438,AOR,arithmetic,org.jfree.data.time.TimeSeries,1015,0,0.75,0.75,8320,qwen3.6:latest
Chart-17-0439,Chart,17,439,STD,statement_deletion,org.jfree.data.time.TimeSeries,1015,1,0.15,0.15,8315,qwen3.6:latest
Chart-17-0440,Chart,17,440,LVR,arithmetic,org.jfree.data.time.TimeSeries,1020,1,0.75,0.75,8474,qwen3.6:latest
Chart-17-0441,Chart,17,441,LVR,arithmetic,org.jfree.data.time.TimeSeries,1020,1,0.75,0.75,8360,qwen3.6:latest
Chart-17-0442,Chart,17,442,ROR,relational,org.jfree.data.time.TimeSeries,1020,1,0.75,0.75,8452,qwen3.6:latest
Chart-17-0443,Chart,17,443,ROR,relational,org.jfree.data.time.TimeSeries,1020,1,0.75,0.75,8506,qwen3.6:latest
Chart-17-0444,Chart,17,444,ROR,relational,org.jfree.data.time.TimeSeries,1020,1,0.75,0.75,8451,qwen3.6:latest
Chart-17-0445,Chart,17,445,LVR,arithmetic,org.jfree.data.time.TimeSeries,1021,1,0.85,0.85,8178,qwen3.6:latest
Chart-17-0446,Chart,17,446,LVR,arithmetic,org.jfree.data.time.TimeSeries,1021,1,0.75,0.75,8212,qwen3.6:latest
Chart-17-0447,Chart,17,447,LVR,arithmetic,org.jfree.data.time.TimeSeries,1022,1,0.85,0.85,8096,qwen3.6:latest
Chart-17-0448,Chart,17,448,LVR,arithmetic,org.jfree.data.time.TimeSeries,1022,1,0.85,0.85,8025,qwen3.6:latest
Chart-17-0449,Chart,17,449,AOR,arithmetic,org.jfree.data.time.TimeSeries,1022,1,0.85,0.85,8137,qwen3.6:latest
Chart-17-0450,Chart,17,450,AOR,arithmetic,org.jfree.data.time.TimeSeries,1022,1,0.85,0.85,8103,qwen3.6:latest
Chart-17-0451,Chart,17,451,AOR,arithmetic,org.jfree.data.time.TimeSeries,1022,1,0.85,0.85,8163,qwen3.6:latest
Chart-17-0452,Chart,17,452,AOR,arithmetic,org.jfree.data.time.TimeSeries,1022,1,0.85,0.85,8154,qwen3.6:latest
Chart-17-0453,Chart,17,453,AOR,arithmetic,org.jfree.data.time.TimeSeries,1022,0,0.85,0.85,8058,qwen3.6:latest
Chart-17-0454,Chart,17,454,AOR,arithmetic,org.jfree.data.time.TimeSeries,1022,1,0.85,0.85,8117,qwen3.6:latest
Chart-17-0455,Chart,17,455,AOR,arithmetic,org.jfree.data.time.TimeSeries,1022,1,0.85,0.85,8047,qwen3.6:latest
Chart-17-0456,Chart,17,456,AOR,arithmetic,org.jfree.data.time.TimeSeries,1022,0,0.85,0.85,8142,qwen3.6:latest
Chart-17-0457,Chart,17,457,STD,statement_deletion,org.jfree.data.time.TimeSeries,1022,1,0.15,0.15,8095,qwen3.6:latest
Chart-17-0458,Chart,17,458,LVR,arithmetic,org.jfree.data.time.TimeSeries,1024,0,0.85,0.85,8210,qwen3.6:latest
Chart-17-0459,Chart,17,459,LVR,arithmetic,org.jfree.data.time.TimeSeries,1024,1,0.85,0.85,8192,qwen3.6:latest
Chart-17-0460,Chart,17,460,ROR,relational,org.jfree.data.time.TimeSeries,1024,1,0.85,0.85,8129,qwen3.6:latest
Chart-17-0461,Chart,17,461,ROR,relational,org.jfree.data.time.TimeSeries,1024,1,0.85,0.85,8043,qwen3.6:latest
Chart-17-0462,Chart,17,462,ROR,relational,org.jfree.data.time.TimeSeries,1024,0,0.85,0.85,8116,qwen3.6:latest
Chart-17-0463,Chart,17,463,LVR,arithmetic,org.jfree.data.time.TimeSeries,1025,1,0.85,0.85,8045,qwen3.6:latest
Chart-17-0464,Chart,17,464,LVR,arithmetic,org.jfree.data.time.TimeSeries,1025,1,0.85,0.85,7989,qwen3.6:latest
Chart-17-0465,Chart,17,465,AOR,arithmetic,org.jfree.data.time.TimeSeries,1025,1,0.85,0.85,7982,qwen3.6:latest
Chart-17-0466,Chart,17,466,AOR,arithmetic,org.jfree.data.time.TimeSeries,1025,1,0.85,0.85,8083,qwen3.6:latest
Chart-17-0467,Chart,17,467,AOR,arithmetic,org.jfree.data.time.TimeSeries,1025,0,0.85,0.85,8088,qwen3.6:latest
Chart-17-0468,Chart,17,468,AOR,arithmetic,org.jfree.data.time.TimeSeries,1025,1,0.85,0.85,8019,qwen3.6:latest
Chart-17-0469,Chart,17,469,LVR,arithmetic,org.jfree.data.time.TimeSeries,1026,1,0.85,0.85,8036,qwen3.6:latest
Chart-17-0470,Chart,17,470,LVR,arithmetic,org.jfree.data.time.TimeSeries,1026,1,0.85,0.85,8014,qwen3.6:latest
Chart-17-0471,Chart,17,471,AOR,arithmetic,org.jfree.data.time.TimeSeries,1026,1,0.85,0.85,8105,qwen3.6:latest
Chart-17-0472,Chart,17,472,AOR,arithmetic,org.jfree.data.time.TimeSeries,1026,1,0.85,0.85,8069,qwen3.6:latest
Chart-17-0473,Chart,17,473,AOR,arithmetic,org.jfree.data.time.TimeSeries,1026,1,0.85,0.85,8105,qwen3.6:latest
Chart-17-0474,Chart,17,474,AOR,arithmetic,org.jfree.data.time.TimeSeries,1026,1,0.75,0.75,8072,qwen3.6:latest
Chart-17-0475,Chart,17,475,AOR,arithmetic,org.jfree.data.time.TimeSeries,1026,1,0.85,0.85,8140,qwen3.6:latest
Chart-17-0476,Chart,17,476,AOR,arithmetic,org.jfree.data.time.TimeSeries,1026,1,0.85,0.85,8058,qwen3.6:latest
Chart-17-0477,Chart,17,477,AOR,arithmetic,org.jfree.data.time.TimeSeries,1026,1,0.85,0.85,8144,qwen3.6:latest
Chart-17-0478,Chart,17,478,AOR,arithmetic,org.jfree.data.time.TimeSeries,1026,1,0.75,0.75,8044,qwen3.6:latest
Chart-17-0479,Chart,17,479,STD,statement_deletion,org.jfree.data.time.TimeSeries,1026,1,0.15,0.15,8115,qwen3.6:latest
Chart-17-0480,Chart,17,480,LVR,arithmetic,org.jfree.data.time.TimeSeries,1028,1,0.75,0.75,8054,qwen3.6:latest
Chart-17-0481,Chart,17,481,LVR,arithmetic,org.jfree.data.time.TimeSeries,1028,0,0.15,0.15,8015,qwen3.6:latest
Chart-17-0482,Chart,17,482,ROR,relational,org.jfree.data.time.TimeSeries,1028,0,0.75,0.75,8000,qwen3.6:latest
Chart-17-0483,Chart,17,483,ROR,relational,org.jfree.data.time.TimeSeries,1028,1,0.75,0.75,8137,qwen3.6:latest
Chart-17-0484,Chart,17,484,ROR,relational,org.jfree.data.time.TimeSeries,1028,0,0.85,0.85,8020,qwen3.6:latest
Chart-17-0485,Chart,17,485,LVR,arithmetic,org.jfree.data.time.TimeSeries,1029,0,0.75,0.75,7961,qwen3.6:latest
Chart-17-0486,Chart,17,486,LVR,arithmetic,org.jfree.data.time.TimeSeries,1029,1,0.15,0.15,7945,qwen3.6:latest
Chart-17-0487,Chart,17,487,AOR,arithmetic,org.jfree.data.time.TimeSeries,1029,1,0.75,0.75,8030,qwen3.6:latest
Chart-17-0488,Chart,17,488,AOR,arithmetic,org.jfree.data.time.TimeSeries,1029,1,0.85,0.85,7976,qwen3.6:latest
Chart-17-0489,Chart,17,489,AOR,arithmetic,org.jfree.data.time.TimeSeries,1029,1,0.85,0.85,8002,qwen3.6:latest
Chart-17-0490,Chart,17,490,AOR,arithmetic,org.jfree.data.time.TimeSeries,1029,0,0.85,0.85,8005,qwen3.6:latest
Chart-17-0491,Chart,17,491,LVR,arithmetic,org.jfree.data.time.TimeSeries,1030,0,0.85,0.85,8007,qwen3.6:latest
Chart-17-0492,Chart,17,492,LVR,arithmetic,org.jfree.data.time.TimeSeries,1030,0,0.75,0.75,7937,qwen3.6:latest
Chart-17-0493,Chart,17,493,AOR,arithmetic,org.jfree.data.time.TimeSeries,1030,0,0.85,0.85,7990,qwen3.6:latest
Chart-17-0494,Chart,17,494,AOR,arithmetic,org.jfree.data.time.TimeSeries,1030,0,0.85,0.85,8003,qwen3.6:latest
Chart-17-0495,Chart,17,495,AOR,arithmetic,org.jfree.data.time.TimeSeries,1030,0,0.85,0.85,8002,qwen3.6:latest
Chart-17-0496,Chart,17,496,AOR,arithmetic,org.jfree.data.time.TimeSeries,1030,0,0.85,0.85,8026,qwen3.6:latest
Chart-17-0497,Chart,17,497,AOR,arithmetic,org.jfree.data.time.TimeSeries,1030,0,0.85,0.85,7966,qwen3.6:latest
Chart-17-0498,Chart,17,498,AOR,arithmetic,org.jfree.data.time.TimeSeries,1030,0,0.85,0.85,8005,qwen3.6:latest
Chart-17-0499,Chart,17,499,AOR,arithmetic,org.jfree.data.time.TimeSeries,1030,0,0.85,0.85,8022,qwen3.6:latest
Chart-17-0500,Chart,17,500,AOR,arithmetic,org.jfree.data.time.TimeSeries,1030,0,0.75,0.75,7996,qwen3.6:latest
Chart-17-0501,Chart,17,501,STD,statement_deletion,org.jfree.data.time.TimeSeries,1030,0,0.15,0.15,8013,qwen3.6:latest
Chart-17-0502,Chart,17,502,LVR,arithmetic,org.jfree.data.time.TimeSeries,1032,0,0.75,0.75,7825,qwen3.6:latest
Chart-17-0503,Chart,17,503,LVR,arithmetic,org.jfree.data.time.TimeSeries,1032,0,0.15,0.15,7833,qwen3.6:latest
Chart-17-0504,Chart,17,504,AOR,arithmetic,org.jfree.data.time.TimeSeries,1032,0,0.75,0.75,7808,qwen3.6:latest
Chart-17-0505,Chart,17,505,AOR,arithmetic,org.jfree.data.time.TimeSeries,1032,0,0.85,0.85,7831,qwen3.6:latest
Chart-17-0506,Chart,17,506,AOR,arithmetic,org.jfree.data.time.TimeSeries,1032,0,0.85,0.85,7784,qwen3.6:latest
Chart-17-0507,Chart,17,507,AOR,arithmetic,org.jfree.data.time.TimeSeries,1032,0,0.75,0.75,7807,qwen3.6:latest
Chart-17-0508,Chart,17,508,AOR,arithmetic,org.jfree.data.time.TimeSeries,1032,0,0.75,0.75,7913,qwen3.6:latest
Chart-17-0509,Chart,17,509,AOR,arithmetic,org.jfree.data.time.TimeSeries,1032,0,0.85,0.85,7854,qwen3.6:latest
Chart-17-0510,Chart,17,510,AOR,arithmetic,org.jfree.data.time.TimeSeries,1032,0,0.85,0.85,7804,qwen3.6:latest
Chart-17-0511,Chart,17,511,AOR,arithmetic,org.jfree.data.time.TimeSeries,1032,0,0.85,0.85,7795,qwen3.6:latest
Chart-17-0512,Chart,17,512,STD,statement_deletion,org.jfree.data.time.TimeSeries,1032,0,0.15,0.15,7793,qwen3.6:latest
Chart-17-0513,Chart,17,513,LVR,arithmetic,org.jfree.data.time.TimeSeries,1033,0,0.75,0.75,7653,qwen3.6:latest
Chart-17-0514,Chart,17,514,LVR,arithmetic,org.jfree.data.time.TimeSeries,1033,0,0.15,0.15,7727,qwen3.6:latest
Chart-17-0515,Chart,17,515,AOR,arithmetic,org.jfree.data.time.TimeSeries,1033,0,0.85,0.85,7694,qwen3.6:latest
Chart-17-0516,Chart,17,516,AOR,arithmetic,org.jfree.data.time.TimeSeries,1033,0,0.85,0.85,7813,qwen3.6:latest
Chart-17-0517,Chart,17,517,AOR,arithmetic,org.jfree.data.time.TimeSeries,1033,0,0.85,0.85,7745,qwen3.6:latest
Chart-17-0518,Chart,17,518,AOR,arithmetic,org.jfree.data.time.TimeSeries,1033,0,0.85,0.85,7777,qwen3.6:latest
Chart-17-0519,Chart,17,519,AOR,arithmetic,org.jfree.data.time.TimeSeries,1033,0,0.15,0.15,7777,qwen3.6:latest
Chart-17-0520,Chart,17,520,AOR,arithmetic,org.jfree.data.time.TimeSeries,1033,0,0.85,0.85,7665,qwen3.6:latest
Chart-17-0521,Chart,17,521,AOR,arithmetic,org.jfree.data.time.TimeSeries,1033,0,0.15,0.15,7738,qwen3.6:latest
Chart-17-0522,Chart,17,522,AOR,arithmetic,org.jfree.data.time.TimeSeries,1033,0,0.85,0.85,7662,qwen3.6:latest
Chart-17-0523,Chart,17,523,STD,statement_deletion,org.jfree.data.time.TimeSeries,1033,0,0.15,0.15,7746,qwen3.6:latest
Chart-18-0001,Chart,18,1,LVR,arithmetic,org.jfree.data.DefaultKeyedValues2D,95,0,0.85,0.85,7769,qwen3.6:latest
Chart-18-0002,Chart,18,2,STD,statement_deletion,org.jfree.data.DefaultKeyedValues2D,104,0,0.1,0.1,7912,qwen3.6:latest
Chart-18-0003,Chart,18,3,STD,statement_deletion,org.jfree.data.DefaultKeyedValues2D,105,1,0.15,0.15,7862,qwen3.6:latest
Chart-18-0004,Chart,18,4,STD,statement_deletion,org.jfree.data.DefaultKeyedValues2D,106,1,0.15,0.15,7789,qwen3.6:latest
Chart-18-0005,Chart,18,5,STD,statement_deletion,org.jfree.data.DefaultKeyedValues2D,107,0,0.15,0.15,7805,qwen3.6:latest
Chart-18-0006,Chart,18,6,ROR,relational,org.jfree.data.DefaultKeyedValues2D,145,1,0.85,0.85,8232,qwen3.6:latest
Chart-18-0007,Chart,18,7,LVR,arithmetic,org.jfree.data.DefaultKeyedValues2D,150,1,0.85,0.85,7807,qwen3.6:latest
Chart-18-0008,Chart,18,8,LVR,arithmetic,org.jfree.data.DefaultKeyedValues2D,150,1,0.85,0.85,7776,qwen3.6:latest
Chart-18-0009,Chart,18,9,ROR,relational,org.jfree.data.DefaultKeyedValues2D,150,1,0.85,0.85,7835,qwen3.6:latest
Chart-18-0010,Chart,18,10,ROR,relational,org.jfree.data.DefaultKeyedValues2D,150,1,0.85,0.85,7947,qwen3.6:latest
Chart-18-0011,Chart,18,11,ROR,relational,org.jfree.data.DefaultKeyedValues2D,150,1,0.85,0.85,7841,qwen3.6:latest
Chart-18-0012,Chart,18,12,STD,statement_deletion,org.jfree.data.DefaultKeyedValues2D,151,1,0.15,0.15,7835,qwen3.6:latest
Chart-18-0013,Chart,18,13,ROR,relational,org.jfree.data.DefaultKeyedValues2D,182,1,0.85,0.85,7908,qwen3.6:latest
Chart-18-0014,Chart,18,14,COR,logical,org.jfree.data.DefaultKeyedValues2D,185,1,0.85,0.85,7757,qwen3.6:latest
Chart-18-0015,Chart,18,15,COR,logical,org.jfree.data.DefaultKeyedValues2D,185,1,0.85,0.85,7787,qwen3.6:latest
Chart-18-0016,Chart,18,16,ROR,relational,org.jfree.data.DefaultKeyedValues2D,230,1,0.85,0.85,7835,qwen3.6:latest
Chart-18-0017,Chart,18,17,ROR,relational,org.jfree.data.DefaultKeyedValues2D,261,1,0.85,0.85,8066,qwen3.6:latest
Chart-18-0018,Chart,18,18,ROR,relational,org.jfree.data.DefaultKeyedValues2D,264,1,0.85,0.85,8120,qwen3.6:latest
Chart-18-0019,Chart,18,19,COR,logical,org.jfree.data.DefaultKeyedValues2D,269,0,0.85,0.85,7966,qwen3.6:latest
Chart-18-0020,Chart,18,20,COR,logical,org.jfree.data.DefaultKeyedValues2D,269,1,0.85,0.85,7958,qwen3.6:latest
Chart-18-0021,Chart,18,21,LVR,arithmetic,org.jfree.data.DefaultKeyedValues2D,278,1,0.15,0.15,8003,qwen3.6:latest
Chart-18-0022,Chart,18,22,LVR,arithmetic,org.jfree.data.DefaultKeyedValues2D,278,1,0.15,0.15,8018,qwen3.6:latest
Chart-18-0023,Chart,18,23,ROR,relational,org.jfree.data.DefaultKeyedValues2D,278,1,0.85,0.85,8052,qwen3.6:latest
Chart-18-0024,Chart,18,24,ROR,relational,org.jfree.data.DefaultKeyedValues2D,278,1,0.85,0.85,8014,qwen3.6:latest
Chart-18-0025,Chart,18,25,ROR,relational,org.jfree.data.DefaultKeyedValues2D,278,1,0.85,0.85,7988,qwen3.6:latest
Chart-18-0026,Chart,18,26,LVR,arithmetic,org.jfree.data.DefaultKeyedValues2D,282,1,0.85,0.85,7883,qwen3.6:latest
Chart-18-0027,Chart,18,27,LVR,arithmetic,org.jfree.data.DefaultKeyedValues2D,282,1,0.85,0.85,7917,qwen3.6:latest
Chart-18-0028,Chart,18,28,ROR,relational,org.jfree.data.DefaultKeyedValues2D,282,1,0.85,0.85,7868,qwen3.6:latest
Chart-18-0029,Chart,18,29,ROR,relational,org.jfree.data.DefaultKeyedValues2D,282,1,0.85,0.85,7946,qwen3.6:latest
Chart-18-0030,Chart,18,30,ROR,relational,org.jfree.data.DefaultKeyedValues2D,282,1,0.85,0.85,7877,qwen3.6:latest
Chart-18-0031,Chart,18,31,STD,statement_deletion,org.jfree.data.DefaultKeyedValues2D,303,1,0.15,0.15,7867,qwen3.6:latest
Chart-18-0032,Chart,18,32,LVR,arithmetic,org.jfree.data.DefaultKeyedValues2D,322,1,0.85,0.85,7859,qwen3.6:latest
Chart-18-0033,Chart,18,33,LVR,arithmetic,org.jfree.data.DefaultKeyedValues2D,322,1,0.85,0.85,7808,qwen3.6:latest
Chart-18-0034,Chart,18,34,ROR,relational,org.jfree.data.DefaultKeyedValues2D,322,1,0.75,0.75,7886,qwen3.6:latest
Chart-18-0035,Chart,18,35,ROR,relational,org.jfree.data.DefaultKeyedValues2D,322,1,0.75,0.75,7868,qwen3.6:latest
Chart-18-0036,Chart,18,36,ROR,relational,org.jfree.data.DefaultKeyedValues2D,322,1,0.75,0.75,7792,qwen3.6:latest
Chart-18-0037,Chart,18,37,COR,logical,org.jfree.data.DefaultKeyedValues2D,327,1,0.85,0.85,7871,qwen3.6:latest
Chart-18-0038,Chart,18,38,COR,logical,org.jfree.data.DefaultKeyedValues2D,327,0,0.85,0.85,7951,qwen3.6:latest
Chart-18-0039,Chart,18,39,ORU,return_value,org.jfree.data.DefaultKeyedValues2D,328,1,0.25,0.25,7931,qwen3.6:latest
Chart-18-0040,Chart,18,40,ORU,return_value,org.jfree.data.DefaultKeyedValues2D,328,0,0.25,0.25,7876,qwen3.6:latest
Chart-18-0041,Chart,18,41,LVR,arithmetic,org.jfree.data.DefaultKeyedValues2D,328,0,0.85,0.85,7884,qwen3.6:latest
Chart-18-0042,Chart,18,42,LVR,arithmetic,org.jfree.data.DefaultKeyedValues2D,328,0,0.85,0.85,7825,qwen3.6:latest
Chart-18-0043,Chart,18,43,AOR,arithmetic,org.jfree.data.DefaultKeyedValues2D,328,0,0.85,0.85,7890,qwen3.6:latest
Chart-18-0044,Chart,18,44,AOR,arithmetic,org.jfree.data.DefaultKeyedValues2D,328,1,0.85,0.85,7942,qwen3.6:latest
Chart-18-0045,Chart,18,45,AOR,arithmetic,org.jfree.data.DefaultKeyedValues2D,328,0,0.25,0.25,7860,qwen3.6:latest
Chart-18-0046,Chart,18,46,AOR,arithmetic,org.jfree.data.DefaultKeyedValues2D,328,1,0.85,0.85,7945,qwen3.6:latest
Chart-18-0047,Chart,18,47,STD,statement_deletion,org.jfree.data.DefaultKeyedValues2D,328,1,0.2,0.2,7770,qwen3.6:latest
Chart-18-0048,Chart,18,48,STD,statement_deletion,org.jfree.data.DefaultKeyedValues2D,329,0,0.15,0.15,7840,qwen3.6:latest
Chart-18-0049,Chart,18,49,STD,statement_deletion,org.jfree.data.DefaultKeyedValues2D,330,0,0.15,0.15,7712,qwen3.6:latest
Chart-18-0050,Chart,18,50,STD,statement_deletion,org.jfree.data.DefaultKeyedValues2D,333,1,0.15,0.15,7766,qwen3.6:latest
Chart-18-0051,Chart,18,51,STD,statement_deletion,org.jfree.data.DefaultKeyedValues2D,334,1,0.15,0.15,7784,qwen3.6:latest
Chart-18-0052,Chart,18,52,STD,statement_deletion,org.jfree.data.DefaultKeyedValues2D,337,1,0.15,0.15,7670,qwen3.6:latest
Chart-18-0053,Chart,18,53,LVR,arithmetic,org.jfree.data.DefaultKeyedValues2D,340,0,0.15,0.15,7709,qwen3.6:latest
Chart-18-0054,Chart,18,54,LVR,arithmetic,org.jfree.data.DefaultKeyedValues2D,340,0,0.15,0.15,7743,qwen3.6:latest
Chart-18-0055,Chart,18,55,ROR,relational,org.jfree.data.DefaultKeyedValues2D,340,1,0.85,0.85,7683,qwen3.6:latest
Chart-18-0056,Chart,18,56,ROR,relational,org.jfree.data.DefaultKeyedValues2D,340,1,0.85,0.85,7840,qwen3.6:latest
Chart-18-0057,Chart,18,57,ROR,relational,org.jfree.data.DefaultKeyedValues2D,340,1,0.85,0.85,7735,qwen3.6:latest
Chart-18-0058,Chart,18,58,STD,statement_deletion,org.jfree.data.DefaultKeyedValues2D,341,0,0.15,0.15,7851,qwen3.6:latest
Chart-18-0059,Chart,18,59,STD,statement_deletion,org.jfree.data.DefaultKeyedValues2D,356,0,0.15,0.15,8093,qwen3.6:latest
Chart-18-0060,Chart,18,60,LVR,arithmetic,org.jfree.data.DefaultKeyedValues2D,359,1,0.85,0.85,8130,qwen3.6:latest
Chart-18-0061,Chart,18,61,LVR,arithmetic,org.jfree.data.DefaultKeyedValues2D,363,0,0.85,0.85,7833,qwen3.6:latest
Chart-18-0062,Chart,18,62,LVR,arithmetic,org.jfree.data.DefaultKeyedValues2D,363,0,0.85,0.85,7801,qwen3.6:latest
Chart-18-0063,Chart,18,63,ROR,relational,org.jfree.data.DefaultKeyedValues2D,363,0,0.85,0.85,7946,qwen3.6:latest
Chart-18-0064,Chart,18,64,ROR,relational,org.jfree.data.DefaultKeyedValues2D,363,1,0.85,0.85,7850,qwen3.6:latest
Chart-18-0065,Chart,18,65,ROR,relational,org.jfree.data.DefaultKeyedValues2D,363,1,0.85,0.85,7816,qwen3.6:latest
Chart-18-0066,Chart,18,66,ROR,relational,org.jfree.data.DefaultKeyedValues2D,365,1,0.85,0.85,7923,qwen3.6:latest
Chart-18-0067,Chart,18,67,LVR,arithmetic,org.jfree.data.DefaultKeyedValues2D,366,0,0.85,0.85,7803,qwen3.6:latest
Chart-18-0068,Chart,18,68,STD,statement_deletion,org.jfree.data.DefaultKeyedValues2D,366,0,0.15,0.15,7852,qwen3.6:latest
Chart-18-0069,Chart,18,69,COR,logical,org.jfree.data.DefaultKeyedValues2D,371,1,0.85,0.85,7704,qwen3.6:latest
Chart-18-0070,Chart,18,70,COR,logical,org.jfree.data.DefaultKeyedValues2D,371,1,0.85,0.85,7661,qwen3.6:latest
Chart-18-0071,Chart,18,71,STD,statement_deletion,org.jfree.data.DefaultKeyedValues2D,372,1,0.15,0.15,7628,qwen3.6:latest
Chart-18-0072,Chart,18,72,STD,statement_deletion,org.jfree.data.DefaultKeyedValues2D,373,1,0.1,0.1,7470,qwen3.6:latest
Chart-18-0073,Chart,18,73,LVR,arithmetic,org.jfree.data.DefaultKeyedValues2D,377,1,0.15,0.15,7853,qwen3.6:latest
Chart-18-0074,Chart,18,74,STD,statement_deletion,org.jfree.data.DefaultKeyedValues2D,377,1,0.15,0.15,7863,qwen3.6:latest
Chart-18-0075,Chart,18,75,LVR,arithmetic,org.jfree.data.DefaultKeyedValues2D,380,1,0.15,0.15,7859,qwen3.6:latest
Chart-18-0076,Chart,18,76,LVR,arithmetic,org.jfree.data.DefaultKeyedValues2D,380,1,0.85,0.85,7966,qwen3.6:latest
Chart-18-0077,Chart,18,77,ROR,relational,org.jfree.data.DefaultKeyedValues2D,380,0,0.85,0.85,8043,qwen3.6:latest
Chart-18-0078,Chart,18,78,ROR,relational,org.jfree.data.DefaultKeyedValues2D,380,0,0.85,0.85,7988,qwen3.6:latest
Chart-18-0079,Chart,18,79,ROR,relational,org.jfree.data.DefaultKeyedValues2D,380,0,0.85,0.85,7971,qwen3.6:latest
Chart-18-0080,Chart,18,80,STD,statement_deletion,org.jfree.data.DefaultKeyedValues2D,382,0,0.15,0.15,7994,qwen3.6:latest
Chart-18-0081,Chart,18,81,LVR,arithmetic,org.jfree.data.DefaultKeyedValues2D,384,0,0.15,0.15,7863,qwen3.6:latest
Chart-18-0082,Chart,18,82,LVR,arithmetic,org.jfree.data.DefaultKeyedValues2D,384,0,0.15,0.15,7796,qwen3.6:latest
Chart-18-0083,Chart,18,83,ROR,relational,org.jfree.data.DefaultKeyedValues2D,384,0,0.85,0.85,7872,qwen3.6:latest
Chart-18-0084,Chart,18,84,ROR,relational,org.jfree.data.DefaultKeyedValues2D,384,0,0.85,0.85,7823,qwen3.6:latest
Chart-18-0085,Chart,18,85,ROR,relational,org.jfree.data.DefaultKeyedValues2D,384,0,0.85,0.85,7930,qwen3.6:latest
Chart-18-0086,Chart,18,86,ROR,relational,org.jfree.data.DefaultKeyedValues2D,384,0,0.85,0.85,7926,qwen3.6:latest
Chart-18-0087,Chart,18,87,COR,logical,org.jfree.data.DefaultKeyedValues2D,384,0,0.85,0.85,7974,qwen3.6:latest
Chart-18-0088,Chart,18,88,COR,logical,org.jfree.data.DefaultKeyedValues2D,384,0,0.85,0.85,7893,qwen3.6:latest
Chart-18-0089,Chart,18,89,COR,logical,org.jfree.data.DefaultKeyedValues2D,384,0,0.85,0.85,7945,qwen3.6:latest
Chart-18-0090,Chart,18,90,COR,logical,org.jfree.data.DefaultKeyedValues2D,384,0,0.75,0.75,7766,qwen3.6:latest
Chart-18-0091,Chart,18,91,LVR,arithmetic,org.jfree.data.DefaultKeyedValues2D,385,0,0.85,0.85,8238,qwen3.6:latest
Chart-18-0092,Chart,18,92,STD,statement_deletion,org.jfree.data.DefaultKeyedValues2D,385,0,0.15,0.15,8127,qwen3.6:latest
Chart-18-0093,Chart,18,93,COR,logical,org.jfree.data.DefaultKeyedValues2D,390,0,0.85,0.85,8137,qwen3.6:latest
Chart-18-0094,Chart,18,94,COR,logical,org.jfree.data.DefaultKeyedValues2D,390,0,0.85,0.85,7890,qwen3.6:latest
Chart-18-0095,Chart,18,95,LVR,arithmetic,org.jfree.data.DefaultKeyedValues2D,391,0,0.15,0.15,7837,qwen3.6:latest
Chart-18-0096,Chart,18,96,LVR,arithmetic,org.jfree.data.DefaultKeyedValues2D,391,1,0.15,0.15,7835,qwen3.6:latest
Chart-18-0097,Chart,18,97,ROR,relational,org.jfree.data.DefaultKeyedValues2D,391,1,0.85,0.85,7803,qwen3.6:latest
Chart-18-0098,Chart,18,98,ROR,relational,org.jfree.data.DefaultKeyedValues2D,391,1,0.85,0.85,7808,qwen3.6:latest
Chart-18-0099,Chart,18,99,ROR,relational,org.jfree.data.DefaultKeyedValues2D,391,1,0.85,0.85,7804,qwen3.6:latest
Chart-18-0100,Chart,18,100,STD,statement_deletion,org.jfree.data.DefaultKeyedValues2D,393,1,0.15,0.15,7777,qwen3.6:latest
Chart-18-0101,Chart,18,101,LVR,arithmetic,org.jfree.data.DefaultKeyedValues2D,395,0,0.15,0.15,4823,qwen3.6:latest
Chart-18-0102,Chart,18,102,LVR,arithmetic,org.jfree.data.DefaultKeyedValues2D,395,1,0.15,0.15,3999,qwen3.6:latest
Chart-18-0103,Chart,18,103,ROR,relational,org.jfree.data.DefaultKeyedValues2D,395,1,0.85,0.85,4004,qwen3.6:latest
Chart-18-0104,Chart,18,104,ROR,relational,org.jfree.data.DefaultKeyedValues2D,395,1,0.85,0.85,4112,qwen3.6:latest
Chart-18-0105,Chart,18,105,ROR,relational,org.jfree.data.DefaultKeyedValues2D,395,1,0.85,0.85,4078,qwen3.6:latest
Chart-18-0106,Chart,18,106,STD,statement_deletion,org.jfree.data.DefaultKeyedValues2D,396,0,0.15,0.15,3883,qwen3.6:latest
Chart-18-0107,Chart,18,107,STD,statement_deletion,org.jfree.data.DefaultKeyedValues2D,399,1,0.15,0.15,4021,qwen3.6:latest
Chart-18-0108,Chart,18,108,STD,statement_deletion,org.jfree.data.DefaultKeyedValues2D,412,1,0.15,0.15,4008,qwen3.6:latest
Chart-18-0109,Chart,18,109,STD,statement_deletion,org.jfree.data.DefaultKeyedValues2D,413,1,0.15,0.15,4003,qwen3.6:latest
Chart-18-0110,Chart,18,110,STD,statement_deletion,org.jfree.data.DefaultKeyedValues2D,425,1,0.15,0.15,4027,qwen3.6:latest
Chart-18-0111,Chart,18,111,STD,statement_deletion,org.jfree.data.DefaultKeyedValues2D,438,1,0.15,0.15,4146,qwen3.6:latest
Chart-18-0112,Chart,18,112,ROR,relational,org.jfree.data.DefaultKeyedValues2D,455,0,0.95,0.95,4034,qwen3.6:latest
Chart-18-0113,Chart,18,113,COR,logical,org.jfree.data.DefaultKeyedValues2D,458,1,0.85,0.85,4189,qwen3.6:latest
Chart-18-0114,Chart,18,114,COR,logical,org.jfree.data.DefaultKeyedValues2D,458,1,0.85,0.85,4019,qwen3.6:latest
Chart-18-0115,Chart,18,115,LVR,arithmetic,org.jfree.data.DefaultKeyedValues2D,465,1,0.85,0.85,4089,qwen3.6:latest
Chart-18-0116,Chart,18,116,LVR,arithmetic,org.jfree.data.DefaultKeyedValues2D,465,1,0.15,0.15,4061,qwen3.6:latest
Chart-18-0117,Chart,18,117,ROR,relational,org.jfree.data.DefaultKeyedValues2D,465,1,0.85,0.85,4002,qwen3.6:latest
Chart-18-0118,Chart,18,118,ROR,relational,org.jfree.data.DefaultKeyedValues2D,465,1,0.85,0.85,3960,qwen3.6:latest
Chart-18-0119,Chart,18,119,ROR,relational,org.jfree.data.DefaultKeyedValues2D,465,1,0.85,0.85,4112,qwen3.6:latest
Chart-18-0120,Chart,18,120,STD,statement_deletion,org.jfree.data.DefaultKeyedValues2D,466,1,0.15,0.15,4090,qwen3.6:latest
Chart-18-0121,Chart,18,121,STD,statement_deletion,org.jfree.data.DefaultKeyedValues2D,469,1,0.1,0.1,4029,qwen3.6:latest
Chart-18-0122,Chart,18,122,STD,statement_deletion,org.jfree.data.DefaultKeyedValues2D,476,1,0.1,0.1,4012,qwen3.6:latest
Chart-18-0123,Chart,18,123,STD,statement_deletion,org.jfree.data.DefaultKeyedValues2D,477,1,0.15,0.15,4043,qwen3.6:latest
Chart-18-0124,Chart,18,124,STD,statement_deletion,org.jfree.data.DefaultKeyedValues2D,478,1,0.15,0.15,4220,qwen3.6:latest
Chart-18-0125,Chart,18,125,ROR,relational,org.jfree.data.DefaultKeyedValues2D,490,1,0.95,0.95,4113,qwen3.6:latest
Chart-18-0126,Chart,18,126,LVR,arithmetic,org.jfree.data.DefaultKeyedValues2D,491,1,0.85,0.85,4021,qwen3.6:latest
Chart-18-0127,Chart,18,127,ROR,relational,org.jfree.data.DefaultKeyedValues2D,493,1,0.95,0.95,4111,qwen3.6:latest
Chart-18-0128,Chart,18,128,LVR,arithmetic,org.jfree.data.DefaultKeyedValues2D,494,1,0.85,0.85,4094,qwen3.6:latest
Chart-18-0129,Chart,18,129,LVR,arithmetic,org.jfree.data.DefaultKeyedValues2D,498,0,0.85,0.85,4098,qwen3.6:latest
Chart-18-0130,Chart,18,130,COR,logical,org.jfree.data.DefaultKeyedValues2D,501,0,0.85,0.85,4060,qwen3.6:latest
Chart-18-0131,Chart,18,131,COR,logical,org.jfree.data.DefaultKeyedValues2D,501,1,0.95,0.95,4138,qwen3.6:latest
Chart-18-0132,Chart,18,132,LVR,arithmetic,org.jfree.data.DefaultKeyedValues2D,502,0,0.85,0.85,4026,qwen3.6:latest
Chart-18-0133,Chart,18,133,COR,logical,org.jfree.data.DefaultKeyedValues2D,504,1,0.95,0.95,4067,qwen3.6:latest
Chart-18-0134,Chart,18,134,COR,logical,org.jfree.data.DefaultKeyedValues2D,504,0,0.85,0.85,4019,qwen3.6:latest
Chart-18-0135,Chart,18,135,LVR,arithmetic,org.jfree.data.DefaultKeyedValues2D,505,0,0.85,0.85,3981,qwen3.6:latest
Chart-18-0136,Chart,18,136,ROR,relational,org.jfree.data.DefaultKeyedValues2D,508,0,0.85,0.85,3994,qwen3.6:latest
Chart-18-0137,Chart,18,137,ROR,relational,org.jfree.data.DefaultKeyedValues2D,508,1,0.85,0.85,4050,qwen3.6:latest
Chart-18-0138,Chart,18,138,ROR,relational,org.jfree.data.DefaultKeyedValues2D,508,0,0.85,0.85,4132,qwen3.6:latest
Chart-18-0139,Chart,18,139,LVR,arithmetic,org.jfree.data.DefaultKeyedValues2D,509,0,0.85,0.85,4011,qwen3.6:latest
Chart-18-0140,Chart,18,140,ROR,relational,org.jfree.data.DefaultKeyedValues2D,513,0,0.85,0.85,4163,qwen3.6:latest
Chart-18-0141,Chart,18,141,ROR,relational,org.jfree.data.DefaultKeyedValues2D,513,0,0.85,0.85,4065,qwen3.6:latest
Chart-18-0142,Chart,18,142,ROR,relational,org.jfree.data.DefaultKeyedValues2D,513,0,0.85,0.85,4128,qwen3.6:latest
Chart-18-0143,Chart,18,143,LVR,arithmetic,org.jfree.data.DefaultKeyedValues2D,514,0,0.85,0.85,4087,qwen3.6:latest
Chart-18-0144,Chart,18,144,LVR,arithmetic,org.jfree.data.DefaultKeyedValues2D,517,0,0.85,0.85,4125,qwen3.6:latest
Chart-18-0145,Chart,18,145,LVR,arithmetic,org.jfree.data.DefaultKeyedValues2D,517,0,0.85,0.85,4161,qwen3.6:latest
Chart-18-0146,Chart,18,146,ROR,relational,org.jfree.data.DefaultKeyedValues2D,517,0,0.85,0.85,4113,qwen3.6:latest
Chart-18-0147,Chart,18,147,ROR,relational,org.jfree.data.DefaultKeyedValues2D,517,0,0.85,0.85,4131,qwen3.6:latest
Chart-18-0148,Chart,18,148,ROR,relational,org.jfree.data.DefaultKeyedValues2D,517,0,0.85,0.85,4181,qwen3.6:latest
Chart-18-0149,Chart,18,149,LVR,arithmetic,org.jfree.data.DefaultKeyedValues2D,518,0,0.85,0.85,4081,qwen3.6:latest
Chart-18-0150,Chart,18,150,LVR,arithmetic,org.jfree.data.DefaultKeyedValues2D,518,0,0.85,0.85,3985,qwen3.6:latest
Chart-18-0151,Chart,18,151,ROR,relational,org.jfree.data.DefaultKeyedValues2D,518,0,0.85,0.85,4069,qwen3.6:latest
Chart-18-0152,Chart,18,152,ROR,relational,org.jfree.data.DefaultKeyedValues2D,518,0,0.85,0.85,4192,qwen3.6:latest
Chart-18-0153,Chart,18,153,ROR,relational,org.jfree.data.DefaultKeyedValues2D,518,0,0.85,0.85,4107,qwen3.6:latest
Chart-18-0154,Chart,18,154,ROR,relational,org.jfree.data.DefaultKeyedValues2D,521,1,0.85,0.85,4018,qwen3.6:latest
Chart-18-0155,Chart,18,155,ROR,relational,org.jfree.data.DefaultKeyedValues2D,522,0,0.85,0.85,4018,qwen3.6:latest
Chart-18-0156,Chart,18,156,LVR,arithmetic,org.jfree.data.DefaultKeyedValues2D,523,0,0.85,0.85,4128,qwen3.6:latest
Chart-18-0157,Chart,18,157,COR,logical,org.jfree.data.DefaultKeyedValues2D,527,1,0.85,0.85,3990,qwen3.6:latest
Chart-18-0158,Chart,18,158,COR,logical,org.jfree.data.DefaultKeyedValues2D,527,1,0.85,0.85,3990,qwen3.6:latest
Chart-18-0159,Chart,18,159,LVR,arithmetic,org.jfree.data.DefaultKeyedValues2D,528,1,0.85,0.85,3978,qwen3.6:latest
Chart-18-0160,Chart,18,160,LVR,arithmetic,org.jfree.data.DefaultKeyedValues2D,533,1,0.85,0.85,4007,qwen3.6:latest
Chart-18-0161,Chart,18,161,LVR,arithmetic,org.jfree.data.DefaultKeyedValues2D,544,0,0.75,0.75,4025,qwen3.6:latest
Chart-18-0162,Chart,18,162,LVR,arithmetic,org.jfree.data.DefaultKeyedValues2D,544,0,0.75,0.75,3991,qwen3.6:latest
Chart-18-0163,Chart,18,163,AOR,arithmetic,org.jfree.data.DefaultKeyedValues2D,544,0,0.85,0.85,4011,qwen3.6:latest
Chart-18-0164,Chart,18,164,AOR,arithmetic,org.jfree.data.DefaultKeyedValues2D,544,1,0.85,0.85,3999,qwen3.6:latest
Chart-18-0165,Chart,18,165,AOR,arithmetic,org.jfree.data.DefaultKeyedValues2D,544,1,0.85,0.85,4004,qwen3.6:latest
Chart-18-0166,Chart,18,166,AOR,arithmetic,org.jfree.data.DefaultKeyedValues2D,544,1,0.85,0.85,3988,qwen3.6:latest
Chart-18-0167,Chart,18,167,AOR,arithmetic,org.jfree.data.DefaultKeyedValues2D,544,1,0.85,0.85,3983,qwen3.6:latest
Chart-18-0168,Chart,18,168,AOR,arithmetic,org.jfree.data.DefaultKeyedValues2D,544,0,0.85,0.85,4004,qwen3.6:latest
Chart-18-0169,Chart,18,169,AOR,arithmetic,org.jfree.data.DefaultKeyedValues2D,544,1,0.85,0.85,4013,qwen3.6:latest
Chart-18-0170,Chart,18,170,AOR,arithmetic,org.jfree.data.DefaultKeyedValues2D,544,0,0.85,0.85,4006,qwen3.6:latest
Chart-18-0171,Chart,18,171,STD,statement_deletion,org.jfree.data.DefaultKeyedValues2D,544,1,0.15,0.15,3998,qwen3.6:latest
Chart-18-0172,Chart,18,172,LVR,arithmetic,org.jfree.data.DefaultKeyedValues2D,545,1,0.75,0.75,4039,qwen3.6:latest
Chart-18-0173,Chart,18,173,LVR,arithmetic,org.jfree.data.DefaultKeyedValues2D,545,1,0.75,0.75,4047,qwen3.6:latest
Chart-18-0174,Chart,18,174,AOR,arithmetic,org.jfree.data.DefaultKeyedValues2D,545,0,0.75,0.75,4076,qwen3.6:latest
Chart-18-0175,Chart,18,175,AOR,arithmetic,org.jfree.data.DefaultKeyedValues2D,545,0,0.85,0.85,3989,qwen3.6:latest
Chart-18-0176,Chart,18,176,AOR,arithmetic,org.jfree.data.DefaultKeyedValues2D,545,1,0.85,0.85,4036,qwen3.6:latest
Chart-18-0177,Chart,18,177,AOR,arithmetic,org.jfree.data.DefaultKeyedValues2D,545,0,0.75,0.75,4012,qwen3.6:latest
Chart-18-0178,Chart,18,178,AOR,arithmetic,org.jfree.data.DefaultKeyedValues2D,545,1,0.75,0.75,4237,qwen3.6:latest
Chart-18-0179,Chart,18,179,AOR,arithmetic,org.jfree.data.DefaultKeyedValues2D,545,1,0.75,0.75,4130,qwen3.6:latest
Chart-18-0180,Chart,18,180,AOR,arithmetic,org.jfree.data.DefaultKeyedValues2D,545,1,0.85,0.85,4041,qwen3.6:latest
Chart-18-0181,Chart,18,181,AOR,arithmetic,org.jfree.data.DefaultKeyedValues2D,545,0,0.85,0.85,4019,qwen3.6:latest
Chart-18-0182,Chart,18,182,STD,statement_deletion,org.jfree.data.DefaultKeyedValues2D,545,0,0.15,0.15,4067,qwen3.6:latest
Chart-18-0183,Chart,18,183,STD,statement_deletion,org.jfree.data.DefaultKeyedValues2D,561,0,0.15,0.15,4115,qwen3.6:latest
Chart-18-0184,Chart,18,184,STD,statement_deletion,org.jfree.data.DefaultKeyedValues2D,562,0,0.15,0.15,4163,qwen3.6:latest
Chart-18-0185,Chart,18,185,STD,statement_deletion,org.jfree.data.DefaultKeyedValues2D,565,0,0.15,0.15,4090,qwen3.6:latest
Chart-18-0186,Chart,18,186,STD,statement_deletion,org.jfree.data.DefaultKeyedValues,99,0,0.15,0.15,4234,qwen3.6:latest
Chart-18-0187,Chart,18,187,STD,statement_deletion,org.jfree.data.DefaultKeyedValues,100,1,0.15,0.15,4068,qwen3.6:latest
Chart-18-0188,Chart,18,188,STD,statement_deletion,org.jfree.data.DefaultKeyedValues,101,1,0.15,0.15,4006,qwen3.6:latest
Chart-18-0189,Chart,18,189,ROR,relational,org.jfree.data.DefaultKeyedValues,150,1,0.85,0.85,4066,qwen3.6:latest
Chart-18-0190,Chart,18,190,ROR,relational,org.jfree.data.DefaultKeyedValues,154,1,0.85,0.85,4219,qwen3.6:latest
Chart-18-0191,Chart,18,191,LVR,arithmetic,org.jfree.data.DefaultKeyedValues,155,0,0.85,0.85,4112,qwen3.6:latest
Chart-18-0192,Chart,18,192,LVR,arithmetic,org.jfree.data.DefaultKeyedValues,155,1,0.85,0.85,4109,qwen3.6:latest
Chart-18-0193,Chart,18,193,LVR,arithmetic,org.jfree.data.DefaultKeyedValues,182,0,0.85,0.85,4052,qwen3.6:latest
Chart-18-0194,Chart,18,194,LVR,arithmetic,org.jfree.data.DefaultKeyedValues,182,0,0.85,0.85,4007,qwen3.6:latest
Chart-18-0195,Chart,18,195,ROR,relational,org.jfree.data.DefaultKeyedValues,182,0,0.85,0.85,3985,qwen3.6:latest
Chart-18-0196,Chart,18,196,ROR,relational,org.jfree.data.DefaultKeyedValues,182,1,0.85,0.85,4016,qwen3.6:latest
Chart-18-0197,Chart,18,197,ROR,relational,org.jfree.data.DefaultKeyedValues,182,1,0.85,0.85,3866,qwen3.6:latest
Chart-18-0198,Chart,18,198,STD,statement_deletion,org.jfree.data.DefaultKeyedValues,197,0,0.15,0.15,4102,qwen3.6:latest
Chart-18-0199,Chart,18,199,STD,statement_deletion,org.jfree.data.DefaultKeyedValues,209,1,0.15,0.15,4056,qwen3.6:latest
Chart-18-0200,Chart,18,200,STD,statement_deletion,org.jfree.data.DefaultKeyedValues,219,1,0.85,0.85,4120,qwen3.6:latest
Chart-18-0201,Chart,18,201,ROR,relational,org.jfree.data.DefaultKeyedValues,229,1,0.85,0.85,4137,qwen3.6:latest
Chart-18-0202,Chart,18,202,LVR,arithmetic,org.jfree.data.DefaultKeyedValues,233,1,0.85,0.85,4079,qwen3.6:latest
Chart-18-0203,Chart,18,203,LVR,arithmetic,org.jfree.data.DefaultKeyedValues,233,1,0.85,0.85,4086,qwen3.6:latest
Chart-18-0204,Chart,18,204,ROR,relational,org.jfree.data.DefaultKeyedValues,233,1,0.85,0.85,4106,qwen3.6:latest
Chart-18-0205,Chart,18,205,ROR,relational,org.jfree.data.DefaultKeyedValues,233,1,0.85,0.85,4073,qwen3.6:latest
Chart-18-0206,Chart,18,206,ROR,relational,org.jfree.data.DefaultKeyedValues,233,1,0.85,0.85,4101,qwen3.6:latest
Chart-18-0207,Chart,18,207,STD,statement_deletion,org.jfree.data.DefaultKeyedValues,234,0,0.15,0.15,4125,qwen3.6:latest
Chart-18-0208,Chart,18,208,STD,statement_deletion,org.jfree.data.DefaultKeyedValues,235,0,0.15,0.15,4123,qwen3.6:latest
Chart-18-0209,Chart,18,209,STD,statement_deletion,org.jfree.data.DefaultKeyedValues,238,1,0.15,0.15,4009,qwen3.6:latest
Chart-18-0210,Chart,18,210,STD,statement_deletion,org.jfree.data.DefaultKeyedValues,239,1,0.85,0.85,4021,qwen3.6:latest
Chart-18-0211,Chart,18,211,LVR,arithmetic,org.jfree.data.DefaultKeyedValues,240,1,0.85,0.85,4025,qwen3.6:latest
Chart-18-0212,Chart,18,212,LVR,arithmetic,org.jfree.data.DefaultKeyedValues,240,0,0.85,0.85,4052,qwen3.6:latest
Chart-18-0213,Chart,18,213,AOR,arithmetic,org.jfree.data.DefaultKeyedValues,240,1,0.85,0.85,4087,qwen3.6:latest
Chart-18-0214,Chart,18,214,AOR,arithmetic,org.jfree.data.DefaultKeyedValues,240,0,0.85,0.85,4015,qwen3.6:latest
Chart-18-0215,Chart,18,215,AOR,arithmetic,org.jfree.data.DefaultKeyedValues,240,0,0.85,0.85,4124,qwen3.6:latest
Chart-18-0216,Chart,18,216,AOR,arithmetic,org.jfree.data.DefaultKeyedValues,240,1,0.85,0.85,4090,qwen3.6:latest
Chart-18-0217,Chart,18,217,STD,statement_deletion,org.jfree.data.DefaultKeyedValues,240,1,0.85,0.85,4108,qwen3.6:latest
Chart-18-0218,Chart,18,218,STD,statement_deletion,org.jfree.data.DefaultKeyedValues,256,0,0.15,0.15,4079,qwen3.6:latest
Chart-18-0219,Chart,18,219,LVR,arithmetic,org.jfree.data.DefaultKeyedValues,271,1,0.85,0.85,3999,qwen3.6:latest
Chart-18-0220,Chart,18,220,LVR,arithmetic,org.jfree.data.DefaultKeyedValues,271,1,0.85,0.85,4100,qwen3.6:latest
Chart-18-0221,Chart,18,221,ROR,relational,org.jfree.data.DefaultKeyedValues,271,1,0.85,0.85,4097,qwen3.6:latest
Chart-18-0222,Chart,18,222,ROR,relational,org.jfree.data.DefaultKeyedValues,271,1,0.85,0.85,4120,qwen3.6:latest
Chart-18-0223,Chart,18,223,ROR,relational,org.jfree.data.DefaultKeyedValues,271,1,0.85,0.85,4090,qwen3.6:latest
Chart-18-0224,Chart,18,224,ROR,relational,org.jfree.data.DefaultKeyedValues,271,0,0.85,0.85,4158,qwen3.6:latest
Chart-18-0225,Chart,18,225,ROR,relational,org.jfree.data.DefaultKeyedValues,271,0,0.85,0.85,4066,qwen3.6:latest
Chart-18-0226,Chart,18,226,ROR,relational,org.jfree.data.DefaultKeyedValues,271,1,0.85,0.85,4259,qwen3.6:latest
Chart-18-0227,Chart,18,227,COR,logical,org.jfree.data.DefaultKeyedValues,271,0,0.85,0.85,4124,qwen3.6:latest
Chart-18-0228,Chart,18,228,COR,logical,org.jfree.data.DefaultKeyedValues,271,0,0.85,0.85,4153,qwen3.6:latest
Chart-18-0229,Chart,18,229,COR,logical,org.jfree.data.DefaultKeyedValues,271,1,0.85,0.85,3933,qwen3.6:latest
Chart-18-0230,Chart,18,230,COR,logical,org.jfree.data.DefaultKeyedValues,271,1,0.95,0.95,4111,qwen3.6:latest
Chart-18-0231,Chart,18,231,ROR,relational,org.jfree.data.DefaultKeyedValues,274,0,0.85,0.85,4164,qwen3.6:latest
Chart-18-0232,Chart,18,232,ROR,relational,org.jfree.data.DefaultKeyedValues,278,1,0.85,0.85,4103,qwen3.6:latest
Chart-18-0233,Chart,18,233,ROR,relational,org.jfree.data.DefaultKeyedValues,278,1,0.85,0.85,4046,qwen3.6:latest
Chart-18-0234,Chart,18,234,ROR,relational,org.jfree.data.DefaultKeyedValues,278,0,0.85,0.85,4023,qwen3.6:latest
Chart-18-0235,Chart,18,235,STD,statement_deletion,org.jfree.data.DefaultKeyedValues,279,1,0.15,0.15,4063,qwen3.6:latest
Chart-18-0236,Chart,18,236,STD,statement_deletion,org.jfree.data.DefaultKeyedValues,280,0,0.15,0.15,4075,qwen3.6:latest
Chart-18-0237,Chart,18,237,LVR,arithmetic,org.jfree.data.DefaultKeyedValues,283,0,0.85,0.85,4053,qwen3.6:latest
Chart-18-0238,Chart,18,238,LVR,arithmetic,org.jfree.data.DefaultKeyedValues,283,0,0.85,0.85,4143,qwen3.6:latest
Chart-18-0239,Chart,18,239,ROR,relational,org.jfree.data.DefaultKeyedValues,283,1,0.85,0.85,4292,qwen3.6:latest
Chart-18-0240,Chart,18,240,ROR,relational,org.jfree.data.DefaultKeyedValues,283,0,0.85,0.85,4127,qwen3.6:latest
Chart-18-0241,Chart,18,241,ROR,relational,org.jfree.data.DefaultKeyedValues,283,0,0.85,0.85,4038,qwen3.6:latest
Chart-18-0242,Chart,18,242,STD,statement_deletion,org.jfree.data.DefaultKeyedValues,284,0,0.15,0.15,4122,qwen3.6:latest
Chart-18-0243,Chart,18,243,STD,statement_deletion,org.jfree.data.DefaultKeyedValues,285,0,0.15,0.15,4045,qwen3.6:latest
Chart-18-0244,Chart,18,244,STD,statement_deletion,org.jfree.data.DefaultKeyedValues,288,0,0.15,0.15,4010,qwen3.6:latest
Chart-18-0245,Chart,18,245,STD,statement_deletion,org.jfree.data.DefaultKeyedValues,289,0,0.15,0.15,4001,qwen3.6:latest
Chart-18-0246,Chart,18,246,STD,statement_deletion,org.jfree.data.DefaultKeyedValues,290,0,0.15,0.15,4134,qwen3.6:latest
Chart-18-0247,Chart,18,247,STD,statement_deletion,org.jfree.data.DefaultKeyedValues,299,0,0.15,0.15,4057,qwen3.6:latest
Chart-18-0248,Chart,18,248,LVR,arithmetic,org.jfree.data.DefaultKeyedValues,300,0,0.85,0.85,4001,qwen3.6:latest
Chart-18-0249,Chart,18,249,LVR,arithmetic,org.jfree.data.DefaultKeyedValues,300,0,0.85,0.85,4024,qwen3.6:latest
Chart-18-0250,Chart,18,250,ROR,relational,org.jfree.data.DefaultKeyedValues,300,0,0.85,0.85,3988,qwen3.6:latest
Chart-18-0251,Chart,18,251,ROR,relational,org.jfree.data.DefaultKeyedValues,300,0,0.85,0.85,4062,qwen3.6:latest
Chart-18-0252,Chart,18,252,ROR,relational,org.jfree.data.DefaultKeyedValues,300,0,0.85,0.85,4080,qwen3.6:latest
Chart-18-0253,Chart,18,253,STD,statement_deletion,org.jfree.data.DefaultKeyedValues,302,0,0.15,0.15,4018,qwen3.6:latest
Chart-18-0254,Chart,18,254,STD,statement_deletion,org.jfree.data.DefaultKeyedValues,316,0,0.15,0.15,4023,qwen3.6:latest
Chart-18-0255,Chart,18,255,STD,statement_deletion,org.jfree.data.DefaultKeyedValues,317,0,0.15,0.15,4083,qwen3.6:latest
Chart-18-0256,Chart,18,256,STD,statement_deletion,org.jfree.data.DefaultKeyedValues,318,0,0.15,0.15,4035,qwen3.6:latest
Chart-18-0257,Chart,18,257,LVR,arithmetic,org.jfree.data.DefaultKeyedValues,332,0,0.85,0.85,4072,qwen3.6:latest
Chart-18-0258,Chart,18,258,LVR,arithmetic,org.jfree.data.DefaultKeyedValues,332,0,0.85,0.85,4058,qwen3.6:latest
Chart-18-0259,Chart,18,259,ROR,relational,org.jfree.data.DefaultKeyedValues,332,0,0.85,0.85,4103,qwen3.6:latest
Chart-18-0260,Chart,18,260,ROR,relational,org.jfree.data.DefaultKeyedValues,332,0,0.85,0.85,4107,qwen3.6:latest
Chart-18-0261,Chart,18,261,ROR,relational,org.jfree.data.DefaultKeyedValues,332,0,0.85,0.85,4101,qwen3.6:latest
Chart-18-0262,Chart,18,262,STD,statement_deletion,org.jfree.data.DefaultKeyedValues,336,0,0.15,0.15,4012,qwen3.6:latest
Chart-18-0263,Chart,18,263,STD,statement_deletion,org.jfree.data.DefaultKeyedValues,345,0,0.15,0.15,4161,qwen3.6:latest
Chart-18-0264,Chart,18,264,STD,statement_deletion,org.jfree.data.DefaultKeyedValues,346,0,0.15,0.15,4013,qwen3.6:latest
Chart-18-0265,Chart,18,265,STD,statement_deletion,org.jfree.data.DefaultKeyedValues,347,0,0.1,0.1,3981,qwen3.6:latest
Chart-18-0266,Chart,18,266,LVR,arithmetic,org.jfree.data.DefaultKeyedValues,359,0,0.85,0.85,4094,qwen3.6:latest
Chart-18-0267,Chart,18,267,LVR,arithmetic,org.jfree.data.DefaultKeyedValues,359,0,0.15,0.15,4070,qwen3.6:latest
Chart-18-0268,Chart,18,268,ROR,relational,org.jfree.data.DefaultKeyedValues,359,0,0.85,0.85,4155,qwen3.6:latest
Chart-18-0269,Chart,18,269,ROR,relational,org.jfree.data.DefaultKeyedValues,359,0,0.85,0.85,4104,qwen3.6:latest
Chart-18-0270,Chart,18,270,ROR,relational,org.jfree.data.DefaultKeyedValues,359,0,0.85,0.85,4066,qwen3.6:latest
Chart-18-0271,Chart,18,271,STD,statement_deletion,org.jfree.data.DefaultKeyedValues,360,0,0.15,0.15,4142,qwen3.6:latest
Chart-18-0272,Chart,18,272,STD,statement_deletion,org.jfree.data.DefaultKeyedValues,366,0,0.15,0.15,4019,qwen3.6:latest
Chart-18-0273,Chart,18,273,STD,statement_deletion,org.jfree.data.DefaultKeyedValues,367,0,0.15,0.15,3972,qwen3.6:latest
Chart-18-0274,Chart,18,274,LVR,arithmetic,org.jfree.data.DefaultKeyedValues,369,0,0.85,0.85,3994,qwen3.6:latest
Chart-18-0275,Chart,18,275,LVR,arithmetic,org.jfree.data.DefaultKeyedValues,369,0,0.85,0.85,4061,qwen3.6:latest
Chart-18-0276,Chart,18,276,ROR,relational,org.jfree.data.DefaultKeyedValues,369,0,0.85,0.85,4089,qwen3.6:latest
Chart-18-0277,Chart,18,277,ROR,relational,org.jfree.data.DefaultKeyedValues,369,1,0.85,0.85,4031,qwen3.6:latest
Chart-18-0278,Chart,18,278,STD,statement_deletion,org.jfree.data.DefaultKeyedValues,371,0,0.15,0.15,4060,qwen3.6:latest
Chart-18-0279,Chart,18,279,LVR,arithmetic,org.jfree.data.DefaultKeyedValues,385,0,0.85,0.85,4147,qwen3.6:latest
Chart-18-0280,Chart,18,280,LVR,arithmetic,org.jfree.data.DefaultKeyedValues,385,0,0.75,0.75,4060,qwen3.6:latest
Chart-18-0281,Chart,18,281,ROR,relational,org.jfree.data.DefaultKeyedValues,385,0,0.85,0.85,4131,qwen3.6:latest
Chart-18-0282,Chart,18,282,ROR,relational,org.jfree.data.DefaultKeyedValues,385,0,0.85,0.85,4061,qwen3.6:latest
Chart-18-0283,Chart,18,283,ROR,relational,org.jfree.data.DefaultKeyedValues,385,0,0.75,0.75,4163,qwen3.6:latest
Chart-18-0284,Chart,18,284,STD,statement_deletion,org.jfree.data.DefaultKeyedValues,386,0,0.15,0.15,4116,qwen3.6:latest
Chart-18-0285,Chart,18,285,STD,statement_deletion,org.jfree.data.DefaultKeyedValues,392,0,0.15,0.15,4088,qwen3.6:latest
Chart-18-0286,Chart,18,286,STD,statement_deletion,org.jfree.data.DefaultKeyedValues,394,0,0.15,0.15,4082,qwen3.6:latest
Chart-18-0287,Chart,18,287,LVR,arithmetic,org.jfree.data.DefaultKeyedValues,395,0,0.85,0.85,4068,qwen3.6:latest
Chart-18-0288,Chart,18,288,LVR,arithmetic,org.jfree.data.DefaultKeyedValues,395,0,0.85,0.85,4007,qwen3.6:latest
Chart-18-0289,Chart,18,289,ROR,relational,org.jfree.data.DefaultKeyedValues,395,0,0.85,0.85,4009,qwen3.6:latest
Chart-18-0290,Chart,18,290,ROR,relational,org.jfree.data.DefaultKeyedValues,395,0,0.75,0.75,4011,qwen3.6:latest
Chart-18-0291,Chart,18,291,STD,statement_deletion,org.jfree.data.DefaultKeyedValues,397,0,0.15,0.15,3979,qwen3.6:latest
Chart-18-0292,Chart,18,292,LVR,arithmetic,org.jfree.data.DefaultKeyedValues,410,1,0.95,0.95,4075,qwen3.6:latest
Chart-18-0293,Chart,18,293,LVR,arithmetic,org.jfree.data.DefaultKeyedValues,414,0,0.85,0.85,4088,qwen3.6:latest
Chart-18-0294,Chart,18,294,ROR,relational,org.jfree.data.DefaultKeyedValues,419,1,0.85,0.85,4040,qwen3.6:latest
Chart-18-0295,Chart,18,295,ROR,relational,org.jfree.data.DefaultKeyedValues,419,0,0.85,0.85,4058,qwen3.6:latest
Chart-18-0296,Chart,18,296,ROR,relational,org.jfree.data.DefaultKeyedValues,419,0,0.85,0.85,4077,qwen3.6:latest
Chart-18-0297,Chart,18,297,LVR,arithmetic,org.jfree.data.DefaultKeyedValues,420,0,0.85,0.85,4073,qwen3.6:latest
Chart-18-0298,Chart,18,298,LVR,arithmetic,org.jfree.data.DefaultKeyedValues,423,0,0.85,0.85,4044,qwen3.6:latest
Chart-18-0299,Chart,18,299,LVR,arithmetic,org.jfree.data.DefaultKeyedValues,423,0,0.85,0.85,4187,qwen3.6:latest
Chart-18-0300,Chart,18,300,ROR,relational,org.jfree.data.DefaultKeyedValues,423,1,0.85,0.85,4106,qwen3.6:latest
Chart-18-0301,Chart,18,301,ROR,relational,org.jfree.data.DefaultKeyedValues,423,0,0.85,0.85,4075,qwen3.6:latest
Chart-18-0302,Chart,18,302,ROR,relational,org.jfree.data.DefaultKeyedValues,423,1,0.85,0.85,4000,qwen3.6:latest
Chart-18-0303,Chart,18,303,COR,logical,org.jfree.data.DefaultKeyedValues,426,1,0.85,0.85,3994,qwen3.6:latest
Chart-18-0304,Chart,18,304,COR,logical,org.jfree.data.DefaultKeyedValues,426,0,0.85,0.85,4142,qwen3.6:latest
Chart-18-0305,Chart,18,305,LVR,arithmetic,org.jfree.data.DefaultKeyedValues,427,0,0.85,0.85,4074,qwen3.6:latest
Chart-18-0306,Chart,18,306,ROR,relational,org.jfree.data.DefaultKeyedValues,431,0,0.85,0.85,4006,qwen3.6:latest
Chart-18-0307,Chart,18,307,ROR,relational,org.jfree.data.DefaultKeyedValues,432,0,0.85,0.85,4173,qwen3.6:latest
Chart-18-0308,Chart,18,308,LVR,arithmetic,org.jfree.data.DefaultKeyedValues,433,0,0.85,0.85,4102,qwen3.6:latest
Chart-18-0309,Chart,18,309,COR,logical,org.jfree.data.DefaultKeyedValues,437,0,0.85,0.85,4024,qwen3.6:latest
Chart-18-0310,Chart,18,310,COR,logical,org.jfree.data.DefaultKeyedValues,437,0,0.85,0.85,4002,qwen3.6:latest
Chart-18-0311,Chart,18,311,LVR,arithmetic,org.jfree.data.DefaultKeyedValues,438,0,0.85,0.85,3981,qwen3.6:latest
Chart-18-0312,Chart,18,312,LVR,arithmetic,org.jfree.data.DefaultKeyedValues,442,0,0.85,0.85,4002,qwen3.6:latest
Chart-18-0313,Chart,18,313,ROR,relational,org.jfree.data.DefaultKeyedValues,451,0,0.15,0.15,4027,qwen3.6:latest
Chart-18-0314,Chart,18,314,LVR,arithmetic,org.jfree.data.DefaultKeyedValues,451,0,0.75,0.75,4021,qwen3.6:latest
Chart-18-0315,Chart,18,315,LVR,arithmetic,org.jfree.data.DefaultKeyedValues,451,1,0.75,0.75,3984,qwen3.6:latest
Chart-18-0316,Chart,18,316,STD,statement_deletion,org.jfree.data.DefaultKeyedValues,464,0,0.15,0.15,4049,qwen3.6:latest
Chart-18-0317,Chart,18,317,STD,statement_deletion,org.jfree.data.DefaultKeyedValues,465,0,0.15,0.15,3996,qwen3.6:latest
Chart-18-0318,Chart,18,318,STD,statement_deletion,org.jfree.data.DefaultKeyedValues,466,0,0.15,0.15,3977,qwen3.6:latest
Chart-2-0001,Chart,2,1,ROR,relational,org.jfree.data.general.DatasetUtilities,181,1,0.95,0.95,4031,qwen3.6:latest
Chart-2-0002,Chart,2,2,LVR,arithmetic,org.jfree.data.general.DatasetUtilities,185,1,0.85,0.85,4108,qwen3.6:latest
Chart-2-0003,Chart,2,3,LVR,arithmetic,org.jfree.data.general.DatasetUtilities,185,0,0.85,0.85,4078,qwen3.6:latest
Chart-2-0004,Chart,2,4,ROR,relational,org.jfree.data.general.DatasetUtilities,189,1,0.85,0.85,4124,qwen3.6:latest
Chart-2-0005,Chart,2,5,LVR,arithmetic,org.jfree.data.general.DatasetUtilities,191,1,0.85,0.85,4084,qwen3.6:latest
Chart-2-0006,Chart,2,6,LVR,arithmetic,org.jfree.data.general.DatasetUtilities,191,1,0.85,0.85,4172,qwen3.6:latest
Chart-2-0007,Chart,2,7,ROR,relational,org.jfree.data.general.DatasetUtilities,192,1,0.75,0.75,4017,qwen3.6:latest
Chart-2-0008,Chart,2,8,STD,statement_deletion,org.jfree.data.general.DatasetUtilities,193,1,0.15,0.15,3956,qwen3.6:latest
Chart-2-0009,Chart,2,9,LVR,arithmetic,org.jfree.data.general.DatasetUtilities,195,1,0.85,0.85,3982,qwen3.6:latest
Chart-2-0010,Chart,2,10,LVR,arithmetic,org.jfree.data.general.DatasetUtilities,195,1,0.85,0.85,4149,qwen3.6:latest
Chart-2-0011,Chart,2,11,ROR,relational,org.jfree.data.general.DatasetUtilities,195,1,0.85,0.85,4078,qwen3.6:latest
Chart-2-0012,Chart,2,12,ROR,relational,org.jfree.data.general.DatasetUtilities,195,0,0.85,0.85,3986,qwen3.6:latest
Chart-2-0013,Chart,2,13,ROR,relational,org.jfree.data.general.DatasetUtilities,195,1,0.85,0.85,3990,qwen3.6:latest
Chart-2-0014,Chart,2,14,AOR,arithmetic,org.jfree.data.general.DatasetUtilities,196,0,0.85,0.85,4045,qwen3.6:latest
Chart-2-0015,Chart,2,15,AOR,arithmetic,org.jfree.data.general.DatasetUtilities,196,0,0.85,0.85,4053,qwen3.6:latest
Chart-2-0016,Chart,2,16,AOR,arithmetic,org.jfree.data.general.DatasetUtilities,196,1,0.85,0.85,4034,qwen3.6:latest
Chart-2-0017,Chart,2,17,AOR,arithmetic,org.jfree.data.general.DatasetUtilities,196,0,0.85,0.85,4043,qwen3.6:latest
Chart-2-0018,Chart,2,18,STD,statement_deletion,org.jfree.data.general.DatasetUtilities,196,1,0.15,0.15,3987,qwen3.6:latest
Chart-2-0019,Chart,2,19,LVR,arithmetic,org.jfree.data.general.DatasetUtilities,231,1,0.85,0.85,4053,qwen3.6:latest
Chart-2-0020,Chart,2,20,LVR,arithmetic,org.jfree.data.general.DatasetUtilities,231,1,0.85,0.85,4026,qwen3.6:latest
Chart-2-0021,Chart,2,21,ROR,relational,org.jfree.data.general.DatasetUtilities,231,1,0.85,0.85,4086,qwen3.6:latest
Chart-2-0022,Chart,2,22,ROR,relational,org.jfree.data.general.DatasetUtilities,231,1,0.85,0.85,4124,qwen3.6:latest
Chart-2-0023,Chart,2,23,ROR,relational,org.jfree.data.general.DatasetUtilities,231,1,0.85,0.85,4136,qwen3.6:latest
Chart-2-0024,Chart,2,24,STD,statement_deletion,org.jfree.data.general.DatasetUtilities,233,1,0.15,0.15,4014,qwen3.6:latest
Chart-2-0025,Chart,2,25,LVR,arithmetic,org.jfree.data.general.DatasetUtilities,266,1,0.85,0.85,3990,qwen3.6:latest
Chart-2-0026,Chart,2,26,LVR,arithmetic,org.jfree.data.general.DatasetUtilities,266,1,0.85,0.85,4015,qwen3.6:latest
Chart-2-0027,Chart,2,27,ROR,relational,org.jfree.data.general.DatasetUtilities,266,1,0.85,0.85,3984,qwen3.6:latest
Chart-2-0028,Chart,2,28,ROR,relational,org.jfree.data.general.DatasetUtilities,266,1,0.85,0.85,3997,qwen3.6:latest
Chart-2-0029,Chart,2,29,ROR,relational,org.jfree.data.general.DatasetUtilities,266,0,0.85,0.85,4150,qwen3.6:latest
Chart-2-0030,Chart,2,30,STD,statement_deletion,org.jfree.data.general.DatasetUtilities,268,1,0.15,0.15,4047,qwen3.6:latest
Chart-2-0031,Chart,2,31,LVR,arithmetic,org.jfree.data.general.DatasetUtilities,289,1,0.85,0.85,4012,qwen3.6:latest
Chart-2-0032,Chart,2,32,LVR,arithmetic,org.jfree.data.general.DatasetUtilities,289,1,0.15,0.15,3998,qwen3.6:latest
Chart-2-0033,Chart,2,33,ROR,relational,org.jfree.data.general.DatasetUtilities,320,0,0.85,0.85,4002,qwen3.6:latest
Chart-2-0034,Chart,2,34,AOR,arithmetic,org.jfree.data.general.DatasetUtilities,322,1,0.75,0.75,4141,qwen3.6:latest
Chart-2-0035,Chart,2,35,AOR,arithmetic,org.jfree.data.general.DatasetUtilities,322,1,0.85,0.85,4075,qwen3.6:latest
Chart-2-0036,Chart,2,36,AOR,arithmetic,org.jfree.data.general.DatasetUtilities,322,0,0.85,0.85,4092,qwen3.6:latest
Chart-2-0037,Chart,2,37,AOR,arithmetic,org.jfree.data.general.DatasetUtilities,322,0,0.85,0.85,4084,qwen3.6:latest
Chart-2-0038,Chart,2,38,ROR,relational,org.jfree.data.general.DatasetUtilities,322,0,0.75,0.75,4010,qwen3.6:latest
Chart-2-0039,Chart,2,39,ROR,relational,org.jfree.data.general.DatasetUtilities,322,0,0.75,0.75,4182,qwen3.6:latest
Chart-2-0040,Chart,2,40,ROR,relational,org.jfree.data.general.DatasetUtilities,322,0,0.85,0.85,3988,qwen3.6:latest
Chart-2-0041,Chart,2,41,STD,statement_deletion,org.jfree.data.general.DatasetUtilities,323,0,0.15,0.15,3984,qwen3.6:latest
Chart-2-0042,Chart,2,42,STD,statement_deletion,org.jfree.data.general.DatasetUtilities,329,0,0.15,0.15,3986,qwen3.6:latest
Chart-2-0043,Chart,2,43,LVR,arithmetic,org.jfree.data.general.DatasetUtilities,330,1,0.15,0.15,4012,qwen3.6:latest
Chart-2-0044,Chart,2,44,LVR,arithmetic,org.jfree.data.general.DatasetUtilities,330,1,0.15,0.15,3994,qwen3.6:latest
Chart-2-0045,Chart,2,45,ROR,relational,org.jfree.data.general.DatasetUtilities,334,0,0.85,0.85,4055,qwen3.6:latest
Chart-2-0046,Chart,2,46,ROR,relational,org.jfree.data.general.DatasetUtilities,336,1,0.85,0.85,4103,qwen3.6:latest
Chart-2-0047,Chart,2,47,ROR,relational,org.jfree.data.general.DatasetUtilities,336,1,0.85,0.85,4055,qwen3.6:latest
Chart-2-0048,Chart,2,48,ROR,relational,org.jfree.data.general.DatasetUtilities,336,0,0.85,0.85,4134,qwen3.6:latest
Chart-2-0049,Chart,2,49,COR,logical,org.jfree.data.general.DatasetUtilities,335,1,0.75,0.75,4073,qwen3.6:latest
Chart-2-0050,Chart,2,50,COR,logical,org.jfree.data.general.DatasetUtilities,336,0,0.15,0.15,4040,qwen3.6:latest
Chart-2-0051,Chart,2,51,COR,logical,org.jfree.data.general.DatasetUtilities,335,0,0.75,0.75,4101,qwen3.6:latest
Chart-2-0052,Chart,2,52,COR,logical,org.jfree.data.general.DatasetUtilities,336,1,0.15,0.15,4045,qwen3.6:latest
Chart-2-0053,Chart,2,53,STD,statement_deletion,org.jfree.data.general.DatasetUtilities,338,0,0.15,0.15,4002,qwen3.6:latest
Chart-2-0054,Chart,2,54,STD,statement_deletion,org.jfree.data.general.DatasetUtilities,342,1,0.15,0.15,4090,qwen3.6:latest
Chart-2-0055,Chart,2,55,ROR,relational,org.jfree.data.general.DatasetUtilities,347,1,0.75,0.75,4044,qwen3.6:latest
Chart-2-0056,Chart,2,56,ROR,relational,org.jfree.data.general.DatasetUtilities,347,0,0.85,0.85,3984,qwen3.6:latest
Chart-2-0057,Chart,2,57,ROR,relational,org.jfree.data.general.DatasetUtilities,347,1,0.85,0.85,3993,qwen3.6:latest
Chart-2-0058,Chart,2,58,STD,statement_deletion,org.jfree.data.general.DatasetUtilities,348,0,0.1,0.1,3982,qwen3.6:latest
Chart-2-0059,Chart,2,59,LVR,arithmetic,org.jfree.data.general.DatasetUtilities,371,0,0.85,0.85,4131,qwen3.6:latest
Chart-2-0060,Chart,2,60,LVR,arithmetic,org.jfree.data.general.DatasetUtilities,371,1,0.85,0.85,4135,qwen3.6:latest
Chart-2-0061,Chart,2,61,ROR,relational,org.jfree.data.general.DatasetUtilities,371,0,0.85,0.85,4085,qwen3.6:latest
Chart-2-0062,Chart,2,62,ROR,relational,org.jfree.data.general.DatasetUtilities,371,0,0.85,0.85,4098,qwen3.6:latest
Chart-2-0063,Chart,2,63,LVR,arithmetic,org.jfree.data.general.DatasetUtilities,372,0,0.85,0.85,4067,qwen3.6:latest
Chart-2-0064,Chart,2,64,LVR,arithmetic,org.jfree.data.general.DatasetUtilities,372,0,0.85,0.85,4148,qwen3.6:latest
Chart-2-0065,Chart,2,65,AOR,arithmetic,org.jfree.data.general.DatasetUtilities,372,0,0.85,0.85,4184,qwen3.6:latest
Chart-2-0066,Chart,2,66,AOR,arithmetic,org.jfree.data.general.DatasetUtilities,372,0,0.85,0.85,4073,qwen3.6:latest
Chart-2-0067,Chart,2,67,AOR,arithmetic,org.jfree.data.general.DatasetUtilities,372,0,0.85,0.85,4126,qwen3.6:latest
Chart-2-0068,Chart,2,68,AOR,arithmetic,org.jfree.data.general.DatasetUtilities,372,0,0.85,0.85,4085,qwen3.6:latest
Chart-2-0069,Chart,2,69,LVR,arithmetic,org.jfree.data.general.DatasetUtilities,373,1,0.85,0.85,4109,qwen3.6:latest
Chart-2-0070,Chart,2,70,LVR,arithmetic,org.jfree.data.general.DatasetUtilities,373,1,0.85,0.85,4067,qwen3.6:latest
Chart-2-0071,Chart,2,71,ROR,relational,org.jfree.data.general.DatasetUtilities,373,1,0.85,0.85,4236,qwen3.6:latest
Chart-2-0072,Chart,2,72,ROR,relational,org.jfree.data.general.DatasetUtilities,373,1,0.85,0.85,4130,qwen3.6:latest
Chart-2-0073,Chart,2,73,ROR,relational,org.jfree.data.general.DatasetUtilities,373,1,0.85,0.85,4030,qwen3.6:latest
Chart-2-0074,Chart,2,74,LVR,arithmetic,org.jfree.data.general.DatasetUtilities,374,1,0.85,0.85,4112,qwen3.6:latest
Chart-2-0075,Chart,2,75,LVR,arithmetic,org.jfree.data.general.DatasetUtilities,374,1,0.85,0.85,4069,qwen3.6:latest
Chart-2-0076,Chart,2,76,AOR,arithmetic,org.jfree.data.general.DatasetUtilities,374,0,0.85,0.85,4033,qwen3.6:latest
Chart-2-0077,Chart,2,77,AOR,arithmetic,org.jfree.data.general.DatasetUtilities,374,1,0.85,0.85,4153,qwen3.6:latest
Chart-2-0078,Chart,2,78,AOR,arithmetic,org.jfree.data.general.DatasetUtilities,374,1,0.85,0.85,4010,qwen3.6:latest
Chart-2-0079,Chart,2,79,AOR,arithmetic,org.jfree.data.general.DatasetUtilities,374,0,0.85,0.85,4167,qwen3.6:latest
Chart-2-0080,Chart,2,80,STD,statement_deletion,org.jfree.data.general.DatasetUtilities,375,0,0.15,0.15,4013,qwen3.6:latest
Chart-2-0081,Chart,2,81,LVR,arithmetic,org.jfree.data.general.DatasetUtilities,399,0,0.85,0.85,4037,qwen3.6:latest
Chart-2-0082,Chart,2,82,LVR,arithmetic,org.jfree.data.general.DatasetUtilities,399,0,0.85,0.85,4127,qwen3.6:latest
Chart-2-0083,Chart,2,83,ROR,relational,org.jfree.data.general.DatasetUtilities,399,0,0.95,0.95,4074,qwen3.6:latest
Chart-2-0084,Chart,2,84,ROR,relational,org.jfree.data.general.DatasetUtilities,399,0,0.85,0.85,4163,qwen3.6:latest
Chart-2-0085,Chart,2,85,LVR,arithmetic,org.jfree.data.general.DatasetUtilities,400,0,0.85,0.85,4121,qwen3.6:latest
Chart-2-0086,Chart,2,86,LVR,arithmetic,org.jfree.data.general.DatasetUtilities,400,1,0.85,0.85,4079,qwen3.6:latest
Chart-2-0087,Chart,2,87,AOR,arithmetic,org.jfree.data.general.DatasetUtilities,400,1,0.85,0.85,4126,qwen3.6:latest
Chart-2-0088,Chart,2,88,AOR,arithmetic,org.jfree.data.general.DatasetUtilities,400,0,0.85,0.85,4134,qwen3.6:latest
Chart-2-0089,Chart,2,89,AOR,arithmetic,org.jfree.data.general.DatasetUtilities,400,1,0.85,0.85,4113,qwen3.6:latest
Chart-2-0090,Chart,2,90,AOR,arithmetic,org.jfree.data.general.DatasetUtilities,400,1,0.85,0.85,4043,qwen3.6:latest
Chart-2-0091,Chart,2,91,LVR,arithmetic,org.jfree.data.general.DatasetUtilities,401,0,0.85,0.85,4148,qwen3.6:latest
Chart-2-0092,Chart,2,92,LVR,arithmetic,org.jfree.data.general.DatasetUtilities,401,1,0.85,0.85,4025,qwen3.6:latest
Chart-2-0093,Chart,2,93,ROR,relational,org.jfree.data.general.DatasetUtilities,401,0,0.85,0.85,4151,qwen3.6:latest
Chart-2-0094,Chart,2,94,ROR,relational,org.jfree.data.general.DatasetUtilities,401,0,0.85,0.85,4076,qwen3.6:latest
Chart-2-0095,Chart,2,95,ROR,relational,org.jfree.data.general.DatasetUtilities,401,1,0.85,0.85,4117,qwen3.6:latest
Chart-2-0096,Chart,2,96,LVR,arithmetic,org.jfree.data.general.DatasetUtilities,402,0,0.85,0.85,4044,qwen3.6:latest
Chart-2-0097,Chart,2,97,LVR,arithmetic,org.jfree.data.general.DatasetUtilities,402,1,0.85,0.85,4128,qwen3.6:latest
Chart-2-0098,Chart,2,98,AOR,arithmetic,org.jfree.data.general.DatasetUtilities,402,1,0.85,0.85,4124,qwen3.6:latest
Chart-2-0099,Chart,2,99,AOR,arithmetic,org.jfree.data.general.DatasetUtilities,402,1,0.85,0.85,4104,qwen3.6:latest
Chart-2-0100,Chart,2,100,AOR,arithmetic,org.jfree.data.general.DatasetUtilities,402,1,0.85,0.85,4038,qwen3.6:latest
Chart-2-0101,Chart,2,101,AOR,arithmetic,org.jfree.data.general.DatasetUtilities,402,1,0.85,0.85,4100,qwen3.6:latest
Chart-2-0102,Chart,2,102,STD,statement_deletion,org.jfree.data.general.DatasetUtilities,403,1,0.85,0.85,4073,qwen3.6:latest
Chart-2-0103,Chart,2,103,ROR,relational,org.jfree.data.general.DatasetUtilities,427,1,0.85,0.85,4138,qwen3.6:latest
Chart-2-0104,Chart,2,104,ROR,relational,org.jfree.data.general.DatasetUtilities,430,1,0.85,0.85,4078,qwen3.6:latest
Chart-2-0105,Chart,2,105,COR,logical,org.jfree.data.general.DatasetUtilities,433,1,0.85,0.85,4088,qwen3.6:latest
Chart-2-0106,Chart,2,106,COR,logical,org.jfree.data.general.DatasetUtilities,433,1,0.85,0.85,4076,qwen3.6:latest
Chart-2-0107,Chart,2,107,COR,logical,org.jfree.data.general.DatasetUtilities,436,1,0.85,0.85,4147,qwen3.6:latest
Chart-2-0108,Chart,2,108,COR,logical,org.jfree.data.general.DatasetUtilities,436,1,0.85,0.85,4080,qwen3.6:latest
Chart-2-0109,Chart,2,109,ROR,relational,org.jfree.data.general.DatasetUtilities,440,0,0.85,0.85,4114,qwen3.6:latest
Chart-2-0110,Chart,2,110,ROR,relational,org.jfree.data.general.DatasetUtilities,440,1,0.85,0.85,4052,qwen3.6:latest
Chart-2-0111,Chart,2,111,ROR,relational,org.jfree.data.general.DatasetUtilities,440,1,0.85,0.85,4018,qwen3.6:latest
Chart-2-0112,Chart,2,112,LVR,arithmetic,org.jfree.data.general.DatasetUtilities,445,1,0.85,0.85,4014,qwen3.6:latest
Chart-2-0113,Chart,2,113,LVR,arithmetic,org.jfree.data.general.DatasetUtilities,445,0,0.85,0.85,4100,qwen3.6:latest
Chart-2-0114,Chart,2,114,LVR,arithmetic,org.jfree.data.general.DatasetUtilities,446,1,0.85,0.85,4086,qwen3.6:latest
Chart-2-0115,Chart,2,115,LVR,arithmetic,org.jfree.data.general.DatasetUtilities,446,1,0.85,0.85,4012,qwen3.6:latest
Chart-2-0116,Chart,2,116,ROR,relational,org.jfree.data.general.DatasetUtilities,446,1,0.85,0.85,3998,qwen3.6:latest
Chart-2-0117,Chart,2,117,ROR,relational,org.jfree.data.general.DatasetUtilities,446,1,0.85,0.85,4137,qwen3.6:latest
Chart-2-0118,Chart,2,118,STD,statement_deletion,org.jfree.data.general.DatasetUtilities,447,1,0.15,0.15,4077,qwen3.6:latest
Chart-2-0119,Chart,2,119,ROR,relational,org.jfree.data.general.DatasetUtilities,449,1,0.85,0.85,4116,qwen3.6:latest
Chart-2-0120,Chart,2,120,ROR,relational,org.jfree.data.general.DatasetUtilities,449,1,0.85,0.85,4041,qwen3.6:latest
Chart-2-0121,Chart,2,121,ROR,relational,org.jfree.data.general.DatasetUtilities,449,1,0.85,0.85,3989,qwen3.6:latest
Chart-2-0122,Chart,2,122,LVR,arithmetic,org.jfree.data.general.DatasetUtilities,457,1,0.85,0.85,4157,qwen3.6:latest
Chart-2-0123,Chart,2,123,LVR,arithmetic,org.jfree.data.general.DatasetUtilities,457,1,0.85,0.85,4056,qwen3.6:latest
Chart-2-0124,Chart,2,124,ROR,relational,org.jfree.data.general.DatasetUtilities,457,1,0.85,0.85,4140,qwen3.6:latest
Chart-2-0125,Chart,2,125,ROR,relational,org.jfree.data.general.DatasetUtilities,457,0,0.85,0.85,4194,qwen3.6:latest
Chart-2-0126,Chart,2,126,LVR,arithmetic,org.jfree.data.general.DatasetUtilities,459,0,0.85,0.85,4065,qwen3.6:latest
Chart-2-0127,Chart,2,127,LVR,arithmetic,org.jfree.data.general.DatasetUtilities,459,1,0.85,0.85,4120,qwen3.6:latest
Chart-2-0128,Chart,2,128,ROR,relational,org.jfree.data.general.DatasetUtilities,459,1,0.85,0.85,4058,qwen3.6:latest
Chart-2-0129,Chart,2,129,ROR,relational,org.jfree.data.general.DatasetUtilities,459,1,0.85,0.85,4119,qwen3.6:latest
Chart-2-0130,Chart,2,130,ROR,relational,org.jfree.data.general.DatasetUtilities,459,1,0.85,0.85,4075,qwen3.6:latest
Chart-2-0131,Chart,2,131,STD,statement_deletion,org.jfree.data.general.DatasetUtilities,461,1,0.15,0.15,4015,qwen3.6:latest
Chart-2-0132,Chart,2,132,ROR,relational,org.jfree.data.general.DatasetUtilities,480,1,0.95,0.95,4104,qwen3.6:latest
Chart-2-0133,Chart,2,133,ROR,relational,org.jfree.data.general.DatasetUtilities,483,1,0.95,0.95,4098,qwen3.6:latest
Chart-2-0134,Chart,2,134,LVR,arithmetic,org.jfree.data.general.DatasetUtilities,487,1,0.85,0.85,4111,qwen3.6:latest
Chart-2-0135,Chart,2,135,LVR,arithmetic,org.jfree.data.general.DatasetUtilities,487,1,0.85,0.85,4019,qwen3.6:latest
Chart-2-0136,Chart,2,136,ROR,relational,org.jfree.data.general.DatasetUtilities,487,1,0.85,0.85,4005,qwen3.6:latest
Chart-2-0137,Chart,2,137,ROR,relational,org.jfree.data.general.DatasetUtilities,487,1,0.85,0.85,4034,qwen3.6:latest
Chart-2-0138,Chart,2,138,ROR,relational,org.jfree.data.general.DatasetUtilities,487,1,0.85,0.85,3966,qwen3.6:latest
Chart-2-0139,Chart,2,139,STD,statement_deletion,org.jfree.data.general.DatasetUtilities,488,0,0.15,0.15,3996,qwen3.6:latest
Chart-2-0140,Chart,2,140,ROR,relational,org.jfree.data.general.DatasetUtilities,535,1,0.95,0.95,4061,qwen3.6:latest
Chart-2-0141,Chart,2,141,ROR,relational,org.jfree.data.general.DatasetUtilities,538,0,0.85,0.85,4122,qwen3.6:latest
Chart-2-0142,Chart,2,142,ROR,relational,org.jfree.data.general.DatasetUtilities,541,1,0.85,0.85,4162,qwen3.6:latest
Chart-2-0143,Chart,2,143,ROR,relational,org.jfree.data.general.DatasetUtilities,541,0,0.85,0.85,4137,qwen3.6:latest
Chart-2-0144,Chart,2,144,ROR,relational,org.jfree.data.general.DatasetUtilities,541,1,0.85,0.85,4092,qwen3.6:latest
Chart-2-0145,Chart,2,145,LVR,arithmetic,org.jfree.data.general.DatasetUtilities,544,0,0.85,0.85,4065,qwen3.6:latest
Chart-2-0146,Chart,2,146,LVR,arithmetic,org.jfree.data.general.DatasetUtilities,544,1,0.85,0.85,4181,qwen3.6:latest
Chart-2-0147,Chart,2,147,ROR,relational,org.jfree.data.general.DatasetUtilities,544,1,0.85,0.85,4034,qwen3.6:latest
Chart-2-0148,Chart,2,148,ROR,relational,org.jfree.data.general.DatasetUtilities,544,1,0.85,0.85,4159,qwen3.6:latest
Chart-2-0149,Chart,2,149,ROR,relational,org.jfree.data.general.DatasetUtilities,544,1,0.85,0.85,4027,qwen3.6:latest
Chart-2-0150,Chart,2,150,AOR,arithmetic,org.jfree.data.general.DatasetUtilities,549,1,0.85,0.85,4168,qwen3.6:latest
Chart-2-0151,Chart,2,151,AOR,arithmetic,org.jfree.data.general.DatasetUtilities,549,1,0.85,0.85,4016,qwen3.6:latest
Chart-2-0152,Chart,2,152,AOR,arithmetic,org.jfree.data.general.DatasetUtilities,549,1,0.85,0.85,4116,qwen3.6:latest
Chart-2-0153,Chart,2,153,AOR,arithmetic,org.jfree.data.general.DatasetUtilities,549,1,0.85,0.85,4063,qwen3.6:latest
Chart-2-0154,Chart,2,154,LVR,arithmetic,org.jfree.data.general.DatasetUtilities,549,1,0.85,0.85,4014,qwen3.6:latest
Chart-2-0155,Chart,2,155,LVR,arithmetic,org.jfree.data.general.DatasetUtilities,549,1,0.15,0.15,4099,qwen3.6:latest
Chart-2-0156,Chart,2,156,AOR,arithmetic,org.jfree.data.general.DatasetUtilities,549,1,0.85,0.85,4078,qwen3.6:latest
Chart-2-0157,Chart,2,157,AOR,arithmetic,org.jfree.data.general.DatasetUtilities,549,1,0.85,0.85,4130,qwen3.6:latest
Chart-2-0158,Chart,2,158,AOR,arithmetic,org.jfree.data.general.DatasetUtilities,549,1,0.85,0.85,4100,qwen3.6:latest
Chart-2-0159,Chart,2,159,AOR,arithmetic,org.jfree.data.general.DatasetUtilities,549,1,0.85,0.85,4103,qwen3.6:latest
Chart-2-0160,Chart,2,160,AOR,arithmetic,org.jfree.data.general.DatasetUtilities,549,1,0.85,0.85,4062,qwen3.6:latest
Chart-2-0161,Chart,2,161,AOR,arithmetic,org.jfree.data.general.DatasetUtilities,549,1,0.85,0.85,4020,qwen3.6:latest
Chart-2-0162,Chart,2,162,AOR,arithmetic,org.jfree.data.general.DatasetUtilities,549,1,0.85,0.85,4105,qwen3.6:latest
Chart-2-0163,Chart,2,163,AOR,arithmetic,org.jfree.data.general.DatasetUtilities,549,1,0.85,0.85,4070,qwen3.6:latest
Chart-2-0164,Chart,2,164,LVR,arithmetic,org.jfree.data.general.DatasetUtilities,550,1,0.85,0.85,4008,qwen3.6:latest
Chart-2-0165,Chart,2,165,LVR,arithmetic,org.jfree.data.general.DatasetUtilities,550,1,0.85,0.85,4007,qwen3.6:latest
Chart-2-0166,Chart,2,166,ROR,relational,org.jfree.data.general.DatasetUtilities,550,1,0.85,0.85,4008,qwen3.6:latest
Chart-2-0167,Chart,2,167,ROR,relational,org.jfree.data.general.DatasetUtilities,550,1,0.85,0.85,4180,qwen3.6:latest
Chart-2-0168,Chart,2,168,ROR,relational,org.jfree.data.general.DatasetUtilities,550,1,0.85,0.85,3997,qwen3.6:latest
Chart-2-0169,Chart,2,169,AOR,arithmetic,org.jfree.data.general.DatasetUtilities,551,1,0.85,0.85,3995,qwen3.6:latest
Chart-2-0170,Chart,2,170,AOR,arithmetic,org.jfree.data.general.DatasetUtilities,551,1,0.85,0.85,3999,qwen3.6:latest
Chart-2-0171,Chart,2,171,AOR,arithmetic,org.jfree.data.general.DatasetUtilities,551,1,0.85,0.85,4099,qwen3.6:latest
Chart-2-0172,Chart,2,172,AOR,arithmetic,org.jfree.data.general.DatasetUtilities,551,1,0.85,0.85,4080,qwen3.6:latest
Chart-2-0173,Chart,2,173,AOR,arithmetic,org.jfree.data.general.DatasetUtilities,551,1,0.85,0.85,4054,qwen3.6:latest
Chart-2-0174,Chart,2,174,AOR,arithmetic,org.jfree.data.general.DatasetUtilities,551,1,0.85,0.85,4095,qwen3.6:latest
Chart-2-0175,Chart,2,175,AOR,arithmetic,org.jfree.data.general.DatasetUtilities,551,1,0.85,0.85,4082,qwen3.6:latest
Chart-2-0176,Chart,2,176,AOR,arithmetic,org.jfree.data.general.DatasetUtilities,551,1,0.85,0.85,4087,qwen3.6:latest
Chart-2-0177,Chart,2,177,STD,statement_deletion,org.jfree.data.general.DatasetUtilities,552,1,0.15,0.15,4072,qwen3.6:latest
Chart-2-0178,Chart,2,178,ROR,relational,org.jfree.data.general.DatasetUtilities,567,1,0.85,0.85,3971,qwen3.6:latest
Chart-2-0179,Chart,2,179,LVR,arithmetic,org.jfree.data.general.DatasetUtilities,568,1,0.85,0.85,3987,qwen3.6:latest
Chart-2-0180,Chart,2,180,LVR,arithmetic,org.jfree.data.general.DatasetUtilities,572,1,0.85,0.85,4014,qwen3.6:latest
Chart-2-0181,Chart,2,181,LVR,arithmetic,org.jfree.data.general.DatasetUtilities,572,1,0.85,0.85,4002,qwen3.6:latest
Chart-2-0182,Chart,2,182,ROR,relational,org.jfree.data.general.DatasetUtilities,572,1,0.85,0.85,3986,qwen3.6:latest
Chart-2-0183,Chart,2,183,ROR,relational,org.jfree.data.general.DatasetUtilities,572,1,0.85,0.85,4032,qwen3.6:latest
Chart-2-0184,Chart,2,184,ROR,relational,org.jfree.data.general.DatasetUtilities,572,1,0.85,0.85,3968,qwen3.6:latest
Chart-2-0185,Chart,2,185,LVR,arithmetic,org.jfree.data.general.DatasetUtilities,573,1,0.85,0.85,3996,qwen3.6:latest
Chart-2-0186,Chart,2,186,LVR,arithmetic,org.jfree.data.general.DatasetUtilities,576,1,0.85,0.85,4007,qwen3.6:latest
Chart-2-0187,Chart,2,187,LVR,arithmetic,org.jfree.data.general.DatasetUtilities,576,1,0.85,0.85,3987,qwen3.6:latest
Chart-2-0188,Chart,2,188,ROR,relational,org.jfree.data.general.DatasetUtilities,576,1,0.85,0.85,4015,qwen3.6:latest
Chart-2-0189,Chart,2,189,ROR,relational,org.jfree.data.general.DatasetUtilities,576,1,0.85,0.85,4008,qwen3.6:latest
Chart-2-0190,Chart,2,190,ROR,relational,org.jfree.data.general.DatasetUtilities,576,1,0.85,0.85,4011,qwen3.6:latest
Chart-2-0191,Chart,2,191,ROR,relational,org.jfree.data.general.DatasetUtilities,578,1,0.85,0.85,4114,qwen3.6:latest
Chart-2-0192,Chart,2,192,LVR,arithmetic,org.jfree.data.general.DatasetUtilities,580,1,0.15,0.15,4034,qwen3.6:latest
Chart-2-0193,Chart,2,193,LVR,arithmetic,org.jfree.data.general.DatasetUtilities,580,0,0.85,0.85,3996,qwen3.6:latest
Chart-2-0194,Chart,2,194,ROR,relational,org.jfree.data.general.DatasetUtilities,580,0,0.85,0.85,3992,qwen3.6:latest
Chart-2-0195,Chart,2,195,ROR,relational,org.jfree.data.general.DatasetUtilities,580,1,0.85,0.85,4002,qwen3.6:latest
Chart-2-0196,Chart,2,196,ROR,relational,org.jfree.data.general.DatasetUtilities,580,1,0.85,0.85,3990,qwen3.6:latest
Chart-2-0197,Chart,2,197,LVR,arithmetic,org.jfree.data.general.DatasetUtilities,581,1,0.85,0.85,3994,qwen3.6:latest
Chart-2-0198,Chart,2,198,LVR,arithmetic,org.jfree.data.general.DatasetUtilities,586,1,0.85,0.85,3997,qwen3.6:latest
Chart-2-0199,Chart,2,199,ROR,relational,org.jfree.data.general.DatasetUtilities,600,1,0.85,0.85,4168,qwen3.6:latest
Chart-2-0200,Chart,2,200,LVR,arithmetic,org.jfree.data.general.DatasetUtilities,601,1,0.85,0.85,4048,qwen3.6:latest
Chart-2-0201,Chart,2,201,LVR,arithmetic,org.jfree.data.general.DatasetUtilities,606,0,0.85,0.85,4050,qwen3.6:latest
Chart-2-0202,Chart,2,202,LVR,arithmetic,org.jfree.data.general.DatasetUtilities,606,1,0.85,0.85,4012,qwen3.6:latest
Chart-2-0203,Chart,2,203,ROR,relational,org.jfree.data.general.DatasetUtilities,606,1,0.85,0.85,4104,qwen3.6:latest
Chart-2-0204,Chart,2,204,ROR,relational,org.jfree.data.general.DatasetUtilities,606,1,0.85,0.85,4070,qwen3.6:latest
Chart-2-0205,Chart,2,205,ROR,relational,org.jfree.data.general.DatasetUtilities,606,1,0.85,0.85,4016,qwen3.6:latest
Chart-2-0206,Chart,2,206,LVR,arithmetic,org.jfree.data.general.DatasetUtilities,606,1,0.85,0.85,4010,qwen3.6:latest
Chart-2-0207,Chart,2,207,LVR,arithmetic,org.jfree.data.general.DatasetUtilities,606,1,0.85,0.85,4079,qwen3.6:latest
Chart-2-0208,Chart,2,208,ROR,relational,org.jfree.data.general.DatasetUtilities,606,1,0.85,0.85,4133,qwen3.6:latest
Chart-2-0209,Chart,2,209,ROR,relational,org.jfree.data.general.DatasetUtilities,606,1,0.85,0.85,4088,qwen3.6:latest
Chart-2-0210,Chart,2,210,ROR,relational,org.jfree.data.general.DatasetUtilities,606,1,0.85,0.85,4062,qwen3.6:latest
Chart-2-0211,Chart,2,211,COR,logical,org.jfree.data.general.DatasetUtilities,606,1,0.85,0.85,4079,qwen3.6:latest
Chart-2-0212,Chart,2,212,COR,logical,org.jfree.data.general.DatasetUtilities,606,1,0.85,0.85,4104,qwen3.6:latest
Chart-2-0213,Chart,2,213,COR,logical,org.jfree.data.general.DatasetUtilities,606,1,0.85,0.85,4023,qwen3.6:latest
Chart-2-0214,Chart,2,214,COR,logical,org.jfree.data.general.DatasetUtilities,606,1,0.85,0.85,3990,qwen3.6:latest
Chart-2-0215,Chart,2,215,LVR,arithmetic,org.jfree.data.general.DatasetUtilities,607,1,0.85,0.85,3986,qwen3.6:latest
Chart-2-0216,Chart,2,216,LVR,arithmetic,org.jfree.data.general.DatasetUtilities,610,1,0.85,0.85,4028,qwen3.6:latest
Chart-2-0217,Chart,2,217,LVR,arithmetic,org.jfree.data.general.DatasetUtilities,610,1,0.85,0.85,4056,qwen3.6:latest
Chart-2-0218,Chart,2,218,ROR,relational,org.jfree.data.general.DatasetUtilities,610,1,0.85,0.85,4100,qwen3.6:latest
Chart-2-0219,Chart,2,219,ROR,relational,org.jfree.data.general.DatasetUtilities,610,1,0.85,0.85,4020,qwen3.6:latest
Chart-2-0220,Chart,2,220,ROR,relational,org.jfree.data.general.DatasetUtilities,610,1,0.85,0.85,3997,qwen3.6:latest
Chart-2-0221,Chart,2,221,LVR,arithmetic,org.jfree.data.general.DatasetUtilities,611,1,0.85,0.85,4002,qwen3.6:latest
Chart-2-0222,Chart,2,222,LVR,arithmetic,org.jfree.data.general.DatasetUtilities,611,1,0.85,0.85,4085,qwen3.6:latest
Chart-2-0223,Chart,2,223,ROR,relational,org.jfree.data.general.DatasetUtilities,611,1,0.85,0.85,4062,qwen3.6:latest
Chart-2-0224,Chart,2,224,ROR,relational,org.jfree.data.general.DatasetUtilities,611,1,0.85,0.85,4048,qwen3.6:latest
Chart-2-0225,Chart,2,225,ROR,relational,org.jfree.data.general.DatasetUtilities,611,1,0.85,0.85,3970,qwen3.6:latest
Chart-2-0226,Chart,2,226,ROR,relational,org.jfree.data.general.DatasetUtilities,612,1,0.85,0.85,3995,qwen3.6:latest
Chart-2-0227,Chart,2,227,LVR,arithmetic,org.jfree.data.general.DatasetUtilities,613,1,0.85,0.85,3978,qwen3.6:latest
Chart-2-0228,Chart,2,228,LVR,arithmetic,org.jfree.data.general.DatasetUtilities,619,1,0.85,0.85,3968,qwen3.6:latest
Chart-2-0229,Chart,2,229,ROR,relational,org.jfree.data.general.DatasetUtilities,632,1,0.85,0.85,4081,qwen3.6:latest
Chart-2-0230,Chart,2,230,LVR,arithmetic,org.jfree.data.general.DatasetUtilities,633,1,0.85,0.85,4004,qwen3.6:latest
Chart-2-0231,Chart,2,231,LVR,arithmetic,org.jfree.data.general.DatasetUtilities,633,1,0.85,0.85,4110,qwen3.6:latest
Chart-2-0232,Chart,2,232,ROR,relational,org.jfree.data.general.DatasetUtilities,633,1,0.85,0.85,4077,qwen3.6:latest
Chart-2-0233,Chart,2,233,ROR,relational,org.jfree.data.general.DatasetUtilities,633,1,0.85,0.85,4001,qwen3.6:latest
Chart-2-0234,Chart,2,234,ROR,relational,org.jfree.data.general.DatasetUtilities,633,1,0.85,0.85,4002,qwen3.6:latest
Chart-2-0235,Chart,2,235,LVR,arithmetic,org.jfree.data.general.DatasetUtilities,634,1,0.85,0.85,3950,qwen3.6:latest
Chart-2-0236,Chart,2,236,LVR,arithmetic,org.jfree.data.general.DatasetUtilities,634,1,0.85,0.85,4001,qwen3.6:latest
Chart-2-0237,Chart,2,237,ROR,relational,org.jfree.data.general.DatasetUtilities,634,1,0.85,0.85,4023,qwen3.6:latest
Chart-2-0238,Chart,2,238,ROR,relational,org.jfree.data.general.DatasetUtilities,634,1,0.85,0.85,4136,qwen3.6:latest
Chart-2-0239,Chart,2,239,ROR,relational,org.jfree.data.general.DatasetUtilities,634,1,0.85,0.85,4024,qwen3.6:latest
Chart-2-0240,Chart,2,240,LVR,arithmetic,org.jfree.data.general.DatasetUtilities,635,1,0.85,0.85,4060,qwen3.6:latest
Chart-2-0241,Chart,2,241,LVR,arithmetic,org.jfree.data.general.DatasetUtilities,639,1,0.85,0.85,3952,qwen3.6:latest
Chart-2-0242,Chart,2,242,LVR,arithmetic,org.jfree.data.general.DatasetUtilities,650,1,0.85,0.85,4023,qwen3.6:latest
Chart-2-0243,Chart,2,243,ROR,relational,org.jfree.data.general.DatasetUtilities,666,1,0.85,0.85,4164,qwen3.6:latest
Chart-2-0244,Chart,2,244,STD,statement_deletion,org.jfree.data.general.DatasetUtilities,674,1,0.15,0.15,3993,qwen3.6:latest
Chart-2-0245,Chart,2,245,STD,statement_deletion,org.jfree.data.general.DatasetUtilities,677,1,0.15,0.15,4040,qwen3.6:latest
Chart-2-0246,Chart,2,246,ROR,relational,org.jfree.data.general.DatasetUtilities,700,1,0.85,0.85,4125,qwen3.6:latest
Chart-2-0247,Chart,2,247,STD,statement_deletion,org.jfree.data.general.DatasetUtilities,706,0,0.15,0.15,4066,qwen3.6:latest
Chart-2-0248,Chart,2,248,STD,statement_deletion,org.jfree.data.general.DatasetUtilities,709,0,0.15,0.15,3964,qwen3.6:latest
Chart-2-0249,Chart,2,249,LVR,arithmetic,org.jfree.data.general.DatasetUtilities,726,1,0.85,0.85,4003,qwen3.6:latest
Chart-2-0250,Chart,2,250,ROR,relational,org.jfree.data.general.DatasetUtilities,742,1,0.15,0.15,4043,qwen3.6:latest
Chart-2-0251,Chart,2,251,COR,logical,org.jfree.data.general.DatasetUtilities,750,1,0.75,0.75,4032,qwen3.6:latest
Chart-2-0252,Chart,2,252,COR,logical,org.jfree.data.general.DatasetUtilities,750,1,0.85,0.85,4125,qwen3.6:latest
Chart-2-0253,Chart,2,253,COR,logical,org.jfree.data.general.DatasetUtilities,750,1,0.75,0.75,4068,qwen3.6:latest
Chart-2-0254,Chart,2,254,COR,logical,org.jfree.data.general.DatasetUtilities,750,1,0.75,0.75,4134,qwen3.6:latest
Chart-2-0255,Chart,2,255,LVR,arithmetic,org.jfree.data.general.DatasetUtilities,752,1,0.15,0.15,4069,qwen3.6:latest
Chart-2-0256,Chart,2,256,LVR,arithmetic,org.jfree.data.general.DatasetUtilities,752,1,0.85,0.85,4112,qwen3.6:latest
Chart-2-0257,Chart,2,257,ROR,relational,org.jfree.data.general.DatasetUtilities,752,1,0.85,0.85,4211,qwen3.6:latest
Chart-2-0258,Chart,2,258,ROR,relational,org.jfree.data.general.DatasetUtilities,752,1,0.85,0.85,4050,qwen3.6:latest
Chart-2-0259,Chart,2,259,ROR,relational,org.jfree.data.general.DatasetUtilities,752,1,0.85,0.85,4126,qwen3.6:latest
Chart-2-0260,Chart,2,260,LVR,arithmetic,org.jfree.data.general.DatasetUtilities,754,1,0.85,0.85,4063,qwen3.6:latest
Chart-2-0261,Chart,2,261,LVR,arithmetic,org.jfree.data.general.DatasetUtilities,754,1,0.85,0.85,4123,qwen3.6:latest
Chart-2-0262,Chart,2,262,ROR,relational,org.jfree.data.general.DatasetUtilities,754,1,0.85,0.85,4083,qwen3.6:latest
Chart-2-0263,Chart,2,263,ROR,relational,org.jfree.data.general.DatasetUtilities,754,1,0.85,0.85,4215,qwen3.6:latest
Chart-2-0264,Chart,2,264,ROR,relational,org.jfree.data.general.DatasetUtilities,754,1,0.85,0.85,4023,qwen3.6:latest
Chart-2-0265,Chart,2,265,COR,logical,org.jfree.data.general.DatasetUtilities,758,1,0.85,0.85,4090,qwen3.6:latest
Chart-2-0266,Chart,2,266,COR,logical,org.jfree.data.general.DatasetUtilities,758,1,0.85,0.85,4062,qwen3.6:latest
Chart-2-0267,Chart,2,267,STD,statement_deletion,org.jfree.data.general.DatasetUtilities,759,1,0.15,0.15,4113,qwen3.6:latest
Chart-2-0268,Chart,2,268,STD,statement_deletion,org.jfree.data.general.DatasetUtilities,760,1,0.15,0.15,4061,qwen3.6:latest
Chart-2-0269,Chart,2,269,COR,logical,org.jfree.data.general.DatasetUtilities,762,0,0.85,0.85,4019,qwen3.6:latest
Chart-2-0270,Chart,2,270,COR,logical,org.jfree.data.general.DatasetUtilities,762,0,0.85,0.85,4138,qwen3.6:latest
Chart-2-0271,Chart,2,271,STD,statement_deletion,org.jfree.data.general.DatasetUtilities,763,0,0.15,0.15,4032,qwen3.6:latest
Chart-2-0272,Chart,2,272,STD,statement_deletion,org.jfree.data.general.DatasetUtilities,764,1,0.15,0.15,4006,qwen3.6:latest
Chart-2-0273,Chart,2,273,COR,logical,org.jfree.data.general.DatasetUtilities,766,1,0.85,0.85,3941,qwen3.6:latest
Chart-2-0274,Chart,2,274,COR,logical,org.jfree.data.general.DatasetUtilities,766,0,0.85,0.85,3991,qwen3.6:latest
Chart-2-0275,Chart,2,275,STD,statement_deletion,org.jfree.data.general.DatasetUtilities,767,1,0.15,0.15,3992,qwen3.6:latest
Chart-2-0276,Chart,2,276,STD,statement_deletion,org.jfree.data.general.DatasetUtilities,768,1,0.15,0.15,4023,qwen3.6:latest
Chart-2-0277,Chart,2,277,LVR,arithmetic,org.jfree.data.general.DatasetUtilities,774,1,0.85,0.85,4018,qwen3.6:latest
Chart-2-0278,Chart,2,278,LVR,arithmetic,org.jfree.data.general.DatasetUtilities,774,1,0.85,0.85,4003,qwen3.6:latest
Chart-2-0279,Chart,2,279,ROR,relational,org.jfree.data.general.DatasetUtilities,774,1,0.85,0.85,3999,qwen3.6:latest
Chart-2-0280,Chart,2,280,ROR,relational,org.jfree.data.general.DatasetUtilities,774,1,0.85,0.85,4030,qwen3.6:latest
Chart-2-0281,Chart,2,281,ROR,relational,org.jfree.data.general.DatasetUtilities,774,1,0.85,0.85,4036,qwen3.6:latest
Chart-2-0282,Chart,2,282,LVR,arithmetic,org.jfree.data.general.DatasetUtilities,776,1,0.85,0.85,4061,qwen3.6:latest
Chart-2-0283,Chart,2,283,LVR,arithmetic,org.jfree.data.general.DatasetUtilities,776,1,0.85,0.85,4034,qwen3.6:latest
Chart-2-0284,Chart,2,284,ROR,relational,org.jfree.data.general.DatasetUtilities,776,1,0.85,0.85,4019,qwen3.6:latest
Chart-2-0285,Chart,2,285,ROR,relational,org.jfree.data.general.DatasetUtilities,776,1,0.85,0.85,4004,qwen3.6:latest
Chart-2-0286,Chart,2,286,ROR,relational,org.jfree.data.general.DatasetUtilities,776,1,0.85,0.85,3993,qwen3.6:latest
Chart-2-0287,Chart,2,287,COR,logical,org.jfree.data.general.DatasetUtilities,779,1,0.85,0.85,4014,qwen3.6:latest
Chart-2-0288,Chart,2,288,COR,logical,org.jfree.data.general.DatasetUtilities,779,0,0.85,0.85,4020,qwen3.6:latest
Chart-2-0289,Chart,2,289,STD,statement_deletion,org.jfree.data.general.DatasetUtilities,780,1,0.15,0.15,3974,qwen3.6:latest
Chart-2-0290,Chart,2,290,STD,statement_deletion,org.jfree.data.general.DatasetUtilities,781,1,0.15,0.15,3983,qwen3.6:latest
Chart-2-0291,Chart,2,291,ROR,relational,org.jfree.data.general.DatasetUtilities,786,1,0.85,0.85,3952,qwen3.6:latest
Chart-2-0292,Chart,2,292,ROR,relational,org.jfree.data.general.DatasetUtilities,786,1,0.85,0.85,3964,qwen3.6:latest
Chart-2-0293,Chart,2,293,ROR,relational,org.jfree.data.general.DatasetUtilities,786,1,0.85,0.85,3998,qwen3.6:latest
Chart-2-0294,Chart,2,294,LVR,arithmetic,org.jfree.data.general.DatasetUtilities,802,1,0.85,0.85,4040,qwen3.6:latest
Chart-2-0295,Chart,2,295,ROR,relational,org.jfree.data.general.DatasetUtilities,816,1,0.85,0.85,4060,qwen3.6:latest
Chart-2-0296,Chart,2,296,STD,statement_deletion,org.jfree.data.general.DatasetUtilities,822,1,0.15,0.15,3966,qwen3.6:latest
Chart-2-0297,Chart,2,297,STD,statement_deletion,org.jfree.data.general.DatasetUtilities,825,1,0.15,0.15,3959,qwen3.6:latest
Chart-2-0298,Chart,2,298,ROR,relational,org.jfree.data.general.DatasetUtilities,846,0,0.85,0.85,4054,qwen3.6:latest
Chart-2-0299,Chart,2,299,STD,statement_deletion,org.jfree.data.general.DatasetUtilities,852,1,0.15,0.15,3979,qwen3.6:latest
Chart-2-0300,Chart,2,300,STD,statement_deletion,org.jfree.data.general.DatasetUtilities,855,1,0.15,0.15,3967,qwen3.6:latest
Chart-2-0301,Chart,2,301,LVR,arithmetic,org.jfree.data.general.DatasetUtilities,870,1,0.85,0.85,4020,qwen3.6:latest
Chart-2-0302,Chart,2,302,ROR,relational,org.jfree.data.general.DatasetUtilities,886,1,0.85,0.85,4040,qwen3.6:latest
Chart-2-0303,Chart,2,303,STD,statement_deletion,org.jfree.data.general.DatasetUtilities,892,1,0.15,0.15,3947,qwen3.6:latest
Chart-2-0304,Chart,2,304,STD,statement_deletion,org.jfree.data.general.DatasetUtilities,895,1,0.15,0.15,3995,qwen3.6:latest
Chart-2-0305,Chart,2,305,ROR,relational,org.jfree.data.general.DatasetUtilities,918,1,0.85,0.85,4060,qwen3.6:latest
Chart-2-0306,Chart,2,306,STD,statement_deletion,org.jfree.data.general.DatasetUtilities,924,1,0.15,0.15,4095,qwen3.6:latest
Chart-2-0307,Chart,2,307,STD,statement_deletion,org.jfree.data.general.DatasetUtilities,928,1,0.15,0.15,4009,qwen3.6:latest
Chart-2-0308,Chart,2,308,LVR,arithmetic,org.jfree.data.general.DatasetUtilities,963,1,0.85,0.85,3997,qwen3.6:latest
Chart-2-0309,Chart,2,309,COR,logical,org.jfree.data.general.DatasetUtilities,984,0,0.75,0.75,4106,qwen3.6:latest
Chart-2-0310,Chart,2,310,COR,logical,org.jfree.data.general.DatasetUtilities,984,0,0.85,0.85,4115,qwen3.6:latest
Chart-2-0311,Chart,2,311,COR,logical,org.jfree.data.general.DatasetUtilities,984,1,0.75,0.75,4082,qwen3.6:latest
Chart-2-0312,Chart,2,312,COR,logical,org.jfree.data.general.DatasetUtilities,984,0,0.75,0.75,4166,qwen3.6:latest
Chart-2-0313,Chart,2,313,LVR,arithmetic,org.jfree.data.general.DatasetUtilities,989,1,0.85,0.85,4048,qwen3.6:latest
Chart-2-0314,Chart,2,314,LVR,arithmetic,org.jfree.data.general.DatasetUtilities,989,1,0.85,0.85,4121,qwen3.6:latest
Chart-2-0315,Chart,2,315,ROR,relational,org.jfree.data.general.DatasetUtilities,989,1,0.85,0.85,4040,qwen3.6:latest
Chart-2-0316,Chart,2,316,ROR,relational,org.jfree.data.general.DatasetUtilities,989,1,0.85,0.85,4015,qwen3.6:latest
Chart-2-0317,Chart,2,317,ROR,relational,org.jfree.data.general.DatasetUtilities,989,1,0.85,0.85,4101,qwen3.6:latest
Chart-2-0318,Chart,2,318,LVR,arithmetic,org.jfree.data.general.DatasetUtilities,990,1,0.85,0.85,4082,qwen3.6:latest
Chart-2-0319,Chart,2,319,LVR,arithmetic,org.jfree.data.general.DatasetUtilities,990,1,0.85,0.85,4134,qwen3.6:latest
Chart-2-0320,Chart,2,320,ROR,relational,org.jfree.data.general.DatasetUtilities,990,1,0.85,0.85,4055,qwen3.6:latest
Chart-2-0321,Chart,2,321,ROR,relational,org.jfree.data.general.DatasetUtilities,990,1,0.85,0.85,4004,qwen3.6:latest
Chart-2-0322,Chart,2,322,ROR,relational,org.jfree.data.general.DatasetUtilities,990,1,0.85,0.85,4111,qwen3.6:latest
Chart-2-0323,Chart,2,323,ROR,relational,org.jfree.data.general.DatasetUtilities,993,1,0.85,0.85,4067,qwen3.6:latest
Chart-2-0324,Chart,2,324,COR,logical,org.jfree.data.general.DatasetUtilities,993,1,0.75,0.75,4013,qwen3.6:latest
Chart-2-0325,Chart,2,325,COR,logical,org.jfree.data.general.DatasetUtilities,994,1,0.85,0.85,3996,qwen3.6:latest
Chart-2-0326,Chart,2,326,COR,logical,org.jfree.data.general.DatasetUtilities,994,1,0.75,0.75,4105,qwen3.6:latest
Chart-2-0327,Chart,2,327,STD,statement_deletion,org.jfree.data.general.DatasetUtilities,995,1,0.15,0.15,4084,qwen3.6:latest
Chart-2-0328,Chart,2,328,STD,statement_deletion,org.jfree.data.general.DatasetUtilities,996,1,0.15,0.15,4186,qwen3.6:latest
Chart-2-0329,Chart,2,329,ROR,relational,org.jfree.data.general.DatasetUtilities,999,1,0.85,0.85,4014,qwen3.6:latest
Chart-2-0330,Chart,2,330,COR,logical,org.jfree.data.general.DatasetUtilities,999,1,0.75,0.75,3999,qwen3.6:latest
Chart-2-0331,Chart,2,331,COR,logical,org.jfree.data.general.DatasetUtilities,1000,1,0.85,0.85,3989,qwen3.6:latest
Chart-2-0332,Chart,2,332,COR,logical,org.jfree.data.general.DatasetUtilities,1000,1,0.75,0.75,4047,qwen3.6:latest
Chart-2-0333,Chart,2,333,STD,statement_deletion,org.jfree.data.general.DatasetUtilities,1001,1,0.15,0.15,4084,qwen3.6:latest
Chart-2-0334,Chart,2,334,STD,statement_deletion,org.jfree.data.general.DatasetUtilities,1002,1,0.15,0.15,4060,qwen3.6:latest
Chart-2-0335,Chart,2,335,ROR,relational,org.jfree.data.general.DatasetUtilities,1005,1,0.85,0.85,3997,qwen3.6:latest
Chart-2-0336,Chart,2,336,COR,logical,org.jfree.data.general.DatasetUtilities,1005,1,0.75,0.75,3989,qwen3.6:latest
Chart-2-0337,Chart,2,337,COR,logical,org.jfree.data.general.DatasetUtilities,1006,1,0.75,0.75,4004,qwen3.6:latest
Chart-2-0338,Chart,2,338,COR,logical,org.jfree.data.general.DatasetUtilities,1006,1,0.75,0.75,3987,qwen3.6:latest
Chart-2-0339,Chart,2,339,STD,statement_deletion,org.jfree.data.general.DatasetUtilities,1007,1,0.15,0.15,3957,qwen3.6:latest
Chart-2-0340,Chart,2,340,STD,statement_deletion,org.jfree.data.general.DatasetUtilities,1008,0,0.15,0.15,3994,qwen3.6:latest
Chart-2-0341,Chart,2,341,LVR,arithmetic,org.jfree.data.general.DatasetUtilities,1015,1,0.85,0.85,4034,qwen3.6:latest
Chart-2-0342,Chart,2,342,LVR,arithmetic,org.jfree.data.general.DatasetUtilities,1015,1,0.85,0.85,4005,qwen3.6:latest
Chart-2-0343,Chart,2,343,ROR,relational,org.jfree.data.general.DatasetUtilities,1015,0,0.85,0.85,4058,qwen3.6:latest
Chart-2-0344,Chart,2,344,ROR,relational,org.jfree.data.general.DatasetUtilities,1015,0,0.85,0.85,4085,qwen3.6:latest
Chart-2-0345,Chart,2,345,ROR,relational,org.jfree.data.general.DatasetUtilities,1015,1,0.85,0.85,4161,qwen3.6:latest
Chart-2-0346,Chart,2,346,LVR,arithmetic,org.jfree.data.general.DatasetUtilities,1016,1,0.85,0.85,4073,qwen3.6:latest
Chart-2-0347,Chart,2,347,LVR,arithmetic,org.jfree.data.general.DatasetUtilities,1016,1,0.85,0.85,4022,qwen3.6:latest
Chart-2-0348,Chart,2,348,ROR,relational,org.jfree.data.general.DatasetUtilities,1016,1,0.85,0.85,4000,qwen3.6:latest
Chart-2-0349,Chart,2,349,ROR,relational,org.jfree.data.general.DatasetUtilities,1016,0,0.85,0.85,4010,qwen3.6:latest
Chart-2-0350,Chart,2,350,ROR,relational,org.jfree.data.general.DatasetUtilities,1016,1,0.85,0.85,3992,qwen3.6:latest
Chart-2-0351,Chart,2,351,ROR,relational,org.jfree.data.general.DatasetUtilities,1018,1,0.85,0.85,4022,qwen3.6:latest
Chart-2-0352,Chart,2,352,COR,logical,org.jfree.data.general.DatasetUtilities,1020,1,0.85,0.85,3981,qwen3.6:latest
Chart-2-0353,Chart,2,353,COR,logical,org.jfree.data.general.DatasetUtilities,1020,1,0.85,0.85,4022,qwen3.6:latest
Chart-2-0354,Chart,2,354,STD,statement_deletion,org.jfree.data.general.DatasetUtilities,1021,0,0.15,0.15,4006,qwen3.6:latest
Chart-2-0355,Chart,2,355,STD,statement_deletion,org.jfree.data.general.DatasetUtilities,1022,1,0.15,0.15,4062,qwen3.6:latest
Chart-2-0356,Chart,2,356,ROR,relational,org.jfree.data.general.DatasetUtilities,1028,1,0.85,0.85,4003,qwen3.6:latest
Chart-2-0357,Chart,2,357,ROR,relational,org.jfree.data.general.DatasetUtilities,1028,1,0.85,0.85,4003,qwen3.6:latest
Chart-2-0358,Chart,2,358,ROR,relational,org.jfree.data.general.DatasetUtilities,1028,1,0.85,0.85,3988,qwen3.6:latest
Chart-2-0359,Chart,2,359,ROR,relational,org.jfree.data.general.DatasetUtilities,1052,1,0.85,0.85,4064,qwen3.6:latest
Chart-2-0360,Chart,2,360,ROR,relational,org.jfree.data.general.DatasetUtilities,1055,1,0.85,0.85,4037,qwen3.6:latest
Chart-2-0361,Chart,2,361,COR,logical,org.jfree.data.general.DatasetUtilities,1063,1,0.75,0.75,4115,qwen3.6:latest
Chart-2-0362,Chart,2,362,COR,logical,org.jfree.data.general.DatasetUtilities,1064,1,0.75,0.75,4113,qwen3.6:latest
Chart-2-0363,Chart,2,363,COR,logical,org.jfree.data.general.DatasetUtilities,1063,1,0.75,0.75,4111,qwen3.6:latest
Chart-2-0364,Chart,2,364,COR,logical,org.jfree.data.general.DatasetUtilities,1064,1,0.75,0.75,4041,qwen3.6:latest
Chart-2-0365,Chart,2,365,LVR,arithmetic,org.jfree.data.general.DatasetUtilities,1073,1,0.15,0.15,4020,qwen3.6:latest
Chart-2-0366,Chart,2,366,LVR,arithmetic,org.jfree.data.general.DatasetUtilities,1073,1,0.85,0.85,4008,qwen3.6:latest
Chart-2-0367,Chart,2,367,ROR,relational,org.jfree.data.general.DatasetUtilities,1073,1,0.85,0.85,4014,qwen3.6:latest
Chart-2-0368,Chart,2,368,ROR,relational,org.jfree.data.general.DatasetUtilities,1073,1,0.85,0.85,4126,qwen3.6:latest
Chart-2-0369,Chart,2,369,ROR,relational,org.jfree.data.general.DatasetUtilities,1073,0,0.85,0.85,4046,qwen3.6:latest
Chart-2-0370,Chart,2,370,ROR,relational,org.jfree.data.general.DatasetUtilities,1075,1,0.85,0.85,4032,qwen3.6:latest
Chart-2-0371,Chart,2,371,STD,statement_deletion,org.jfree.data.general.DatasetUtilities,1076,1,0.15,0.15,4081,qwen3.6:latest
Chart-2-0372,Chart,2,372,ROR,relational,org.jfree.data.general.DatasetUtilities,1079,1,0.85,0.85,4068,qwen3.6:latest
Chart-2-0373,Chart,2,373,STD,statement_deletion,org.jfree.data.general.DatasetUtilities,1080,1,0.15,0.15,4001,qwen3.6:latest
Chart-2-0374,Chart,2,374,ROR,relational,org.jfree.data.general.DatasetUtilities,1082,1,0.85,0.85,4113,qwen3.6:latest
Chart-2-0375,Chart,2,375,STD,statement_deletion,org.jfree.data.general.DatasetUtilities,1083,1,0.15,0.15,4035,qwen3.6:latest
Chart-2-0376,Chart,2,376,ROR,relational,org.jfree.data.general.DatasetUtilities,1085,0,0.85,0.85,4065,qwen3.6:latest
Chart-2-0377,Chart,2,377,STD,statement_deletion,org.jfree.data.general.DatasetUtilities,1086,0,0.15,0.15,3911,qwen3.6:latest
Chart-2-0378,Chart,2,378,COR,logical,org.jfree.data.general.DatasetUtilities,1091,0,0.75,0.75,4111,qwen3.6:latest
Chart-2-0379,Chart,2,379,COR,logical,org.jfree.data.general.DatasetUtilities,1092,1,0.15,0.15,4077,qwen3.6:latest
Chart-2-0380,Chart,2,380,COR,logical,org.jfree.data.general.DatasetUtilities,1091,1,0.75,0.75,4043,qwen3.6:latest
Chart-2-0381,Chart,2,381,COR,logical,org.jfree.data.general.DatasetUtilities,1092,1,0.15,0.15,4034,qwen3.6:latest
Chart-2-0382,Chart,2,382,LVR,arithmetic,org.jfree.data.general.DatasetUtilities,1101,1,0.85,0.85,4131,qwen3.6:latest
Chart-2-0383,Chart,2,383,LVR,arithmetic,org.jfree.data.general.DatasetUtilities,1101,1,0.85,0.85,4060,qwen3.6:latest
Chart-2-0384,Chart,2,384,ROR,relational,org.jfree.data.general.DatasetUtilities,1101,1,0.85,0.85,4050,qwen3.6:latest
Chart-2-0385,Chart,2,385,ROR,relational,org.jfree.data.general.DatasetUtilities,1101,0,0.85,0.85,4184,qwen3.6:latest
Chart-2-0386,Chart,2,386,ROR,relational,org.jfree.data.general.DatasetUtilities,1101,1,0.85,0.85,4112,qwen3.6:latest
Chart-2-0387,Chart,2,387,ROR,relational,org.jfree.data.general.DatasetUtilities,1104,0,0.85,0.85,4056,qwen3.6:latest
Chart-2-0388,Chart,2,388,COR,logical,org.jfree.data.general.DatasetUtilities,1104,0,0.75,0.75,4037,qwen3.6:latest
Chart-2-0389,Chart,2,389,COR,logical,org.jfree.data.general.DatasetUtilities,1104,0,0.85,0.85,4093,qwen3.6:latest
Chart-2-0390,Chart,2,390,COR,logical,org.jfree.data.general.DatasetUtilities,1104,0,0.85,0.85,4065,qwen3.6:latest
Chart-2-0391,Chart,2,391,COR,logical,org.jfree.data.general.DatasetUtilities,1104,0,0.75,0.75,4007,qwen3.6:latest
Chart-2-0392,Chart,2,392,STD,statement_deletion,org.jfree.data.general.DatasetUtilities,1105,0,0.15,0.15,4001,qwen3.6:latest
Chart-2-0393,Chart,2,393,ROR,relational,org.jfree.data.general.DatasetUtilities,1107,0,0.75,0.75,4089,qwen3.6:latest
Chart-2-0394,Chart,2,394,COR,logical,org.jfree.data.general.DatasetUtilities,1107,0,0.75,0.75,4072,qwen3.6:latest
Chart-2-0395,Chart,2,395,COR,logical,org.jfree.data.general.DatasetUtilities,1107,1,0.85,0.85,4009,qwen3.6:latest
Chart-2-0396,Chart,2,396,COR,logical,org.jfree.data.general.DatasetUtilities,1107,0,0.75,0.75,3996,qwen3.6:latest
Chart-2-0397,Chart,2,397,COR,logical,org.jfree.data.general.DatasetUtilities,1107,0,0.85,0.85,4005,qwen3.6:latest
Chart-2-0398,Chart,2,398,STD,statement_deletion,org.jfree.data.general.DatasetUtilities,1108,1,0.15,0.15,3988,qwen3.6:latest
Chart-2-0399,Chart,2,399,COR,logical,org.jfree.data.general.DatasetUtilities,1113,1,0.75,0.75,3991,qwen3.6:latest
Chart-2-0400,Chart,2,400,COR,logical,org.jfree.data.general.DatasetUtilities,1114,1,0.15,0.15,3989,qwen3.6:latest
Chart-2-0401,Chart,2,401,COR,logical,org.jfree.data.general.DatasetUtilities,1113,1,0.85,0.85,4058,qwen3.6:latest
Chart-2-0402,Chart,2,402,COR,logical,org.jfree.data.general.DatasetUtilities,1114,0,0.15,0.15,4119,qwen3.6:latest
Chart-2-0403,Chart,2,403,LVR,arithmetic,org.jfree.data.general.DatasetUtilities,1123,1,0.15,0.15,4033,qwen3.6:latest
Chart-2-0404,Chart,2,404,LVR,arithmetic,org.jfree.data.general.DatasetUtilities,1123,1,0.15,0.15,4008,qwen3.6:latest
Chart-2-0405,Chart,2,405,ROR,relational,org.jfree.data.general.DatasetUtilities,1123,0,0.75,0.75,4010,qwen3.6:latest
Chart-2-0406,Chart,2,406,ROR,relational,org.jfree.data.general.DatasetUtilities,1123,1,0.85,0.85,4108,qwen3.6:latest
Chart-2-0407,Chart,2,407,ROR,relational,org.jfree.data.general.DatasetUtilities,1123,1,0.15,0.15,4079,qwen3.6:latest
Chart-2-0408,Chart,2,408,COR,logical,org.jfree.data.general.DatasetUtilities,1130,0,0.85,0.85,3983,qwen3.6:latest
Chart-2-0409,Chart,2,409,COR,logical,org.jfree.data.general.DatasetUtilities,1130,1,0.85,0.85,4012,qwen3.6:latest
Chart-2-0410,Chart,2,410,STD,statement_deletion,org.jfree.data.general.DatasetUtilities,1131,1,0.15,0.15,3940,qwen3.6:latest
Chart-2-0411,Chart,2,411,STD,statement_deletion,org.jfree.data.general.DatasetUtilities,1132,1,0.15,0.15,3986,qwen3.6:latest
Chart-2-0412,Chart,2,412,COR,logical,org.jfree.data.general.DatasetUtilities,1139,1,0.75,0.75,3992,qwen3.6:latest
Chart-2-0413,Chart,2,413,COR,logical,org.jfree.data.general.DatasetUtilities,1140,1,0.75,0.75,4006,qwen3.6:latest
Chart-2-0414,Chart,2,414,COR,logical,org.jfree.data.general.DatasetUtilities,1139,0,0.75,0.75,3991,qwen3.6:latest
Chart-2-0415,Chart,2,415,COR,logical,org.jfree.data.general.DatasetUtilities,1140,1,0.75,0.75,4014,qwen3.6:latest
Chart-2-0416,Chart,2,416,LVR,arithmetic,org.jfree.data.general.DatasetUtilities,1149,1,0.75,0.75,4069,qwen3.6:latest
Chart-2-0417,Chart,2,417,LVR,arithmetic,org.jfree.data.general.DatasetUtilities,1149,1,0.75,0.75,4108,qwen3.6:latest
Chart-2-0418,Chart,2,418,ROR,relational,org.jfree.data.general.DatasetUtilities,1149,0,0.75,0.75,4144,qwen3.6:latest
Chart-2-0419,Chart,2,419,ROR,relational,org.jfree.data.general.DatasetUtilities,1149,1,0.85,0.85,4108,qwen3.6:latest
Chart-2-0420,Chart,2,420,ROR,relational,org.jfree.data.general.DatasetUtilities,1149,1,0.85,0.85,4017,qwen3.6:latest
Chart-2-0421,Chart,2,421,ROR,relational,org.jfree.data.general.DatasetUtilities,1151,1,0.85,0.85,4005,qwen3.6:latest
Chart-2-0422,Chart,2,422,LVR,arithmetic,org.jfree.data.general.DatasetUtilities,1152,0,0.85,0.85,3981,qwen3.6:latest
Chart-2-0423,Chart,2,423,LVR,arithmetic,org.jfree.data.general.DatasetUtilities,1152,0,0.85,0.85,3989,qwen3.6:latest
Chart-2-0424,Chart,2,424,ROR,relational,org.jfree.data.general.DatasetUtilities,1154,1,0.85,0.85,4035,qwen3.6:latest
Chart-2-0425,Chart,2,425,STD,statement_deletion,org.jfree.data.general.DatasetUtilities,1155,1,0.15,0.15,4079,qwen3.6:latest
Chart-2-0426,Chart,2,426,COR,logical,org.jfree.data.general.DatasetUtilities,1156,0,0.75,0.75,4204,qwen3.6:latest
Chart-2-0427,Chart,2,427,COR,logical,org.jfree.data.general.DatasetUtilities,1156,1,0.75,0.75,4040,qwen3.6:latest
Chart-2-0428,Chart,2,428,LVR,arithmetic,org.jfree.data.general.DatasetUtilities,1157,0,0.75,0.75,4024,qwen3.6:latest
Chart-2-0429,Chart,2,429,LVR,arithmetic,org.jfree.data.general.DatasetUtilities,1157,0,0.75,0.75,4005,qwen3.6:latest
Chart-2-0430,Chart,2,430,STD,statement_deletion,org.jfree.data.general.DatasetUtilities,1157,0,0.15,0.15,4013,qwen3.6:latest
Chart-2-0431,Chart,2,431,COR,logical,org.jfree.data.general.DatasetUtilities,1161,0,0.75,0.75,3945,qwen3.6:latest
Chart-2-0432,Chart,2,432,COR,logical,org.jfree.data.general.DatasetUtilities,1161,1,0.75,0.75,4015,qwen3.6:latest
Chart-2-0433,Chart,2,433,AOR,arithmetic,org.jfree.data.general.DatasetUtilities,1162,1,0.85,0.85,3977,qwen3.6:latest
Chart-2-0434,Chart,2,434,AOR,arithmetic,org.jfree.data.general.DatasetUtilities,1162,0,0.85,0.85,4007,qwen3.6:latest
Chart-2-0435,Chart,2,435,AOR,arithmetic,org.jfree.data.general.DatasetUtilities,1162,1,0.85,0.85,4074,qwen3.6:latest
Chart-2-0436,Chart,2,436,AOR,arithmetic,org.jfree.data.general.DatasetUtilities,1162,1,0.85,0.85,4042,qwen3.6:latest
Chart-2-0437,Chart,2,437,STD,statement_deletion,org.jfree.data.general.DatasetUtilities,1162,1,0.15,0.15,4027,qwen3.6:latest
Chart-2-0438,Chart,2,438,AOR,arithmetic,org.jfree.data.general.DatasetUtilities,1163,1,0.85,0.85,4037,qwen3.6:latest
Chart-2-0439,Chart,2,439,AOR,arithmetic,org.jfree.data.general.DatasetUtilities,1163,1,0.85,0.85,3984,qwen3.6:latest
Chart-2-0440,Chart,2,440,AOR,arithmetic,org.jfree.data.general.DatasetUtilities,1163,1,0.85,0.85,4006,qwen3.6:latest
Chart-2-0441,Chart,2,441,AOR,arithmetic,org.jfree.data.general.DatasetUtilities,1163,1,0.85,0.85,4000,qwen3.6:latest
Chart-2-0442,Chart,2,442,STD,statement_deletion,org.jfree.data.general.DatasetUtilities,1163,1,0.15,0.15,4055,qwen3.6:latest
Chart-2-0443,Chart,2,443,LVR,arithmetic,org.jfree.data.general.DatasetUtilities,1175,1,0.85,0.85,4017,qwen3.6:latest
Chart-2-0444,Chart,2,444,LVR,arithmetic,org.jfree.data.general.DatasetUtilities,1175,1,0.85,0.85,4000,qwen3.6:latest
Chart-2-0445,Chart,2,445,ROR,relational,org.jfree.data.general.DatasetUtilities,1175,0,0.85,0.85,4110,qwen3.6:latest
Chart-2-0446,Chart,2,446,ROR,relational,org.jfree.data.general.DatasetUtilities,1175,1,0.85,0.85,4074,qwen3.6:latest
Chart-2-0447,Chart,2,447,ROR,relational,org.jfree.data.general.DatasetUtilities,1175,1,0.85,0.85,4110,qwen3.6:latest
Chart-2-0448,Chart,2,448,ROR,relational,org.jfree.data.general.DatasetUtilities,1177,1,0.85,0.85,4097,qwen3.6:latest
Chart-2-0449,Chart,2,449,COR,logical,org.jfree.data.general.DatasetUtilities,1179,0,0.85,0.85,3983,qwen3.6:latest
Chart-2-0450,Chart,2,450,COR,logical,org.jfree.data.general.DatasetUtilities,1179,1,0.85,0.85,4037,qwen3.6:latest
Chart-2-0451,Chart,2,451,STD,statement_deletion,org.jfree.data.general.DatasetUtilities,1180,1,0.15,0.15,4123,qwen3.6:latest
Chart-2-0452,Chart,2,452,STD,statement_deletion,org.jfree.data.general.DatasetUtilities,1181,1,0.15,0.15,4004,qwen3.6:latest
Chart-2-0453,Chart,2,453,ROR,relational,org.jfree.data.general.DatasetUtilities,1187,1,0.85,0.85,3962,qwen3.6:latest
Chart-2-0454,Chart,2,454,ROR,relational,org.jfree.data.general.DatasetUtilities,1187,0,0.85,0.85,3980,qwen3.6:latest
Chart-2-0455,Chart,2,455,ROR,relational,org.jfree.data.general.DatasetUtilities,1187,1,0.85,0.85,4004,qwen3.6:latest
Chart-2-0456,Chart,2,456,LVR,arithmetic,org.jfree.data.general.DatasetUtilities,1220,1,0.85,0.85,4008,qwen3.6:latest
Chart-2-0457,Chart,2,457,COR,logical,org.jfree.data.general.DatasetUtilities,1243,1,0.85,0.85,4083,qwen3.6:latest
Chart-2-0458,Chart,2,458,COR,logical,org.jfree.data.general.DatasetUtilities,1243,1,0.85,0.85,4015,qwen3.6:latest
Chart-2-0459,Chart,2,459,COR,logical,org.jfree.data.general.DatasetUtilities,1243,1,0.75,0.75,4003,qwen3.6:latest
Chart-2-0460,Chart,2,460,COR,logical,org.jfree.data.general.DatasetUtilities,1243,1,0.75,0.75,4124,qwen3.6:latest
Chart-2-0461,Chart,2,461,LVR,arithmetic,org.jfree.data.general.DatasetUtilities,1246,1,0.85,0.85,4085,qwen3.6:latest
Chart-2-0462,Chart,2,462,LVR,arithmetic,org.jfree.data.general.DatasetUtilities,1246,1,0.85,0.85,4137,qwen3.6:latest
Chart-2-0463,Chart,2,463,ROR,relational,org.jfree.data.general.DatasetUtilities,1246,0,0.85,0.85,4038,qwen3.6:latest
Chart-2-0464,Chart,2,464,ROR,relational,org.jfree.data.general.DatasetUtilities,1246,1,0.85,0.85,4012,qwen3.6:latest
Chart-2-0465,Chart,2,465,ROR,relational,org.jfree.data.general.DatasetUtilities,1246,1,0.85,0.85,4144,qwen3.6:latest
Chart-2-0466,Chart,2,466,LVR,arithmetic,org.jfree.data.general.DatasetUtilities,1248,1,0.85,0.85,4187,qwen3.6:latest
Chart-2-0467,Chart,2,467,LVR,arithmetic,org.jfree.data.general.DatasetUtilities,1248,1,0.85,0.85,4264,qwen3.6:latest
Chart-2-0468,Chart,2,468,ROR,relational,org.jfree.data.general.DatasetUtilities,1248,0,0.85,0.85,4177,qwen3.6:latest
Chart-2-0469,Chart,2,469,ROR,relational,org.jfree.data.general.DatasetUtilities,1248,1,0.85,0.85,4216,qwen3.6:latest
Chart-2-0470,Chart,2,470,ROR,relational,org.jfree.data.general.DatasetUtilities,1248,1,0.85,0.85,4197,qwen3.6:latest
Chart-2-0471,Chart,2,471,COR,logical,org.jfree.data.general.DatasetUtilities,1252,1,0.75,0.75,3990,qwen3.6:latest
Chart-2-0472,Chart,2,472,COR,logical,org.jfree.data.general.DatasetUtilities,1252,1,0.75,0.75,4007,qwen3.6:latest
Chart-2-0473,Chart,2,473,STD,statement_deletion,org.jfree.data.general.DatasetUtilities,1253,1,0.15,0.15,4106,qwen3.6:latest
Chart-2-0474,Chart,2,474,STD,statement_deletion,org.jfree.data.general.DatasetUtilities,1254,1,0.15,0.15,4073,qwen3.6:latest
Chart-2-0475,Chart,2,475,COR,logical,org.jfree.data.general.DatasetUtilities,1256,1,0.85,0.85,3997,qwen3.6:latest
Chart-2-0476,Chart,2,476,COR,logical,org.jfree.data.general.DatasetUtilities,1256,1,0.85,0.85,3994,qwen3.6:latest
Chart-2-0477,Chart,2,477,STD,statement_deletion,org.jfree.data.general.DatasetUtilities,1257,1,0.15,0.15,4105,qwen3.6:latest
Chart-2-0478,Chart,2,478,STD,statement_deletion,org.jfree.data.general.DatasetUtilities,1258,1,0.15,0.15,4066,qwen3.6:latest
Chart-2-0479,Chart,2,479,COR,logical,org.jfree.data.general.DatasetUtilities,1260,1,0.85,0.85,3965,qwen3.6:latest
Chart-2-0480,Chart,2,480,COR,logical,org.jfree.data.general.DatasetUtilities,1260,1,0.85,0.85,4002,qwen3.6:latest
Chart-2-0481,Chart,2,481,STD,statement_deletion,org.jfree.data.general.DatasetUtilities,1261,0,0.15,0.15,4011,qwen3.6:latest
Chart-2-0482,Chart,2,482,STD,statement_deletion,org.jfree.data.general.DatasetUtilities,1262,1,0.15,0.15,4068,qwen3.6:latest
Chart-2-0483,Chart,2,483,COR,logical,org.jfree.data.general.DatasetUtilities,1267,1,0.75,0.75,4191,qwen3.6:latest
Chart-2-0484,Chart,2,484,COR,logical,org.jfree.data.general.DatasetUtilities,1267,1,0.85,0.85,4106,qwen3.6:latest
Chart-2-0485,Chart,2,485,COR,logical,org.jfree.data.general.DatasetUtilities,1267,1,0.85,0.85,4056,qwen3.6:latest
Chart-2-0486,Chart,2,486,COR,logical,org.jfree.data.general.DatasetUtilities,1267,0,0.85,0.85,4046,qwen3.6:latest
Chart-2-0487,Chart,2,487,LVR,arithmetic,org.jfree.data.general.DatasetUtilities,1270,1,0.85,0.85,4087,qwen3.6:latest
Chart-2-0488,Chart,2,488,LVR,arithmetic,org.jfree.data.general.DatasetUtilities,1270,0,0.85,0.85,4070,qwen3.6:latest
Chart-2-0489,Chart,2,489,ROR,relational,org.jfree.data.general.DatasetUtilities,1270,0,0.85,0.85,4148,qwen3.6:latest
Chart-2-0490,Chart,2,490,ROR,relational,org.jfree.data.general.DatasetUtilities,1270,0,0.85,0.85,4031,qwen3.6:latest
Chart-2-0491,Chart,2,491,ROR,relational,org.jfree.data.general.DatasetUtilities,1270,1,0.85,0.85,4036,qwen3.6:latest
Chart-2-0492,Chart,2,492,LVR,arithmetic,org.jfree.data.general.DatasetUtilities,1272,1,0.85,0.85,4132,qwen3.6:latest
Chart-2-0493,Chart,2,493,LVR,arithmetic,org.jfree.data.general.DatasetUtilities,1272,1,0.85,0.85,4054,qwen3.6:latest
Chart-2-0494,Chart,2,494,ROR,relational,org.jfree.data.general.DatasetUtilities,1272,0,0.85,0.85,4127,qwen3.6:latest
Chart-2-0495,Chart,2,495,ROR,relational,org.jfree.data.general.DatasetUtilities,1272,1,0.85,0.85,4071,qwen3.6:latest
Chart-2-0496,Chart,2,496,ROR,relational,org.jfree.data.general.DatasetUtilities,1272,1,0.85,0.85,4002,qwen3.6:latest
Chart-2-0497,Chart,2,497,COR,logical,org.jfree.data.general.DatasetUtilities,1275,0,0.85,0.85,4112,qwen3.6:latest
Chart-2-0498,Chart,2,498,COR,logical,org.jfree.data.general.DatasetUtilities,1275,1,0.85,0.85,4068,qwen3.6:latest
Chart-2-0499,Chart,2,499,STD,statement_deletion,org.jfree.data.general.DatasetUtilities,1276,1,0.15,0.15,4103,qwen3.6:latest
Chart-2-0500,Chart,2,500,COR,logical,org.jfree.data.general.DatasetUtilities,1278,0,0.75,0.75,4063,qwen3.6:latest
Chart-2-0501,Chart,2,501,COR,logical,org.jfree.data.general.DatasetUtilities,1278,1,0.75,0.75,4008,qwen3.6:latest
Chart-2-0502,Chart,2,502,STD,statement_deletion,org.jfree.data.general.DatasetUtilities,1279,1,0.15,0.15,3977,qwen3.6:latest
Chart-2-0503,Chart,2,503,LVR,arithmetic,org.jfree.data.general.DatasetUtilities,1286,1,0.85,0.85,4013,qwen3.6:latest
Chart-2-0504,Chart,2,504,LVR,arithmetic,org.jfree.data.general.DatasetUtilities,1286,1,0.85,0.85,4007,qwen3.6:latest
Chart-2-0505,Chart,2,505,ROR,relational,org.jfree.data.general.DatasetUtilities,1286,0,0.85,0.85,3997,qwen3.6:latest
Chart-2-0506,Chart,2,506,ROR,relational,org.jfree.data.general.DatasetUtilities,1286,1,0.85,0.85,4045,qwen3.6:latest
Chart-2-0507,Chart,2,507,ROR,relational,org.jfree.data.general.DatasetUtilities,1286,1,0.85,0.85,4047,qwen3.6:latest
Chart-2-0508,Chart,2,508,LVR,arithmetic,org.jfree.data.general.DatasetUtilities,1288,1,0.85,0.85,4083,qwen3.6:latest
Chart-2-0509,Chart,2,509,LVR,arithmetic,org.jfree.data.general.DatasetUtilities,1288,1,0.85,0.85,3999,qwen3.6:latest
Chart-2-0510,Chart,2,510,ROR,relational,org.jfree.data.general.DatasetUtilities,1288,0,0.85,0.85,4002,qwen3.6:latest
Chart-2-0511,Chart,2,511,ROR,relational,org.jfree.data.general.DatasetUtilities,1288,1,0.85,0.85,3996,qwen3.6:latest
Chart-2-0512,Chart,2,512,ROR,relational,org.jfree.data.general.DatasetUtilities,1288,1,0.85,0.85,4015,qwen3.6:latest
Chart-2-0513,Chart,2,513,COR,logical,org.jfree.data.general.DatasetUtilities,1290,0,0.85,0.85,3989,qwen3.6:latest
Chart-2-0514,Chart,2,514,COR,logical,org.jfree.data.general.DatasetUtilities,1290,1,0.85,0.85,4139,qwen3.6:latest
Chart-2-0515,Chart,2,515,STD,statement_deletion,org.jfree.data.general.DatasetUtilities,1291,1,0.15,0.15,4120,qwen3.6:latest
Chart-2-0516,Chart,2,516,STD,statement_deletion,org.jfree.data.general.DatasetUtilities,1292,1,0.15,0.15,4062,qwen3.6:latest
Chart-2-0517,Chart,2,517,ROR,relational,org.jfree.data.general.DatasetUtilities,1297,1,0.85,0.85,3997,qwen3.6:latest
Chart-2-0518,Chart,2,518,ROR,relational,org.jfree.data.general.DatasetUtilities,1297,0,0.85,0.85,3998,qwen3.6:latest
Chart-2-0519,Chart,2,519,ROR,relational,org.jfree.data.general.DatasetUtilities,1297,1,0.85,0.85,3995,qwen3.6:latest
Chart-2-0520,Chart,2,520,ROR,relational,org.jfree.data.general.DatasetUtilities,1323,0,0.85,0.85,4053,qwen3.6:latest
Chart-2-0521,Chart,2,521,ROR,relational,org.jfree.data.general.DatasetUtilities,1326,0,0.85,0.85,4032,qwen3.6:latest
Chart-2-0522,Chart,2,522,COR,logical,org.jfree.data.general.DatasetUtilities,1334,1,0.75,0.75,4003,qwen3.6:latest
Chart-2-0523,Chart,2,523,COR,logical,org.jfree.data.general.DatasetUtilities,1334,0,0.75,0.75,4092,qwen3.6:latest
Chart-2-0524,Chart,2,524,COR,logical,org.jfree.data.general.DatasetUtilities,1334,0,0.75,0.75,4088,qwen3.6:latest
Chart-2-0525,Chart,2,525,COR,logical,org.jfree.data.general.DatasetUtilities,1334,1,0.75,0.75,4000,qwen3.6:latest
Chart-2-0526,Chart,2,526,LVR,arithmetic,org.jfree.data.general.DatasetUtilities,1342,0,0.85,0.85,4021,qwen3.6:latest
Chart-2-0527,Chart,2,527,LVR,arithmetic,org.jfree.data.general.DatasetUtilities,1342,0,0.85,0.85,4102,qwen3.6:latest
Chart-2-0528,Chart,2,528,ROR,relational,org.jfree.data.general.DatasetUtilities,1342,0,0.85,0.85,4088,qwen3.6:latest
Chart-2-0529,Chart,2,529,ROR,relational,org.jfree.data.general.DatasetUtilities,1342,0,0.85,0.85,4021,qwen3.6:latest
Chart-2-0530,Chart,2,530,ROR,relational,org.jfree.data.general.DatasetUtilities,1342,0,0.85,0.85,4091,qwen3.6:latest
Chart-2-0531,Chart,2,531,COR,logical,org.jfree.data.general.DatasetUtilities,1345,0,0.85,0.85,4108,qwen3.6:latest
Chart-2-0532,Chart,2,532,COR,logical,org.jfree.data.general.DatasetUtilities,1345,0,0.75,0.75,4137,qwen3.6:latest
Chart-2-0533,Chart,2,533,STD,statement_deletion,org.jfree.data.general.DatasetUtilities,1346,0,0.15,0.15,4020,qwen3.6:latest
Chart-2-0534,Chart,2,534,COR,logical,org.jfree.data.general.DatasetUtilities,1348,0,0.75,0.75,4099,qwen3.6:latest
Chart-2-0535,Chart,2,535,COR,logical,org.jfree.data.general.DatasetUtilities,1348,0,0.85,0.85,4073,qwen3.6:latest
Chart-2-0536,Chart,2,536,STD,statement_deletion,org.jfree.data.general.DatasetUtilities,1349,0,0.15,0.15,4003,qwen3.6:latest
Chart-2-0537,Chart,2,537,LVR,arithmetic,org.jfree.data.general.DatasetUtilities,1361,1,0.85,0.85,4010,qwen3.6:latest
Chart-2-0538,Chart,2,538,LVR,arithmetic,org.jfree.data.general.DatasetUtilities,1361,1,0.15,0.15,4011,qwen3.6:latest
Chart-2-0539,Chart,2,539,ROR,relational,org.jfree.data.general.DatasetUtilities,1361,0,0.85,0.85,4013,qwen3.6:latest
Chart-2-0540,Chart,2,540,ROR,relational,org.jfree.data.general.DatasetUtilities,1361,1,0.85,0.85,4151,qwen3.6:latest
Chart-2-0541,Chart,2,541,ROR,relational,org.jfree.data.general.DatasetUtilities,1361,1,0.85,0.85,4026,qwen3.6:latest
Chart-2-0542,Chart,2,542,COR,logical,org.jfree.data.general.DatasetUtilities,1363,0,0.85,0.85,3991,qwen3.6:latest
Chart-2-0543,Chart,2,543,COR,logical,org.jfree.data.general.DatasetUtilities,1363,1,0.85,0.85,4120,qwen3.6:latest
Chart-2-0544,Chart,2,544,STD,statement_deletion,org.jfree.data.general.DatasetUtilities,1364,1,0.15,0.15,4059,qwen3.6:latest
Chart-2-0545,Chart,2,545,STD,statement_deletion,org.jfree.data.general.DatasetUtilities,1365,1,0.15,0.15,4015,qwen3.6:latest
Chart-2-0546,Chart,2,546,ROR,relational,org.jfree.data.general.DatasetUtilities,1371,1,0.85,0.85,3935,qwen3.6:latest
Chart-2-0547,Chart,2,547,ROR,relational,org.jfree.data.general.DatasetUtilities,1371,0,0.85,0.85,4097,qwen3.6:latest
Chart-2-0548,Chart,2,548,ROR,relational,org.jfree.data.general.DatasetUtilities,1371,1,0.85,0.85,4081,qwen3.6:latest
Chart-2-0549,Chart,2,549,ROR,relational,org.jfree.data.general.DatasetUtilities,1399,1,0.85,0.85,4057,qwen3.6:latest
Chart-2-0550,Chart,2,550,ROR,relational,org.jfree.data.general.DatasetUtilities,1402,1,0.95,0.95,4012,qwen3.6:latest
Chart-2-0551,Chart,2,551,ROR,relational,org.jfree.data.general.DatasetUtilities,1406,1,0.15,0.15,4017,qwen3.6:latest
Chart-2-0552,Chart,2,552,COR,logical,org.jfree.data.general.DatasetUtilities,1414,1,0.75,0.75,4100,qwen3.6:latest
Chart-2-0553,Chart,2,553,COR,logical,org.jfree.data.general.DatasetUtilities,1414,1,0.75,0.75,4079,qwen3.6:latest
Chart-2-0554,Chart,2,554,COR,logical,org.jfree.data.general.DatasetUtilities,1414,1,0.75,0.75,4016,qwen3.6:latest
Chart-2-0555,Chart,2,555,COR,logical,org.jfree.data.general.DatasetUtilities,1414,0,0.75,0.75,4004,qwen3.6:latest
Chart-2-0556,Chart,2,556,LVR,arithmetic,org.jfree.data.general.DatasetUtilities,1422,1,0.85,0.85,4045,qwen3.6:latest
Chart-2-0557,Chart,2,557,LVR,arithmetic,org.jfree.data.general.DatasetUtilities,1422,1,0.85,0.85,4120,qwen3.6:latest
Chart-2-0558,Chart,2,558,ROR,relational,org.jfree.data.general.DatasetUtilities,1422,0,0.85,0.85,4041,qwen3.6:latest
Chart-2-0559,Chart,2,559,ROR,relational,org.jfree.data.general.DatasetUtilities,1422,1,0.85,0.85,4009,qwen3.6:latest
Chart-2-0560,Chart,2,560,ROR,relational,org.jfree.data.general.DatasetUtilities,1422,1,0.85,0.85,4156,qwen3.6:latest
Chart-2-0561,Chart,2,561,COR,logical,org.jfree.data.general.DatasetUtilities,1424,1,0.85,0.85,4035,qwen3.6:latest
Chart-2-0562,Chart,2,562,COR,logical,org.jfree.data.general.DatasetUtilities,1424,0,0.85,0.85,4107,qwen3.6:latest
Chart-2-0563,Chart,2,563,COR,logical,org.jfree.data.general.DatasetUtilities,1427,0,0.85,0.85,4072,qwen3.6:latest
Chart-2-0564,Chart,2,564,COR,logical,org.jfree.data.general.DatasetUtilities,1427,1,0.85,0.85,4113,qwen3.6:latest
Chart-2-0565,Chart,2,565,STD,statement_deletion,org.jfree.data.general.DatasetUtilities,1428,1,0.15,0.15,4060,qwen3.6:latest
Chart-2-0566,Chart,2,566,COR,logical,org.jfree.data.general.DatasetUtilities,1430,0,0.85,0.85,4087,qwen3.6:latest
Chart-2-0567,Chart,2,567,COR,logical,org.jfree.data.general.DatasetUtilities,1430,1,0.85,0.85,4063,qwen3.6:latest
Chart-2-0568,Chart,2,568,STD,statement_deletion,org.jfree.data.general.DatasetUtilities,1431,1,0.15,0.15,4019,qwen3.6:latest
Chart-2-0569,Chart,2,569,COR,logical,org.jfree.data.general.DatasetUtilities,1437,1,0.75,0.75,4046,qwen3.6:latest
Chart-2-0570,Chart,2,570,COR,logical,org.jfree.data.general.DatasetUtilities,1437,1,0.15,0.15,4009,qwen3.6:latest
Chart-2-0571,Chart,2,571,COR,logical,org.jfree.data.general.DatasetUtilities,1437,1,0.15,0.15,4176,qwen3.6:latest
Chart-2-0572,Chart,2,572,COR,logical,org.jfree.data.general.DatasetUtilities,1437,1,0.15,0.15,4117,qwen3.6:latest
Chart-2-0573,Chart,2,573,LVR,arithmetic,org.jfree.data.general.DatasetUtilities,1445,1,0.75,0.75,4079,qwen3.6:latest
Chart-2-0574,Chart,2,574,LVR,arithmetic,org.jfree.data.general.DatasetUtilities,1445,1,0.75,0.75,4016,qwen3.6:latest
Chart-2-0575,Chart,2,575,ROR,relational,org.jfree.data.general.DatasetUtilities,1445,0,0.85,0.85,4132,qwen3.6:latest
Chart-2-0576,Chart,2,576,ROR,relational,org.jfree.data.general.DatasetUtilities,1445,1,0.85,0.85,4073,qwen3.6:latest
Chart-2-0577,Chart,2,577,ROR,relational,org.jfree.data.general.DatasetUtilities,1445,1,0.75,0.75,4146,qwen3.6:latest
Chart-2-0578,Chart,2,578,COR,logical,org.jfree.data.general.DatasetUtilities,1447,1,0.75,0.75,4081,qwen3.6:latest
Chart-2-0579,Chart,2,579,COR,logical,org.jfree.data.general.DatasetUtilities,1447,0,0.75,0.75,4057,qwen3.6:latest
Chart-2-0580,Chart,2,580,ROR,relational,org.jfree.data.general.DatasetUtilities,1450,0,0.85,0.85,4094,qwen3.6:latest
Chart-2-0581,Chart,2,581,STD,statement_deletion,org.jfree.data.general.DatasetUtilities,1451,1,0.15,0.15,3986,qwen3.6:latest
Chart-2-0582,Chart,2,582,ROR,relational,org.jfree.data.general.DatasetUtilities,1453,0,0.85,0.85,4000,qwen3.6:latest
Chart-2-0583,Chart,2,583,STD,statement_deletion,org.jfree.data.general.DatasetUtilities,1454,1,0.15,0.15,3977,qwen3.6:latest
Chart-2-0584,Chart,2,584,COR,logical,org.jfree.data.general.DatasetUtilities,1460,1,0.75,0.75,4006,qwen3.6:latest
Chart-2-0585,Chart,2,585,COR,logical,org.jfree.data.general.DatasetUtilities,1460,0,0.15,0.15,3996,qwen3.6:latest
Chart-2-0586,Chart,2,586,COR,logical,org.jfree.data.general.DatasetUtilities,1460,0,0.75,0.75,4002,qwen3.6:latest
Chart-2-0587,Chart,2,587,COR,logical,org.jfree.data.general.DatasetUtilities,1460,0,0.75,0.75,3985,qwen3.6:latest
Chart-2-0588,Chart,2,588,LVR,arithmetic,org.jfree.data.general.DatasetUtilities,1468,0,0.75,0.75,4055,qwen3.6:latest
Chart-2-0589,Chart,2,589,LVR,arithmetic,org.jfree.data.general.DatasetUtilities,1468,1,0.85,0.85,4089,qwen3.6:latest
Chart-2-0590,Chart,2,590,ROR,relational,org.jfree.data.general.DatasetUtilities,1468,0,0.85,0.85,4097,qwen3.6:latest
Chart-2-0591,Chart,2,591,ROR,relational,org.jfree.data.general.DatasetUtilities,1468,1,0.85,0.85,4119,qwen3.6:latest
Chart-2-0592,Chart,2,592,ROR,relational,org.jfree.data.general.DatasetUtilities,1468,0,0.85,0.85,4065,qwen3.6:latest
Chart-2-0593,Chart,2,593,COR,logical,org.jfree.data.general.DatasetUtilities,1470,0,0.75,0.75,4142,qwen3.6:latest
Chart-2-0594,Chart,2,594,COR,logical,org.jfree.data.general.DatasetUtilities,1470,0,0.75,0.75,4060,qwen3.6:latest
Chart-2-0595,Chart,2,595,COR,logical,org.jfree.data.general.DatasetUtilities,1473,0,0.85,0.85,4099,qwen3.6:latest
Chart-2-0596,Chart,2,596,COR,logical,org.jfree.data.general.DatasetUtilities,1473,0,0.75,0.75,4068,qwen3.6:latest
Chart-2-0597,Chart,2,597,STD,statement_deletion,org.jfree.data.general.DatasetUtilities,1474,0,0.15,0.15,4000,qwen3.6:latest
Chart-2-0598,Chart,2,598,COR,logical,org.jfree.data.general.DatasetUtilities,1476,0,0.75,0.75,3979,qwen3.6:latest
Chart-2-0599,Chart,2,599,COR,logical,org.jfree.data.general.DatasetUtilities,1476,1,0.85,0.85,3989,qwen3.6:latest
Chart-2-0600,Chart,2,600,STD,statement_deletion,org.jfree.data.general.DatasetUtilities,1477,1,0.15,0.15,3966,qwen3.6:latest
Chart-2-0601,Chart,2,601,LVR,arithmetic,org.jfree.data.general.DatasetUtilities,1490,1,0.85,0.85,4063,qwen3.6:latest
Chart-2-0602,Chart,2,602,LVR,arithmetic,org.jfree.data.general.DatasetUtilities,1490,1,0.85,0.85,4133,qwen3.6:latest
Chart-2-0603,Chart,2,603,ROR,relational,org.jfree.data.general.DatasetUtilities,1490,0,0.85,0.85,4067,qwen3.6:latest
Chart-2-0604,Chart,2,604,ROR,relational,org.jfree.data.general.DatasetUtilities,1490,1,0.85,0.85,4027,qwen3.6:latest
Chart-2-0605,Chart,2,605,ROR,relational,org.jfree.data.general.DatasetUtilities,1490,1,0.85,0.85,3985,qwen3.6:latest
Chart-2-0606,Chart,2,606,COR,logical,org.jfree.data.general.DatasetUtilities,1493,1,0.85,0.85,4085,qwen3.6:latest
Chart-2-0607,Chart,2,607,COR,logical,org.jfree.data.general.DatasetUtilities,1493,1,0.75,0.75,4057,qwen3.6:latest
Chart-2-0608,Chart,2,608,COR,logical,org.jfree.data.general.DatasetUtilities,1494,1,0.85,0.85,4019,qwen3.6:latest
Chart-2-0609,Chart,2,609,COR,logical,org.jfree.data.general.DatasetUtilities,1494,1,0.85,0.85,4019,qwen3.6:latest
Chart-2-0610,Chart,2,610,STD,statement_deletion,org.jfree.data.general.DatasetUtilities,1495,1,0.15,0.15,3996,qwen3.6:latest
Chart-2-0611,Chart,2,611,STD,statement_deletion,org.jfree.data.general.DatasetUtilities,1496,1,0.15,0.15,4096,qwen3.6:latest
Chart-2-0612,Chart,2,612,ROR,relational,org.jfree.data.general.DatasetUtilities,1502,1,0.85,0.85,4012,qwen3.6:latest
Chart-2-0613,Chart,2,613,ROR,relational,org.jfree.data.general.DatasetUtilities,1502,0,0.85,0.85,4019,qwen3.6:latest
Chart-2-0614,Chart,2,614,ROR,relational,org.jfree.data.general.DatasetUtilities,1502,1,0.85,0.85,3971,qwen3.6:latest
Chart-2-0615,Chart,2,615,ROR,relational,org.jfree.data.general.DatasetUtilities,1524,0,0.85,0.85,4086,qwen3.6:latest
Chart-2-0616,Chart,2,616,LVR,arithmetic,org.jfree.data.general.DatasetUtilities,1531,0,0.85,0.85,4008,qwen3.6:latest
Chart-2-0617,Chart,2,617,LVR,arithmetic,org.jfree.data.general.DatasetUtilities,1536,0,0.15,0.15,3987,qwen3.6:latest
Chart-2-0618,Chart,2,618,LVR,arithmetic,org.jfree.data.general.DatasetUtilities,1536,0,0.85,0.85,4003,qwen3.6:latest
Chart-2-0619,Chart,2,619,ROR,relational,org.jfree.data.general.DatasetUtilities,1536,0,0.85,0.85,3996,qwen3.6:latest
Chart-2-0620,Chart,2,620,ROR,relational,org.jfree.data.general.DatasetUtilities,1536,0,0.75,0.75,4010,qwen3.6:latest
Chart-2-0621,Chart,2,621,ROR,relational,org.jfree.data.general.DatasetUtilities,1536,0,0.75,0.75,4023,qwen3.6:latest
Chart-2-0622,Chart,2,622,LVR,arithmetic,org.jfree.data.general.DatasetUtilities,1538,0,0.15,0.15,4080,qwen3.6:latest
Chart-2-0623,Chart,2,623,LVR,arithmetic,org.jfree.data.general.DatasetUtilities,1538,0,0.15,0.15,4077,qwen3.6:latest
Chart-2-0624,Chart,2,624,ROR,relational,org.jfree.data.general.DatasetUtilities,1538,0,0.85,0.85,4048,qwen3.6:latest
Chart-2-0625,Chart,2,625,ROR,relational,org.jfree.data.general.DatasetUtilities,1538,0,0.85,0.85,4064,qwen3.6:latest
Chart-2-0626,Chart,2,626,ROR,relational,org.jfree.data.general.DatasetUtilities,1538,0,0.85,0.85,4067,qwen3.6:latest
Chart-2-0627,Chart,2,627,COR,logical,org.jfree.data.general.DatasetUtilities,1549,0,0.75,0.75,3955,qwen3.6:latest
Chart-2-0628,Chart,2,628,COR,logical,org.jfree.data.general.DatasetUtilities,1549,0,0.75,0.75,3986,qwen3.6:latest
Chart-2-0629,Chart,2,629,STD,statement_deletion,org.jfree.data.general.DatasetUtilities,1550,0,0.15,0.15,4020,qwen3.6:latest
Chart-2-0630,Chart,2,630,ROR,relational,org.jfree.data.general.DatasetUtilities,1555,0,0.85,0.85,3973,qwen3.6:latest
Chart-2-0631,Chart,2,631,ROR,relational,org.jfree.data.general.DatasetUtilities,1555,0,0.85,0.85,3993,qwen3.6:latest
Chart-2-0632,Chart,2,632,ROR,relational,org.jfree.data.general.DatasetUtilities,1555,0,0.85,0.85,4060,qwen3.6:latest
Chart-2-0633,Chart,2,633,STD,statement_deletion,org.jfree.data.general.DatasetUtilities,1556,0,0.15,0.15,3918,qwen3.6:latest
Chart-2-0634,Chart,2,634,STD,statement_deletion,org.jfree.data.general.DatasetUtilities,1559,0,0.15,0.15,3986,qwen3.6:latest
Chart-2-0635,Chart,2,635,ROR,relational,org.jfree.data.general.DatasetUtilities,1579,0,0.85,0.85,4114,qwen3.6:latest
Chart-2-0636,Chart,2,636,LVR,arithmetic,org.jfree.data.general.DatasetUtilities,1586,0,0.15,0.15,3973,qwen3.6:latest
Chart-2-0637,Chart,2,637,LVR,arithmetic,org.jfree.data.general.DatasetUtilities,1593,0,0.15,0.15,4035,qwen3.6:latest
Chart-2-0638,Chart,2,638,LVR,arithmetic,org.jfree.data.general.DatasetUtilities,1593,0,0.15,0.15,3968,qwen3.6:latest
Chart-2-0639,Chart,2,639,ROR,relational,org.jfree.data.general.DatasetUtilities,1593,0,0.75,0.75,3998,qwen3.6:latest
Chart-2-0640,Chart,2,640,ROR,relational,org.jfree.data.general.DatasetUtilities,1593,0,0.75,0.75,3994,qwen3.6:latest
Chart-2-0641,Chart,2,641,ROR,relational,org.jfree.data.general.DatasetUtilities,1593,0,0.85,0.85,3996,qwen3.6:latest
Chart-2-0642,Chart,2,642,LVR,arithmetic,org.jfree.data.general.DatasetUtilities,1595,0,0.15,0.15,4014,qwen3.6:latest
Chart-2-0643,Chart,2,643,LVR,arithmetic,org.jfree.data.general.DatasetUtilities,1595,0,0.15,0.15,4005,qwen3.6:latest
Chart-2-0644,Chart,2,644,ROR,relational,org.jfree.data.general.DatasetUtilities,1595,0,0.85,0.85,4023,qwen3.6:latest
Chart-2-0645,Chart,2,645,ROR,relational,org.jfree.data.general.DatasetUtilities,1595,0,0.85,0.85,4141,qwen3.6:latest
Chart-2-0646,Chart,2,646,ROR,relational,org.jfree.data.general.DatasetUtilities,1595,0,0.85,0.85,4042,qwen3.6:latest
Chart-2-0647,Chart,2,647,COR,logical,org.jfree.data.general.DatasetUtilities,1606,0,0.85,0.85,3929,qwen3.6:latest
Chart-2-0648,Chart,2,648,COR,logical,org.jfree.data.general.DatasetUtilities,1606,0,0.75,0.75,3979,qwen3.6:latest
Chart-2-0649,Chart,2,649,STD,statement_deletion,org.jfree.data.general.DatasetUtilities,1607,0,0.15,0.15,3984,qwen3.6:latest
Chart-2-0650,Chart,2,650,ROR,relational,org.jfree.data.general.DatasetUtilities,1611,0,0.85,0.85,4000,qwen3.6:latest
Chart-2-0651,Chart,2,651,ROR,relational,org.jfree.data.general.DatasetUtilities,1611,0,0.85,0.85,4028,qwen3.6:latest
Chart-2-0652,Chart,2,652,ROR,relational,org.jfree.data.general.DatasetUtilities,1611,0,0.85,0.85,3994,qwen3.6:latest
Chart-2-0653,Chart,2,653,STD,statement_deletion,org.jfree.data.general.DatasetUtilities,1612,0,0.15,0.15,3971,qwen3.6:latest
Chart-2-0654,Chart,2,654,STD,statement_deletion,org.jfree.data.general.DatasetUtilities,1615,0,0.15,0.15,3978,qwen3.6:latest
Chart-2-0655,Chart,2,655,ROR,relational,org.jfree.data.general.DatasetUtilities,1637,0,0.85,0.85,4070,qwen3.6:latest
Chart-2-0656,Chart,2,656,LVR,arithmetic,org.jfree.data.general.DatasetUtilities,1643,0,0.85,0.85,3984,qwen3.6:latest
Chart-2-0657,Chart,2,657,LVR,arithmetic,org.jfree.data.general.DatasetUtilities,1651,1,0.15,0.15,4092,qwen3.6:latest
Chart-2-0658,Chart,2,658,LVR,arithmetic,org.jfree.data.general.DatasetUtilities,1651,1,0.15,0.15,3975,qwen3.6:latest
Chart-2-0659,Chart,2,659,ROR,relational,org.jfree.data.general.DatasetUtilities,1651,0,0.85,0.85,4138,qwen3.6:latest
Chart-2-0660,Chart,2,660,ROR,relational,org.jfree.data.general.DatasetUtilities,1651,1,0.85,0.85,4051,qwen3.6:latest
Chart-2-0661,Chart,2,661,ROR,relational,org.jfree.data.general.DatasetUtilities,1651,1,0.85,0.85,4115,qwen3.6:latest
Chart-2-0662,Chart,2,662,LVR,arithmetic,org.jfree.data.general.DatasetUtilities,1652,1,0.15,0.15,4070,qwen3.6:latest
Chart-2-0663,Chart,2,663,LVR,arithmetic,org.jfree.data.general.DatasetUtilities,1652,1,0.15,0.15,4013,qwen3.6:latest
Chart-2-0664,Chart,2,664,ROR,relational,org.jfree.data.general.DatasetUtilities,1652,0,0.85,0.85,4000,qwen3.6:latest
Chart-2-0665,Chart,2,665,ROR,relational,org.jfree.data.general.DatasetUtilities,1652,1,0.85,0.85,4005,qwen3.6:latest
Chart-2-0666,Chart,2,666,ROR,relational,org.jfree.data.general.DatasetUtilities,1652,1,0.75,0.75,4099,qwen3.6:latest
Chart-2-0667,Chart,2,667,ROR,relational,org.jfree.data.general.DatasetUtilities,1662,0,0.85,0.85,4026,qwen3.6:latest
Chart-2-0668,Chart,2,668,STD,statement_deletion,org.jfree.data.general.DatasetUtilities,1663,1,0.15,0.15,3993,qwen3.6:latest
Chart-2-0669,Chart,2,669,ROR,relational,org.jfree.data.general.DatasetUtilities,1667,1,0.85,0.85,3996,qwen3.6:latest
Chart-2-0670,Chart,2,670,ROR,relational,org.jfree.data.general.DatasetUtilities,1667,0,0.85,0.85,3975,qwen3.6:latest
Chart-2-0671,Chart,2,671,ROR,relational,org.jfree.data.general.DatasetUtilities,1667,0,0.85,0.85,3987,qwen3.6:latest
Chart-2-0672,Chart,2,672,ROR,relational,org.jfree.data.general.DatasetUtilities,1692,0,0.85,0.85,4045,qwen3.6:latest
Chart-2-0673,Chart,2,673,LVR,arithmetic,org.jfree.data.general.DatasetUtilities,1699,0,0.15,0.15,4007,qwen3.6:latest
Chart-2-0674,Chart,2,674,LVR,arithmetic,org.jfree.data.general.DatasetUtilities,1706,0,0.15,0.15,4020,qwen3.6:latest
Chart-2-0675,Chart,2,675,LVR,arithmetic,org.jfree.data.general.DatasetUtilities,1706,0,0.15,0.15,4023,qwen3.6:latest
Chart-2-0676,Chart,2,676,ROR,relational,org.jfree.data.general.DatasetUtilities,1706,0,0.85,0.85,4099,qwen3.6:latest
Chart-2-0677,Chart,2,677,ROR,relational,org.jfree.data.general.DatasetUtilities,1706,0,0.85,0.85,4113,qwen3.6:latest
Chart-2-0678,Chart,2,678,ROR,relational,org.jfree.data.general.DatasetUtilities,1706,0,0.85,0.85,4109,qwen3.6:latest
Chart-2-0679,Chart,2,679,LVR,arithmetic,org.jfree.data.general.DatasetUtilities,1708,0,0.15,0.15,4065,qwen3.6:latest
Chart-2-0680,Chart,2,680,LVR,arithmetic,org.jfree.data.general.DatasetUtilities,1708,0,0.15,0.15,4010,qwen3.6:latest
Chart-2-0681,Chart,2,681,ROR,relational,org.jfree.data.general.DatasetUtilities,1708,0,0.85,0.85,4002,qwen3.6:latest
Chart-2-0682,Chart,2,682,ROR,relational,org.jfree.data.general.DatasetUtilities,1708,0,0.75,0.75,3993,qwen3.6:latest
Chart-2-0683,Chart,2,683,ROR,relational,org.jfree.data.general.DatasetUtilities,1708,0,0.75,0.75,4105,qwen3.6:latest
Chart-2-0684,Chart,2,684,COR,logical,org.jfree.data.general.DatasetUtilities,1723,0,0.75,0.75,4013,qwen3.6:latest
Chart-2-0685,Chart,2,685,COR,logical,org.jfree.data.general.DatasetUtilities,1723,0,0.85,0.85,4121,qwen3.6:latest
Chart-2-0686,Chart,2,686,STD,statement_deletion,org.jfree.data.general.DatasetUtilities,1724,0,0.15,0.15,4027,qwen3.6:latest
Chart-2-0687,Chart,2,687,ROR,relational,org.jfree.data.general.DatasetUtilities,1729,0,0.85,0.85,4021,qwen3.6:latest
Chart-2-0688,Chart,2,688,ROR,relational,org.jfree.data.general.DatasetUtilities,1729,0,0.85,0.85,4004,qwen3.6:latest
Chart-2-0689,Chart,2,689,ROR,relational,org.jfree.data.general.DatasetUtilities,1729,0,0.85,0.85,3982,qwen3.6:latest
Chart-2-0690,Chart,2,690,ROR,relational,org.jfree.data.general.DatasetUtilities,1753,0,0.85,0.85,4061,qwen3.6:latest
Chart-2-0691,Chart,2,691,LVR,arithmetic,org.jfree.data.general.DatasetUtilities,1760,0,0.15,0.15,3958,qwen3.6:latest
Chart-2-0692,Chart,2,692,LVR,arithmetic,org.jfree.data.general.DatasetUtilities,1769,1,0.15,0.15,4067,qwen3.6:latest
Chart-2-0693,Chart,2,693,LVR,arithmetic,org.jfree.data.general.DatasetUtilities,1769,1,0.15,0.15,4047,qwen3.6:latest
Chart-2-0694,Chart,2,694,ROR,relational,org.jfree.data.general.DatasetUtilities,1769,0,0.85,0.85,4097,qwen3.6:latest
Chart-2-0695,Chart,2,695,ROR,relational,org.jfree.data.general.DatasetUtilities,1769,1,0.85,0.85,4073,qwen3.6:latest
Chart-2-0696,Chart,2,696,ROR,relational,org.jfree.data.general.DatasetUtilities,1769,1,0.85,0.85,4103,qwen3.6:latest
Chart-2-0697,Chart,2,697,LVR,arithmetic,org.jfree.data.general.DatasetUtilities,1770,0,0.85,0.85,4065,qwen3.6:latest
Chart-2-0698,Chart,2,698,LVR,arithmetic,org.jfree.data.general.DatasetUtilities,1770,1,0.15,0.15,3995,qwen3.6:latest
Chart-2-0699,Chart,2,699,ROR,relational,org.jfree.data.general.DatasetUtilities,1770,0,0.85,0.85,4001,qwen3.6:latest
Chart-2-0700,Chart,2,700,ROR,relational,org.jfree.data.general.DatasetUtilities,1770,1,0.85,0.85,4001,qwen3.6:latest
Chart-2-0701,Chart,2,701,ROR,relational,org.jfree.data.general.DatasetUtilities,1770,1,0.85,0.85,4111,qwen3.6:latest
Chart-2-0702,Chart,2,702,ROR,relational,org.jfree.data.general.DatasetUtilities,1780,0,0.85,0.85,4012,qwen3.6:latest
Chart-2-0703,Chart,2,703,STD,statement_deletion,org.jfree.data.general.DatasetUtilities,1781,1,0.15,0.15,3991,qwen3.6:latest
Chart-2-0704,Chart,2,704,ROR,relational,org.jfree.data.general.DatasetUtilities,1785,0,0.75,0.75,3990,qwen3.6:latest
Chart-2-0705,Chart,2,705,ROR,relational,org.jfree.data.general.DatasetUtilities,1785,1,0.85,0.85,4007,qwen3.6:latest
Chart-2-0706,Chart,2,706,ROR,relational,org.jfree.data.general.DatasetUtilities,1785,0,0.85,0.85,4003,qwen3.6:latest
Chart-2-0707,Chart,2,707,ROR,relational,org.jfree.data.general.DatasetUtilities,1809,0,0.85,0.85,4059,qwen3.6:latest
Chart-2-0708,Chart,2,708,LVR,arithmetic,org.jfree.data.general.DatasetUtilities,1816,0,0.15,0.15,3973,qwen3.6:latest
Chart-2-0709,Chart,2,709,LVR,arithmetic,org.jfree.data.general.DatasetUtilities,1824,0,0.15,0.15,4029,qwen3.6:latest
Chart-2-0710,Chart,2,710,LVR,arithmetic,org.jfree.data.general.DatasetUtilities,1824,0,0.85,0.85,4069,qwen3.6:latest
Chart-2-0711,Chart,2,711,ROR,relational,org.jfree.data.general.DatasetUtilities,1824,0,0.75,0.75,4112,qwen3.6:latest
Chart-2-0712,Chart,2,712,ROR,relational,org.jfree.data.general.DatasetUtilities,1824,0,0.75,0.75,4032,qwen3.6:latest
Chart-2-0713,Chart,2,713,ROR,relational,org.jfree.data.general.DatasetUtilities,1824,0,0.75,0.75,4026,qwen3.6:latest
Chart-2-0714,Chart,2,714,LVR,arithmetic,org.jfree.data.general.DatasetUtilities,1826,0,0.85,0.85,4095,qwen3.6:latest
Chart-2-0715,Chart,2,715,LVR,arithmetic,org.jfree.data.general.DatasetUtilities,1826,0,0.85,0.85,4092,qwen3.6:latest
Chart-2-0716,Chart,2,716,ROR,relational,org.jfree.data.general.DatasetUtilities,1826,0,0.85,0.85,4118,qwen3.6:latest
Chart-2-0717,Chart,2,717,ROR,relational,org.jfree.data.general.DatasetUtilities,1826,0,0.85,0.85,4054,qwen3.6:latest
Chart-2-0718,Chart,2,718,ROR,relational,org.jfree.data.general.DatasetUtilities,1826,0,0.75,0.75,4031,qwen3.6:latest
Chart-2-0719,Chart,2,719,COR,logical,org.jfree.data.general.DatasetUtilities,1840,0,0.85,0.85,3986,qwen3.6:latest
Chart-2-0720,Chart,2,720,COR,logical,org.jfree.data.general.DatasetUtilities,1840,0,0.85,0.85,3925,qwen3.6:latest
Chart-2-0721,Chart,2,721,STD,statement_deletion,org.jfree.data.general.DatasetUtilities,1841,0,0.15,0.15,3991,qwen3.6:latest
Chart-2-0722,Chart,2,722,ROR,relational,org.jfree.data.general.DatasetUtilities,1845,0,0.85,0.85,3972,qwen3.6:latest
Chart-2-0723,Chart,2,723,ROR,relational,org.jfree.data.general.DatasetUtilities,1845,0,0.85,0.85,3989,qwen3.6:latest
Chart-2-0724,Chart,2,724,ROR,relational,org.jfree.data.general.DatasetUtilities,1845,0,0.85,0.85,4011,qwen3.6:latest
Chart-2-0725,Chart,2,725,LVR,arithmetic,org.jfree.data.general.DatasetUtilities,1865,1,0.85,0.85,4045,qwen3.6:latest
Chart-2-0726,Chart,2,726,LVR,arithmetic,org.jfree.data.general.DatasetUtilities,1865,1,0.85,0.85,4005,qwen3.6:latest
Chart-2-0727,Chart,2,727,ROR,relational,org.jfree.data.general.DatasetUtilities,1879,0,0.85,0.85,4018,qwen3.6:latest
Chart-2-0728,Chart,2,728,LVR,arithmetic,org.jfree.data.general.DatasetUtilities,1886,1,0.15,0.15,4033,qwen3.6:latest
Chart-2-0729,Chart,2,729,LVR,arithmetic,org.jfree.data.general.DatasetUtilities,1886,1,0.15,0.15,4093,qwen3.6:latest
Chart-2-0730,Chart,2,730,ROR,relational,org.jfree.data.general.DatasetUtilities,1886,0,0.85,0.85,4054,qwen3.6:latest
Chart-2-0731,Chart,2,731,ROR,relational,org.jfree.data.general.DatasetUtilities,1886,1,0.85,0.85,4043,qwen3.6:latest
Chart-2-0732,Chart,2,732,ROR,relational,org.jfree.data.general.DatasetUtilities,1886,1,0.85,0.85,4098,qwen3.6:latest
Chart-2-0733,Chart,2,733,LVR,arithmetic,org.jfree.data.general.DatasetUtilities,1890,1,0.85,0.85,4072,qwen3.6:latest
Chart-2-0734,Chart,2,734,LVR,arithmetic,org.jfree.data.general.DatasetUtilities,1890,1,0.85,0.85,3999,qwen3.6:latest
Chart-2-0735,Chart,2,735,ROR,relational,org.jfree.data.general.DatasetUtilities,1890,0,0.85,0.85,4015,qwen3.6:latest
Chart-2-0736,Chart,2,736,ROR,relational,org.jfree.data.general.DatasetUtilities,1890,1,0.85,0.85,3995,qwen3.6:latest
Chart-2-0737,Chart,2,737,ROR,relational,org.jfree.data.general.DatasetUtilities,1890,1,0.85,0.85,3990,qwen3.6:latest
Chart-2-0738,Chart,2,738,ROR,relational,org.jfree.data.general.DatasetUtilities,1892,1,0.85,0.85,4000,qwen3.6:latest
Chart-2-0739,Chart,2,739,LVR,arithmetic,org.jfree.data.general.DatasetUtilities,1894,1,0.75,0.75,3978,qwen3.6:latest
Chart-2-0740,Chart,2,740,LVR,arithmetic,org.jfree.data.general.DatasetUtilities,1894,0,0.85,0.85,4006,qwen3.6:latest
Chart-2-0741,Chart,2,741,ROR,relational,org.jfree.data.general.DatasetUtilities,1894,1,0.75,0.75,4006,qwen3.6:latest
Chart-2-0742,Chart,2,742,ROR,relational,org.jfree.data.general.DatasetUtilities,1894,0,0.85,0.85,4023,qwen3.6:latest
Chart-2-0743,Chart,2,743,ROR,relational,org.jfree.data.general.DatasetUtilities,1894,1,0.85,0.85,4169,qwen3.6:latest
Chart-2-0744,Chart,2,744,AOR,arithmetic,org.jfree.data.general.DatasetUtilities,1895,1,0.85,0.85,3995,qwen3.6:latest
Chart-2-0745,Chart,2,745,AOR,arithmetic,org.jfree.data.general.DatasetUtilities,1895,1,0.85,0.85,3995,qwen3.6:latest
Chart-2-0746,Chart,2,746,AOR,arithmetic,org.jfree.data.general.DatasetUtilities,1895,1,0.85,0.85,3993,qwen3.6:latest
Chart-2-0747,Chart,2,747,AOR,arithmetic,org.jfree.data.general.DatasetUtilities,1895,1,0.85,0.85,3997,qwen3.6:latest
Chart-2-0748,Chart,2,748,STD,statement_deletion,org.jfree.data.general.DatasetUtilities,1895,1,0.15,0.15,3997,qwen3.6:latest
Chart-2-0749,Chart,2,749,LVR,arithmetic,org.jfree.data.general.DatasetUtilities,1897,0,0.85,0.85,3975,qwen3.6:latest
Chart-2-0750,Chart,2,750,LVR,arithmetic,org.jfree.data.general.DatasetUtilities,1897,1,0.85,0.85,4003,qwen3.6:latest
Chart-2-0751,Chart,2,751,ROR,relational,org.jfree.data.general.DatasetUtilities,1897,1,0.85,0.85,4067,qwen3.6:latest
Chart-2-0752,Chart,2,752,ROR,relational,org.jfree.data.general.DatasetUtilities,1897,0,0.85,0.85,4094,qwen3.6:latest
Chart-2-0753,Chart,2,753,ROR,relational,org.jfree.data.general.DatasetUtilities,1897,1,0.85,0.85,3998,qwen3.6:latest
Chart-2-0754,Chart,2,754,AOR,arithmetic,org.jfree.data.general.DatasetUtilities,1898,1,0.85,0.85,4002,qwen3.6:latest
Chart-2-0755,Chart,2,755,AOR,arithmetic,org.jfree.data.general.DatasetUtilities,1898,1,0.85,0.85,4010,qwen3.6:latest
Chart-2-0756,Chart,2,756,AOR,arithmetic,org.jfree.data.general.DatasetUtilities,1898,1,0.85,0.85,3990,qwen3.6:latest
Chart-2-0757,Chart,2,757,AOR,arithmetic,org.jfree.data.general.DatasetUtilities,1898,1,0.85,0.85,4029,qwen3.6:latest
Chart-2-0758,Chart,2,758,STD,statement_deletion,org.jfree.data.general.DatasetUtilities,1898,1,0.15,0.15,3987,qwen3.6:latest
Chart-2-0759,Chart,2,759,STD,statement_deletion,org.jfree.data.general.DatasetUtilities,1903,1,0.15,0.15,3982,qwen3.6:latest
Chart-2-0760,Chart,2,760,STD,statement_deletion,org.jfree.data.general.DatasetUtilities,1904,1,0.15,0.15,3988,qwen3.6:latest
Chart-2-0761,Chart,2,761,ROR,relational,org.jfree.data.general.DatasetUtilities,1906,0,0.85,0.85,4003,qwen3.6:latest
Chart-2-0762,Chart,2,762,ROR,relational,org.jfree.data.general.DatasetUtilities,1906,1,0.85,0.85,3972,qwen3.6:latest
Chart-2-0763,Chart,2,763,ROR,relational,org.jfree.data.general.DatasetUtilities,1906,1,0.85,0.85,3993,qwen3.6:latest
Chart-2-0764,Chart,2,764,STD,statement_deletion,org.jfree.data.general.DatasetUtilities,1907,1,0.15,0.15,3995,qwen3.6:latest
Chart-2-0765,Chart,2,765,ROR,relational,org.jfree.data.general.DatasetUtilities,1925,0,0.85,0.85,4063,qwen3.6:latest
Chart-2-0766,Chart,2,766,LVR,arithmetic,org.jfree.data.general.DatasetUtilities,1928,1,0.75,0.75,4042,qwen3.6:latest
Chart-2-0767,Chart,2,767,LVR,arithmetic,org.jfree.data.general.DatasetUtilities,1933,0,0.15,0.15,3977,qwen3.6:latest
Chart-2-0768,Chart,2,768,LVR,arithmetic,org.jfree.data.general.DatasetUtilities,1933,1,0.15,0.15,3998,qwen3.6:latest
Chart-2-0769,Chart,2,769,ROR,relational,org.jfree.data.general.DatasetUtilities,1933,0,0.15,0.15,3990,qwen3.6:latest
Chart-2-0770,Chart,2,770,ROR,relational,org.jfree.data.general.DatasetUtilities,1933,1,0.85,0.85,4027,qwen3.6:latest
Chart-2-0771,Chart,2,771,ROR,relational,org.jfree.data.general.DatasetUtilities,1933,1,0.15,0.15,3970,qwen3.6:latest
Chart-2-0772,Chart,2,772,STD,statement_deletion,org.jfree.data.general.DatasetUtilities,1934,1,0.15,0.15,4003,qwen3.6:latest
Chart-2-0773,Chart,2,773,LVR,arithmetic,org.jfree.data.general.DatasetUtilities,1944,1,0.85,0.85,4013,qwen3.6:latest
Chart-2-0774,Chart,2,774,LVR,arithmetic,org.jfree.data.general.DatasetUtilities,1944,1,0.15,0.15,4011,qwen3.6:latest
Chart-2-0775,Chart,2,775,ROR,relational,org.jfree.data.general.DatasetUtilities,1944,0,0.85,0.85,4034,qwen3.6:latest
Chart-2-0776,Chart,2,776,ROR,relational,org.jfree.data.general.DatasetUtilities,1944,1,0.85,0.85,4096,qwen3.6:latest
Chart-2-0777,Chart,2,777,ROR,relational,org.jfree.data.general.DatasetUtilities,1944,1,0.85,0.85,4054,qwen3.6:latest
Chart-2-0778,Chart,2,778,LVR,arithmetic,org.jfree.data.general.DatasetUtilities,1948,1,0.85,0.85,3994,qwen3.6:latest
Chart-2-0779,Chart,2,779,LVR,arithmetic,org.jfree.data.general.DatasetUtilities,1948,1,0.85,0.85,4001,qwen3.6:latest
Chart-2-0780,Chart,2,780,ROR,relational,org.jfree.data.general.DatasetUtilities,1948,0,0.85,0.85,4023,qwen3.6:latest
Chart-2-0781,Chart,2,781,ROR,relational,org.jfree.data.general.DatasetUtilities,1948,1,0.85,0.85,4139,qwen3.6:latest
Chart-2-0782,Chart,2,782,ROR,relational,org.jfree.data.general.DatasetUtilities,1948,1,0.85,0.85,4166,qwen3.6:latest
Chart-2-0783,Chart,2,783,ROR,relational,org.jfree.data.general.DatasetUtilities,1950,1,0.85,0.85,4091,qwen3.6:latest
Chart-2-0784,Chart,2,784,LVR,arithmetic,org.jfree.data.general.DatasetUtilities,1951,1,0.85,0.85,4128,qwen3.6:latest
Chart-2-0785,Chart,2,785,STD,statement_deletion,org.jfree.data.general.DatasetUtilities,1951,1,0.15,0.15,4052,qwen3.6:latest
Chart-2-0786,Chart,2,786,LVR,arithmetic,org.jfree.data.general.DatasetUtilities,1953,1,0.85,0.85,4142,qwen3.6:latest
Chart-2-0787,Chart,2,787,LVR,arithmetic,org.jfree.data.general.DatasetUtilities,1953,0,0.85,0.85,4075,qwen3.6:latest
Chart-2-0788,Chart,2,788,ROR,relational,org.jfree.data.general.DatasetUtilities,1953,1,0.85,0.85,4142,qwen3.6:latest
Chart-2-0789,Chart,2,789,ROR,relational,org.jfree.data.general.DatasetUtilities,1953,0,0.85,0.85,4041,qwen3.6:latest
Chart-2-0790,Chart,2,790,ROR,relational,org.jfree.data.general.DatasetUtilities,1953,1,0.85,0.85,4097,qwen3.6:latest
Chart-2-0791,Chart,2,791,AOR,arithmetic,org.jfree.data.general.DatasetUtilities,1955,1,0.85,0.85,4042,qwen3.6:latest
Chart-2-0792,Chart,2,792,AOR,arithmetic,org.jfree.data.general.DatasetUtilities,1955,1,0.85,0.85,4012,qwen3.6:latest
Chart-2-0793,Chart,2,793,AOR,arithmetic,org.jfree.data.general.DatasetUtilities,1955,1,0.85,0.85,4124,qwen3.6:latest
Chart-2-0794,Chart,2,794,AOR,arithmetic,org.jfree.data.general.DatasetUtilities,1955,1,0.85,0.85,4054,qwen3.6:latest
Chart-2-0795,Chart,2,795,STD,statement_deletion,org.jfree.data.general.DatasetUtilities,1954,1,0.15,0.15,4027,qwen3.6:latest
Chart-2-0796,Chart,2,796,LVR,arithmetic,org.jfree.data.general.DatasetUtilities,1957,0,0.85,0.85,3953,qwen3.6:latest
Chart-2-0797,Chart,2,797,LVR,arithmetic,org.jfree.data.general.DatasetUtilities,1957,0,0.85,0.85,3991,qwen3.6:latest
Chart-2-0798,Chart,2,798,ROR,relational,org.jfree.data.general.DatasetUtilities,1957,1,0.85,0.85,4016,qwen3.6:latest
Chart-2-0799,Chart,2,799,ROR,relational,org.jfree.data.general.DatasetUtilities,1957,0,0.85,0.85,4075,qwen3.6:latest
Chart-2-0800,Chart,2,800,ROR,relational,org.jfree.data.general.DatasetUtilities,1957,1,0.85,0.85,3928,qwen3.6:latest
Chart-2-0801,Chart,2,801,AOR,arithmetic,org.jfree.data.general.DatasetUtilities,1959,1,0.85,0.85,4025,qwen3.6:latest
Chart-2-0802,Chart,2,802,AOR,arithmetic,org.jfree.data.general.DatasetUtilities,1959,1,0.85,0.85,4002,qwen3.6:latest
Chart-2-0803,Chart,2,803,AOR,arithmetic,org.jfree.data.general.DatasetUtilities,1959,1,0.85,0.85,4008,qwen3.6:latest
Chart-2-0804,Chart,2,804,AOR,arithmetic,org.jfree.data.general.DatasetUtilities,1959,1,0.85,0.85,3986,qwen3.6:latest
Chart-2-0805,Chart,2,805,STD,statement_deletion,org.jfree.data.general.DatasetUtilities,1958,1,0.15,0.15,4002,qwen3.6:latest
Chart-2-0806,Chart,2,806,LVR,arithmetic,org.jfree.data.general.DatasetUtilities,1964,1,0.75,0.75,3997,qwen3.6:latest
Chart-2-0807,Chart,2,807,LVR,arithmetic,org.jfree.data.general.DatasetUtilities,1964,1,0.75,0.75,4018,qwen3.6:latest
Chart-2-0808,Chart,2,808,ROR,relational,org.jfree.data.general.DatasetUtilities,1964,0,0.75,0.75,4085,qwen3.6:latest
Chart-2-0809,Chart,2,809,ROR,relational,org.jfree.data.general.DatasetUtilities,1964,1,0.75,0.75,4103,qwen3.6:latest
Chart-2-0810,Chart,2,810,ROR,relational,org.jfree.data.general.DatasetUtilities,1964,1,0.75,0.75,3989,qwen3.6:latest
Chart-2-0811,Chart,2,811,STD,statement_deletion,org.jfree.data.general.DatasetUtilities,1965,1,0.15,0.15,3992,qwen3.6:latest
Chart-2-0812,Chart,2,812,STD,statement_deletion,org.jfree.data.general.DatasetUtilities,1966,1,0.15,0.15,4047,qwen3.6:latest
Chart-2-0813,Chart,2,813,COR,logical,org.jfree.data.general.DatasetUtilities,1969,1,0.85,0.85,4069,qwen3.6:latest
Chart-2-0814,Chart,2,814,COR,logical,org.jfree.data.general.DatasetUtilities,1969,1,0.75,0.75,4082,qwen3.6:latest
Chart-2-0815,Chart,2,815,LVR,arithmetic,org.jfree.data.general.DatasetUtilities,1970,1,0.85,0.85,4038,qwen3.6:latest
Chart-2-0816,Chart,2,816,LVR,arithmetic,org.jfree.data.general.DatasetUtilities,1970,1,0.85,0.85,4062,qwen3.6:latest
Chart-2-0817,Chart,2,817,ROR,relational,org.jfree.data.general.DatasetUtilities,1970,0,0.85,0.85,4082,qwen3.6:latest
Chart-2-0818,Chart,2,818,ROR,relational,org.jfree.data.general.DatasetUtilities,1970,1,0.85,0.85,4008,qwen3.6:latest
Chart-2-0819,Chart,2,819,ROR,relational,org.jfree.data.general.DatasetUtilities,1970,1,0.85,0.85,3990,qwen3.6:latest
Chart-2-0820,Chart,2,820,STD,statement_deletion,org.jfree.data.general.DatasetUtilities,1971,1,0.15,0.15,3966,qwen3.6:latest
Chart-2-0821,Chart,2,821,ROR,relational,org.jfree.data.general.DatasetUtilities,1989,0,0.85,0.85,4091,qwen3.6:latest
Chart-2-0822,Chart,2,822,LVR,arithmetic,org.jfree.data.general.DatasetUtilities,1993,1,0.85,0.85,4075,qwen3.6:latest
Chart-2-0823,Chart,2,823,LVR,arithmetic,org.jfree.data.general.DatasetUtilities,1994,0,0.85,0.85,4100,qwen3.6:latest
Chart-2-0824,Chart,2,824,LVR,arithmetic,org.jfree.data.general.DatasetUtilities,1994,1,0.85,0.85,4146,qwen3.6:latest
Chart-2-0825,Chart,2,825,LVR,arithmetic,org.jfree.data.general.DatasetUtilities,1996,1,0.15,0.15,4019,qwen3.6:latest
Chart-2-0826,Chart,2,826,LVR,arithmetic,org.jfree.data.general.DatasetUtilities,1996,1,0.15,0.15,4007,qwen3.6:latest
Chart-2-0827,Chart,2,827,ROR,relational,org.jfree.data.general.DatasetUtilities,1996,0,0.85,0.85,4017,qwen3.6:latest
Chart-2-0828,Chart,2,828,ROR,relational,org.jfree.data.general.DatasetUtilities,1996,1,0.85,0.85,4102,qwen3.6:latest
Chart-2-0829,Chart,2,829,ROR,relational,org.jfree.data.general.DatasetUtilities,1996,1,0.85,0.85,4061,qwen3.6:latest
Chart-2-0830,Chart,2,830,LVR,arithmetic,org.jfree.data.general.DatasetUtilities,1997,1,0.85,0.85,4022,qwen3.6:latest
Chart-2-0831,Chart,2,831,LVR,arithmetic,org.jfree.data.general.DatasetUtilities,1997,1,0.15,0.15,4115,qwen3.6:latest
Chart-2-0832,Chart,2,832,LVR,arithmetic,org.jfree.data.general.DatasetUtilities,1999,1,0.15,0.15,4066,qwen3.6:latest
Chart-2-0833,Chart,2,833,LVR,arithmetic,org.jfree.data.general.DatasetUtilities,1999,1,0.85,0.85,4156,qwen3.6:latest
Chart-2-0834,Chart,2,834,ROR,relational,org.jfree.data.general.DatasetUtilities,1999,0,0.75,0.75,4045,qwen3.6:latest
Chart-2-0835,Chart,2,835,ROR,relational,org.jfree.data.general.DatasetUtilities,1999,1,0.75,0.75,4022,qwen3.6:latest
Chart-2-0836,Chart,2,836,ROR,relational,org.jfree.data.general.DatasetUtilities,1999,1,0.85,0.85,4104,qwen3.6:latest
Chart-2-0837,Chart,2,837,ROR,relational,org.jfree.data.general.DatasetUtilities,2001,0,0.75,0.75,4065,qwen3.6:latest
Chart-2-0838,Chart,2,838,LVR,arithmetic,org.jfree.data.general.DatasetUtilities,2002,1,0.15,0.15,3995,qwen3.6:latest
Chart-2-0839,Chart,2,839,STD,statement_deletion,org.jfree.data.general.DatasetUtilities,2002,1,0.15,0.15,3982,qwen3.6:latest
Chart-2-0840,Chart,2,840,LVR,arithmetic,org.jfree.data.general.DatasetUtilities,2004,0,0.15,0.15,4007,qwen3.6:latest
Chart-2-0841,Chart,2,841,LVR,arithmetic,org.jfree.data.general.DatasetUtilities,2004,1,0.75,0.75,4044,qwen3.6:latest
Chart-2-0842,Chart,2,842,ROR,relational,org.jfree.data.general.DatasetUtilities,2004,1,0.15,0.15,4091,qwen3.6:latest
Chart-2-0843,Chart,2,843,ROR,relational,org.jfree.data.general.DatasetUtilities,2004,0,0.75,0.75,4051,qwen3.6:latest
Chart-2-0844,Chart,2,844,ROR,relational,org.jfree.data.general.DatasetUtilities,2004,1,0.15,0.15,3994,qwen3.6:latest
Chart-2-0845,Chart,2,845,AOR,arithmetic,org.jfree.data.general.DatasetUtilities,2005,1,0.85,0.85,3993,qwen3.6:latest
Chart-2-0846,Chart,2,846,AOR,arithmetic,org.jfree.data.general.DatasetUtilities,2005,1,0.85,0.85,4013,qwen3.6:latest
Chart-2-0847,Chart,2,847,AOR,arithmetic,org.jfree.data.general.DatasetUtilities,2005,1,0.85,0.85,3995,qwen3.6:latest
Chart-2-0848,Chart,2,848,AOR,arithmetic,org.jfree.data.general.DatasetUtilities,2005,1,0.85,0.85,4093,qwen3.6:latest
Chart-2-0849,Chart,2,849,STD,statement_deletion,org.jfree.data.general.DatasetUtilities,2005,1,0.15,0.15,4108,qwen3.6:latest
Chart-2-0850,Chart,2,850,STD,statement_deletion,org.jfree.data.general.DatasetUtilities,2010,1,0.15,0.15,3950,qwen3.6:latest
Chart-2-0851,Chart,2,851,COR,logical,org.jfree.data.general.DatasetUtilities,2012,1,0.15,0.15,3965,qwen3.6:latest
Chart-2-0852,Chart,2,852,COR,logical,org.jfree.data.general.DatasetUtilities,2012,1,0.15,0.15,3991,qwen3.6:latest
Chart-2-0853,Chart,2,853,STD,statement_deletion,org.jfree.data.general.DatasetUtilities,2013,1,0.15,0.15,4007,qwen3.6:latest
Chart-2-0854,Chart,2,854,ROR,relational,org.jfree.data.general.DatasetUtilities,2029,0,0.85,0.85,4063,qwen3.6:latest
Chart-2-0855,Chart,2,855,LVR,arithmetic,org.jfree.data.general.DatasetUtilities,2033,1,0.85,0.85,4042,qwen3.6:latest
Chart-2-0856,Chart,2,856,LVR,arithmetic,org.jfree.data.general.DatasetUtilities,2034,1,0.85,0.85,4011,qwen3.6:latest
Chart-2-0857,Chart,2,857,LVR,arithmetic,org.jfree.data.general.DatasetUtilities,2034,0,0.85,0.85,4127,qwen3.6:latest
Chart-2-0858,Chart,2,858,LVR,arithmetic,org.jfree.data.general.DatasetUtilities,2036,1,0.85,0.85,4051,qwen3.6:latest
Chart-2-0859,Chart,2,859,LVR,arithmetic,org.jfree.data.general.DatasetUtilities,2036,1,0.15,0.15,3989,qwen3.6:latest
Chart-2-0860,Chart,2,860,ROR,relational,org.jfree.data.general.DatasetUtilities,2036,0,0.85,0.85,3995,qwen3.6:latest
Chart-2-0861,Chart,2,861,ROR,relational,org.jfree.data.general.DatasetUtilities,2036,1,0.85,0.85,4119,qwen3.6:latest
Chart-2-0862,Chart,2,862,ROR,relational,org.jfree.data.general.DatasetUtilities,2036,1,0.85,0.85,4094,qwen3.6:latest
Chart-2-0863,Chart,2,863,LVR,arithmetic,org.jfree.data.general.DatasetUtilities,2037,1,0.15,0.15,4002,qwen3.6:latest
Chart-2-0864,Chart,2,864,LVR,arithmetic,org.jfree.data.general.DatasetUtilities,2037,1,0.15,0.15,4090,qwen3.6:latest
Chart-2-0865,Chart,2,865,LVR,arithmetic,org.jfree.data.general.DatasetUtilities,2039,1,0.15,0.15,4072,qwen3.6:latest
Chart-2-0866,Chart,2,866,LVR,arithmetic,org.jfree.data.general.DatasetUtilities,2039,1,0.15,0.15,4015,qwen3.6:latest
Chart-2-0867,Chart,2,867,ROR,relational,org.jfree.data.general.DatasetUtilities,2039,0,0.75,0.75,3999,qwen3.6:latest
Chart-2-0868,Chart,2,868,ROR,relational,org.jfree.data.general.DatasetUtilities,2039,1,0.85,0.85,3996,qwen3.6:latest
Chart-2-0869,Chart,2,869,ROR,relational,org.jfree.data.general.DatasetUtilities,2039,1,0.85,0.85,3994,qwen3.6:latest
Chart-2-0870,Chart,2,870,ROR,relational,org.jfree.data.general.DatasetUtilities,2041,0,0.75,0.75,4013,qwen3.6:latest
Chart-2-0871,Chart,2,871,LVR,arithmetic,org.jfree.data.general.DatasetUtilities,2042,1,0.15,0.15,3988,qwen3.6:latest
Chart-2-0872,Chart,2,872,STD,statement_deletion,org.jfree.data.general.DatasetUtilities,2042,1,0.15,0.15,3974,qwen3.6:latest
Chart-2-0873,Chart,2,873,LVR,arithmetic,org.jfree.data.general.DatasetUtilities,2044,1,0.85,0.85,3981,qwen3.6:latest
Chart-2-0874,Chart,2,874,LVR,arithmetic,org.jfree.data.general.DatasetUtilities,2044,0,0.85,0.85,3985,qwen3.6:latest
Chart-2-0875,Chart,2,875,ROR,relational,org.jfree.data.general.DatasetUtilities,2044,1,0.85,0.85,4007,qwen3.6:latest
Chart-2-0876,Chart,2,876,ROR,relational,org.jfree.data.general.DatasetUtilities,2044,0,0.85,0.85,4004,qwen3.6:latest
Chart-2-0877,Chart,2,877,ROR,relational,org.jfree.data.general.DatasetUtilities,2044,1,0.85,0.85,4010,qwen3.6:latest
Chart-2-0878,Chart,2,878,AOR,arithmetic,org.jfree.data.general.DatasetUtilities,2045,1,0.85,0.85,3977,qwen3.6:latest
Chart-2-0879,Chart,2,879,AOR,arithmetic,org.jfree.data.general.DatasetUtilities,2045,1,0.85,0.85,4005,qwen3.6:latest
Chart-2-0880,Chart,2,880,AOR,arithmetic,org.jfree.data.general.DatasetUtilities,2045,1,0.85,0.85,4016,qwen3.6:latest
Chart-2-0881,Chart,2,881,AOR,arithmetic,org.jfree.data.general.DatasetUtilities,2045,1,0.85,0.85,4030,qwen3.6:latest
Chart-2-0882,Chart,2,882,STD,statement_deletion,org.jfree.data.general.DatasetUtilities,2045,1,0.15,0.15,4172,qwen3.6:latest
Chart-2-0883,Chart,2,883,STD,statement_deletion,org.jfree.data.general.DatasetUtilities,2049,1,0.15,0.15,3940,qwen3.6:latest
Chart-2-0884,Chart,2,884,COR,logical,org.jfree.data.general.DatasetUtilities,2051,1,0.85,0.85,3965,qwen3.6:latest
Chart-2-0885,Chart,2,885,COR,logical,org.jfree.data.general.DatasetUtilities,2051,1,0.85,0.85,4001,qwen3.6:latest
Chart-2-0886,Chart,2,886,STD,statement_deletion,org.jfree.data.general.DatasetUtilities,2052,1,0.15,0.15,4002,qwen3.6:latest
Chart-2-0887,Chart,2,887,LVR,arithmetic,org.jfree.data.general.DatasetUtilities,2066,1,0.85,0.85,4054,qwen3.6:latest
Chart-2-0888,Chart,2,888,LVR,arithmetic,org.jfree.data.general.DatasetUtilities,2066,1,0.85,0.85,4016,qwen3.6:latest
Chart-2-0889,Chart,2,889,ROR,relational,org.jfree.data.general.DatasetUtilities,2080,0,0.75,0.75,4057,qwen3.6:latest
Chart-2-0890,Chart,2,890,LVR,arithmetic,org.jfree.data.general.DatasetUtilities,2085,1,0.15,0.15,4076,qwen3.6:latest
Chart-2-0891,Chart,2,891,LVR,arithmetic,org.jfree.data.general.DatasetUtilities,2085,1,0.85,0.85,4079,qwen3.6:latest
Chart-2-0892,Chart,2,892,ROR,relational,org.jfree.data.general.DatasetUtilities,2085,0,0.85,0.85,4020,qwen3.6:latest
Chart-2-0893,Chart,2,893,ROR,relational,org.jfree.data.general.DatasetUtilities,2085,1,0.85,0.85,3994,qwen3.6:latest
Chart-2-0894,Chart,2,894,ROR,relational,org.jfree.data.general.DatasetUtilities,2085,1,0.85,0.85,4001,qwen3.6:latest
Chart-2-0895,Chart,2,895,LVR,arithmetic,org.jfree.data.general.DatasetUtilities,2089,1,0.15,0.15,4128,qwen3.6:latest
Chart-2-0896,Chart,2,896,LVR,arithmetic,org.jfree.data.general.DatasetUtilities,2089,1,0.15,0.15,4062,qwen3.6:latest
Chart-2-0897,Chart,2,897,ROR,relational,org.jfree.data.general.DatasetUtilities,2089,0,0.75,0.75,4129,qwen3.6:latest
Chart-2-0898,Chart,2,898,ROR,relational,org.jfree.data.general.DatasetUtilities,2089,1,0.85,0.85,4042,qwen3.6:latest
Chart-2-0899,Chart,2,899,ROR,relational,org.jfree.data.general.DatasetUtilities,2089,1,0.85,0.85,4008,qwen3.6:latest
Chart-2-0900,Chart,2,900,COR,logical,org.jfree.data.general.DatasetUtilities,2091,0,0.75,0.75,3998,qwen3.6:latest
Chart-2-0901,Chart,2,901,COR,logical,org.jfree.data.general.DatasetUtilities,2091,1,0.15,0.15,4005,qwen3.6:latest
Chart-2-0902,Chart,2,902,LVR,arithmetic,org.jfree.data.general.DatasetUtilities,2092,1,0.85,0.85,3966,qwen3.6:latest
Chart-2-0903,Chart,2,903,LVR,arithmetic,org.jfree.data.general.DatasetUtilities,2092,0,0.85,0.85,3985,qwen3.6:latest
Chart-2-0904,Chart,2,904,ROR,relational,org.jfree.data.general.DatasetUtilities,2092,1,0.85,0.85,4019,qwen3.6:latest
Chart-2-0905,Chart,2,905,ROR,relational,org.jfree.data.general.DatasetUtilities,2092,0,0.75,0.75,4011,qwen3.6:latest
Chart-2-0906,Chart,2,906,ROR,relational,org.jfree.data.general.DatasetUtilities,2092,1,0.85,0.85,3997,qwen3.6:latest
Chart-2-0907,Chart,2,907,STD,statement_deletion,org.jfree.data.general.DatasetUtilities,2093,1,0.15,0.15,3988,qwen3.6:latest
Chart-2-0908,Chart,2,908,STD,statement_deletion,org.jfree.data.general.DatasetUtilities,2096,1,0.15,0.15,3943,qwen3.6:latest
Chart-2-0909,Chart,2,909,ROR,relational,org.jfree.data.general.DatasetUtilities,2100,0,0.85,0.85,3980,qwen3.6:latest
Chart-2-0910,Chart,2,910,ROR,relational,org.jfree.data.general.DatasetUtilities,2100,0,0.75,0.75,4002,qwen3.6:latest
Chart-2-0911,Chart,2,911,ROR,relational,org.jfree.data.general.DatasetUtilities,2100,1,0.85,0.85,4011,qwen3.6:latest
Chart-2-0912,Chart,2,912,STD,statement_deletion,org.jfree.data.general.DatasetUtilities,2101,1,0.15,0.15,4004,qwen3.6:latest
Chart-2-0913,Chart,2,913,ROR,relational,org.jfree.data.general.DatasetUtilities,2103,1,0.85,0.85,3985,qwen3.6:latest
Chart-2-0914,Chart,2,914,ROR,relational,org.jfree.data.general.DatasetUtilities,2103,0,0.85,0.85,3995,qwen3.6:latest
Chart-2-0915,Chart,2,915,ROR,relational,org.jfree.data.general.DatasetUtilities,2103,1,0.85,0.85,3985,qwen3.6:latest
Chart-2-0916,Chart,2,916,STD,statement_deletion,org.jfree.data.general.DatasetUtilities,2104,1,0.15,0.15,4001,qwen3.6:latest
Chart-2-0917,Chart,2,917,ROR,relational,org.jfree.data.general.DatasetUtilities,2107,1,0.85,0.85,3996,qwen3.6:latest
Chart-2-0918,Chart,2,918,ROR,relational,org.jfree.data.general.DatasetUtilities,2107,1,0.85,0.85,4005,qwen3.6:latest
Chart-2-0919,Chart,2,919,ROR,relational,org.jfree.data.general.DatasetUtilities,2107,0,0.85,0.85,3999,qwen3.6:latest
Chart-2-0920,Chart,2,920,LVR,arithmetic,org.jfree.data.general.DatasetUtilities,2127,0,0.85,0.85,4073,qwen3.6:latest
Chart-2-0921,Chart,2,921,LVR,arithmetic,org.jfree.data.general.DatasetUtilities,2127,0,0.85,0.85,4021,qwen3.6:latest
Chart-2-0922,Chart,2,922,LVR,arithmetic,org.jfree.data.general.DatasetUtilities,2129,0,0.85,0.85,4085,qwen3.6:latest
Chart-2-0923,Chart,2,923,LVR,arithmetic,org.jfree.data.general.DatasetUtilities,2129,0,0.85,0.85,4107,qwen3.6:latest
Chart-2-0924,Chart,2,924,ROR,relational,org.jfree.data.general.DatasetUtilities,2129,0,0.85,0.85,3982,qwen3.6:latest
Chart-2-0925,Chart,2,925,ROR,relational,org.jfree.data.general.DatasetUtilities,2129,0,0.85,0.85,3991,qwen3.6:latest
Chart-2-0926,Chart,2,926,ROR,relational,org.jfree.data.general.DatasetUtilities,2129,0,0.85,0.85,3994,qwen3.6:latest
Chart-2-0927,Chart,2,927,COR,logical,org.jfree.data.general.DatasetUtilities,2131,0,0.85,0.85,3977,qwen3.6:latest
Chart-2-0928,Chart,2,928,COR,logical,org.jfree.data.general.DatasetUtilities,2131,0,0.85,0.85,4018,qwen3.6:latest
Chart-2-0929,Chart,2,929,AOR,arithmetic,org.jfree.data.general.DatasetUtilities,2132,0,0.85,0.85,3991,qwen3.6:latest
Chart-2-0930,Chart,2,930,AOR,arithmetic,org.jfree.data.general.DatasetUtilities,2132,0,0.95,0.95,3979,qwen3.6:latest
Chart-2-0931,Chart,2,931,AOR,arithmetic,org.jfree.data.general.DatasetUtilities,2132,0,0.85,0.85,4007,qwen3.6:latest
Chart-2-0932,Chart,2,932,AOR,arithmetic,org.jfree.data.general.DatasetUtilities,2132,0,0.85,0.85,3997,qwen3.6:latest
Chart-2-0933,Chart,2,933,STD,statement_deletion,org.jfree.data.general.DatasetUtilities,2132,0,0.15,0.15,3999,qwen3.6:latest
Chart-2-0934,Chart,2,934,ROR,relational,org.jfree.data.general.DatasetUtilities,2149,0,0.85,0.85,4020,qwen3.6:latest
Chart-2-0935,Chart,2,935,LVR,arithmetic,org.jfree.data.general.DatasetUtilities,2152,0,0.75,0.75,4023,qwen3.6:latest
Chart-2-0936,Chart,2,936,LVR,arithmetic,org.jfree.data.general.DatasetUtilities,2154,1,0.85,0.85,4017,qwen3.6:latest
Chart-2-0937,Chart,2,937,LVR,arithmetic,org.jfree.data.general.DatasetUtilities,2154,1,0.85,0.85,3998,qwen3.6:latest
Chart-2-0938,Chart,2,938,LVR,arithmetic,org.jfree.data.general.DatasetUtilities,2155,0,0.85,0.85,4089,qwen3.6:latest
Chart-2-0939,Chart,2,939,LVR,arithmetic,org.jfree.data.general.DatasetUtilities,2155,0,0.85,0.85,4133,qwen3.6:latest
Chart-2-0940,Chart,2,940,LVR,arithmetic,org.jfree.data.general.DatasetUtilities,2156,1,0.85,0.85,4104,qwen3.6:latest
Chart-2-0941,Chart,2,941,LVR,arithmetic,org.jfree.data.general.DatasetUtilities,2156,1,0.85,0.85,4050,qwen3.6:latest
Chart-2-0942,Chart,2,942,ROR,relational,org.jfree.data.general.DatasetUtilities,2156,0,0.85,0.85,4002,qwen3.6:latest
Chart-2-0943,Chart,2,943,ROR,relational,org.jfree.data.general.DatasetUtilities,2156,1,0.85,0.85,4011,qwen3.6:latest
Chart-2-0944,Chart,2,944,ROR,relational,org.jfree.data.general.DatasetUtilities,2156,1,0.85,0.85,3999,qwen3.6:latest
Chart-2-0945,Chart,2,945,LVR,arithmetic,org.jfree.data.general.DatasetUtilities,2157,1,0.75,0.75,4113,qwen3.6:latest
Chart-2-0946,Chart,2,946,LVR,arithmetic,org.jfree.data.general.DatasetUtilities,2157,1,0.75,0.75,4053,qwen3.6:latest
Chart-2-0947,Chart,2,947,LVR,arithmetic,org.jfree.data.general.DatasetUtilities,2158,1,0.85,0.85,4046,qwen3.6:latest
Chart-2-0948,Chart,2,948,LVR,arithmetic,org.jfree.data.general.DatasetUtilities,2158,1,0.15,0.15,4105,qwen3.6:latest
Chart-2-0949,Chart,2,949,LVR,arithmetic,org.jfree.data.general.DatasetUtilities,2158,1,0.85,0.85,4049,qwen3.6:latest
Chart-2-0950,Chart,2,950,LVR,arithmetic,org.jfree.data.general.DatasetUtilities,2158,1,0.15,0.15,4015,qwen3.6:latest
Chart-2-0951,Chart,2,951,AOR,arithmetic,org.jfree.data.general.DatasetUtilities,2158,1,0.75,0.75,3994,qwen3.6:latest
Chart-2-0952,Chart,2,952,AOR,arithmetic,org.jfree.data.general.DatasetUtilities,2158,1,0.85,0.85,4031,qwen3.6:latest
Chart-2-0953,Chart,2,953,AOR,arithmetic,org.jfree.data.general.DatasetUtilities,2158,1,0.85,0.85,4097,qwen3.6:latest
Chart-2-0954,Chart,2,954,AOR,arithmetic,org.jfree.data.general.DatasetUtilities,2158,1,0.85,0.85,4124,qwen3.6:latest
Chart-2-0955,Chart,2,955,ROR,relational,org.jfree.data.general.DatasetUtilities,2158,1,0.85,0.85,4089,qwen3.6:latest
Chart-2-0956,Chart,2,956,ROR,relational,org.jfree.data.general.DatasetUtilities,2158,1,0.85,0.85,4051,qwen3.6:latest
Chart-2-0957,Chart,2,957,ROR,relational,org.jfree.data.general.DatasetUtilities,2158,1,0.85,0.85,4102,qwen3.6:latest
Chart-2-0958,Chart,2,958,ROR,relational,org.jfree.data.general.DatasetUtilities,2161,0,0.85,0.85,4077,qwen3.6:latest
Chart-2-0959,Chart,2,959,LVR,arithmetic,org.jfree.data.general.DatasetUtilities,2162,1,0.85,0.85,4003,qwen3.6:latest
Chart-2-0960,Chart,2,960,STD,statement_deletion,org.jfree.data.general.DatasetUtilities,2162,1,0.15,0.15,4006,qwen3.6:latest
Chart-2-0961,Chart,2,961,COR,logical,org.jfree.data.general.DatasetUtilities,2164,1,0.85,0.85,3981,qwen3.6:latest
Chart-2-0962,Chart,2,962,COR,logical,org.jfree.data.general.DatasetUtilities,2164,1,0.85,0.85,4053,qwen3.6:latest
Chart-2-0963,Chart,2,963,AOR,arithmetic,org.jfree.data.general.DatasetUtilities,2165,1,0.85,0.85,4062,qwen3.6:latest
Chart-2-0964,Chart,2,964,AOR,arithmetic,org.jfree.data.general.DatasetUtilities,2165,1,0.85,0.85,4019,qwen3.6:latest
Chart-2-0965,Chart,2,965,AOR,arithmetic,org.jfree.data.general.DatasetUtilities,2165,1,0.85,0.85,4011,qwen3.6:latest
Chart-2-0966,Chart,2,966,AOR,arithmetic,org.jfree.data.general.DatasetUtilities,2165,1,0.85,0.85,3997,qwen3.6:latest
Chart-2-0967,Chart,2,967,STD,statement_deletion,org.jfree.data.general.DatasetUtilities,2165,1,0.15,0.15,3999,qwen3.6:latest
Chart-2-0968,Chart,2,968,STD,statement_deletion,org.jfree.data.general.DatasetUtilities,2166,1,0.15,0.15,4013,qwen3.6:latest
Chart-2-0969,Chart,2,969,STD,statement_deletion,org.jfree.data.general.DatasetUtilities,2167,1,0.15,0.15,4017,qwen3.6:latest
Chart-2-0970,Chart,2,970,COR,logical,org.jfree.data.general.DatasetUtilities,2172,0,0.85,0.85,3958,qwen3.6:latest
Chart-2-0971,Chart,2,971,COR,logical,org.jfree.data.general.DatasetUtilities,2172,1,0.85,0.85,3966,qwen3.6:latest
Chart-20-0001,Chart,20,1,STD,statement_deletion,org.jfree.chart.plot.ValueMarker,69,1,0.15,0.15,4006,qwen3.6:latest
Chart-20-0002,Chart,20,2,LVR,arithmetic,org.jfree.chart.plot.ValueMarker,80,1,0.85,0.85,4076,qwen3.6:latest
Chart-20-0003,Chart,20,3,LVR,arithmetic,org.jfree.chart.plot.ValueMarker,80,1,0.85,0.85,4113,qwen3.6:latest
Chart-20-0004,Chart,20,4,STD,statement_deletion,org.jfree.chart.plot.ValueMarker,96,1,0.15,0.15,4071,qwen3.6:latest
Chart-20-0005,Chart,20,5,STD,statement_deletion,org.jfree.chart.plot.ValueMarker,121,1,0.15,0.15,3962,qwen3.6:latest
Chart-20-0006,Chart,20,6,STD,statement_deletion,org.jfree.chart.plot.ValueMarker,122,1,0.15,0.15,4001,qwen3.6:latest
Chart-20-0007,Chart,20,7,LVR,arithmetic,org.jfree.chart.plot.ValueMarker,142,1,0.85,0.85,4048,qwen3.6:latest
Chart-20-0008,Chart,20,8,COR,logical,org.jfree.chart.plot.ValueMarker,144,1,0.85,0.85,3961,qwen3.6:latest
Chart-20-0009,Chart,20,9,COR,logical,org.jfree.chart.plot.ValueMarker,144,1,0.85,0.85,4008,qwen3.6:latest
Chart-20-0010,Chart,20,10,LVR,arithmetic,org.jfree.chart.plot.ValueMarker,145,1,0.85,0.85,3987,qwen3.6:latest
Chart-20-0011,Chart,20,11,LVR,arithmetic,org.jfree.chart.plot.ValueMarker,148,1,0.85,0.85,3978,qwen3.6:latest
Chart-20-0012,Chart,20,12,ROR,relational,org.jfree.chart.plot.ValueMarker,151,0,0.85,0.85,3972,qwen3.6:latest
Chart-20-0013,Chart,20,13,ROR,relational,org.jfree.chart.plot.ValueMarker,151,1,0.85,0.85,3999,qwen3.6:latest
Chart-20-0014,Chart,20,14,ROR,relational,org.jfree.chart.plot.ValueMarker,151,1,0.85,0.85,4019,qwen3.6:latest
Chart-20-0015,Chart,20,15,LVR,arithmetic,org.jfree.chart.plot.ValueMarker,152,1,0.85,0.85,3985,qwen3.6:latest
Chart-20-0016,Chart,20,16,LVR,arithmetic,org.jfree.chart.plot.ValueMarker,154,1,0.85,0.85,4007,qwen3.6:latest
Chart-6-0001,Chart,6,1,STD,statement_deletion,org.jfree.chart.util.ShapeList,81,0,0.15,0.15,3979,qwen3.6:latest
Chart-6-0002,Chart,6,2,LVR,arithmetic,org.jfree.chart.util.ShapeList,106,0,0.85,0.85,3999,qwen3.6:latest
Chart-6-0003,Chart,6,3,LVR,arithmetic,org.jfree.chart.util.ShapeList,109,1,0.85,0.85,4039,qwen3.6:latest
Chart-6-0004,Chart,6,4,LVR,arithmetic,org.jfree.chart.util.ShapeList,113,1,0.85,0.85,3988,qwen3.6:latest
Chart-6-0005,Chart,6,5,LVR,arithmetic,org.jfree.chart.util.ShapeList,113,0,0.85,0.85,4016,qwen3.6:latest
Chart-6-0006,Chart,6,6,ROR,relational,org.jfree.chart.util.ShapeList,113,1,0.85,0.85,3977,qwen3.6:latest
Chart-6-0007,Chart,6,7,ROR,relational,org.jfree.chart.util.ShapeList,113,1,0.85,0.85,4010,qwen3.6:latest
Chart-6-0008,Chart,6,8,ROR,relational,org.jfree.chart.util.ShapeList,113,1,0.85,0.85,3980,qwen3.6:latest
Chart-6-0009,Chart,6,9,COR,logical,org.jfree.chart.util.ShapeList,114,1,0.85,0.85,4004,qwen3.6:latest
Chart-6-0010,Chart,6,10,COR,logical,org.jfree.chart.util.ShapeList,114,1,0.85,0.85,3998,qwen3.6:latest
Chart-6-0011,Chart,6,11,LVR,arithmetic,org.jfree.chart.util.ShapeList,115,1,0.85,0.85,3997,qwen3.6:latest
Chart-6-0012,Chart,6,12,LVR,arithmetic,org.jfree.chart.util.ShapeList,118,1,0.85,0.85,3992,qwen3.6:latest
Chart-6-0013,Chart,6,13,STD,statement_deletion,org.jfree.chart.util.ShapeList,140,1,0.15,0.15,4017,qwen3.6:latest
Chart-6-0014,Chart,6,14,STD,statement_deletion,org.jfree.chart.util.ShapeList,142,1,0.15,0.15,4002,qwen3.6:latest
Chart-6-0015,Chart,6,15,LVR,arithmetic,org.jfree.chart.util.ShapeList,143,1,0.15,0.15,3995,qwen3.6:latest
Chart-6-0016,Chart,6,16,LVR,arithmetic,org.jfree.chart.util.ShapeList,143,1,0.15,0.15,4116,qwen3.6:latest
Chart-6-0017,Chart,6,17,ROR,relational,org.jfree.chart.util.ShapeList,143,1,0.15,0.15,4054,qwen3.6:latest
Chart-6-0018,Chart,6,18,ROR,relational,org.jfree.chart.util.ShapeList,143,0,0.75,0.75,4014,qwen3.6:latest
Chart-6-0019,Chart,6,19,ROR,relational,org.jfree.chart.util.ShapeList,143,0,0.15,0.15,3998,qwen3.6:latest
Chart-6-0020,Chart,6,20,ROR,relational,org.jfree.chart.util.ShapeList,145,0,0.85,0.85,4018,qwen3.6:latest
Chart-6-0021,Chart,6,21,STD,statement_deletion,org.jfree.chart.util.ShapeList,146,1,0.15,0.15,3977,qwen3.6:latest
Chart-6-0022,Chart,6,22,STD,statement_deletion,org.jfree.chart.util.ShapeList,147,1,0.15,0.15,4007,qwen3.6:latest
Chart-6-0023,Chart,6,23,LVR,arithmetic,org.jfree.chart.util.ShapeList,150,1,0.25,0.25,3972,qwen3.6:latest
Chart-6-0024,Chart,6,24,LVR,arithmetic,org.jfree.chart.util.ShapeList,150,0,0.25,0.25,4027,qwen3.6:latest
Chart-6-0025,Chart,6,25,STD,statement_deletion,org.jfree.chart.util.ShapeList,150,1,0.15,0.15,3951,qwen3.6:latest
Chart-6-0026,Chart,6,26,STD,statement_deletion,org.jfree.chart.util.ShapeList,167,1,0.15,0.15,4073,qwen3.6:latest
Chart-6-0027,Chart,6,27,LVR,arithmetic,org.jfree.chart.util.ShapeList,169,1,0.25,0.25,3950,qwen3.6:latest
Chart-6-0028,Chart,6,28,LVR,arithmetic,org.jfree.chart.util.ShapeList,169,1,0.25,0.25,3991,qwen3.6:latest
Chart-6-0029,Chart,6,29,ROR,relational,org.jfree.chart.util.ShapeList,169,1,0.75,0.75,4016,qwen3.6:latest
Chart-6-0030,Chart,6,30,ROR,relational,org.jfree.chart.util.ShapeList,169,1,0.75,0.75,3999,qwen3.6:latest
Chart-6-0031,Chart,6,31,ROR,relational,org.jfree.chart.util.ShapeList,169,1,0.75,0.75,4016,qwen3.6:latest
Chart-6-0032,Chart,6,32,LVR,arithmetic,org.jfree.chart.util.ShapeList,171,1,0.2,0.2,3961,qwen3.6:latest
Chart-6-0033,Chart,6,33,LVR,arithmetic,org.jfree.chart.util.ShapeList,171,1,0.2,0.2,3983,qwen3.6:latest
Chart-6-0034,Chart,6,34,ROR,relational,org.jfree.chart.util.ShapeList,171,1,0.75,0.75,4102,qwen3.6:latest
Chart-6-0035,Chart,6,35,ROR,relational,org.jfree.chart.util.ShapeList,171,1,0.75,0.75,4052,qwen3.6:latest
Chart-6-0036,Chart,6,36,ROR,relational,org.jfree.chart.util.ShapeList,171,1,0.85,0.85,4007,qwen3.6:latest
Chart-6-0037,Chart,6,37,STD,statement_deletion,org.jfree.chart.util.ShapeList,172,1,0.1,0.1,4003,qwen3.6:latest
Chart-7-0001,Chart,7,1,LVR,arithmetic,org.jfree.data.time.TimePeriodValues,91,1,0.2,0.2,4011,qwen3.6:latest
Chart-7-0002,Chart,7,2,LVR,arithmetic,org.jfree.data.time.TimePeriodValues,91,1,0.2,0.2,4029,qwen3.6:latest
Chart-7-0003,Chart,7,3,LVR,arithmetic,org.jfree.data.time.TimePeriodValues,94,1,0.2,0.2,4031,qwen3.6:latest
Chart-7-0004,Chart,7,4,LVR,arithmetic,org.jfree.data.time.TimePeriodValues,94,1,0.2,0.2,4000,qwen3.6:latest
Chart-7-0005,Chart,7,5,LVR,arithmetic,org.jfree.data.time.TimePeriodValues,97,1,0.2,0.2,4055,qwen3.6:latest
Chart-7-0006,Chart,7,6,LVR,arithmetic,org.jfree.data.time.TimePeriodValues,97,1,0.15,0.15,4085,qwen3.6:latest
Chart-7-0007,Chart,7,7,LVR,arithmetic,org.jfree.data.time.TimePeriodValues,100,0,0.2,0.2,4051,qwen3.6:latest
Chart-7-0008,Chart,7,8,LVR,arithmetic,org.jfree.data.time.TimePeriodValues,100,0,0.2,0.2,4012,qwen3.6:latest
Chart-7-0009,Chart,7,9,LVR,arithmetic,org.jfree.data.time.TimePeriodValues,103,0,0.2,0.2,3982,qwen3.6:latest
Chart-7-0010,Chart,7,10,LVR,arithmetic,org.jfree.data.time.TimePeriodValues,103,1,0.2,0.2,3988,qwen3.6:latest
Chart-7-0011,Chart,7,11,LVR,arithmetic,org.jfree.data.time.TimePeriodValues,106,0,0.2,0.2,4009,qwen3.6:latest
Chart-7-0012,Chart,7,12,LVR,arithmetic,org.jfree.data.time.TimePeriodValues,106,1,0.2,0.2,3990,qwen3.6:latest
Chart-7-0013,Chart,7,13,STD,statement_deletion,org.jfree.data.time.TimePeriodValues,130,0,0.1,0.1,4103,qwen3.6:latest
Chart-7-0014,Chart,7,14,STD,statement_deletion,org.jfree.data.time.TimePeriodValues,131,1,0.1,0.1,4001,qwen3.6:latest
Chart-7-0015,Chart,7,15,STD,statement_deletion,org.jfree.data.time.TimePeriodValues,132,1,0.1,0.1,4009,qwen3.6:latest
Chart-7-0016,Chart,7,16,STD,statement_deletion,org.jfree.data.time.TimePeriodValues,157,1,0.15,0.15,4027,qwen3.6:latest
Chart-7-0017,Chart,7,17,STD,statement_deletion,org.jfree.data.time.TimePeriodValues,158,1,0.15,0.15,4027,qwen3.6:latest
Chart-7-0018,Chart,7,18,STD,statement_deletion,org.jfree.data.time.TimePeriodValues,183,0,0.15,0.15,3997,qwen3.6:latest
Chart-7-0019,Chart,7,19,STD,statement_deletion,org.jfree.data.time.TimePeriodValues,184,1,0.15,0.15,4005,qwen3.6:latest
Chart-7-0020,Chart,7,20,ROR,relational,org.jfree.data.time.TimePeriodValues,243,1,0.95,0.95,4048,qwen3.6:latest
Chart-7-0021,Chart,7,21,STD,statement_deletion,org.jfree.data.time.TimePeriodValues,246,1,0.25,0.25,4037,qwen3.6:latest
Chart-7-0022,Chart,7,22,LVR,arithmetic,org.jfree.data.time.TimePeriodValues,247,1,0.85,0.85,4068,qwen3.6:latest
Chart-7-0023,Chart,7,23,LVR,arithmetic,org.jfree.data.time.TimePeriodValues,247,1,0.85,0.85,4037,qwen3.6:latest
Chart-7-0024,Chart,7,24,AOR,arithmetic,org.jfree.data.time.TimePeriodValues,247,1,0.85,0.85,4010,qwen3.6:latest
Chart-7-0025,Chart,7,25,AOR,arithmetic,org.jfree.data.time.TimePeriodValues,247,1,0.85,0.85,3991,qwen3.6:latest
Chart-7-0026,Chart,7,26,AOR,arithmetic,org.jfree.data.time.TimePeriodValues,247,1,0.85,0.85,4044,qwen3.6:latest
Chart-7-0027,Chart,7,27,AOR,arithmetic,org.jfree.data.time.TimePeriodValues,247,1,0.85,0.85,3956,qwen3.6:latest
Chart-7-0028,Chart,7,28,STD,statement_deletion,org.jfree.data.time.TimePeriodValues,247,0,0.25,0.25,4005,qwen3.6:latest
Chart-7-0029,Chart,7,29,STD,statement_deletion,org.jfree.data.time.TimePeriodValues,248,1,0.25,0.25,4006,qwen3.6:latest
Chart-7-0030,Chart,7,30,AOR,arithmetic,org.jfree.data.time.TimePeriodValues,261,1,0.75,0.75,4023,qwen3.6:latest
Chart-7-0031,Chart,7,31,AOR,arithmetic,org.jfree.data.time.TimePeriodValues,261,1,0.75,0.75,4005,qwen3.6:latest
Chart-7-0032,Chart,7,32,AOR,arithmetic,org.jfree.data.time.TimePeriodValues,261,1,0.85,0.85,4124,qwen3.6:latest
Chart-7-0033,Chart,7,33,AOR,arithmetic,org.jfree.data.time.TimePeriodValues,261,1,0.75,0.75,4060,qwen3.6:latest
Chart-7-0034,Chart,7,34,LVR,arithmetic,org.jfree.data.time.TimePeriodValues,261,1,0.75,0.75,3994,qwen3.6:latest
Chart-7-0035,Chart,7,35,LVR,arithmetic,org.jfree.data.time.TimePeriodValues,261,1,0.75,0.75,4026,qwen3.6:latest
Chart-7-0036,Chart,7,36,AOR,arithmetic,org.jfree.data.time.TimePeriodValues,261,1,0.75,0.75,4025,qwen3.6:latest
Chart-7-0037,Chart,7,37,AOR,arithmetic,org.jfree.data.time.TimePeriodValues,261,1,0.75,0.75,4095,qwen3.6:latest
Chart-7-0038,Chart,7,38,AOR,arithmetic,org.jfree.data.time.TimePeriodValues,261,1,0.85,0.85,4133,qwen3.6:latest
Chart-7-0039,Chart,7,39,AOR,arithmetic,org.jfree.data.time.TimePeriodValues,261,1,0.75,0.75,4085,qwen3.6:latest
Chart-7-0040,Chart,7,40,AOR,arithmetic,org.jfree.data.time.TimePeriodValues,261,1,0.75,0.75,4046,qwen3.6:latest
Chart-7-0041,Chart,7,41,AOR,arithmetic,org.jfree.data.time.TimePeriodValues,261,1,0.75,0.75,4007,qwen3.6:latest
Chart-7-0042,Chart,7,42,AOR,arithmetic,org.jfree.data.time.TimePeriodValues,261,1,0.75,0.75,4113,qwen3.6:latest
Chart-7-0043,Chart,7,43,AOR,arithmetic,org.jfree.data.time.TimePeriodValues,261,1,0.75,0.75,4065,qwen3.6:latest
Chart-7-0044,Chart,7,44,LVR,arithmetic,org.jfree.data.time.TimePeriodValues,263,1,0.15,0.15,3993,qwen3.6:latest
Chart-7-0045,Chart,7,45,LVR,arithmetic,org.jfree.data.time.TimePeriodValues,263,1,0.85,0.85,4039,qwen3.6:latest
Chart-7-0046,Chart,7,46,ROR,relational,org.jfree.data.time.TimePeriodValues,263,1,0.85,0.85,4085,qwen3.6:latest
Chart-7-0047,Chart,7,47,ROR,relational,org.jfree.data.time.TimePeriodValues,263,1,0.85,0.85,4066,qwen3.6:latest
Chart-7-0048,Chart,7,48,ROR,relational,org.jfree.data.time.TimePeriodValues,263,1,0.85,0.85,4187,qwen3.6:latest
Chart-7-0049,Chart,7,49,ROR,relational,org.jfree.data.time.TimePeriodValues,266,1,0.75,0.75,4074,qwen3.6:latest
Chart-7-0050,Chart,7,50,ROR,relational,org.jfree.data.time.TimePeriodValues,266,1,0.75,0.75,4074,qwen3.6:latest
Chart-7-0051,Chart,7,51,ROR,relational,org.jfree.data.time.TimePeriodValues,266,1,0.85,0.85,4064,qwen3.6:latest
Chart-7-0052,Chart,7,52,STD,statement_deletion,org.jfree.data.time.TimePeriodValues,267,1,0.15,0.15,3962,qwen3.6:latest
Chart-7-0053,Chart,7,53,STD,statement_deletion,org.jfree.data.time.TimePeriodValues,271,0,0.15,0.15,3986,qwen3.6:latest
Chart-7-0054,Chart,7,54,LVR,arithmetic,org.jfree.data.time.TimePeriodValues,274,0,0.75,0.75,4006,qwen3.6:latest
Chart-7-0055,Chart,7,55,LVR,arithmetic,org.jfree.data.time.TimePeriodValues,274,0,0.75,0.75,3990,qwen3.6:latest
Chart-7-0056,Chart,7,56,ROR,relational,org.jfree.data.time.TimePeriodValues,274,0,0.85,0.85,3995,qwen3.6:latest
Chart-7-0057,Chart,7,57,ROR,relational,org.jfree.data.time.TimePeriodValues,274,1,0.85,0.85,4002,qwen3.6:latest
Chart-7-0058,Chart,7,58,ROR,relational,org.jfree.data.time.TimePeriodValues,274,0,0.85,0.85,3984,qwen3.6:latest
Chart-7-0059,Chart,7,59,ROR,relational,org.jfree.data.time.TimePeriodValues,277,0,0.85,0.85,4019,qwen3.6:latest
Chart-7-0060,Chart,7,60,ROR,relational,org.jfree.data.time.TimePeriodValues,277,0,0.85,0.85,4014,qwen3.6:latest
Chart-7-0061,Chart,7,61,ROR,relational,org.jfree.data.time.TimePeriodValues,277,0,0.85,0.85,4005,qwen3.6:latest
Chart-7-0062,Chart,7,62,STD,statement_deletion,org.jfree.data.time.TimePeriodValues,278,0,0.15,0.15,4032,qwen3.6:latest
Chart-7-0063,Chart,7,63,STD,statement_deletion,org.jfree.data.time.TimePeriodValues,282,0,0.15,0.15,3960,qwen3.6:latest
Chart-7-0064,Chart,7,64,LVR,arithmetic,org.jfree.data.time.TimePeriodValues,285,0,0.15,0.15,4063,qwen3.6:latest
Chart-7-0065,Chart,7,65,LVR,arithmetic,org.jfree.data.time.TimePeriodValues,285,0,0.15,0.15,4078,qwen3.6:latest
Chart-7-0066,Chart,7,66,ROR,relational,org.jfree.data.time.TimePeriodValues,285,0,0.75,0.75,4067,qwen3.6:latest
Chart-7-0067,Chart,7,67,ROR,relational,org.jfree.data.time.TimePeriodValues,285,1,0.75,0.75,4007,qwen3.6:latest
Chart-7-0068,Chart,7,68,ROR,relational,org.jfree.data.time.TimePeriodValues,285,0,0.75,0.75,4006,qwen3.6:latest
Chart-7-0069,Chart,7,69,AOR,arithmetic,org.jfree.data.time.TimePeriodValues,290,0,0.15,0.15,4113,qwen3.6:latest
Chart-7-0070,Chart,7,70,AOR,arithmetic,org.jfree.data.time.TimePeriodValues,290,1,0.75,0.75,4115,qwen3.6:latest
Chart-7-0071,Chart,7,71,AOR,arithmetic,org.jfree.data.time.TimePeriodValues,290,0,0.75,0.75,4080,qwen3.6:latest
Chart-7-0072,Chart,7,72,AOR,arithmetic,org.jfree.data.time.TimePeriodValues,290,0,0.75,0.75,4079,qwen3.6:latest
Chart-7-0073,Chart,7,73,LVR,arithmetic,org.jfree.data.time.TimePeriodValues,290,0,0.75,0.75,4013,qwen3.6:latest
Chart-7-0074,Chart,7,74,LVR,arithmetic,org.jfree.data.time.TimePeriodValues,290,0,0.15,0.15,3983,qwen3.6:latest
Chart-7-0075,Chart,7,75,AOR,arithmetic,org.jfree.data.time.TimePeriodValues,290,0,0.75,0.75,3997,qwen3.6:latest
Chart-7-0076,Chart,7,76,AOR,arithmetic,org.jfree.data.time.TimePeriodValues,290,1,0.75,0.75,4020,qwen3.6:latest
Chart-7-0077,Chart,7,77,AOR,arithmetic,org.jfree.data.time.TimePeriodValues,290,1,0.85,0.85,3994,qwen3.6:latest
Chart-7-0078,Chart,7,78,AOR,arithmetic,org.jfree.data.time.TimePeriodValues,290,1,0.75,0.75,4040,qwen3.6:latest
Chart-7-0079,Chart,7,79,AOR,arithmetic,org.jfree.data.time.TimePeriodValues,290,1,0.75,0.75,4054,qwen3.6:latest
Chart-7-0080,Chart,7,80,AOR,arithmetic,org.jfree.data.time.TimePeriodValues,290,1,0.75,0.75,4073,qwen3.6:latest
Chart-7-0081,Chart,7,81,AOR,arithmetic,org.jfree.data.time.TimePeriodValues,290,1,0.75,0.75,3999,qwen3.6:latest
Chart-7-0082,Chart,7,82,AOR,arithmetic,org.jfree.data.time.TimePeriodValues,290,0,0.75,0.75,4006,qwen3.6:latest
Chart-7-0083,Chart,7,83,ROR,relational,org.jfree.data.time.TimePeriodValues,291,0,0.85,0.85,3989,qwen3.6:latest
Chart-7-0084,Chart,7,84,ROR,relational,org.jfree.data.time.TimePeriodValues,291,0,0.85,0.85,4012,qwen3.6:latest
Chart-7-0085,Chart,7,85,ROR,relational,org.jfree.data.time.TimePeriodValues,291,0,0.85,0.85,3994,qwen3.6:latest
Chart-7-0086,Chart,7,86,STD,statement_deletion,org.jfree.data.time.TimePeriodValues,292,1,0.15,0.15,3995,qwen3.6:latest
Chart-7-0087,Chart,7,87,STD,statement_deletion,org.jfree.data.time.TimePeriodValues,296,0,0.15,0.15,4025,qwen3.6:latest
Chart-7-0088,Chart,7,88,LVR,arithmetic,org.jfree.data.time.TimePeriodValues,299,0,0.15,0.15,4073,qwen3.6:latest
Chart-7-0089,Chart,7,89,LVR,arithmetic,org.jfree.data.time.TimePeriodValues,299,0,0.15,0.15,4081,qwen3.6:latest
Chart-7-0090,Chart,7,90,ROR,relational,org.jfree.data.time.TimePeriodValues,299,0,0.75,0.75,4026,qwen3.6:latest
Chart-7-0091,Chart,7,91,ROR,relational,org.jfree.data.time.TimePeriodValues,299,0,0.85,0.85,4018,qwen3.6:latest
Chart-7-0092,Chart,7,92,ROR,relational,org.jfree.data.time.TimePeriodValues,299,0,0.85,0.85,3968,qwen3.6:latest
Chart-7-0093,Chart,7,93,AOR,arithmetic,org.jfree.data.time.TimePeriodValues,304,0,0.15,0.15,4016,qwen3.6:latest
Chart-7-0094,Chart,7,94,AOR,arithmetic,org.jfree.data.time.TimePeriodValues,304,0,0.75,0.75,4048,qwen3.6:latest
Chart-7-0095,Chart,7,95,AOR,arithmetic,org.jfree.data.time.TimePeriodValues,304,0,0.75,0.75,4088,qwen3.6:latest
Chart-7-0096,Chart,7,96,AOR,arithmetic,org.jfree.data.time.TimePeriodValues,304,0,0.75,0.75,4042,qwen3.6:latest
Chart-7-0097,Chart,7,97,LVR,arithmetic,org.jfree.data.time.TimePeriodValues,304,0,0.15,0.15,3997,qwen3.6:latest
Chart-7-0098,Chart,7,98,LVR,arithmetic,org.jfree.data.time.TimePeriodValues,304,0,0.15,0.15,4005,qwen3.6:latest
Chart-7-0099,Chart,7,99,AOR,arithmetic,org.jfree.data.time.TimePeriodValues,304,1,0.75,0.75,3996,qwen3.6:latest
Chart-7-0100,Chart,7,100,AOR,arithmetic,org.jfree.data.time.TimePeriodValues,304,0,0.75,0.75,4016,qwen3.6:latest
Chart-7-0101,Chart,7,101,AOR,arithmetic,org.jfree.data.time.TimePeriodValues,304,0,0.75,0.75,3977,qwen3.6:latest
Chart-7-0102,Chart,7,102,AOR,arithmetic,org.jfree.data.time.TimePeriodValues,304,0,0.75,0.75,4006,qwen3.6:latest
Chart-7-0103,Chart,7,103,AOR,arithmetic,org.jfree.data.time.TimePeriodValues,304,0,0.75,0.75,3990,qwen3.6:latest
Chart-7-0104,Chart,7,104,AOR,arithmetic,org.jfree.data.time.TimePeriodValues,304,0,0.75,0.75,3999,qwen3.6:latest
Chart-7-0105,Chart,7,105,AOR,arithmetic,org.jfree.data.time.TimePeriodValues,304,1,0.75,0.75,3996,qwen3.6:latest
Chart-7-0106,Chart,7,106,AOR,arithmetic,org.jfree.data.time.TimePeriodValues,304,1,0.75,0.75,4022,qwen3.6:latest
Chart-7-0107,Chart,7,107,ROR,relational,org.jfree.data.time.TimePeriodValues,305,1,0.85,0.85,3985,qwen3.6:latest
Chart-7-0108,Chart,7,108,ROR,relational,org.jfree.data.time.TimePeriodValues,305,1,0.85,0.85,4100,qwen3.6:latest
Chart-7-0109,Chart,7,109,ROR,relational,org.jfree.data.time.TimePeriodValues,305,1,0.85,0.85,4070,qwen3.6:latest
Chart-7-0110,Chart,7,110,STD,statement_deletion,org.jfree.data.time.TimePeriodValues,306,1,0.15,0.15,4012,qwen3.6:latest
Chart-7-0111,Chart,7,111,STD,statement_deletion,org.jfree.data.time.TimePeriodValues,310,1,0.15,0.15,3983,qwen3.6:latest
Chart-7-0112,Chart,7,112,LVR,arithmetic,org.jfree.data.time.TimePeriodValues,313,1,0.15,0.15,3959,qwen3.6:latest
Chart-7-0113,Chart,7,113,LVR,arithmetic,org.jfree.data.time.TimePeriodValues,313,1,0.15,0.15,4002,qwen3.6:latest
Chart-7-0114,Chart,7,114,ROR,relational,org.jfree.data.time.TimePeriodValues,313,1,0.75,0.75,3998,qwen3.6:latest
Chart-7-0115,Chart,7,115,ROR,relational,org.jfree.data.time.TimePeriodValues,313,0,0.75,0.75,3993,qwen3.6:latest
Chart-7-0116,Chart,7,116,ROR,relational,org.jfree.data.time.TimePeriodValues,313,1,0.85,0.85,3994,qwen3.6:latest
Chart-7-0117,Chart,7,117,ROR,relational,org.jfree.data.time.TimePeriodValues,316,1,0.75,0.75,4013,qwen3.6:latest
Chart-7-0118,Chart,7,118,ROR,relational,org.jfree.data.time.TimePeriodValues,316,0,0.75,0.75,4009,qwen3.6:latest
Chart-7-0119,Chart,7,119,ROR,relational,org.jfree.data.time.TimePeriodValues,316,1,0.85,0.85,3980,qwen3.6:latest
Chart-7-0120,Chart,7,120,STD,statement_deletion,org.jfree.data.time.TimePeriodValues,317,1,0.15,0.15,4032,qwen3.6:latest
Chart-7-0121,Chart,7,121,STD,statement_deletion,org.jfree.data.time.TimePeriodValues,321,0,0.15,0.15,3959,qwen3.6:latest
Chart-7-0122,Chart,7,122,LVR,arithmetic,org.jfree.data.time.TimePeriodValues,324,0,0.85,0.85,3997,qwen3.6:latest
Chart-7-0123,Chart,7,123,LVR,arithmetic,org.jfree.data.time.TimePeriodValues,324,1,0.85,0.85,3999,qwen3.6:latest
Chart-7-0124,Chart,7,124,ROR,relational,org.jfree.data.time.TimePeriodValues,324,1,0.75,0.75,3998,qwen3.6:latest
Chart-7-0125,Chart,7,125,ROR,relational,org.jfree.data.time.TimePeriodValues,324,0,0.85,0.85,3986,qwen3.6:latest
Chart-7-0126,Chart,7,126,ROR,relational,org.jfree.data.time.TimePeriodValues,324,1,0.85,0.85,4074,qwen3.6:latest
Chart-7-0127,Chart,7,127,ROR,relational,org.jfree.data.time.TimePeriodValues,327,1,0.85,0.85,4069,qwen3.6:latest
Chart-7-0128,Chart,7,128,ROR,relational,org.jfree.data.time.TimePeriodValues,327,1,0.85,0.85,4020,qwen3.6:latest
Chart-7-0129,Chart,7,129,ROR,relational,org.jfree.data.time.TimePeriodValues,327,1,0.85,0.85,4034,qwen3.6:latest
Chart-7-0130,Chart,7,130,STD,statement_deletion,org.jfree.data.time.TimePeriodValues,328,0,0.15,0.15,3982,qwen3.6:latest
Chart-7-0131,Chart,7,131,STD,statement_deletion,org.jfree.data.time.TimePeriodValues,332,0,0.1,0.1,3967,qwen3.6:latest
Chart-7-0132,Chart,7,132,LVR,arithmetic,org.jfree.data.time.TimePeriodValues,341,1,0.75,0.75,4070,qwen3.6:latest
Chart-7-0133,Chart,7,133,LVR,arithmetic,org.jfree.data.time.TimePeriodValues,341,0,0.2,0.2,4022,qwen3.6:latest
Chart-7-0134,Chart,7,134,STD,statement_deletion,org.jfree.data.time.TimePeriodValues,341,0,0.1,0.1,3998,qwen3.6:latest
Chart-7-0135,Chart,7,135,LVR,arithmetic,org.jfree.data.time.TimePeriodValues,342,0,0.85,0.85,4036,qwen3.6:latest
Chart-7-0136,Chart,7,136,LVR,arithmetic,org.jfree.data.time.TimePeriodValues,342,1,0.85,0.85,3999,qwen3.6:latest
Chart-7-0137,Chart,7,137,STD,statement_deletion,org.jfree.data.time.TimePeriodValues,342,1,0.15,0.15,3991,qwen3.6:latest
Chart-7-0138,Chart,7,138,LVR,arithmetic,org.jfree.data.time.TimePeriodValues,343,1,0.85,0.85,4009,qwen3.6:latest
Chart-7-0139,Chart,7,139,LVR,arithmetic,org.jfree.data.time.TimePeriodValues,343,0,0.85,0.85,3997,qwen3.6:latest
Chart-7-0140,Chart,7,140,STD,statement_deletion,org.jfree.data.time.TimePeriodValues,343,0,0.15,0.15,4125,qwen3.6:latest
Chart-7-0141,Chart,7,141,LVR,arithmetic,org.jfree.data.time.TimePeriodValues,344,0,0.85,0.85,4098,qwen3.6:latest
Chart-7-0142,Chart,7,142,LVR,arithmetic,org.jfree.data.time.TimePeriodValues,344,0,0.85,0.85,4122,qwen3.6:latest
Chart-7-0143,Chart,7,143,STD,statement_deletion,org.jfree.data.time.TimePeriodValues,344,0,0.15,0.15,4048,qwen3.6:latest
Chart-7-0144,Chart,7,144,LVR,arithmetic,org.jfree.data.time.TimePeriodValues,345,1,0.85,0.85,4000,qwen3.6:latest
Chart-7-0145,Chart,7,145,LVR,arithmetic,org.jfree.data.time.TimePeriodValues,345,1,0.85,0.85,3981,qwen3.6:latest
Chart-7-0146,Chart,7,146,STD,statement_deletion,org.jfree.data.time.TimePeriodValues,345,0,0.15,0.15,4132,qwen3.6:latest
Chart-7-0147,Chart,7,147,LVR,arithmetic,org.jfree.data.time.TimePeriodValues,346,0,0.85,0.85,4061,qwen3.6:latest
Chart-7-0148,Chart,7,148,LVR,arithmetic,org.jfree.data.time.TimePeriodValues,346,1,0.85,0.85,4007,qwen3.6:latest
Chart-7-0149,Chart,7,149,STD,statement_deletion,org.jfree.data.time.TimePeriodValues,346,0,0.15,0.15,4016,qwen3.6:latest
Chart-7-0150,Chart,7,150,LVR,arithmetic,org.jfree.data.time.TimePeriodValues,347,0,0.85,0.85,3986,qwen3.6:latest
Chart-7-0151,Chart,7,151,LVR,arithmetic,org.jfree.data.time.TimePeriodValues,347,0,0.85,0.85,4018,qwen3.6:latest
Chart-7-0152,Chart,7,152,ROR,relational,org.jfree.data.time.TimePeriodValues,347,1,0.85,0.85,3957,qwen3.6:latest
Chart-7-0153,Chart,7,153,ROR,relational,org.jfree.data.time.TimePeriodValues,347,0,0.85,0.85,4005,qwen3.6:latest
Chart-7-0154,Chart,7,154,ROR,relational,org.jfree.data.time.TimePeriodValues,347,1,0.85,0.85,3991,qwen3.6:latest
Chart-7-0155,Chart,7,155,STD,statement_deletion,org.jfree.data.time.TimePeriodValues,349,1,0.15,0.15,4002,qwen3.6:latest
Chart-7-0156,Chart,7,156,STD,statement_deletion,org.jfree.data.time.TimePeriodValues,364,1,0.15,0.15,4060,qwen3.6:latest
Chart-7-0157,Chart,7,157,STD,statement_deletion,org.jfree.data.time.TimePeriodValues,376,0,0.15,0.15,4078,qwen3.6:latest
Chart-7-0158,Chart,7,158,STD,statement_deletion,org.jfree.data.time.TimePeriodValues,388,1,0.15,0.15,4025,qwen3.6:latest
Chart-7-0159,Chart,7,159,STD,statement_deletion,org.jfree.data.time.TimePeriodValues,389,0,0.15,0.15,4016,qwen3.6:latest
Chart-7-0160,Chart,7,160,LVR,arithmetic,org.jfree.data.time.TimePeriodValues,400,0,0.85,0.85,4051,qwen3.6:latest
Chart-7-0161,Chart,7,161,LVR,arithmetic,org.jfree.data.time.TimePeriodValues,400,0,0.85,0.85,4089,qwen3.6:latest
Chart-7-0162,Chart,7,162,AOR,arithmetic,org.jfree.data.time.TimePeriodValues,400,0,0.85,0.85,4063,qwen3.6:latest
Chart-7-0163,Chart,7,163,AOR,arithmetic,org.jfree.data.time.TimePeriodValues,400,1,0.85,0.85,4003,qwen3.6:latest
Chart-7-0164,Chart,7,164,AOR,arithmetic,org.jfree.data.time.TimePeriodValues,400,1,0.85,0.85,4000,qwen3.6:latest
Chart-7-0165,Chart,7,165,AOR,arithmetic,org.jfree.data.time.TimePeriodValues,400,1,0.85,0.85,3994,qwen3.6:latest
Chart-7-0166,Chart,7,166,ROR,relational,org.jfree.data.time.TimePeriodValues,400,0,0.85,0.85,3993,qwen3.6:latest
Chart-7-0167,Chart,7,167,ROR,relational,org.jfree.data.time.TimePeriodValues,400,0,0.85,0.85,4022,qwen3.6:latest
Chart-7-0168,Chart,7,168,ROR,relational,org.jfree.data.time.TimePeriodValues,400,1,0.85,0.85,4267,qwen3.6:latest
Chart-7-0169,Chart,7,169,STD,statement_deletion,org.jfree.data.time.TimePeriodValues,401,0,0.85,0.85,4063,qwen3.6:latest
Chart-7-0170,Chart,7,170,STD,statement_deletion,org.jfree.data.time.TimePeriodValues,403,0,0.85,0.85,4003,qwen3.6:latest
Chart-7-0171,Chart,7,171,STD,statement_deletion,org.jfree.data.time.TimePeriodValues,404,0,0.75,0.75,4039,qwen3.6:latest
Chart-7-0172,Chart,7,172,LVR,arithmetic,org.jfree.data.time.TimePeriodValues,416,1,0.85,0.85,3973,qwen3.6:latest
Chart-7-0173,Chart,7,173,LVR,arithmetic,org.jfree.data.time.TimePeriodValues,419,1,0.85,0.85,3981,qwen3.6:latest
Chart-7-0174,Chart,7,174,COR,logical,org.jfree.data.time.TimePeriodValues,421,1,0.85,0.85,3995,qwen3.6:latest
Chart-7-0175,Chart,7,175,COR,logical,org.jfree.data.time.TimePeriodValues,421,1,0.95,0.95,3999,qwen3.6:latest
Chart-7-0176,Chart,7,176,LVR,arithmetic,org.jfree.data.time.TimePeriodValues,422,1,0.85,0.85,4027,qwen3.6:latest
Chart-7-0177,Chart,7,177,COR,logical,org.jfree.data.time.TimePeriodValues,425,1,0.95,0.95,4033,qwen3.6:latest
Chart-7-0178,Chart,7,178,COR,logical,org.jfree.data.time.TimePeriodValues,425,1,0.95,0.95,3936,qwen3.6:latest
Chart-7-0179,Chart,7,179,LVR,arithmetic,org.jfree.data.time.TimePeriodValues,427,1,0.85,0.85,4015,qwen3.6:latest
Chart-7-0180,Chart,7,180,COR,logical,org.jfree.data.time.TimePeriodValues,429,1,0.85,0.85,3994,qwen3.6:latest
Chart-7-0181,Chart,7,181,COR,logical,org.jfree.data.time.TimePeriodValues,429,0,0.95,0.95,3974,qwen3.6:latest
Chart-7-0182,Chart,7,182,LVR,arithmetic,org.jfree.data.time.TimePeriodValues,431,1,0.85,0.85,4021,qwen3.6:latest
Chart-7-0183,Chart,7,183,ROR,relational,org.jfree.data.time.TimePeriodValues,434,1,0.85,0.85,4016,qwen3.6:latest
Chart-7-0184,Chart,7,184,ROR,relational,org.jfree.data.time.TimePeriodValues,434,1,0.85,0.85,3986,qwen3.6:latest
Chart-7-0185,Chart,7,185,ROR,relational,org.jfree.data.time.TimePeriodValues,434,0,0.85,0.85,3987,qwen3.6:latest
Chart-7-0186,Chart,7,186,LVR,arithmetic,org.jfree.data.time.TimePeriodValues,435,0,0.85,0.85,3987,qwen3.6:latest
Chart-7-0187,Chart,7,187,LVR,arithmetic,org.jfree.data.time.TimePeriodValues,437,0,0.85,0.85,3980,qwen3.6:latest
Chart-7-0188,Chart,7,188,LVR,arithmetic,org.jfree.data.time.TimePeriodValues,437,0,0.85,0.85,4011,qwen3.6:latest
Chart-7-0189,Chart,7,189,ROR,relational,org.jfree.data.time.TimePeriodValues,437,0,0.85,0.85,4005,qwen3.6:latest
Chart-7-0190,Chart,7,190,ROR,relational,org.jfree.data.time.TimePeriodValues,437,1,0.85,0.85,3998,qwen3.6:latest
Chart-7-0191,Chart,7,191,ROR,relational,org.jfree.data.time.TimePeriodValues,437,1,0.85,0.85,4021,qwen3.6:latest
Chart-7-0192,Chart,7,192,COR,logical,org.jfree.data.time.TimePeriodValues,438,0,0.85,0.85,3976,qwen3.6:latest
Chart-7-0193,Chart,7,193,COR,logical,org.jfree.data.time.TimePeriodValues,438,0,0.85,0.85,4014,qwen3.6:latest
Chart-7-0194,Chart,7,194,LVR,arithmetic,org.jfree.data.time.TimePeriodValues,439,1,0.85,0.85,4034,qwen3.6:latest
Chart-7-0195,Chart,7,195,LVR,arithmetic,org.jfree.data.time.TimePeriodValues,442,0,0.85,0.85,3945,qwen3.6:latest
Chart-7-0196,Chart,7,196,ROR,relational,org.jfree.data.time.TimePeriodValues,452,0,0.15,0.15,4088,qwen3.6:latest
Chart-7-0197,Chart,7,197,LVR,arithmetic,org.jfree.data.time.TimePeriodValues,452,0,0.85,0.85,4130,qwen3.6:latest
Chart-7-0198,Chart,7,198,LVR,arithmetic,org.jfree.data.time.TimePeriodValues,452,1,0.85,0.85,4061,qwen3.6:latest
Chart-7-0199,Chart,7,199,LVR,arithmetic,org.jfree.data.time.TimePeriodValues,453,0,0.85,0.85,4132,qwen3.6:latest
Chart-7-0200,Chart,7,200,LVR,arithmetic,org.jfree.data.time.TimePeriodValues,453,0,0.85,0.85,4062,qwen3.6:latest
Chart-7-0201,Chart,7,201,AOR,arithmetic,org.jfree.data.time.TimePeriodValues,453,0,0.75,0.75,4122,qwen3.6:latest
Chart-7-0202,Chart,7,202,AOR,arithmetic,org.jfree.data.time.TimePeriodValues,453,1,0.85,0.85,4090,qwen3.6:latest
Chart-7-0203,Chart,7,203,AOR,arithmetic,org.jfree.data.time.TimePeriodValues,453,1,0.85,0.85,4004,qwen3.6:latest
Chart-7-0204,Chart,7,204,AOR,arithmetic,org.jfree.data.time.TimePeriodValues,453,0,0.85,0.85,4117,qwen3.6:latest
Chart-7-0205,Chart,7,205,ROR,relational,org.jfree.data.time.TimePeriodValues,453,1,0.85,0.85,4207,qwen3.6:latest
Chart-7-0206,Chart,7,206,LVR,arithmetic,org.jfree.data.time.TimePeriodValues,453,1,0.85,0.85,4046,qwen3.6:latest
Chart-7-0207,Chart,7,207,LVR,arithmetic,org.jfree.data.time.TimePeriodValues,453,0,0.85,0.85,4133,qwen3.6:latest
Chart-7-0208,Chart,7,208,AOR,arithmetic,org.jfree.data.time.TimePeriodValues,453,0,0.75,0.75,4072,qwen3.6:latest
Chart-7-0209,Chart,7,209,AOR,arithmetic,org.jfree.data.time.TimePeriodValues,453,1,0.85,0.85,4012,qwen3.6:latest
Chart-7-0210,Chart,7,210,AOR,arithmetic,org.jfree.data.time.TimePeriodValues,453,0,0.75,0.75,4156,qwen3.6:latest
Chart-7-0211,Chart,7,211,AOR,arithmetic,org.jfree.data.time.TimePeriodValues,453,0,0.85,0.85,4024,qwen3.6:latest
Chart-7-0212,Chart,7,212,STD,statement_deletion,org.jfree.data.time.TimePeriodValues,453,0,0.15,0.15,4116,qwen3.6:latest
Chart-7-0213,Chart,7,213,LVR,arithmetic,org.jfree.data.time.TimePeriodValues,454,0,0.85,0.85,4090,qwen3.6:latest
Chart-7-0214,Chart,7,214,LVR,arithmetic,org.jfree.data.time.TimePeriodValues,454,1,0.85,0.85,4117,qwen3.6:latest
Chart-7-0215,Chart,7,215,AOR,arithmetic,org.jfree.data.time.TimePeriodValues,454,1,0.85,0.85,4241,qwen3.6:latest
Chart-7-0216,Chart,7,216,AOR,arithmetic,org.jfree.data.time.TimePeriodValues,454,1,0.85,0.85,4298,qwen3.6:latest
Chart-7-0217,Chart,7,217,AOR,arithmetic,org.jfree.data.time.TimePeriodValues,454,1,0.85,0.85,4254,qwen3.6:latest
Chart-7-0218,Chart,7,218,AOR,arithmetic,org.jfree.data.time.TimePeriodValues,454,1,0.75,0.75,4268,qwen3.6:latest
Chart-7-0219,Chart,7,219,AOR,arithmetic,org.jfree.data.time.TimePeriodValues,454,1,0.75,0.75,4298,qwen3.6:latest
Chart-7-0220,Chart,7,220,AOR,arithmetic,org.jfree.data.time.TimePeriodValues,454,0,0.75,0.75,4233,qwen3.6:latest
Chart-7-0221,Chart,7,221,AOR,arithmetic,org.jfree.data.time.TimePeriodValues,454,0,0.75,0.75,4189,qwen3.6:latest
Chart-7-0222,Chart,7,222,AOR,arithmetic,org.jfree.data.time.TimePeriodValues,454,0,0.75,0.75,4204,qwen3.6:latest
Chart-7-0223,Chart,7,223,STD,statement_deletion,org.jfree.data.time.TimePeriodValues,454,0,0.15,0.15,4207,qwen3.6:latest
Chart-7-0224,Chart,7,224,LVR,arithmetic,org.jfree.data.time.TimePeriodValues,455,0,0.75,0.75,4060,qwen3.6:latest
Chart-7-0225,Chart,7,225,LVR,arithmetic,org.jfree.data.time.TimePeriodValues,455,0,0.75,0.75,4102,qwen3.6:latest
Chart-7-0226,Chart,7,226,AOR,arithmetic,org.jfree.data.time.TimePeriodValues,455,0,0.85,0.85,4110,qwen3.6:latest
Chart-7-0227,Chart,7,227,AOR,arithmetic,org.jfree.data.time.TimePeriodValues,455,0,0.75,0.75,4161,qwen3.6:latest
Chart-7-0228,Chart,7,228,AOR,arithmetic,org.jfree.data.time.TimePeriodValues,455,0,0.85,0.85,4193,qwen3.6:latest
Chart-7-0229,Chart,7,229,AOR,arithmetic,org.jfree.data.time.TimePeriodValues,455,0,0.85,0.85,4048,qwen3.6:latest
Chart-7-0230,Chart,7,230,AOR,arithmetic,org.jfree.data.time.TimePeriodValues,455,0,0.75,0.75,4161,qwen3.6:latest
Chart-7-0231,Chart,7,231,AOR,arithmetic,org.jfree.data.time.TimePeriodValues,455,0,0.75,0.75,4220,qwen3.6:latest
Chart-7-0232,Chart,7,232,AOR,arithmetic,org.jfree.data.time.TimePeriodValues,455,0,0.15,0.15,4256,qwen3.6:latest
Chart-7-0233,Chart,7,233,AOR,arithmetic,org.jfree.data.time.TimePeriodValues,455,0,0.85,0.85,4123,qwen3.6:latest
Chart-7-0234,Chart,7,234,STD,statement_deletion,org.jfree.data.time.TimePeriodValues,455,0,0.15,0.15,4159,qwen3.6:latest
Chart-7-0235,Chart,7,235,LVR,arithmetic,org.jfree.data.time.TimePeriodValues,456,0,0.85,0.85,4052,qwen3.6:latest
Chart-7-0236,Chart,7,236,LVR,arithmetic,org.jfree.data.time.TimePeriodValues,456,0,0.75,0.75,4095,qwen3.6:latest
Chart-7-0237,Chart,7,237,AOR,arithmetic,org.jfree.data.time.TimePeriodValues,456,0,0.75,0.75,4108,qwen3.6:latest
Chart-7-0238,Chart,7,238,AOR,arithmetic,org.jfree.data.time.TimePeriodValues,456,0,0.85,0.85,4187,qwen3.6:latest
Chart-7-0239,Chart,7,239,AOR,arithmetic,org.jfree.data.time.TimePeriodValues,456,0,0.85,0.85,4171,qwen3.6:latest
Chart-7-0240,Chart,7,240,AOR,arithmetic,org.jfree.data.time.TimePeriodValues,456,0,0.75,0.75,4153,qwen3.6:latest
Chart-7-0241,Chart,7,241,AOR,arithmetic,org.jfree.data.time.TimePeriodValues,456,0,0.75,0.75,4207,qwen3.6:latest
Chart-7-0242,Chart,7,242,AOR,arithmetic,org.jfree.data.time.TimePeriodValues,456,0,0.85,0.85,4095,qwen3.6:latest
Chart-7-0243,Chart,7,243,AOR,arithmetic,org.jfree.data.time.TimePeriodValues,456,0,0.85,0.85,4137,qwen3.6:latest
Chart-7-0244,Chart,7,244,AOR,arithmetic,org.jfree.data.time.TimePeriodValues,456,0,0.85,0.85,4188,qwen3.6:latest
Chart-7-0245,Chart,7,245,STD,statement_deletion,org.jfree.data.time.TimePeriodValues,456,0,0.15,0.15,4196,qwen3.6:latest
Chart-7-0246,Chart,7,246,LVR,arithmetic,org.jfree.data.time.TimePeriodValues,457,0,0.75,0.75,4149,qwen3.6:latest
Chart-7-0247,Chart,7,247,LVR,arithmetic,org.jfree.data.time.TimePeriodValues,457,0,0.15,0.15,4072,qwen3.6:latest
Chart-7-0248,Chart,7,248,AOR,arithmetic,org.jfree.data.time.TimePeriodValues,457,0,0.85,0.85,4038,qwen3.6:latest
Chart-7-0249,Chart,7,249,AOR,arithmetic,org.jfree.data.time.TimePeriodValues,457,0,0.15,0.15,4091,qwen3.6:latest
Chart-7-0250,Chart,7,250,AOR,arithmetic,org.jfree.data.time.TimePeriodValues,457,0,0.85,0.85,4065,qwen3.6:latest
Chart-7-0251,Chart,7,251,AOR,arithmetic,org.jfree.data.time.TimePeriodValues,457,0,0.85,0.85,4155,qwen3.6:latest
Chart-7-0252,Chart,7,252,AOR,arithmetic,org.jfree.data.time.TimePeriodValues,457,0,0.85,0.85,4059,qwen3.6:latest
Chart-7-0253,Chart,7,253,AOR,arithmetic,org.jfree.data.time.TimePeriodValues,457,0,0.85,0.85,4085,qwen3.6:latest
Chart-7-0254,Chart,7,254,AOR,arithmetic,org.jfree.data.time.TimePeriodValues,457,0,0.75,0.75,4119,qwen3.6:latest
Chart-7-0255,Chart,7,255,AOR,arithmetic,org.jfree.data.time.TimePeriodValues,457,0,0.85,0.85,4118,qwen3.6:latest
Chart-7-0256,Chart,7,256,STD,statement_deletion,org.jfree.data.time.TimePeriodValues,457,0,0.15,0.15,4065,qwen3.6:latest
Chart-7-0257,Chart,7,257,LVR,arithmetic,org.jfree.data.time.TimePeriodValues,458,0,0.85,0.85,4098,qwen3.6:latest
Chart-7-0258,Chart,7,258,LVR,arithmetic,org.jfree.data.time.TimePeriodValues,458,0,0.75,0.75,4078,qwen3.6:latest
Chart-7-0259,Chart,7,259,AOR,arithmetic,org.jfree.data.time.TimePeriodValues,458,0,0.75,0.75,4032,qwen3.6:latest
Chart-7-0260,Chart,7,260,AOR,arithmetic,org.jfree.data.time.TimePeriodValues,458,0,0.75,0.75,4157,qwen3.6:latest
Chart-7-0261,Chart,7,261,AOR,arithmetic,org.jfree.data.time.TimePeriodValues,458,0,0.75,0.75,4140,qwen3.6:latest
Chart-7-0262,Chart,7,262,AOR,arithmetic,org.jfree.data.time.TimePeriodValues,458,0,0.75,0.75,4080,qwen3.6:latest
Chart-7-0263,Chart,7,263,AOR,arithmetic,org.jfree.data.time.TimePeriodValues,458,0,0.15,0.15,4125,qwen3.6:latest
Chart-7-0264,Chart,7,264,AOR,arithmetic,org.jfree.data.time.TimePeriodValues,458,0,0.15,0.15,4071,qwen3.6:latest
Chart-7-0265,Chart,7,265,AOR,arithmetic,org.jfree.data.time.TimePeriodValues,458,0,0.15,0.15,4128,qwen3.6:latest
Chart-7-0266,Chart,7,266,AOR,arithmetic,org.jfree.data.time.TimePeriodValues,458,0,0.15,0.15,4064,qwen3.6:latest
Chart-7-0267,Chart,7,267,STD,statement_deletion,org.jfree.data.time.TimePeriodValues,458,0,0.15,0.15,4012,qwen3.6:latest
Chart-7-0268,Chart,7,268,LVR,arithmetic,org.jfree.data.time.TimePeriodValues,459,0,0.15,0.15,4118,qwen3.6:latest
Chart-7-0269,Chart,7,269,LVR,arithmetic,org.jfree.data.time.TimePeriodValues,459,0,0.75,0.75,4075,qwen3.6:latest
Chart-7-0270,Chart,7,270,AOR,arithmetic,org.jfree.data.time.TimePeriodValues,459,0,0.75,0.75,4122,qwen3.6:latest
Chart-7-0271,Chart,7,271,AOR,arithmetic,org.jfree.data.time.TimePeriodValues,459,0,0.85,0.85,4117,qwen3.6:latest
Chart-7-0272,Chart,7,272,AOR,arithmetic,org.jfree.data.time.TimePeriodValues,459,0,0.75,0.75,4145,qwen3.6:latest
Chart-7-0273,Chart,7,273,AOR,arithmetic,org.jfree.data.time.TimePeriodValues,459,0,0.75,0.75,4104,qwen3.6:latest
Chart-7-0274,Chart,7,274,AOR,arithmetic,org.jfree.data.time.TimePeriodValues,459,0,0.75,0.75,4076,qwen3.6:latest
Chart-7-0275,Chart,7,275,AOR,arithmetic,org.jfree.data.time.TimePeriodValues,459,0,0.75,0.75,4019,qwen3.6:latest
Chart-7-0276,Chart,7,276,AOR,arithmetic,org.jfree.data.time.TimePeriodValues,459,0,0.75,0.75,4136,qwen3.6:latest
Chart-7-0277,Chart,7,277,AOR,arithmetic,org.jfree.data.time.TimePeriodValues,459,0,0.85,0.85,4060,qwen3.6:latest
Chart-7-0278,Chart,7,278,STD,statement_deletion,org.jfree.data.time.TimePeriodValues,459,0,0.15,0.15,4061,qwen3.6:latest
Chart-7-0279,Chart,7,279,LVR,arithmetic,org.jfree.data.time.TimePeriodValues,460,0,0.75,0.75,4092,qwen3.6:latest
Chart-7-0280,Chart,7,280,LVR,arithmetic,org.jfree.data.time.TimePeriodValues,460,0,0.75,0.75,4019,qwen3.6:latest
Chart-7-0281,Chart,7,281,AOR,arithmetic,org.jfree.data.time.TimePeriodValues,460,0,0.75,0.75,4004,qwen3.6:latest
Chart-7-0282,Chart,7,282,AOR,arithmetic,org.jfree.data.time.TimePeriodValues,460,0,0.75,0.75,3995,qwen3.6:latest
Chart-7-0283,Chart,7,283,AOR,arithmetic,org.jfree.data.time.TimePeriodValues,460,0,0.75,0.75,4002,qwen3.6:latest
Chart-7-0284,Chart,7,284,AOR,arithmetic,org.jfree.data.time.TimePeriodValues,460,0,0.75,0.75,3993,qwen3.6:latest
Chart-7-0285,Chart,7,285,AOR,arithmetic,org.jfree.data.time.TimePeriodValues,460,0,0.75,0.75,4005,qwen3.6:latest
Chart-7-0286,Chart,7,286,AOR,arithmetic,org.jfree.data.time.TimePeriodValues,460,0,0.75,0.75,4170,qwen3.6:latest
Chart-7-0287,Chart,7,287,AOR,arithmetic,org.jfree.data.time.TimePeriodValues,460,0,0.75,0.75,4017,qwen3.6:latest
Chart-7-0288,Chart,7,288,AOR,arithmetic,org.jfree.data.time.TimePeriodValues,460,0,0.75,0.75,4006,qwen3.6:latest
Chart-7-0289,Chart,7,289,STD,statement_deletion,org.jfree.data.time.TimePeriodValues,460,0,0.15,0.15,3997,qwen3.6:latest
Chart-7-0290,Chart,7,290,LVR,arithmetic,org.jfree.data.time.TimePeriodValues,480,1,0.85,0.85,3926,qwen3.6:latest
Chart-7-0291,Chart,7,291,LVR,arithmetic,org.jfree.data.time.TimePeriodValues,480,1,0.85,0.85,3993,qwen3.6:latest
Chart-7-0292,Chart,7,292,LVR,arithmetic,org.jfree.data.time.TimePeriodValues,480,1,0.85,0.85,4016,qwen3.6:latest
Chart-7-0293,Chart,7,293,LVR,arithmetic,org.jfree.data.time.TimePeriodValues,480,1,0.85,0.85,3986,qwen3.6:latest
Chart-7-0294,Chart,7,294,AOR,arithmetic,org.jfree.data.time.TimePeriodValues,480,0,0.75,0.75,4021,qwen3.6:latest
Chart-7-0295,Chart,7,295,AOR,arithmetic,org.jfree.data.time.TimePeriodValues,480,1,0.85,0.85,3999,qwen3.6:latest
Chart-7-0296,Chart,7,296,AOR,arithmetic,org.jfree.data.time.TimePeriodValues,480,1,0.85,0.85,4033,qwen3.6:latest
Chart-7-0297,Chart,7,297,AOR,arithmetic,org.jfree.data.time.TimePeriodValues,480,1,0.85,0.85,3944,qwen3.6:latest
Chart-7-0298,Chart,7,298,STD,statement_deletion,org.jfree.data.time.TimePeriodValues,500,1,0.15,0.15,4029,qwen3.6:latest
Chart-7-0299,Chart,7,299,LVR,arithmetic,org.jfree.data.time.TimePeriodValues,501,1,0.85,0.85,4018,qwen3.6:latest
Chart-7-0300,Chart,7,300,LVR,arithmetic,org.jfree.data.time.TimePeriodValues,501,0,0.85,0.85,4010,qwen3.6:latest
Chart-7-0301,Chart,7,301,ROR,relational,org.jfree.data.time.TimePeriodValues,501,0,0.85,0.85,4001,qwen3.6:latest
Chart-7-0302,Chart,7,302,ROR,relational,org.jfree.data.time.TimePeriodValues,501,1,0.85,0.85,4102,qwen3.6:latest
Chart-7-0303,Chart,7,303,ROR,relational,org.jfree.data.time.TimePeriodValues,502,1,0.85,0.85,4065,qwen3.6:latest
Chart-7-0304,Chart,7,304,ROR,relational,org.jfree.data.time.TimePeriodValues,502,0,0.85,0.85,3993,qwen3.6:latest
Chart-7-0305,Chart,7,305,ROR,relational,org.jfree.data.time.TimePeriodValues,502,1,0.85,0.85,4004,qwen3.6:latest
Chart-7-0306,Chart,7,306,STD,statement_deletion,org.jfree.data.time.TimePeriodValues,506,1,0.1,0.1,3970,qwen3.6:latest
Chart-7-0307,Chart,7,307,STD,statement_deletion,org.jfree.data.time.TimePeriodValues,509,0,0.1,0.1,3934,qwen3.6:latest
Chart-8-0001,Chart,8,1,ROR,relational,org.jfree.data.time.Week,128,1,0.85,0.85,4108,qwen3.6:latest
Chart-8-0002,Chart,8,2,ROR,relational,org.jfree.data.time.Week,128,1,0.85,0.85,4135,qwen3.6:latest
Chart-8-0003,Chart,8,3,ROR,relational,org.jfree.data.time.Week,128,0,0.85,0.85,4066,qwen3.6:latest
Chart-8-0004,Chart,8,4,ROR,relational,org.jfree.data.time.Week,128,0,0.85,0.85,4122,qwen3.6:latest
Chart-8-0005,Chart,8,5,ROR,relational,org.jfree.data.time.Week,128,1,0.85,0.85,4074,qwen3.6:latest
Chart-8-0006,Chart,8,6,ROR,relational,org.jfree.data.time.Week,128,1,0.85,0.85,4005,qwen3.6:latest
Chart-8-0007,Chart,8,7,COR,logical,org.jfree.data.time.Week,128,1,0.95,0.95,3997,qwen3.6:latest
Chart-8-0008,Chart,8,8,COR,logical,org.jfree.data.time.Week,128,0,0.95,0.95,4102,qwen3.6:latest
Chart-8-0009,Chart,8,9,COR,logical,org.jfree.data.time.Week,128,1,0.95,0.95,4108,qwen3.6:latest
Chart-8-0010,Chart,8,10,COR,logical,org.jfree.data.time.Week,128,0,0.95,0.95,3990,qwen3.6:latest
Chart-8-0011,Chart,8,11,STD,statement_deletion,org.jfree.data.time.Week,132,0,0.15,0.15,3976,qwen3.6:latest
Chart-8-0012,Chart,8,12,STD,statement_deletion,org.jfree.data.time.Week,133,0,0.15,0.15,4045,qwen3.6:latest
Chart-8-0013,Chart,8,13,STD,statement_deletion,org.jfree.data.time.Week,134,0,0.1,0.1,4036,qwen3.6:latest
Chart-8-0014,Chart,8,14,ROR,relational,org.jfree.data.time.Week,144,0,0.85,0.85,4120,qwen3.6:latest
Chart-8-0015,Chart,8,15,ROR,relational,org.jfree.data.time.Week,144,0,0.85,0.85,4154,qwen3.6:latest
Chart-8-0016,Chart,8,16,ROR,relational,org.jfree.data.time.Week,144,1,0.85,0.85,4035,qwen3.6:latest
Chart-8-0017,Chart,8,17,ROR,relational,org.jfree.data.time.Week,144,1,0.85,0.85,4150,qwen3.6:latest
Chart-8-0018,Chart,8,18,ROR,relational,org.jfree.data.time.Week,144,0,0.85,0.85,4071,qwen3.6:latest
Chart-8-0019,Chart,8,19,ROR,relational,org.jfree.data.time.Week,144,1,0.85,0.85,4126,qwen3.6:latest
Chart-8-0020,Chart,8,20,COR,logical,org.jfree.data.time.Week,144,1,0.95,0.95,4066,qwen3.6:latest
Chart-8-0021,Chart,8,21,COR,logical,org.jfree.data.time.Week,144,1,0.95,0.95,4010,qwen3.6:latest
Chart-8-0022,Chart,8,22,COR,logical,org.jfree.data.time.Week,144,0,0.9,0.9,4080,qwen3.6:latest
Chart-8-0023,Chart,8,23,COR,logical,org.jfree.data.time.Week,144,1,0.9,0.9,4118,qwen3.6:latest
Chart-8-0024,Chart,8,24,STD,statement_deletion,org.jfree.data.time.Week,148,1,0.15,0.15,4063,qwen3.6:latest
Chart-8-0025,Chart,8,25,STD,statement_deletion,org.jfree.data.time.Week,149,0,0.15,0.15,4082,qwen3.6:latest
Chart-8-0026,Chart,8,26,STD,statement_deletion,org.jfree.data.time.Week,150,1,0.15,0.15,4003,qwen3.6:latest
Chart-8-0027,Chart,8,27,ROR,relational,org.jfree.data.time.Week,189,1,0.95,0.95,4038,qwen3.6:latest
Chart-8-0028,Chart,8,28,ROR,relational,org.jfree.data.time.Week,192,0,0.95,0.95,4028,qwen3.6:latest
Chart-8-0029,Chart,8,29,ROR,relational,org.jfree.data.time.Week,195,0,0.15,0.15,4052,qwen3.6:latest
Chart-8-0030,Chart,8,30,STD,statement_deletion,org.jfree.data.time.Week,199,0,0.15,0.15,4075,qwen3.6:latest
Chart-8-0031,Chart,8,31,LVR,arithmetic,org.jfree.data.time.Week,205,1,0.75,0.75,4007,qwen3.6:latest
Chart-8-0032,Chart,8,32,LVR,arithmetic,org.jfree.data.time.Week,205,1,0.75,0.75,3996,qwen3.6:latest
Chart-8-0033,Chart,8,33,ROR,relational,org.jfree.data.time.Week,205,0,0.85,0.85,4053,qwen3.6:latest
Chart-8-0034,Chart,8,34,ROR,relational,org.jfree.data.time.Week,205,1,0.85,0.85,4107,qwen3.6:latest
Chart-8-0035,Chart,8,35,ROR,relational,org.jfree.data.time.Week,205,1,0.85,0.85,4107,qwen3.6:latest
Chart-8-0036,Chart,8,36,ROR,relational,org.jfree.data.time.Week,206,1,0.85,0.85,4102,qwen3.6:latest
Chart-8-0037,Chart,8,37,ROR,relational,org.jfree.data.time.Week,206,0,0.85,0.85,4090,qwen3.6:latest
Chart-8-0038,Chart,8,38,ROR,relational,org.jfree.data.time.Week,206,0,0.85,0.85,4078,qwen3.6:latest
Chart-8-0039,Chart,8,39,COR,logical,org.jfree.data.time.Week,205,1,0.85,0.85,4062,qwen3.6:latest
Chart-8-0040,Chart,8,40,COR,logical,org.jfree.data.time.Week,206,1,0.75,0.75,4058,qwen3.6:latest
Chart-8-0041,Chart,8,41,COR,logical,org.jfree.data.time.Week,205,0,0.75,0.75,4099,qwen3.6:latest
Chart-8-0042,Chart,8,42,COR,logical,org.jfree.data.time.Week,206,0,0.75,0.75,4054,qwen3.6:latest
Chart-8-0043,Chart,8,43,LVR,arithmetic,org.jfree.data.time.Week,207,0,0.75,0.75,4122,qwen3.6:latest
Chart-8-0044,Chart,8,44,LVR,arithmetic,org.jfree.data.time.Week,207,1,0.75,0.75,4050,qwen3.6:latest
Chart-8-0045,Chart,8,45,STD,statement_deletion,org.jfree.data.time.Week,207,1,0.15,0.15,4006,qwen3.6:latest
Chart-8-0046,Chart,8,46,LVR,arithmetic,org.jfree.data.time.Week,208,0,0.85,0.85,4001,qwen3.6:latest
Chart-8-0047,Chart,8,47,LVR,arithmetic,org.jfree.data.time.Week,208,1,0.15,0.15,4016,qwen3.6:latest
Chart-8-0048,Chart,8,48,AOR,arithmetic,org.jfree.data.time.Week,208,0,0.85,0.85,4107,qwen3.6:latest
Chart-8-0049,Chart,8,49,AOR,arithmetic,org.jfree.data.time.Week,208,1,0.85,0.85,4152,qwen3.6:latest
Chart-8-0050,Chart,8,50,AOR,arithmetic,org.jfree.data.time.Week,208,1,0.85,0.85,4131,qwen3.6:latest
Chart-8-0051,Chart,8,51,AOR,arithmetic,org.jfree.data.time.Week,208,1,0.85,0.85,4023,qwen3.6:latest
Chart-8-0052,Chart,8,52,STD,statement_deletion,org.jfree.data.time.Week,208,1,0.15,0.15,4118,qwen3.6:latest
Chart-8-0053,Chart,8,53,STD,statement_deletion,org.jfree.data.time.Week,211,1,0.15,0.15,4049,qwen3.6:latest
Chart-8-0054,Chart,8,54,ROR,relational,org.jfree.data.time.Week,215,1,0.75,0.75,3996,qwen3.6:latest
Chart-8-0055,Chart,8,55,ROR,relational,org.jfree.data.time.Week,215,0,0.75,0.75,4091,qwen3.6:latest
Chart-8-0056,Chart,8,56,ROR,relational,org.jfree.data.time.Week,215,1,0.75,0.75,4100,qwen3.6:latest
Chart-8-0057,Chart,8,57,LVR,arithmetic,org.jfree.data.time.Week,216,1,0.75,0.75,4098,qwen3.6:latest
Chart-8-0058,Chart,8,58,LVR,arithmetic,org.jfree.data.time.Week,216,1,0.15,0.15,4065,qwen3.6:latest
Chart-8-0059,Chart,8,59,ROR,relational,org.jfree.data.time.Week,216,1,0.75,0.75,3994,qwen3.6:latest
Chart-8-0060,Chart,8,60,ROR,relational,org.jfree.data.time.Week,216,0,0.75,0.75,4000,qwen3.6:latest
Chart-8-0061,Chart,8,61,ROR,relational,org.jfree.data.time.Week,216,0,0.85,0.85,4023,qwen3.6:latest
Chart-8-0062,Chart,8,62,COR,logical,org.jfree.data.time.Week,215,0,0.75,0.75,3980,qwen3.6:latest
Chart-8-0063,Chart,8,63,COR,logical,org.jfree.data.time.Week,216,1,0.75,0.75,4007,qwen3.6:latest
Chart-8-0064,Chart,8,64,COR,logical,org.jfree.data.time.Week,215,1,0.75,0.75,3976,qwen3.6:latest
Chart-8-0065,Chart,8,65,COR,logical,org.jfree.data.time.Week,216,1,0.75,0.75,4000,qwen3.6:latest
Chart-8-0066,Chart,8,66,STD,statement_deletion,org.jfree.data.time.Week,217,1,0.1,0.1,4017,qwen3.6:latest
Chart-8-0067,Chart,8,67,STD,statement_deletion,org.jfree.data.time.Week,219,0,0.1,0.1,3940,qwen3.6:latest
Chart-8-0068,Chart,8,68,STD,statement_deletion,org.jfree.data.time.Week,221,0,0.15,0.15,4105,qwen3.6:latest
Chart-8-0069,Chart,8,69,STD,statement_deletion,org.jfree.data.time.Week,288,1,0.15,0.15,4133,qwen3.6:latest
Chart-8-0070,Chart,8,70,STD,statement_deletion,org.jfree.data.time.Week,289,1,0.15,0.15,4023,qwen3.6:latest
Chart-8-0071,Chart,8,71,ROR,relational,org.jfree.data.time.Week,303,1,0.85,0.85,4005,qwen3.6:latest
Chart-8-0072,Chart,8,72,ROR,relational,org.jfree.data.time.Week,303,1,0.85,0.85,3989,qwen3.6:latest
Chart-8-0073,Chart,8,73,ROR,relational,org.jfree.data.time.Week,303,1,0.85,0.85,4009,qwen3.6:latest
Chart-8-0074,Chart,8,74,LVR,arithmetic,org.jfree.data.time.Week,304,1,0.85,0.85,4112,qwen3.6:latest
Chart-8-0075,Chart,8,75,LVR,arithmetic,org.jfree.data.time.Week,304,0,0.85,0.85,4078,qwen3.6:latest
Chart-8-0076,Chart,8,76,AOR,arithmetic,org.jfree.data.time.Week,304,1,0.85,0.85,4023,qwen3.6:latest
Chart-8-0077,Chart,8,77,AOR,arithmetic,org.jfree.data.time.Week,304,0,0.85,0.85,4108,qwen3.6:latest
Chart-8-0078,Chart,8,78,AOR,arithmetic,org.jfree.data.time.Week,304,1,0.85,0.85,4051,qwen3.6:latest
Chart-8-0079,Chart,8,79,AOR,arithmetic,org.jfree.data.time.Week,304,1,0.85,0.85,4014,qwen3.6:latest
Chart-8-0080,Chart,8,80,LVR,arithmetic,org.jfree.data.time.Week,308,1,0.85,0.85,4016,qwen3.6:latest
Chart-8-0081,Chart,8,81,LVR,arithmetic,org.jfree.data.time.Week,308,1,0.25,0.25,3995,qwen3.6:latest
Chart-8-0082,Chart,8,82,ROR,relational,org.jfree.data.time.Week,308,1,0.75,0.75,4019,qwen3.6:latest
Chart-8-0083,Chart,8,83,ROR,relational,org.jfree.data.time.Week,308,0,0.75,0.75,4128,qwen3.6:latest
Chart-8-0084,Chart,8,84,ROR,relational,org.jfree.data.time.Week,308,1,0.85,0.85,4050,qwen3.6:latest
Chart-8-0085,Chart,8,85,LVR,arithmetic,org.jfree.data.time.Week,309,1,0.75,0.75,4126,qwen3.6:latest
Chart-8-0086,Chart,8,86,LVR,arithmetic,org.jfree.data.time.Week,309,1,0.85,0.85,4056,qwen3.6:latest
Chart-8-0087,Chart,8,87,AOR,arithmetic,org.jfree.data.time.Week,309,1,0.85,0.85,3998,qwen3.6:latest
Chart-8-0088,Chart,8,88,AOR,arithmetic,org.jfree.data.time.Week,309,1,0.85,0.85,4134,qwen3.6:latest
Chart-8-0089,Chart,8,89,AOR,arithmetic,org.jfree.data.time.Week,309,1,0.85,0.85,4056,qwen3.6:latest
Chart-8-0090,Chart,8,90,AOR,arithmetic,org.jfree.data.time.Week,309,1,0.85,0.85,4021,qwen3.6:latest
Chart-8-0091,Chart,8,91,LVR,arithmetic,org.jfree.data.time.Week,311,1,0.25,0.25,4086,qwen3.6:latest
Chart-8-0092,Chart,8,92,LVR,arithmetic,org.jfree.data.time.Week,311,1,0.25,0.25,4070,qwen3.6:latest
Chart-8-0093,Chart,8,93,STD,statement_deletion,org.jfree.data.time.Week,311,1,0.15,0.15,4017,qwen3.6:latest
Chart-8-0094,Chart,8,94,LVR,arithmetic,org.jfree.data.time.Week,335,1,0.85,0.85,4092,qwen3.6:latest
Chart-8-0095,Chart,8,95,LVR,arithmetic,org.jfree.data.time.Week,335,1,0.85,0.85,4036,qwen3.6:latest
Chart-8-0096,Chart,8,96,ROR,relational,org.jfree.data.time.Week,335,1,0.85,0.85,4013,qwen3.6:latest
Chart-8-0097,Chart,8,97,ROR,relational,org.jfree.data.time.Week,335,1,0.85,0.85,4007,qwen3.6:latest
Chart-8-0098,Chart,8,98,ROR,relational,org.jfree.data.time.Week,335,0,0.85,0.85,4008,qwen3.6:latest
Chart-8-0099,Chart,8,99,LVR,arithmetic,org.jfree.data.time.Week,336,1,0.85,0.85,4035,qwen3.6:latest
Chart-8-0100,Chart,8,100,LVR,arithmetic,org.jfree.data.time.Week,336,1,0.85,0.85,4064,qwen3.6:latest
Chart-8-0101,Chart,8,101,AOR,arithmetic,org.jfree.data.time.Week,336,1,0.85,0.85,4079,qwen3.6:latest
Chart-8-0102,Chart,8,102,AOR,arithmetic,org.jfree.data.time.Week,336,1,0.85,0.85,4033,qwen3.6:latest
Chart-8-0103,Chart,8,103,AOR,arithmetic,org.jfree.data.time.Week,336,1,0.85,0.85,4110,qwen3.6:latest
Chart-8-0104,Chart,8,104,AOR,arithmetic,org.jfree.data.time.Week,336,1,0.85,0.85,4064,qwen3.6:latest
Chart-8-0105,Chart,8,105,LVR,arithmetic,org.jfree.data.time.Week,340,1,0.85,0.85,4023,qwen3.6:latest
Chart-8-0106,Chart,8,106,LVR,arithmetic,org.jfree.data.time.Week,340,1,0.85,0.85,4002,qwen3.6:latest
Chart-8-0107,Chart,8,107,STD,statement_deletion,org.jfree.data.time.Week,340,1,0.85,0.85,4010,qwen3.6:latest
Chart-8-0108,Chart,8,108,ROR,relational,org.jfree.data.time.Week,343,1,0.85,0.85,4038,qwen3.6:latest
Chart-8-0109,Chart,8,109,ROR,relational,org.jfree.data.time.Week,343,1,0.85,0.85,4120,qwen3.6:latest
Chart-8-0110,Chart,8,110,ROR,relational,org.jfree.data.time.Week,343,1,0.85,0.85,4003,qwen3.6:latest
Chart-8-0111,Chart,8,111,LVR,arithmetic,org.jfree.data.time.Week,344,1,0.25,0.25,4009,qwen3.6:latest
Chart-8-0112,Chart,8,112,LVR,arithmetic,org.jfree.data.time.Week,344,1,0.15,0.15,4000,qwen3.6:latest
Chart-8-0113,Chart,8,113,AOR,arithmetic,org.jfree.data.time.Week,344,1,0.85,0.85,4004,qwen3.6:latest
Chart-8-0114,Chart,8,114,AOR,arithmetic,org.jfree.data.time.Week,344,0,0.85,0.85,4007,qwen3.6:latest
Chart-8-0115,Chart,8,115,AOR,arithmetic,org.jfree.data.time.Week,344,1,0.85,0.85,4116,qwen3.6:latest
Chart-8-0116,Chart,8,116,AOR,arithmetic,org.jfree.data.time.Week,344,1,0.85,0.85,4058,qwen3.6:latest
Chart-8-0117,Chart,8,117,LVR,arithmetic,org.jfree.data.time.Week,347,0,0.85,0.85,4105,qwen3.6:latest
Chart-8-0118,Chart,8,118,LVR,arithmetic,org.jfree.data.time.Week,347,1,0.85,0.85,4053,qwen3.6:latest
Chart-8-0119,Chart,8,119,ROR,relational,org.jfree.data.time.Week,347,1,0.85,0.85,4030,qwen3.6:latest
Chart-8-0120,Chart,8,120,ROR,relational,org.jfree.data.time.Week,347,0,0.85,0.85,4016,qwen3.6:latest
Chart-8-0121,Chart,8,121,ROR,relational,org.jfree.data.time.Week,347,0,0.85,0.85,3970,qwen3.6:latest
Chart-8-0122,Chart,8,122,LVR,arithmetic,org.jfree.data.time.Week,348,0,0.85,0.85,3992,qwen3.6:latest
Chart-8-0123,Chart,8,123,LVR,arithmetic,org.jfree.data.time.Week,348,1,0.85,0.85,3998,qwen3.6:latest
Chart-8-0124,Chart,8,124,AOR,arithmetic,org.jfree.data.time.Week,348,1,0.85,0.85,4025,qwen3.6:latest
Chart-8-0125,Chart,8,125,AOR,arithmetic,org.jfree.data.time.Week,348,0,0.85,0.85,4039,qwen3.6:latest
Chart-8-0126,Chart,8,126,AOR,arithmetic,org.jfree.data.time.Week,348,1,0.85,0.85,3931,qwen3.6:latest
Chart-8-0127,Chart,8,127,AOR,arithmetic,org.jfree.data.time.Week,348,0,0.85,0.85,3991,qwen3.6:latest
Chart-8-0128,Chart,8,128,LVR,arithmetic,org.jfree.data.time.Week,365,1,0.75,0.75,3977,qwen3.6:latest
Chart-8-0129,Chart,8,129,LVR,arithmetic,org.jfree.data.time.Week,365,1,0.75,0.75,4000,qwen3.6:latest
Chart-8-0130,Chart,8,130,AOR,arithmetic,org.jfree.data.time.Week,365,1,0.85,0.85,4072,qwen3.6:latest
Chart-8-0131,Chart,8,131,AOR,arithmetic,org.jfree.data.time.Week,365,1,0.85,0.85,4055,qwen3.6:latest
Chart-8-0132,Chart,8,132,AOR,arithmetic,org.jfree.data.time.Week,365,1,0.85,0.85,4122,qwen3.6:latest
Chart-8-0133,Chart,8,133,AOR,arithmetic,org.jfree.data.time.Week,365,1,0.85,0.85,4038,qwen3.6:latest
Chart-8-0134,Chart,8,134,AOR,arithmetic,org.jfree.data.time.Week,365,0,0.85,0.85,4050,qwen3.6:latest
Chart-8-0135,Chart,8,135,AOR,arithmetic,org.jfree.data.time.Week,365,1,0.85,0.85,4043,qwen3.6:latest
Chart-8-0136,Chart,8,136,AOR,arithmetic,org.jfree.data.time.Week,365,1,0.85,0.85,4015,qwen3.6:latest
Chart-8-0137,Chart,8,137,AOR,arithmetic,org.jfree.data.time.Week,365,0,0.85,0.85,3989,qwen3.6:latest
Chart-8-0138,Chart,8,138,STD,statement_deletion,org.jfree.data.time.Week,381,1,0.15,0.15,4056,qwen3.6:latest
Chart-8-0139,Chart,8,139,STD,statement_deletion,org.jfree.data.time.Week,382,1,0.15,0.15,4016,qwen3.6:latest
Chart-8-0140,Chart,8,140,STD,statement_deletion,org.jfree.data.time.Week,383,1,0.25,0.25,4116,qwen3.6:latest
Chart-8-0141,Chart,8,141,STD,statement_deletion,org.jfree.data.time.Week,384,0,0.95,0.95,4098,qwen3.6:latest
Chart-8-0142,Chart,8,142,LVR,arithmetic,org.jfree.data.time.Week,385,0,0.85,0.85,4109,qwen3.6:latest
Chart-8-0143,Chart,8,143,LVR,arithmetic,org.jfree.data.time.Week,385,1,0.85,0.85,4075,qwen3.6:latest
Chart-8-0144,Chart,8,144,STD,statement_deletion,org.jfree.data.time.Week,385,1,0.85,0.85,4009,qwen3.6:latest
Chart-8-0145,Chart,8,145,LVR,arithmetic,org.jfree.data.time.Week,386,0,0.85,0.85,4103,qwen3.6:latest
Chart-8-0146,Chart,8,146,LVR,arithmetic,org.jfree.data.time.Week,386,0,0.85,0.85,4062,qwen3.6:latest
Chart-8-0147,Chart,8,147,STD,statement_deletion,org.jfree.data.time.Week,386,1,0.75,0.75,4022,qwen3.6:latest
Chart-8-0148,Chart,8,148,LVR,arithmetic,org.jfree.data.time.Week,387,1,0.85,0.85,4133,qwen3.6:latest
Chart-8-0149,Chart,8,149,LVR,arithmetic,org.jfree.data.time.Week,387,1,0.85,0.85,4155,qwen3.6:latest
Chart-8-0150,Chart,8,150,STD,statement_deletion,org.jfree.data.time.Week,387,1,0.85,0.85,4080,qwen3.6:latest
Chart-8-0151,Chart,8,151,LVR,arithmetic,org.jfree.data.time.Week,388,1,0.75,0.75,4001,qwen3.6:latest
Chart-8-0152,Chart,8,152,LVR,arithmetic,org.jfree.data.time.Week,388,1,0.75,0.75,3997,qwen3.6:latest
Chart-8-0153,Chart,8,153,STD,statement_deletion,org.jfree.data.time.Week,388,1,0.15,0.15,4004,qwen3.6:latest
Chart-8-0154,Chart,8,154,STD,statement_deletion,org.jfree.data.time.Week,406,1,0.75,0.75,3994,qwen3.6:latest
Chart-8-0155,Chart,8,155,STD,statement_deletion,org.jfree.data.time.Week,407,0,0.15,0.15,4007,qwen3.6:latest
Chart-8-0156,Chart,8,156,LVR,arithmetic,org.jfree.data.time.Week,408,1,0.85,0.85,4157,qwen3.6:latest
Chart-8-0157,Chart,8,157,LVR,arithmetic,org.jfree.data.time.Week,408,1,0.85,0.85,4054,qwen3.6:latest
Chart-8-0158,Chart,8,158,AOR,arithmetic,org.jfree.data.time.Week,408,0,0.85,0.85,4177,qwen3.6:latest
Chart-8-0159,Chart,8,159,AOR,arithmetic,org.jfree.data.time.Week,408,1,0.85,0.85,4029,qwen3.6:latest
Chart-8-0160,Chart,8,160,AOR,arithmetic,org.jfree.data.time.Week,408,1,0.85,0.85,4143,qwen3.6:latest
Chart-8-0161,Chart,8,161,AOR,arithmetic,org.jfree.data.time.Week,408,1,0.85,0.85,4051,qwen3.6:latest
Chart-8-0162,Chart,8,162,STD,statement_deletion,org.jfree.data.time.Week,408,1,0.75,0.75,4110,qwen3.6:latest
Chart-8-0163,Chart,8,163,STD,statement_deletion,org.jfree.data.time.Week,409,1,0.75,0.75,4086,qwen3.6:latest
Chart-8-0164,Chart,8,164,LVR,arithmetic,org.jfree.data.time.Week,410,0,0.85,0.85,4121,qwen3.6:latest
Chart-8-0165,Chart,8,165,LVR,arithmetic,org.jfree.data.time.Week,410,1,0.85,0.85,4071,qwen3.6:latest
Chart-8-0166,Chart,8,166,STD,statement_deletion,org.jfree.data.time.Week,410,0,0.75,0.75,4126,qwen3.6:latest
Chart-8-0167,Chart,8,167,LVR,arithmetic,org.jfree.data.time.Week,411,1,0.75,0.75,4047,qwen3.6:latest
Chart-8-0168,Chart,8,168,LVR,arithmetic,org.jfree.data.time.Week,411,0,0.75,0.75,4113,qwen3.6:latest
Chart-8-0169,Chart,8,169,STD,statement_deletion,org.jfree.data.time.Week,411,1,0.25,0.25,4086,qwen3.6:latest
Chart-8-0170,Chart,8,170,LVR,arithmetic,org.jfree.data.time.Week,412,1,0.85,0.85,4011,qwen3.6:latest
Chart-8-0171,Chart,8,171,LVR,arithmetic,org.jfree.data.time.Week,412,1,0.85,0.85,3996,qwen3.6:latest
Chart-8-0172,Chart,8,172,STD,statement_deletion,org.jfree.data.time.Week,412,0,0.25,0.25,4005,qwen3.6:latest
Chart-8-0173,Chart,8,173,LVR,arithmetic,org.jfree.data.time.Week,413,1,0.75,0.75,4133,qwen3.6:latest
Chart-8-0174,Chart,8,174,LVR,arithmetic,org.jfree.data.time.Week,413,1,0.85,0.85,4052,qwen3.6:latest
Chart-8-0175,Chart,8,175,STD,statement_deletion,org.jfree.data.time.Week,413,1,0.15,0.15,4115,qwen3.6:latest
Chart-8-0176,Chart,8,176,LVR,arithmetic,org.jfree.data.time.Week,415,1,0.75,0.75,4064,qwen3.6:latest
Chart-8-0177,Chart,8,177,LVR,arithmetic,org.jfree.data.time.Week,415,0,0.85,0.85,4012,qwen3.6:latest
Chart-8-0178,Chart,8,178,AOR,arithmetic,org.jfree.data.time.Week,415,1,0.75,0.75,4130,qwen3.6:latest
Chart-8-0179,Chart,8,179,AOR,arithmetic,org.jfree.data.time.Week,415,1,0.85,0.85,4066,qwen3.6:latest
Chart-8-0180,Chart,8,180,AOR,arithmetic,org.jfree.data.time.Week,415,1,0.85,0.85,4004,qwen3.6:latest
Chart-8-0181,Chart,8,181,AOR,arithmetic,org.jfree.data.time.Week,415,1,0.85,0.85,3999,qwen3.6:latest
Chart-8-0182,Chart,8,182,LVR,arithmetic,org.jfree.data.time.Week,442,0,0.85,0.85,3918,qwen3.6:latest
Chart-8-0183,Chart,8,183,LVR,arithmetic,org.jfree.data.time.Week,445,0,0.85,0.85,3994,qwen3.6:latest
Chart-8-0184,Chart,8,184,ROR,relational,org.jfree.data.time.Week,448,0,0.95,0.95,3985,qwen3.6:latest
Chart-8-0185,Chart,8,185,ROR,relational,org.jfree.data.time.Week,448,1,0.95,0.95,4005,qwen3.6:latest
Chart-8-0186,Chart,8,186,ROR,relational,org.jfree.data.time.Week,448,0,0.95,0.95,3994,qwen3.6:latest
Chart-8-0187,Chart,8,187,LVR,arithmetic,org.jfree.data.time.Week,449,1,0.95,0.95,3996,qwen3.6:latest
Chart-8-0188,Chart,8,188,ROR,relational,org.jfree.data.time.Week,451,1,0.85,0.85,4001,qwen3.6:latest
Chart-8-0189,Chart,8,189,ROR,relational,org.jfree.data.time.Week,451,1,0.85,0.85,4050,qwen3.6:latest
Chart-8-0190,Chart,8,190,ROR,relational,org.jfree.data.time.Week,451,1,0.85,0.85,4000,qwen3.6:latest
Chart-8-0191,Chart,8,191,LVR,arithmetic,org.jfree.data.time.Week,452,0,0.85,0.85,3923,qwen3.6:latest
Chart-8-0192,Chart,8,192,LVR,arithmetic,org.jfree.data.time.Week,454,1,0.85,0.85,4029,qwen3.6:latest
Chart-8-0193,Chart,8,193,LVR,arithmetic,org.jfree.data.time.Week,468,1,0.85,0.85,4001,qwen3.6:latest
Chart-8-0194,Chart,8,194,LVR,arithmetic,org.jfree.data.time.Week,468,1,0.85,0.85,4010,qwen3.6:latest
Chart-8-0195,Chart,8,195,LVR,arithmetic,org.jfree.data.time.Week,469,1,0.85,0.85,3988,qwen3.6:latest
Chart-8-0196,Chart,8,196,LVR,arithmetic,org.jfree.data.time.Week,469,1,0.85,0.85,4008,qwen3.6:latest
Chart-8-0197,Chart,8,197,AOR,arithmetic,org.jfree.data.time.Week,469,1,0.85,0.85,3999,qwen3.6:latest
Chart-8-0198,Chart,8,198,AOR,arithmetic,org.jfree.data.time.Week,469,1,0.85,0.85,3991,qwen3.6:latest
Chart-8-0199,Chart,8,199,AOR,arithmetic,org.jfree.data.time.Week,469,0,0.85,0.85,3996,qwen3.6:latest
Chart-8-0200,Chart,8,200,AOR,arithmetic,org.jfree.data.time.Week,469,0,0.85,0.85,4019,qwen3.6:latest
Chart-8-0201,Chart,8,201,AOR,arithmetic,org.jfree.data.time.Week,469,1,0.85,0.85,3974,qwen3.6:latest
Chart-8-0202,Chart,8,202,AOR,arithmetic,org.jfree.data.time.Week,469,1,0.85,0.85,3996,qwen3.6:latest
Chart-8-0203,Chart,8,203,AOR,arithmetic,org.jfree.data.time.Week,469,0,0.85,0.85,4009,qwen3.6:latest
Chart-8-0204,Chart,8,204,AOR,arithmetic,org.jfree.data.time.Week,469,1,0.85,0.85,4029,qwen3.6:latest
Chart-8-0205,Chart,8,205,STD,statement_deletion,org.jfree.data.time.Week,469,1,0.15,0.15,3968,qwen3.6:latest
Chart-8-0206,Chart,8,206,LVR,arithmetic,org.jfree.data.time.Week,470,1,0.85,0.85,4034,qwen3.6:latest
Chart-8-0207,Chart,8,207,LVR,arithmetic,org.jfree.data.time.Week,470,1,0.85,0.85,3993,qwen3.6:latest
Chart-8-0208,Chart,8,208,AOR,arithmetic,org.jfree.data.time.Week,470,1,0.85,0.85,3956,qwen3.6:latest
Chart-8-0209,Chart,8,209,AOR,arithmetic,org.jfree.data.time.Week,470,1,0.85,0.85,3997,qwen3.6:latest
Chart-8-0210,Chart,8,210,AOR,arithmetic,org.jfree.data.time.Week,470,1,0.85,0.85,4002,qwen3.6:latest
Chart-8-0211,Chart,8,211,AOR,arithmetic,org.jfree.data.time.Week,470,1,0.85,0.85,3990,qwen3.6:latest
Chart-8-0212,Chart,8,212,AOR,arithmetic,org.jfree.data.time.Week,470,1,0.85,0.85,4010,qwen3.6:latest
Chart-8-0213,Chart,8,213,AOR,arithmetic,org.jfree.data.time.Week,470,1,0.85,0.85,4003,qwen3.6:latest
Chart-8-0214,Chart,8,214,AOR,arithmetic,org.jfree.data.time.Week,470,1,0.85,0.85,4001,qwen3.6:latest
Chart-8-0215,Chart,8,215,AOR,arithmetic,org.jfree.data.time.Week,470,1,0.85,0.85,3989,qwen3.6:latest
Chart-8-0216,Chart,8,216,STD,statement_deletion,org.jfree.data.time.Week,470,1,0.15,0.15,3986,qwen3.6:latest
Chart-8-0217,Chart,8,217,AOR,arithmetic,org.jfree.data.time.Week,492,1,0.85,0.85,4007,qwen3.6:latest
Chart-8-0218,Chart,8,218,AOR,arithmetic,org.jfree.data.time.Week,492,1,0.85,0.85,3999,qwen3.6:latest
Chart-8-0219,Chart,8,219,AOR,arithmetic,org.jfree.data.time.Week,492,1,0.85,0.85,4007,qwen3.6:latest
Chart-8-0220,Chart,8,220,AOR,arithmetic,org.jfree.data.time.Week,492,1,0.85,0.85,3987,qwen3.6:latest
Chart-8-0221,Chart,8,221,LVR,arithmetic,org.jfree.data.time.Week,493,1,0.85,0.85,3996,qwen3.6:latest
Chart-8-0222,Chart,8,222,LVR,arithmetic,org.jfree.data.time.Week,493,1,0.85,0.85,4122,qwen3.6:latest
Chart-8-0223,Chart,8,223,ROR,relational,org.jfree.data.time.Week,493,1,0.85,0.85,4057,qwen3.6:latest
Chart-8-0224,Chart,8,224,ROR,relational,org.jfree.data.time.Week,493,1,0.85,0.85,4012,qwen3.6:latest
Chart-8-0225,Chart,8,225,ROR,relational,org.jfree.data.time.Week,493,1,0.85,0.85,4005,qwen3.6:latest
Chart-8-0226,Chart,8,226,AOR,arithmetic,org.jfree.data.time.Week,494,1,0.85,0.85,4032,qwen3.6:latest
Chart-8-0227,Chart,8,227,AOR,arithmetic,org.jfree.data.time.Week,494,1,0.85,0.85,4005,qwen3.6:latest
Chart-8-0228,Chart,8,228,AOR,arithmetic,org.jfree.data.time.Week,494,1,0.85,0.85,4009,qwen3.6:latest
Chart-8-0229,Chart,8,229,AOR,arithmetic,org.jfree.data.time.Week,494,1,0.85,0.85,4011,qwen3.6:latest
Chart-8-0230,Chart,8,230,STD,statement_deletion,org.jfree.data.time.Week,494,1,0.85,0.85,4008,qwen3.6:latest
Chart-8-0231,Chart,8,231,LVR,arithmetic,org.jfree.data.time.Week,502,0,0.15,0.15,3922,qwen3.6:latest
Chart-8-0232,Chart,8,232,LVR,arithmetic,org.jfree.data.time.Week,502,1,0.15,0.15,4010,qwen3.6:latest
Chart-8-0233,Chart,8,233,LVR,arithmetic,org.jfree.data.time.Week,509,1,0.2,0.2,3917,qwen3.6:latest
Chart-8-0234,Chart,8,234,LVR,arithmetic,org.jfree.data.time.Week,509,1,0.2,0.2,3974,qwen3.6:latest
Chart-8-0235,Chart,8,235,ROR,relational,org.jfree.data.time.Week,530,0,0.85,0.85,4057,qwen3.6:latest
Chart-8-0236,Chart,8,236,STD,statement_deletion,org.jfree.data.time.Week,533,1,0.75,0.75,4048,qwen3.6:latest
Chart-8-0237,Chart,8,237,LVR,arithmetic,org.jfree.data.time.Week,536,1,0.75,0.75,4009,qwen3.6:latest
Chart-8-0238,Chart,8,238,LVR,arithmetic,org.jfree.data.time.Week,536,1,0.85,0.85,4010,qwen3.6:latest
Chart-8-0239,Chart,8,239,ROR,relational,org.jfree.data.time.Week,536,1,0.85,0.85,4040,qwen3.6:latest
Chart-8-0240,Chart,8,240,ROR,relational,org.jfree.data.time.Week,536,1,0.75,0.75,4028,qwen3.6:latest
Chart-8-0241,Chart,8,241,ROR,relational,org.jfree.data.time.Week,536,1,0.85,0.85,4077,qwen3.6:latest
Chart-8-0242,Chart,8,242,LVR,arithmetic,org.jfree.data.time.Week,537,1,0.85,0.85,4031,qwen3.6:latest
Chart-8-0243,Chart,8,243,LVR,arithmetic,org.jfree.data.time.Week,537,1,0.85,0.85,4011,qwen3.6:latest
Chart-8-0244,Chart,8,244,LVR,arithmetic,org.jfree.data.time.Week,538,1,0.75,0.75,4018,qwen3.6:latest
Chart-8-0245,Chart,8,245,LVR,arithmetic,org.jfree.data.time.Week,538,1,0.75,0.75,4021,qwen3.6:latest
Chart-8-0246,Chart,8,246,AOR,arithmetic,org.jfree.data.time.Week,538,1,0.75,0.75,4006,qwen3.6:latest
Chart-8-0247,Chart,8,247,AOR,arithmetic,org.jfree.data.time.Week,538,1,0.75,0.75,3981,qwen3.6:latest
Chart-8-0248,Chart,8,248,AOR,arithmetic,org.jfree.data.time.Week,538,1,0.85,0.85,3994,qwen3.6:latest
Chart-8-0249,Chart,8,249,AOR,arithmetic,org.jfree.data.time.Week,538,1,0.75,0.75,3993,qwen3.6:latest
Chart-8-0250,Chart,8,250,ROR,relational,org.jfree.data.time.Week,542,1,0.85,0.85,4001,qwen3.6:latest
Chart-8-0251,Chart,8,251,LVR,arithmetic,org.jfree.data.time.Week,544,1,0.85,0.85,4057,qwen3.6:latest
Chart-8-0252,Chart,8,252,LVR,arithmetic,org.jfree.data.time.Week,544,1,0.85,0.85,4050,qwen3.6:latest
Chart-8-0253,Chart,8,253,ROR,relational,org.jfree.data.time.Week,544,1,0.75,0.75,4031,qwen3.6:latest
Chart-8-0254,Chart,8,254,ROR,relational,org.jfree.data.time.Week,544,1,0.85,0.85,4007,qwen3.6:latest
Chart-8-0255,Chart,8,255,ROR,relational,org.jfree.data.time.Week,544,1,0.85,0.85,4028,qwen3.6:latest
Chart-8-0256,Chart,8,256,STD,statement_deletion,org.jfree.data.time.Week,548,1,0.15,0.15,4029,qwen3.6:latest
Chart-8-0257,Chart,8,257,STD,statement_deletion,org.jfree.data.time.Week,551,1,0.15,0.15,3951,qwen3.6:latest
Chart-8-0258,Chart,8,258,ROR,relational,org.jfree.data.time.Week,552,1,0.85,0.85,4010,qwen3.6:latest
Chart-8-0259,Chart,8,259,LVR,arithmetic,org.jfree.data.time.Week,554,1,0.85,0.85,3956,qwen3.6:latest
Chart-8-0260,Chart,8,260,LVR,arithmetic,org.jfree.data.time.Week,554,1,0.85,0.85,4004,qwen3.6:latest
Chart-8-0261,Chart,8,261,ROR,relational,org.jfree.data.time.Week,554,1,0.75,0.75,4004,qwen3.6:latest
Chart-8-0262,Chart,8,262,ROR,relational,org.jfree.data.time.Week,554,1,0.25,0.25,3994,qwen3.6:latest
Chart-8-0263,Chart,8,263,ROR,relational,org.jfree.data.time.Week,554,1,0.85,0.85,3992,qwen3.6:latest
Chart-8-0264,Chart,8,264,STD,statement_deletion,org.jfree.data.time.Week,558,1,0.15,0.15,4010,qwen3.6:latest
Chart-8-0265,Chart,8,265,LVR,arithmetic,org.jfree.data.time.Week,588,1,0.85,0.85,4001,qwen3.6:latest
Chart-8-0266,Chart,8,266,LVR,arithmetic,org.jfree.data.time.Week,588,1,0.85,0.85,3998,qwen3.6:latest
Chart-8-0267,Chart,8,267,ROR,relational,org.jfree.data.time.Week,588,1,0.85,0.85,4033,qwen3.6:latest
Chart-8-0268,Chart,8,268,ROR,relational,org.jfree.data.time.Week,588,1,0.85,0.85,3998,qwen3.6:latest
Chart-8-0269,Chart,8,269,ROR,relational,org.jfree.data.time.Week,588,1,0.85,0.85,4016,qwen3.6:latest
Chart-8-0270,Chart,8,270,STD,statement_deletion,org.jfree.data.time.Week,589,1,0.15,0.15,3952,qwen3.6:latest
Chart-8-0271,Chart,8,271,LVR,arithmetic,org.jfree.data.time.Week,591,0,0.85,0.85,3991,qwen3.6:latest
Chart-8-0272,Chart,8,272,LVR,arithmetic,org.jfree.data.time.Week,591,1,0.85,0.85,4119,qwen3.6:latest
Chart-8-0273,Chart,8,273,ROR,relational,org.jfree.data.time.Week,591,1,0.85,0.85,4030,qwen3.6:latest
Chart-8-0274,Chart,8,274,ROR,relational,org.jfree.data.time.Week,591,1,0.85,0.85,4014,qwen3.6:latest
Chart-8-0275,Chart,8,275,ROR,relational,org.jfree.data.time.Week,591,1,0.85,0.85,4007,qwen3.6:latest
Chart-8-0276,Chart,8,276,STD,statement_deletion,org.jfree.data.time.Week,592,1,0.15,0.15,3986,qwen3.6:latest
Chart-8-0277,Chart,8,277,LVR,arithmetic,org.jfree.data.time.Week,594,1,0.85,0.85,3985,qwen3.6:latest
Chart-8-0278,Chart,8,278,LVR,arithmetic,org.jfree.data.time.Week,594,1,0.85,0.85,4007,qwen3.6:latest
Chart-8-0279,Chart,8,279,ROR,relational,org.jfree.data.time.Week,594,0,0.85,0.85,4018,qwen3.6:latest
Chart-8-0280,Chart,8,280,ROR,relational,org.jfree.data.time.Week,594,0,0.85,0.85,3982,qwen3.6:latest
Chart-8-0281,Chart,8,281,ROR,relational,org.jfree.data.time.Week,594,1,0.75,0.75,3985,qwen3.6:latest
Chart-8-0282,Chart,8,282,STD,statement_deletion,org.jfree.data.time.Week,595,1,0.15,0.15,3995,qwen3.6:latest
Chart-8-0283,Chart,8,283,STD,statement_deletion,org.jfree.data.time.Week,613,1,0.15,0.15,4000,qwen3.6:latest
Chart-8-0284,Chart,8,284,LVR,arithmetic,org.jfree.data.time.Week,631,1,0.85,0.85,4073,qwen3.6:latest
Chart-8-0285,Chart,8,285,LVR,arithmetic,org.jfree.data.time.Week,631,1,0.85,0.85,4040,qwen3.6:latest
Chart-8-0286,Chart,8,286,STD,statement_deletion,org.jfree.data.time.Week,632,1,0.15,0.15,4078,qwen3.6:latest
Chart-8-0287,Chart,8,287,STD,statement_deletion,org.jfree.data.time.Week,633,1,0.25,0.25,4044,qwen3.6:latest
Chart-8-0288,Chart,8,288,STD,statement_deletion,org.jfree.data.time.Week,635,1,0.85,0.85,3988,qwen3.6:latest
Chart-8-0289,Chart,8,289,LVR,arithmetic,org.jfree.data.time.Week,636,0,0.85,0.85,4022,qwen3.6:latest
Chart-8-0290,Chart,8,290,LVR,arithmetic,org.jfree.data.time.Week,636,0,0.85,0.85,3973,qwen3.6:latest
Chart-8-0291,Chart,8,291,ROR,relational,org.jfree.data.time.Week,636,1,0.85,0.85,3993,qwen3.6:latest
Chart-8-0292,Chart,8,292,ROR,relational,org.jfree.data.time.Week,636,0,0.85,0.85,4052,qwen3.6:latest
Chart-8-0293,Chart,8,293,ROR,relational,org.jfree.data.time.Week,636,0,0.85,0.85,4090,qwen3.6:latest
Chart-8-0294,Chart,8,294,ROR,relational,org.jfree.data.time.Week,636,0,0.75,0.75,4018,qwen3.6:latest
Chart-8-0295,Chart,8,295,ROR,relational,org.jfree.data.time.Week,636,0,0.85,0.85,4034,qwen3.6:latest
Chart-8-0296,Chart,8,296,ROR,relational,org.jfree.data.time.Week,636,1,0.85,0.85,4005,qwen3.6:latest
Chart-8-0297,Chart,8,297,COR,logical,org.jfree.data.time.Week,636,0,0.85,0.85,4040,qwen3.6:latest
Chart-8-0298,Chart,8,298,COR,logical,org.jfree.data.time.Week,636,1,0.85,0.85,3964,qwen3.6:latest
Chart-8-0299,Chart,8,299,COR,logical,org.jfree.data.time.Week,636,1,0.85,0.85,4001,qwen3.6:latest
Chart-8-0300,Chart,8,300,LVR,arithmetic,org.jfree.data.time.Week,637,1,0.85,0.85,3996,qwen3.6:latest
Chart-8-0301,Chart,8,301,LVR,arithmetic,org.jfree.data.time.Week,637,1,0.85,0.85,3989,qwen3.6:latest
Chart-8-0302,Chart,8,302,STD,statement_deletion,org.jfree.data.time.Week,637,1,0.25,0.25,4023,qwen3.6:latest
Chart-9-0001,Chart,9,1,STD,statement_deletion,org.jfree.data.time.TimeSeries,175,1,0.15,0.15,4012,qwen3.6:latest
Chart-9-0002,Chart,9,2,STD,statement_deletion,org.jfree.data.time.TimeSeries,176,1,0.1,0.1,3960,qwen3.6:latest
Chart-9-0003,Chart,9,3,STD,statement_deletion,org.jfree.data.time.TimeSeries,177,0,0.15,0.15,4025,qwen3.6:latest
Chart-9-0004,Chart,9,4,STD,statement_deletion,org.jfree.data.time.TimeSeries,178,0,0.15,0.15,3990,qwen3.6:latest
Chart-9-0005,Chart,9,5,STD,statement_deletion,org.jfree.data.time.TimeSeries,179,1,0.1,0.1,3944,qwen3.6:latest
Chart-9-0006,Chart,9,6,STD,statement_deletion,org.jfree.data.time.TimeSeries,180,1,0.1,0.1,3989,qwen3.6:latest
Chart-9-0007,Chart,9,7,STD,statement_deletion,org.jfree.data.time.TimeSeries,205,1,0.15,0.15,4014,qwen3.6:latest
Chart-9-0008,Chart,9,8,STD,statement_deletion,org.jfree.data.time.TimeSeries,206,0,0.15,0.15,4014,qwen3.6:latest
Chart-9-0009,Chart,9,9,STD,statement_deletion,org.jfree.data.time.TimeSeries,230,1,0.15,0.15,4016,qwen3.6:latest
Chart-9-0010,Chart,9,10,STD,statement_deletion,org.jfree.data.time.TimeSeries,231,0,0.15,0.15,4015,qwen3.6:latest
Chart-9-0011,Chart,9,11,LVR,arithmetic,org.jfree.data.time.TimeSeries,277,0,0.85,0.85,3986,qwen3.6:latest
Chart-9-0012,Chart,9,12,LVR,arithmetic,org.jfree.data.time.TimeSeries,277,0,0.85,0.85,3996,qwen3.6:latest
Chart-9-0013,Chart,9,13,ROR,relational,org.jfree.data.time.TimeSeries,277,0,0.85,0.85,4022,qwen3.6:latest
Chart-9-0014,Chart,9,14,ROR,relational,org.jfree.data.time.TimeSeries,277,0,0.85,0.85,4010,qwen3.6:latest
Chart-9-0015,Chart,9,15,ROR,relational,org.jfree.data.time.TimeSeries,277,0,0.85,0.85,3996,qwen3.6:latest
Chart-9-0016,Chart,9,16,STD,statement_deletion,org.jfree.data.time.TimeSeries,280,1,0.85,0.85,3974,qwen3.6:latest
Chart-9-0017,Chart,9,17,ROR,relational,org.jfree.data.time.TimeSeries,282,1,0.85,0.85,4023,qwen3.6:latest
Chart-9-0018,Chart,9,18,ROR,relational,org.jfree.data.time.TimeSeries,282,0,0.85,0.85,3989,qwen3.6:latest
Chart-9-0019,Chart,9,19,ROR,relational,org.jfree.data.time.TimeSeries,282,1,0.85,0.85,4013,qwen3.6:latest
Chart-9-0020,Chart,9,20,LVR,arithmetic,org.jfree.data.time.TimeSeries,283,1,0.85,0.85,3990,qwen3.6:latest
Chart-9-0021,Chart,9,21,LVR,arithmetic,org.jfree.data.time.TimeSeries,283,1,0.85,0.85,3962,qwen3.6:latest
Chart-9-0022,Chart,9,22,AOR,arithmetic,org.jfree.data.time.TimeSeries,283,0,0.85,0.85,3974,qwen3.6:latest
Chart-9-0023,Chart,9,23,AOR,arithmetic,org.jfree.data.time.TimeSeries,283,1,0.85,0.85,4015,qwen3.6:latest
Chart-9-0024,Chart,9,24,AOR,arithmetic,org.jfree.data.time.TimeSeries,283,1,0.85,0.85,3989,qwen3.6:latest
Chart-9-0025,Chart,9,25,AOR,arithmetic,org.jfree.data.time.TimeSeries,283,0,0.85,0.85,4036,qwen3.6:latest
Chart-9-0026,Chart,9,26,LVR,arithmetic,org.jfree.data.time.TimeSeries,283,1,0.85,0.85,4006,qwen3.6:latest
Chart-9-0027,Chart,9,27,LVR,arithmetic,org.jfree.data.time.TimeSeries,283,1,0.85,0.85,3984,qwen3.6:latest
Chart-9-0028,Chart,9,28,AOR,arithmetic,org.jfree.data.time.TimeSeries,283,0,0.85,0.85,4034,qwen3.6:latest
Chart-9-0029,Chart,9,29,AOR,arithmetic,org.jfree.data.time.TimeSeries,283,0,0.85,0.85,4068,qwen3.6:latest
Chart-9-0030,Chart,9,30,AOR,arithmetic,org.jfree.data.time.TimeSeries,283,0,0.85,0.85,4053,qwen3.6:latest
Chart-9-0031,Chart,9,31,AOR,arithmetic,org.jfree.data.time.TimeSeries,283,1,0.85,0.85,4005,qwen3.6:latest
Chart-9-0032,Chart,9,32,STD,statement_deletion,org.jfree.data.time.TimeSeries,283,1,0.15,0.15,4003,qwen3.6:latest
Chart-9-0033,Chart,9,33,LVR,arithmetic,org.jfree.data.time.TimeSeries,311,0,0.85,0.85,4000,qwen3.6:latest
Chart-9-0034,Chart,9,34,LVR,arithmetic,org.jfree.data.time.TimeSeries,311,1,0.85,0.85,4031,qwen3.6:latest
Chart-9-0035,Chart,9,35,ROR,relational,org.jfree.data.time.TimeSeries,311,1,0.85,0.85,3974,qwen3.6:latest
Chart-9-0036,Chart,9,36,ROR,relational,org.jfree.data.time.TimeSeries,311,1,0.85,0.85,4048,qwen3.6:latest
Chart-9-0037,Chart,9,37,ROR,relational,org.jfree.data.time.TimeSeries,311,0,0.85,0.85,3954,qwen3.6:latest
Chart-9-0038,Chart,9,38,STD,statement_deletion,org.jfree.data.time.TimeSeries,314,0,0.15,0.15,3988,qwen3.6:latest
Chart-9-0039,Chart,9,39,LVR,arithmetic,org.jfree.data.time.TimeSeries,315,1,0.85,0.85,4017,qwen3.6:latest
Chart-9-0040,Chart,9,40,STD,statement_deletion,org.jfree.data.time.TimeSeries,315,1,0.15,0.15,4023,qwen3.6:latest
Chart-9-0041,Chart,9,41,LVR,arithmetic,org.jfree.data.time.TimeSeries,356,0,0.85,0.85,3953,qwen3.6:latest
Chart-9-0042,Chart,9,42,LVR,arithmetic,org.jfree.data.time.TimeSeries,356,0,0.15,0.15,4008,qwen3.6:latest
Chart-9-0043,Chart,9,43,ROR,relational,org.jfree.data.time.TimeSeries,356,0,0.85,0.85,4010,qwen3.6:latest
Chart-9-0044,Chart,9,44,ROR,relational,org.jfree.data.time.TimeSeries,356,0,0.85,0.85,4060,qwen3.6:latest
Chart-9-0045,Chart,9,45,ROR,relational,org.jfree.data.time.TimeSeries,356,1,0.85,0.85,4057,qwen3.6:latest
Chart-9-0046,Chart,9,46,LVR,arithmetic,org.jfree.data.time.TimeSeries,382,0,0.85,0.85,4031,qwen3.6:latest
Chart-9-0047,Chart,9,47,LVR,arithmetic,org.jfree.data.time.TimeSeries,382,1,0.85,0.85,4006,qwen3.6:latest
Chart-9-0048,Chart,9,48,AOR,arithmetic,org.jfree.data.time.TimeSeries,382,0,0.85,0.85,4004,qwen3.6:latest
Chart-9-0049,Chart,9,49,AOR,arithmetic,org.jfree.data.time.TimeSeries,382,1,0.85,0.85,4005,qwen3.6:latest
Chart-9-0050,Chart,9,50,AOR,arithmetic,org.jfree.data.time.TimeSeries,382,1,0.85,0.85,4011,qwen3.6:latest
Chart-9-0051,Chart,9,51,AOR,arithmetic,org.jfree.data.time.TimeSeries,382,1,0.85,0.85,4030,qwen3.6:latest
Chart-9-0052,Chart,9,52,LVR,arithmetic,org.jfree.data.time.TimeSeries,393,1,0.85,0.85,3966,qwen3.6:latest
Chart-9-0053,Chart,9,53,LVR,arithmetic,org.jfree.data.time.TimeSeries,393,1,0.85,0.85,4005,qwen3.6:latest
Chart-9-0054,Chart,9,54,ROR,relational,org.jfree.data.time.TimeSeries,393,1,0.85,0.85,4006,qwen3.6:latest
Chart-9-0055,Chart,9,55,ROR,relational,org.jfree.data.time.TimeSeries,393,0,0.85,0.85,3982,qwen3.6:latest
Chart-9-0056,Chart,9,56,ROR,relational,org.jfree.data.time.TimeSeries,393,1,0.85,0.85,4050,qwen3.6:latest
Chart-9-0057,Chart,9,57,STD,statement_deletion,org.jfree.data.time.TimeSeries,394,1,0.15,0.15,4016,qwen3.6:latest
Chart-9-0058,Chart,9,58,LVR,arithmetic,org.jfree.data.time.TimeSeries,410,1,0.85,0.85,4088,qwen3.6:latest
Chart-9-0059,Chart,9,59,LVR,arithmetic,org.jfree.data.time.TimeSeries,410,1,0.85,0.85,4049,qwen3.6:latest
Chart-9-0060,Chart,9,60,ROR,relational,org.jfree.data.time.TimeSeries,410,0,0.85,0.85,4002,qwen3.6:latest
Chart-9-0061,Chart,9,61,ROR,relational,org.jfree.data.time.TimeSeries,410,0,0.85,0.85,4022,qwen3.6:latest
Chart-9-0062,Chart,9,62,ROR,relational,org.jfree.data.time.TimeSeries,410,0,0.85,0.85,3974,qwen3.6:latest
Chart-9-0063,Chart,9,63,LVR,arithmetic,org.jfree.data.time.TimeSeries,413,1,0.85,0.85,3983,qwen3.6:latest
Chart-9-0064,Chart,9,64,LVR,arithmetic,org.jfree.data.time.TimeSeries,413,1,0.85,0.85,3987,qwen3.6:latest
Chart-9-0065,Chart,9,65,ROR,relational,org.jfree.data.time.TimeSeries,413,1,0.85,0.85,4006,qwen3.6:latest
Chart-9-0066,Chart,9,66,ROR,relational,org.jfree.data.time.TimeSeries,413,1,0.85,0.85,3991,qwen3.6:latest
Chart-9-0067,Chart,9,67,ROR,relational,org.jfree.data.time.TimeSeries,413,1,0.85,0.85,3998,qwen3.6:latest
Chart-9-0068,Chart,9,68,STD,statement_deletion,org.jfree.data.time.TimeSeries,414,1,0.15,0.15,3986,qwen3.6:latest
Chart-9-0069,Chart,9,69,ROR,relational,org.jfree.data.time.TimeSeries,430,1,0.85,0.85,4100,qwen3.6:latest
Chart-9-0070,Chart,9,70,LVR,arithmetic,org.jfree.data.time.TimeSeries,460,1,0.85,0.85,4019,qwen3.6:latest
Chart-9-0071,Chart,9,71,LVR,arithmetic,org.jfree.data.time.TimeSeries,460,1,0.85,0.85,3999,qwen3.6:latest
Chart-9-0072,Chart,9,72,ROR,relational,org.jfree.data.time.TimeSeries,460,1,0.85,0.85,4041,qwen3.6:latest
Chart-9-0073,Chart,9,73,ROR,relational,org.jfree.data.time.TimeSeries,460,1,0.85,0.85,4023,qwen3.6:latest
Chart-9-0074,Chart,9,74,ROR,relational,org.jfree.data.time.TimeSeries,460,1,0.85,0.85,3986,qwen3.6:latest
Chart-9-0075,Chart,9,75,LVR,arithmetic,org.jfree.data.time.TimeSeries,478,1,0.85,0.85,4025,qwen3.6:latest
Chart-9-0076,Chart,9,76,STD,statement_deletion,org.jfree.data.time.TimeSeries,478,1,0.15,0.15,4009,qwen3.6:latest
Chart-9-0077,Chart,9,77,ROR,relational,org.jfree.data.time.TimeSeries,491,1,0.85,0.85,4081,qwen3.6:latest
Chart-9-0078,Chart,9,78,COR,logical,org.jfree.data.time.TimeSeries,494,1,0.95,0.95,4119,qwen3.6:latest
Chart-9-0079,Chart,9,79,COR,logical,org.jfree.data.time.TimeSeries,494,1,0.85,0.85,4062,qwen3.6:latest
Chart-9-0080,Chart,9,80,STD,statement_deletion,org.jfree.data.time.TimeSeries,496,1,0.15,0.15,4108,qwen3.6:latest
Chart-9-0081,Chart,9,81,STD,statement_deletion,org.jfree.data.time.TimeSeries,497,1,0.15,0.15,4067,qwen3.6:latest
Chart-9-0082,Chart,9,82,STD,statement_deletion,org.jfree.data.time.TimeSeries,498,1,0.15,0.15,4006,qwen3.6:latest
Chart-9-0083,Chart,9,83,STD,statement_deletion,org.jfree.data.time.TimeSeries,499,1,0.15,0.15,4123,qwen3.6:latest
Chart-9-0084,Chart,9,84,STD,statement_deletion,org.jfree.data.time.TimeSeries,500,0,0.15,0.15,4066,qwen3.6:latest
Chart-9-0085,Chart,9,85,STD,statement_deletion,org.jfree.data.time.TimeSeries,501,1,0.15,0.15,4042,qwen3.6:latest
Chart-9-0086,Chart,9,86,LVR,arithmetic,org.jfree.data.time.TimeSeries,508,1,0.85,0.85,4028,qwen3.6:latest
Chart-9-0087,Chart,9,87,LVR,arithmetic,org.jfree.data.time.TimeSeries,508,1,0.85,0.85,4032,qwen3.6:latest
Chart-9-0088,Chart,9,88,ROR,relational,org.jfree.data.time.TimeSeries,508,1,0.85,0.85,4050,qwen3.6:latest
Chart-9-0089,Chart,9,89,ROR,relational,org.jfree.data.time.TimeSeries,508,1,0.85,0.85,4002,qwen3.6:latest
Chart-9-0090,Chart,9,90,ROR,relational,org.jfree.data.time.TimeSeries,508,1,0.85,0.85,3987,qwen3.6:latest
Chart-9-0091,Chart,9,91,STD,statement_deletion,org.jfree.data.time.TimeSeries,509,1,0.25,0.25,4009,qwen3.6:latest
Chart-9-0092,Chart,9,92,LVR,arithmetic,org.jfree.data.time.TimeSeries,510,1,0.85,0.85,4020,qwen3.6:latest
Chart-9-0093,Chart,9,93,STD,statement_deletion,org.jfree.data.time.TimeSeries,510,1,0.85,0.85,4007,qwen3.6:latest
Chart-9-0094,Chart,9,94,LVR,arithmetic,org.jfree.data.time.TimeSeries,513,1,0.85,0.85,3970,qwen3.6:latest
Chart-9-0095,Chart,9,95,LVR,arithmetic,org.jfree.data.time.TimeSeries,513,1,0.75,0.75,3982,qwen3.6:latest
Chart-9-0096,Chart,9,96,AOR,arithmetic,org.jfree.data.time.TimeSeries,513,1,0.75,0.75,4007,qwen3.6:latest
Chart-9-0097,Chart,9,97,AOR,arithmetic,org.jfree.data.time.TimeSeries,513,1,0.85,0.85,4012,qwen3.6:latest
Chart-9-0098,Chart,9,98,AOR,arithmetic,org.jfree.data.time.TimeSeries,513,1,0.85,0.85,3977,qwen3.6:latest
Chart-9-0099,Chart,9,99,AOR,arithmetic,org.jfree.data.time.TimeSeries,513,1,0.85,0.85,3990,qwen3.6:latest
Chart-9-0100,Chart,9,100,LVR,arithmetic,org.jfree.data.time.TimeSeries,514,0,0.85,0.85,4022,qwen3.6:latest
Chart-9-0101,Chart,9,101,LVR,arithmetic,org.jfree.data.time.TimeSeries,514,1,0.85,0.85,4006,qwen3.6:latest
Chart-9-0102,Chart,9,102,ROR,relational,org.jfree.data.time.TimeSeries,514,1,0.85,0.85,3998,qwen3.6:latest
Chart-9-0103,Chart,9,103,ROR,relational,org.jfree.data.time.TimeSeries,514,0,0.85,0.85,3994,qwen3.6:latest
Chart-9-0104,Chart,9,104,ROR,relational,org.jfree.data.time.TimeSeries,514,1,0.85,0.85,3989,qwen3.6:latest
Chart-9-0105,Chart,9,105,STD,statement_deletion,org.jfree.data.time.TimeSeries,515,1,0.85,0.85,4005,qwen3.6:latest
Chart-9-0106,Chart,9,106,LVR,arithmetic,org.jfree.data.time.TimeSeries,516,0,0.85,0.85,3979,qwen3.6:latest
Chart-9-0107,Chart,9,107,STD,statement_deletion,org.jfree.data.time.TimeSeries,516,0,0.85,0.85,4019,qwen3.6:latest
Chart-9-0108,Chart,9,108,LVR,arithmetic,org.jfree.data.time.TimeSeries,520,0,0.85,0.85,3994,qwen3.6:latest
Chart-9-0109,Chart,9,109,LVR,arithmetic,org.jfree.data.time.TimeSeries,520,1,0.85,0.85,4011,qwen3.6:latest
Chart-9-0110,Chart,9,110,ROR,relational,org.jfree.data.time.TimeSeries,520,1,0.75,0.75,4015,qwen3.6:latest
Chart-9-0111,Chart,9,111,ROR,relational,org.jfree.data.time.TimeSeries,520,0,0.85,0.85,3999,qwen3.6:latest
Chart-9-0112,Chart,9,112,ROR,relational,org.jfree.data.time.TimeSeries,520,1,0.85,0.85,4018,qwen3.6:latest
Chart-9-0113,Chart,9,113,ORU,return_value,org.jfree.data.time.TimeSeries,521,0,0.85,0.85,3982,qwen3.6:latest
Chart-9-0114,Chart,9,114,ORU,return_value,org.jfree.data.time.TimeSeries,521,1,0.85,0.85,3988,qwen3.6:latest
Chart-9-0115,Chart,9,115,LVR,arithmetic,org.jfree.data.time.TimeSeries,521,1,0.85,0.85,3976,qwen3.6:latest
Chart-9-0116,Chart,9,116,LVR,arithmetic,org.jfree.data.time.TimeSeries,521,1,0.85,0.85,3987,qwen3.6:latest
Chart-9-0117,Chart,9,117,AOR,arithmetic,org.jfree.data.time.TimeSeries,521,1,0.85,0.85,4019,qwen3.6:latest
Chart-9-0118,Chart,9,118,AOR,arithmetic,org.jfree.data.time.TimeSeries,521,1,0.85,0.85,4006,qwen3.6:latest
Chart-9-0119,Chart,9,119,AOR,arithmetic,org.jfree.data.time.TimeSeries,521,1,0.85,0.85,3981,qwen3.6:latest
Chart-9-0120,Chart,9,120,AOR,arithmetic,org.jfree.data.time.TimeSeries,521,0,0.85,0.85,4002,qwen3.6:latest
Chart-9-0121,Chart,9,121,STD,statement_deletion,org.jfree.data.time.TimeSeries,521,1,0.15,0.15,4011,qwen3.6:latest
Chart-9-0122,Chart,9,122,LVR,arithmetic,org.jfree.data.time.TimeSeries,522,1,0.85,0.85,3971,qwen3.6:latest
Chart-9-0123,Chart,9,123,STD,statement_deletion,org.jfree.data.time.TimeSeries,522,0,0.15,0.15,4000,qwen3.6:latest
Chart-9-0124,Chart,9,124,STD,statement_deletion,org.jfree.data.time.TimeSeries,526,1,0.15,0.15,4070,qwen3.6:latest
Chart-9-0125,Chart,9,125,STD,statement_deletion,org.jfree.data.time.TimeSeries,527,1,0.15,0.15,4119,qwen3.6:latest
Chart-9-0126,Chart,9,126,STD,statement_deletion,org.jfree.data.time.TimeSeries,528,1,0.15,0.15,4042,qwen3.6:latest
Chart-9-0127,Chart,9,127,STD,statement_deletion,org.jfree.data.time.TimeSeries,529,0,0.15,0.15,3969,qwen3.6:latest
Chart-9-0128,Chart,9,128,STD,statement_deletion,org.jfree.data.time.TimeSeries,530,0,0.15,0.15,4008,qwen3.6:latest
Chart-9-0129,Chart,9,129,STD,statement_deletion,org.jfree.data.time.TimeSeries,531,1,0.15,0.15,4014,qwen3.6:latest
Chart-9-0130,Chart,9,130,COR,logical,org.jfree.data.time.TimeSeries,536,1,0.85,0.85,3966,qwen3.6:latest
Chart-9-0131,Chart,9,131,COR,logical,org.jfree.data.time.TimeSeries,536,0,0.85,0.85,3997,qwen3.6:latest
Chart-9-0132,Chart,9,132,ROR,relational,org.jfree.data.time.TimeSeries,538,0,0.85,0.85,4001,qwen3.6:latest
Chart-9-0133,Chart,9,133,ROR,relational,org.jfree.data.time.TimeSeries,538,1,0.85,0.85,3992,qwen3.6:latest
Chart-9-0134,Chart,9,134,ROR,relational,org.jfree.data.time.TimeSeries,538,1,0.85,0.85,3967,qwen3.6:latest
Chart-9-0135,Chart,9,135,LVR,arithmetic,org.jfree.data.time.TimeSeries,539,1,0.85,0.85,3987,qwen3.6:latest
Chart-9-0136,Chart,9,136,LVR,arithmetic,org.jfree.data.time.TimeSeries,539,1,0.75,0.75,4043,qwen3.6:latest
Chart-9-0137,Chart,9,137,STD,statement_deletion,org.jfree.data.time.TimeSeries,539,1,0.15,0.15,3965,qwen3.6:latest
Chart-9-0138,Chart,9,138,LVR,arithmetic,org.jfree.data.time.TimeSeries,542,1,0.85,0.85,3997,qwen3.6:latest
Chart-9-0139,Chart,9,139,STD,statement_deletion,org.jfree.data.time.TimeSeries,542,1,0.15,0.15,3993,qwen3.6:latest
Chart-9-0140,Chart,9,140,COR,logical,org.jfree.data.time.TimeSeries,545,1,0.85,0.85,3992,qwen3.6:latest
Chart-9-0141,Chart,9,141,COR,logical,org.jfree.data.time.TimeSeries,545,0,0.85,0.85,4006,qwen3.6:latest
Chart-9-0142,Chart,9,142,STD,statement_deletion,org.jfree.data.time.TimeSeries,546,1,0.15,0.15,3993,qwen3.6:latest
Chart-9-0143,Chart,9,143,LVR,arithmetic,org.jfree.data.time.TimeSeries,561,1,0.85,0.85,4027,qwen3.6:latest
Chart-9-0144,Chart,9,144,STD,statement_deletion,org.jfree.data.time.TimeSeries,561,0,0.15,0.15,4006,qwen3.6:latest
Chart-9-0145,Chart,9,145,STD,statement_deletion,org.jfree.data.time.TimeSeries,575,1,0.15,0.15,4005,qwen3.6:latest
Chart-9-0146,Chart,9,146,LVR,arithmetic,org.jfree.data.time.TimeSeries,588,1,0.85,0.85,3989,qwen3.6:latest
Chart-9-0147,Chart,9,147,STD,statement_deletion,org.jfree.data.time.TimeSeries,588,1,0.15,0.15,4015,qwen3.6:latest
Chart-9-0148,Chart,9,148,STD,statement_deletion,org.jfree.data.time.TimeSeries,603,1,0.15,0.15,4001,qwen3.6:latest
Chart-9-0149,Chart,9,149,LVR,arithmetic,org.jfree.data.time.TimeSeries,616,1,0.85,0.85,4053,qwen3.6:latest
Chart-9-0150,Chart,9,150,LVR,arithmetic,org.jfree.data.time.TimeSeries,616,0,0.75,0.75,4109,qwen3.6:latest
Chart-9-0151,Chart,9,151,ROR,relational,org.jfree.data.time.TimeSeries,616,1,0.85,0.85,4050,qwen3.6:latest
Chart-9-0152,Chart,9,152,ROR,relational,org.jfree.data.time.TimeSeries,616,0,0.85,0.85,4171,qwen3.6:latest
Chart-9-0153,Chart,9,153,ROR,relational,org.jfree.data.time.TimeSeries,616,1,0.85,0.85,4062,qwen3.6:latest
Chart-9-0154,Chart,9,154,STD,statement_deletion,org.jfree.data.time.TimeSeries,618,0,0.15,0.15,4085,qwen3.6:latest
Chart-9-0155,Chart,9,155,STD,statement_deletion,org.jfree.data.time.TimeSeries,619,1,0.15,0.15,4068,qwen3.6:latest
Chart-9-0156,Chart,9,156,STD,statement_deletion,org.jfree.data.time.TimeSeries,637,1,0.15,0.15,3983,qwen3.6:latest
Chart-9-0157,Chart,9,157,STD,statement_deletion,org.jfree.data.time.TimeSeries,638,1,0.85,0.85,4005,qwen3.6:latest
Chart-9-0158,Chart,9,158,LVR,arithmetic,org.jfree.data.time.TimeSeries,652,0,0.85,0.85,4133,qwen3.6:latest
Chart-9-0159,Chart,9,159,LVR,arithmetic,org.jfree.data.time.TimeSeries,652,1,0.85,0.85,4207,qwen3.6:latest
Chart-9-0160,Chart,9,160,ROR,relational,org.jfree.data.time.TimeSeries,652,1,0.85,0.85,4052,qwen3.6:latest
Chart-9-0161,Chart,9,161,ROR,relational,org.jfree.data.time.TimeSeries,652,1,0.85,0.85,4024,qwen3.6:latest
Chart-9-0162,Chart,9,162,ROR,relational,org.jfree.data.time.TimeSeries,652,1,0.85,0.85,3980,qwen3.6:latest
Chart-9-0163,Chart,9,163,ROR,relational,org.jfree.data.time.TimeSeries,656,0,0.85,0.85,4111,qwen3.6:latest
Chart-9-0164,Chart,9,164,STD,statement_deletion,org.jfree.data.time.TimeSeries,657,1,0.15,0.15,4074,qwen3.6:latest
Chart-9-0165,Chart,9,165,ROR,relational,org.jfree.data.time.TimeSeries,695,1,0.85,0.85,4013,qwen3.6:latest
Chart-9-0166,Chart,9,166,LVR,arithmetic,org.jfree.data.time.TimeSeries,702,1,0.85,0.85,4047,qwen3.6:latest
Chart-9-0167,Chart,9,167,LVR,arithmetic,org.jfree.data.time.TimeSeries,702,1,0.85,0.85,4025,qwen3.6:latest
Chart-9-0168,Chart,9,168,ROR,relational,org.jfree.data.time.TimeSeries,702,0,0.85,0.85,4105,qwen3.6:latest
Chart-9-0169,Chart,9,169,ROR,relational,org.jfree.data.time.TimeSeries,702,0,0.85,0.85,4026,qwen3.6:latest
Chart-9-0170,Chart,9,170,ROR,relational,org.jfree.data.time.TimeSeries,702,0,0.85,0.85,4002,qwen3.6:latest
Chart-9-0171,Chart,9,171,STD,statement_deletion,org.jfree.data.time.TimeSeries,705,1,0.15,0.15,3995,qwen3.6:latest
Chart-9-0172,Chart,9,172,STD,statement_deletion,org.jfree.data.time.TimeSeries,706,0,0.15,0.15,3992,qwen3.6:latest
Chart-9-0173,Chart,9,173,LVR,arithmetic,org.jfree.data.time.TimeSeries,707,1,0.85,0.85,4003,qwen3.6:latest
Chart-9-0174,Chart,9,174,STD,statement_deletion,org.jfree.data.time.TimeSeries,707,1,0.25,0.25,4023,qwen3.6:latest
Chart-9-0175,Chart,9,175,STD,statement_deletion,org.jfree.data.time.TimeSeries,710,1,0.2,0.2,4094,qwen3.6:latest
Chart-9-0176,Chart,9,176,ORU,return_value,org.jfree.data.time.TimeSeries,713,1,0.85,0.85,4017,qwen3.6:latest
Chart-9-0177,Chart,9,177,ORU,return_value,org.jfree.data.time.TimeSeries,713,0,0.85,0.85,4031,qwen3.6:latest
Chart-9-0178,Chart,9,178,LVR,arithmetic,org.jfree.data.time.TimeSeries,713,1,0.85,0.85,3969,qwen3.6:latest
Chart-9-0179,Chart,9,179,LVR,arithmetic,org.jfree.data.time.TimeSeries,713,1,0.85,0.85,3986,qwen3.6:latest
Chart-9-0180,Chart,9,180,AOR,arithmetic,org.jfree.data.time.TimeSeries,713,1,0.85,0.85,4073,qwen3.6:latest
Chart-9-0181,Chart,9,181,AOR,arithmetic,org.jfree.data.time.TimeSeries,713,1,0.85,0.85,4082,qwen3.6:latest
Chart-9-0182,Chart,9,182,AOR,arithmetic,org.jfree.data.time.TimeSeries,713,1,0.85,0.85,4039,qwen3.6:latest
Chart-9-0183,Chart,9,183,AOR,arithmetic,org.jfree.data.time.TimeSeries,713,1,0.85,0.85,4015,qwen3.6:latest
Chart-9-0184,Chart,9,184,STD,statement_deletion,org.jfree.data.time.TimeSeries,713,1,0.2,0.2,3961,qwen3.6:latest
Chart-9-0185,Chart,9,185,ROR,relational,org.jfree.data.time.TimeSeries,716,0,0.85,0.85,4071,qwen3.6:latest
Chart-9-0186,Chart,9,186,ROR,relational,org.jfree.data.time.TimeSeries,716,0,0.85,0.85,3985,qwen3.6:latest
Chart-9-0187,Chart,9,187,ROR,relational,org.jfree.data.time.TimeSeries,716,1,0.85,0.85,3998,qwen3.6:latest
Chart-9-0188,Chart,9,188,LVR,arithmetic,org.jfree.data.time.TimeSeries,717,1,0.85,0.85,3971,qwen3.6:latest
Chart-9-0189,Chart,9,189,LVR,arithmetic,org.jfree.data.time.TimeSeries,717,0,0.85,0.85,3992,qwen3.6:latest
Chart-9-0190,Chart,9,190,STD,statement_deletion,org.jfree.data.time.TimeSeries,717,1,0.15,0.15,4033,qwen3.6:latest
Chart-9-0191,Chart,9,191,LVR,arithmetic,org.jfree.data.time.TimeSeries,720,1,0.85,0.85,3969,qwen3.6:latest
Chart-9-0192,Chart,9,192,STD,statement_deletion,org.jfree.data.time.TimeSeries,720,1,0.15,0.15,3991,qwen3.6:latest
Chart-9-0193,Chart,9,193,STD,statement_deletion,org.jfree.data.time.TimeSeries,723,1,0.15,0.15,4020,qwen3.6:latest
Chart-9-0194,Chart,9,194,LVR,arithmetic,org.jfree.data.time.TimeSeries,740,1,0.85,0.85,4032,qwen3.6:latest
Chart-9-0195,Chart,9,195,LVR,arithmetic,org.jfree.data.time.TimeSeries,740,1,0.85,0.85,4007,qwen3.6:latest
Chart-9-0196,Chart,9,196,ROR,relational,org.jfree.data.time.TimeSeries,740,1,0.85,0.85,4008,qwen3.6:latest
Chart-9-0197,Chart,9,197,ROR,relational,org.jfree.data.time.TimeSeries,740,1,0.85,0.85,4113,qwen3.6:latest
Chart-9-0198,Chart,9,198,ROR,relational,org.jfree.data.time.TimeSeries,740,1,0.85,0.85,4089,qwen3.6:latest
Chart-9-0199,Chart,9,199,LVR,arithmetic,org.jfree.data.time.TimeSeries,741,1,0.85,0.85,4067,qwen3.6:latest
Chart-9-0200,Chart,9,200,LVR,arithmetic,org.jfree.data.time.TimeSeries,741,1,0.75,0.75,4135,qwen3.6:latest
Chart-9-0201,Chart,9,201,AOR,arithmetic,org.jfree.data.time.TimeSeries,741,1,0.75,0.75,4094,qwen3.6:latest
Chart-9-0202,Chart,9,202,AOR,arithmetic,org.jfree.data.time.TimeSeries,741,1,0.75,0.75,4076,qwen3.6:latest
Chart-9-0203,Chart,9,203,AOR,arithmetic,org.jfree.data.time.TimeSeries,741,1,0.85,0.85,3989,qwen3.6:latest
Chart-9-0204,Chart,9,204,AOR,arithmetic,org.jfree.data.time.TimeSeries,741,1,0.85,0.85,4047,qwen3.6:latest
Chart-9-0205,Chart,9,205,LVR,arithmetic,org.jfree.data.time.TimeSeries,742,1,0.75,0.75,4128,qwen3.6:latest
Chart-9-0206,Chart,9,206,LVR,arithmetic,org.jfree.data.time.TimeSeries,743,1,0.85,0.85,4040,qwen3.6:latest
Chart-9-0207,Chart,9,207,LVR,arithmetic,org.jfree.data.time.TimeSeries,743,1,0.85,0.85,4022,qwen3.6:latest
Chart-9-0208,Chart,9,208,AOR,arithmetic,org.jfree.data.time.TimeSeries,743,1,0.75,0.75,4083,qwen3.6:latest
Chart-9-0209,Chart,9,209,AOR,arithmetic,org.jfree.data.time.TimeSeries,743,1,0.75,0.75,4054,qwen3.6:latest
Chart-9-0210,Chart,9,210,AOR,arithmetic,org.jfree.data.time.TimeSeries,743,1,0.85,0.85,4026,qwen3.6:latest
Chart-9-0211,Chart,9,211,AOR,arithmetic,org.jfree.data.time.TimeSeries,743,1,0.85,0.85,4012,qwen3.6:latest
Chart-9-0212,Chart,9,212,ROR,relational,org.jfree.data.time.TimeSeries,743,1,0.75,0.75,4096,qwen3.6:latest
Chart-9-0213,Chart,9,213,ROR,relational,org.jfree.data.time.TimeSeries,743,1,0.85,0.85,4071,qwen3.6:latest
Chart-9-0214,Chart,9,214,ROR,relational,org.jfree.data.time.TimeSeries,744,1,0.85,0.85,3987,qwen3.6:latest
Chart-9-0215,Chart,9,215,LVR,arithmetic,org.jfree.data.time.TimeSeries,745,1,0.15,0.15,3970,qwen3.6:latest
Chart-9-0216,Chart,9,216,LVR,arithmetic,org.jfree.data.time.TimeSeries,745,1,0.75,0.75,4007,qwen3.6:latest
Chart-9-0217,Chart,9,217,STD,statement_deletion,org.jfree.data.time.TimeSeries,745,0,0.15,0.15,4092,qwen3.6:latest
Chart-9-0218,Chart,9,218,LVR,arithmetic,org.jfree.data.time.TimeSeries,746,1,0.85,0.85,4049,qwen3.6:latest
Chart-9-0219,Chart,9,219,STD,statement_deletion,org.jfree.data.time.TimeSeries,746,1,0.15,0.15,4030,qwen3.6:latest
Chart-9-0220,Chart,9,220,COR,logical,org.jfree.data.time.TimeSeries,748,1,0.85,0.85,3983,qwen3.6:latest
Chart-9-0221,Chart,9,221,COR,logical,org.jfree.data.time.TimeSeries,748,0,0.85,0.85,3999,qwen3.6:latest
Chart-9-0222,Chart,9,222,COR,logical,org.jfree.data.time.TimeSeries,748,1,0.85,0.85,3993,qwen3.6:latest
Chart-9-0223,Chart,9,223,COR,logical,org.jfree.data.time.TimeSeries,748,1,0.85,0.85,4030,qwen3.6:latest
Chart-9-0224,Chart,9,224,STD,statement_deletion,org.jfree.data.time.TimeSeries,749,1,0.15,0.15,3999,qwen3.6:latest
Chart-9-0225,Chart,9,225,STD,statement_deletion,org.jfree.data.time.TimeSeries,775,1,0.15,0.15,4049,qwen3.6:latest
Chart-9-0226,Chart,9,226,STD,statement_deletion,org.jfree.data.time.TimeSeries,778,1,0.15,0.15,3966,qwen3.6:latest
Chart-9-0227,Chart,9,227,STD,statement_deletion,org.jfree.data.time.TimeSeries,781,1,0.1,0.1,3980,qwen3.6:latest
Chart-9-0228,Chart,9,228,STD,statement_deletion,org.jfree.data.time.TimeSeries,784,1,0.15,0.15,3980,qwen3.6:latest
Chart-9-0229,Chart,9,229,LVR,arithmetic,org.jfree.data.time.TimeSeries,789,1,0.75,0.75,4004,qwen3.6:latest
Chart-9-0230,Chart,9,230,LVR,arithmetic,org.jfree.data.time.TimeSeries,790,1,0.15,0.15,4001,qwen3.6:latest
Chart-9-0231,Chart,9,231,LVR,arithmetic,org.jfree.data.time.TimeSeries,790,1,0.15,0.15,4000,qwen3.6:latest
Chart-9-0232,Chart,9,232,ROR,relational,org.jfree.data.time.TimeSeries,790,1,0.75,0.75,4009,qwen3.6:latest
Chart-9-0233,Chart,9,233,ROR,relational,org.jfree.data.time.TimeSeries,790,1,0.75,0.75,4048,qwen3.6:latest
Chart-9-0234,Chart,9,234,ROR,relational,org.jfree.data.time.TimeSeries,790,1,0.75,0.75,4025,qwen3.6:latest
Chart-9-0235,Chart,9,235,LVR,arithmetic,org.jfree.data.time.TimeSeries,791,1,0.15,0.15,4033,qwen3.6:latest
Chart-9-0236,Chart,9,236,LVR,arithmetic,org.jfree.data.time.TimeSeries,791,1,0.15,0.15,3995,qwen3.6:latest
Chart-9-0237,Chart,9,237,AOR,arithmetic,org.jfree.data.time.TimeSeries,790,1,0.75,0.75,4002,qwen3.6:latest
Chart-9-0238,Chart,9,238,AOR,arithmetic,org.jfree.data.time.TimeSeries,790,1,0.75,0.75,3999,qwen3.6:latest
Chart-9-0239,Chart,9,239,AOR,arithmetic,org.jfree.data.time.TimeSeries,790,1,0.75,0.75,4013,qwen3.6:latest
Chart-9-0240,Chart,9,240,AOR,arithmetic,org.jfree.data.time.TimeSeries,790,1,0.75,0.75,4067,qwen3.6:latest
Chart-9-0241,Chart,9,241,ROR,relational,org.jfree.data.time.TimeSeries,790,1,0.75,0.75,4004,qwen3.6:latest
Chart-9-0242,Chart,9,242,ROR,relational,org.jfree.data.time.TimeSeries,790,1,0.75,0.75,3997,qwen3.6:latest
Chart-9-0243,Chart,9,243,ROR,relational,org.jfree.data.time.TimeSeries,791,1,0.75,0.75,3988,qwen3.6:latest
Chart-9-0244,Chart,9,244,COR,logical,org.jfree.data.time.TimeSeries,790,1,0.75,0.75,3991,qwen3.6:latest
Chart-9-0245,Chart,9,245,COR,logical,org.jfree.data.time.TimeSeries,790,1,0.85,0.85,4024,qwen3.6:latest
Chart-9-0246,Chart,9,246,COR,logical,org.jfree.data.time.TimeSeries,790,1,0.75,0.75,3983,qwen3.6:latest
Chart-9-0247,Chart,9,247,COR,logical,org.jfree.data.time.TimeSeries,790,1,0.75,0.75,3985,qwen3.6:latest
Chart-9-0248,Chart,9,248,LVR,arithmetic,org.jfree.data.time.TimeSeries,792,1,0.85,0.85,3999,qwen3.6:latest
Chart-9-0249,Chart,9,249,LVR,arithmetic,org.jfree.data.time.TimeSeries,792,1,0.85,0.85,3998,qwen3.6:latest
Chart-9-0250,Chart,9,250,STD,statement_deletion,org.jfree.data.time.TimeSeries,792,1,0.15,0.15,4010,qwen3.6:latest
Chart-9-0251,Chart,9,251,LVR,arithmetic,org.jfree.data.time.TimeSeries,793,1,0.85,0.85,3989,qwen3.6:latest
Chart-9-0252,Chart,9,252,STD,statement_deletion,org.jfree.data.time.TimeSeries,793,1,0.15,0.15,3986,qwen3.6:latest
Chart-9-0253,Chart,9,253,COR,logical,org.jfree.data.time.TimeSeries,795,1,0.75,0.75,4004,qwen3.6:latest
Chart-9-0254,Chart,9,254,COR,logical,org.jfree.data.time.TimeSeries,795,1,0.85,0.85,4004,qwen3.6:latest
Chart-9-0255,Chart,9,255,COR,logical,org.jfree.data.time.TimeSeries,795,1,0.75,0.75,4006,qwen3.6:latest
Chart-9-0256,Chart,9,256,COR,logical,org.jfree.data.time.TimeSeries,795,1,0.85,0.85,4028,qwen3.6:latest
Chart-9-0257,Chart,9,257,STD,statement_deletion,org.jfree.data.time.TimeSeries,796,0,0.15,0.15,4049,qwen3.6:latest
Chart-9-0258,Chart,9,258,LVR,arithmetic,org.jfree.data.time.TimeSeries,805,1,0.85,0.85,3947,qwen3.6:latest
Chart-9-0259,Chart,9,259,LVR,arithmetic,org.jfree.data.time.TimeSeries,805,1,0.85,0.85,4018,qwen3.6:latest
Chart-9-0260,Chart,9,260,ROR,relational,org.jfree.data.time.TimeSeries,805,1,0.85,0.85,3940,qwen3.6:latest
Chart-9-0261,Chart,9,261,ROR,relational,org.jfree.data.time.TimeSeries,805,1,0.85,0.85,3977,qwen3.6:latest
Chart-9-0262,Chart,9,262,STD,statement_deletion,org.jfree.data.time.TimeSeries,806,1,0.15,0.15,4009,qwen3.6:latest
Chart-9-0263,Chart,9,263,STD,statement_deletion,org.jfree.data.time.TimeSeries,807,1,0.85,0.85,4011,qwen3.6:latest
Chart-9-0264,Chart,9,264,LVR,arithmetic,org.jfree.data.time.TimeSeries,821,1,0.85,0.85,4017,qwen3.6:latest
Chart-9-0265,Chart,9,265,LVR,arithmetic,org.jfree.data.time.TimeSeries,821,0,0.85,0.85,4004,qwen3.6:latest
Chart-9-0266,Chart,9,266,ROR,relational,org.jfree.data.time.TimeSeries,821,0,0.85,0.85,3995,qwen3.6:latest
Chart-9-0267,Chart,9,267,ROR,relational,org.jfree.data.time.TimeSeries,821,1,0.85,0.85,3979,qwen3.6:latest
Chart-9-0268,Chart,9,268,ROR,relational,org.jfree.data.time.TimeSeries,821,1,0.85,0.85,3983,qwen3.6:latest
Chart-9-0269,Chart,9,269,STD,statement_deletion,org.jfree.data.time.TimeSeries,822,1,0.85,0.85,3993,qwen3.6:latest
Chart-9-0270,Chart,9,270,STD,statement_deletion,org.jfree.data.time.TimeSeries,823,1,0.15,0.15,4007,qwen3.6:latest
Chart-9-0271,Chart,9,271,ROR,relational,org.jfree.data.time.TimeSeries,834,1,0.85,0.85,4059,qwen3.6:latest
Chart-9-0272,Chart,9,272,ROR,relational,org.jfree.data.time.TimeSeries,834,1,0.85,0.85,4022,qwen3.6:latest
Chart-9-0273,Chart,9,273,ROR,relational,org.jfree.data.time.TimeSeries,834,1,0.85,0.85,4115,qwen3.6:latest
Chart-9-0274,Chart,9,274,LVR,arithmetic,org.jfree.data.time.TimeSeries,837,1,0.85,0.85,4055,qwen3.6:latest
Chart-9-0275,Chart,9,275,LVR,arithmetic,org.jfree.data.time.TimeSeries,837,0,0.85,0.85,3958,qwen3.6:latest
Chart-9-0276,Chart,9,276,AOR,arithmetic,org.jfree.data.time.TimeSeries,837,0,0.85,0.85,4003,qwen3.6:latest
Chart-9-0277,Chart,9,277,AOR,arithmetic,org.jfree.data.time.TimeSeries,837,1,0.85,0.85,3991,qwen3.6:latest
Chart-9-0278,Chart,9,278,AOR,arithmetic,org.jfree.data.time.TimeSeries,837,0,0.85,0.85,4006,qwen3.6:latest
Chart-9-0279,Chart,9,279,AOR,arithmetic,org.jfree.data.time.TimeSeries,837,0,0.85,0.85,4001,qwen3.6:latest
Chart-9-0280,Chart,9,280,ROR,relational,org.jfree.data.time.TimeSeries,837,0,0.85,0.85,4019,qwen3.6:latest
Chart-9-0281,Chart,9,281,ROR,relational,org.jfree.data.time.TimeSeries,837,0,0.85,0.85,4004,qwen3.6:latest
Chart-9-0282,Chart,9,282,ROR,relational,org.jfree.data.time.TimeSeries,837,1,0.85,0.85,4013,qwen3.6:latest
Chart-9-0283,Chart,9,283,STD,statement_deletion,org.jfree.data.time.TimeSeries,838,0,0.15,0.15,3968,qwen3.6:latest
Chart-9-0284,Chart,9,284,STD,statement_deletion,org.jfree.data.time.TimeSeries,840,1,0.15,0.15,4028,qwen3.6:latest
Chart-9-0285,Chart,9,285,STD,statement_deletion,org.jfree.data.time.TimeSeries,860,1,0.15,0.15,3955,qwen3.6:latest
Chart-9-0286,Chart,9,286,LVR,arithmetic,org.jfree.data.time.TimeSeries,879,1,0.85,0.85,3999,qwen3.6:latest
Chart-9-0287,Chart,9,287,LVR,arithmetic,org.jfree.data.time.TimeSeries,879,1,0.85,0.85,3994,qwen3.6:latest
Chart-9-0288,Chart,9,288,ROR,relational,org.jfree.data.time.TimeSeries,879,1,0.85,0.85,4017,qwen3.6:latest
Chart-9-0289,Chart,9,289,ROR,relational,org.jfree.data.time.TimeSeries,879,0,0.85,0.85,4007,qwen3.6:latest
Chart-9-0290,Chart,9,290,ROR,relational,org.jfree.data.time.TimeSeries,879,0,0.85,0.85,3996,qwen3.6:latest
Chart-9-0291,Chart,9,291,ROR,relational,org.jfree.data.time.TimeSeries,882,0,0.85,0.85,4021,qwen3.6:latest
Chart-9-0292,Chart,9,292,ROR,relational,org.jfree.data.time.TimeSeries,882,1,0.85,0.85,3966,qwen3.6:latest
Chart-9-0293,Chart,9,293,ROR,relational,org.jfree.data.time.TimeSeries,882,1,0.85,0.85,4017,qwen3.6:latest
Chart-9-0294,Chart,9,294,STD,statement_deletion,org.jfree.data.time.TimeSeries,887,0,0.15,0.15,3993,qwen3.6:latest
Chart-9-0295,Chart,9,295,LVR,arithmetic,org.jfree.data.time.TimeSeries,888,0,0.85,0.85,4016,qwen3.6:latest
Chart-9-0296,Chart,9,296,LVR,arithmetic,org.jfree.data.time.TimeSeries,888,1,0.85,0.85,4001,qwen3.6:latest
Chart-9-0297,Chart,9,297,ROR,relational,org.jfree.data.time.TimeSeries,888,1,0.85,0.85,3998,qwen3.6:latest
Chart-9-0298,Chart,9,298,ROR,relational,org.jfree.data.time.TimeSeries,888,1,0.85,0.85,4010,qwen3.6:latest
Chart-9-0299,Chart,9,299,ROR,relational,org.jfree.data.time.TimeSeries,889,0,0.85,0.85,4109,qwen3.6:latest
Chart-9-0300,Chart,9,300,ROR,relational,org.jfree.data.time.TimeSeries,889,1,0.85,0.85,4066,qwen3.6:latest
Chart-9-0301,Chart,9,301,ROR,relational,org.jfree.data.time.TimeSeries,889,1,0.85,0.85,4012,qwen3.6:latest
Chart-9-0302,Chart,9,302,STD,statement_deletion,org.jfree.data.time.TimeSeries,894,1,0.15,0.15,3948,qwen3.6:latest
Chart-9-0303,Chart,9,303,STD,statement_deletion,org.jfree.data.time.TimeSeries,897,1,0.15,0.15,3962,qwen3.6:latest
Chart-9-0304,Chart,9,304,ROR,relational,org.jfree.data.time.TimeSeries,921,1,0.85,0.85,4053,qwen3.6:latest
Chart-9-0305,Chart,9,305,ROR,relational,org.jfree.data.time.TimeSeries,924,1,0.95,0.95,4032,qwen3.6:latest
Chart-9-0306,Chart,9,306,LVR,arithmetic,org.jfree.data.time.TimeSeries,927,0,0.85,0.85,4074,qwen3.6:latest
Chart-9-0307,Chart,9,307,LVR,arithmetic,org.jfree.data.time.TimeSeries,927,1,0.85,0.85,4046,qwen3.6:latest
Chart-9-0308,Chart,9,308,ROR,relational,org.jfree.data.time.TimeSeries,927,1,0.85,0.85,4033,qwen3.6:latest
Chart-9-0309,Chart,9,309,ROR,relational,org.jfree.data.time.TimeSeries,927,1,0.85,0.85,4002,qwen3.6:latest
Chart-9-0310,Chart,9,310,ROR,relational,org.jfree.data.time.TimeSeries,927,1,0.85,0.85,3984,qwen3.6:latest
Chart-9-0311,Chart,9,311,LVR,arithmetic,org.jfree.data.time.TimeSeries,931,1,0.85,0.85,4012,qwen3.6:latest
Chart-9-0312,Chart,9,312,LVR,arithmetic,org.jfree.data.time.TimeSeries,933,1,0.85,0.85,3973,qwen3.6:latest
Chart-9-0313,Chart,9,313,LVR,arithmetic,org.jfree.data.time.TimeSeries,933,0,0.85,0.85,4006,qwen3.6:latest
Chart-9-0314,Chart,9,314,ROR,relational,org.jfree.data.time.TimeSeries,933,0,0.85,0.85,3995,qwen3.6:latest
Chart-9-0315,Chart,9,315,ROR,relational,org.jfree.data.time.TimeSeries,933,1,0.85,0.85,4032,qwen3.6:latest
Chart-9-0316,Chart,9,316,ROR,relational,org.jfree.data.time.TimeSeries,933,0,0.85,0.85,3983,qwen3.6:latest
Chart-9-0317,Chart,9,317,ORU,return_value,org.jfree.data.time.TimeSeries,934,1,0.85,0.85,3995,qwen3.6:latest
Chart-9-0318,Chart,9,318,ORU,return_value,org.jfree.data.time.TimeSeries,934,1,0.75,0.75,3999,qwen3.6:latest
Chart-9-0319,Chart,9,319,LVR,arithmetic,org.jfree.data.time.TimeSeries,934,1,0.85,0.85,3998,qwen3.6:latest
Chart-9-0320,Chart,9,320,LVR,arithmetic,org.jfree.data.time.TimeSeries,934,1,0.15,0.15,4000,qwen3.6:latest
Chart-9-0321,Chart,9,321,AOR,arithmetic,org.jfree.data.time.TimeSeries,934,1,0.85,0.85,4016,qwen3.6:latest
Chart-9-0322,Chart,9,322,AOR,arithmetic,org.jfree.data.time.TimeSeries,934,1,0.85,0.85,4022,qwen3.6:latest
Chart-9-0323,Chart,9,323,AOR,arithmetic,org.jfree.data.time.TimeSeries,934,0,0.85,0.85,3978,qwen3.6:latest
Chart-9-0324,Chart,9,324,AOR,arithmetic,org.jfree.data.time.TimeSeries,934,1,0.85,0.85,3987,qwen3.6:latest
Chart-9-0325,Chart,9,325,STD,statement_deletion,org.jfree.data.time.TimeSeries,934,1,0.15,0.15,4172,qwen3.6:latest
Chart-9-0326,Chart,9,326,ROR,relational,org.jfree.data.time.TimeSeries,935,0,0.85,0.85,4041,qwen3.6:latest
Chart-9-0327,Chart,9,327,ROR,relational,org.jfree.data.time.TimeSeries,935,1,0.85,0.85,4008,qwen3.6:latest
Chart-9-0328,Chart,9,328,ROR,relational,org.jfree.data.time.TimeSeries,935,1,0.85,0.85,3986,qwen3.6:latest
Chart-9-0329,Chart,9,329,LVR,arithmetic,org.jfree.data.time.TimeSeries,936,0,0.75,0.75,4104,qwen3.6:latest
Chart-9-0330,Chart,9,330,STD,statement_deletion,org.jfree.data.time.TimeSeries,936,0,0.15,0.15,4077,qwen3.6:latest
Chart-9-0331,Chart,9,331,LVR,arithmetic,org.jfree.data.time.TimeSeries,940,0,0.85,0.85,4015,qwen3.6:latest
Chart-9-0332,Chart,9,332,LVR,arithmetic,org.jfree.data.time.TimeSeries,940,1,0.85,0.85,4130,qwen3.6:latest
Chart-9-0333,Chart,9,333,ROR,relational,org.jfree.data.time.TimeSeries,940,1,0.85,0.85,4088,qwen3.6:latest
Chart-9-0334,Chart,9,334,ROR,relational,org.jfree.data.time.TimeSeries,940,1,0.85,0.85,4104,qwen3.6:latest
Chart-9-0335,Chart,9,335,ROR,relational,org.jfree.data.time.TimeSeries,940,1,0.75,0.75,4056,qwen3.6:latest
Chart-9-0336,Chart,9,336,ORU,return_value,org.jfree.data.time.TimeSeries,941,1,0.85,0.85,4033,qwen3.6:latest
Chart-9-0337,Chart,9,337,ORU,return_value,org.jfree.data.time.TimeSeries,941,1,0.75,0.75,3980,qwen3.6:latest
Chart-9-0338,Chart,9,338,LVR,arithmetic,org.jfree.data.time.TimeSeries,941,1,0.85,0.85,4017,qwen3.6:latest
Chart-9-0339,Chart,9,339,LVR,arithmetic,org.jfree.data.time.TimeSeries,941,1,0.15,0.15,4128,qwen3.6:latest
Chart-9-0340,Chart,9,340,AOR,arithmetic,org.jfree.data.time.TimeSeries,941,1,0.85,0.85,4107,qwen3.6:latest
Chart-9-0341,Chart,9,341,AOR,arithmetic,org.jfree.data.time.TimeSeries,941,1,0.85,0.85,4101,qwen3.6:latest
Chart-9-0342,Chart,9,342,AOR,arithmetic,org.jfree.data.time.TimeSeries,941,1,0.85,0.85,4019,qwen3.6:latest
Chart-9-0343,Chart,9,343,AOR,arithmetic,org.jfree.data.time.TimeSeries,941,1,0.85,0.85,4009,qwen3.6:latest
Chart-9-0344,Chart,9,344,STD,statement_deletion,org.jfree.data.time.TimeSeries,941,1,0.15,0.15,4019,qwen3.6:latest
Chart-9-0345,Chart,9,345,LVR,arithmetic,org.jfree.data.time.TimeSeries,942,1,0.85,0.85,4109,qwen3.6:latest
Chart-9-0346,Chart,9,346,LVR,arithmetic,org.jfree.data.time.TimeSeries,942,1,0.15,0.15,4066,qwen3.6:latest
Chart-9-0347,Chart,9,347,AOR,arithmetic,org.jfree.data.time.TimeSeries,942,1,0.75,0.75,3989,qwen3.6:latest
Chart-9-0348,Chart,9,348,AOR,arithmetic,org.jfree.data.time.TimeSeries,942,1,0.85,0.85,4041,qwen3.6:latest
Chart-9-0349,Chart,9,349,AOR,arithmetic,org.jfree.data.time.TimeSeries,942,1,0.85,0.85,4088,qwen3.6:latest
Chart-9-0350,Chart,9,350,AOR,arithmetic,org.jfree.data.time.TimeSeries,942,1,0.85,0.85,4061,qwen3.6:latest
Chart-9-0351,Chart,9,351,STD,statement_deletion,org.jfree.data.time.TimeSeries,942,0,0.15,0.15,4006,qwen3.6:latest
Chart-9-0352,Chart,9,352,LVR,arithmetic,org.jfree.data.time.TimeSeries,944,1,0.85,0.85,4001,qwen3.6:latest
Chart-9-0353,Chart,9,353,LVR,arithmetic,org.jfree.data.time.TimeSeries,944,1,0.85,0.85,3992,qwen3.6:latest
Chart-9-0354,Chart,9,354,ROR,relational,org.jfree.data.time.TimeSeries,944,0,0.85,0.85,4004,qwen3.6:latest
Chart-9-0355,Chart,9,355,ROR,relational,org.jfree.data.time.TimeSeries,944,1,0.85,0.85,4008,qwen3.6:latest
Chart-9-0356,Chart,9,356,ROR,relational,org.jfree.data.time.TimeSeries,944,0,0.85,0.85,4015,qwen3.6:latest
Chart-9-0357,Chart,9,357,ROR,relational,org.jfree.data.time.TimeSeries,944,0,0.85,0.85,3989,qwen3.6:latest
Chart-9-0358,Chart,9,358,ROR,relational,org.jfree.data.time.TimeSeries,944,0,0.85,0.85,3982,qwen3.6:latest
Chart-9-0359,Chart,9,359,ROR,relational,org.jfree.data.time.TimeSeries,944,0,0.85,0.85,4042,qwen3.6:latest
Chart-9-0360,Chart,9,360,COR,logical,org.jfree.data.time.TimeSeries,944,0,0.85,0.85,4093,qwen3.6:latest
Chart-9-0361,Chart,9,361,COR,logical,org.jfree.data.time.TimeSeries,944,1,0.85,0.85,4043,qwen3.6:latest
Chart-9-0362,Chart,9,362,COR,logical,org.jfree.data.time.TimeSeries,944,1,0.85,0.85,4022,qwen3.6:latest
Chart-9-0363,Chart,9,363,COR,logical,org.jfree.data.time.TimeSeries,944,0,0.85,0.85,3990,qwen3.6:latest
Chart-9-0364,Chart,9,364,LVR,arithmetic,org.jfree.data.time.TimeSeries,945,1,0.85,0.85,4105,qwen3.6:latest
Chart-9-0365,Chart,9,365,STD,statement_deletion,org.jfree.data.time.TimeSeries,945,1,0.15,0.15,4088,qwen3.6:latest
Chart-9-0366,Chart,9,366,COR,logical,org.jfree.data.time.TimeSeries,947,1,0.85,0.85,3977,qwen3.6:latest
Chart-9-0367,Chart,9,367,COR,logical,org.jfree.data.time.TimeSeries,947,1,0.85,0.85,3989,qwen3.6:latest
Chart-9-0368,Chart,9,368,STD,statement_deletion,org.jfree.data.time.TimeSeries,949,1,0.15,0.15,3957,qwen3.6:latest
Chart-9-0369,Chart,9,369,LVR,arithmetic,org.jfree.data.time.TimeSeries,967,1,0.85,0.85,4023,qwen3.6:latest
Chart-9-0370,Chart,9,370,COR,logical,org.jfree.data.time.TimeSeries,969,1,0.85,0.85,3994,qwen3.6:latest
Chart-9-0371,Chart,9,371,COR,logical,org.jfree.data.time.TimeSeries,969,1,0.85,0.85,4018,qwen3.6:latest
Chart-9-0372,Chart,9,372,COR,logical,org.jfree.data.time.TimeSeries,969,1,0.85,0.85,4003,qwen3.6:latest
Chart-9-0373,Chart,9,373,COR,logical,org.jfree.data.time.TimeSeries,969,1,0.85,0.85,4008,qwen3.6:latest
Chart-9-0374,Chart,9,374,LVR,arithmetic,org.jfree.data.time.TimeSeries,970,1,0.85,0.85,3992,qwen3.6:latest
Chart-9-0375,Chart,9,375,COR,logical,org.jfree.data.time.TimeSeries,973,1,0.85,0.85,3966,qwen3.6:latest
Chart-9-0376,Chart,9,376,COR,logical,org.jfree.data.time.TimeSeries,973,1,0.85,0.85,3987,qwen3.6:latest
Chart-9-0377,Chart,9,377,LVR,arithmetic,org.jfree.data.time.TimeSeries,975,0,0.85,0.85,4002,qwen3.6:latest
Chart-9-0378,Chart,9,378,COR,logical,org.jfree.data.time.TimeSeries,978,1,0.85,0.85,3980,qwen3.6:latest
Chart-9-0379,Chart,9,379,COR,logical,org.jfree.data.time.TimeSeries,978,0,0.85,0.85,3995,qwen3.6:latest
Chart-9-0380,Chart,9,380,LVR,arithmetic,org.jfree.data.time.TimeSeries,980,0,0.85,0.85,3992,qwen3.6:latest
Chart-9-0381,Chart,9,381,COR,logical,org.jfree.data.time.TimeSeries,983,0,0.85,0.85,4118,qwen3.6:latest
Chart-9-0382,Chart,9,382,COR,logical,org.jfree.data.time.TimeSeries,983,1,0.85,0.85,3999,qwen3.6:latest
Chart-9-0383,Chart,9,383,LVR,arithmetic,org.jfree.data.time.TimeSeries,984,0,0.85,0.85,4011,qwen3.6:latest
Chart-9-0384,Chart,9,384,ROR,relational,org.jfree.data.time.TimeSeries,987,1,0.85,0.85,4025,qwen3.6:latest
Chart-9-0385,Chart,9,385,ROR,relational,org.jfree.data.time.TimeSeries,987,0,0.85,0.85,4010,qwen3.6:latest
Chart-9-0386,Chart,9,386,ROR,relational,org.jfree.data.time.TimeSeries,987,1,0.85,0.85,4028,qwen3.6:latest
Chart-9-0387,Chart,9,387,LVR,arithmetic,org.jfree.data.time.TimeSeries,988,0,0.85,0.85,4022,qwen3.6:latest
Chart-9-0388,Chart,9,388,ROR,relational,org.jfree.data.time.TimeSeries,991,1,0.85,0.85,4022,qwen3.6:latest
Chart-9-0389,Chart,9,389,ROR,relational,org.jfree.data.time.TimeSeries,991,1,0.85,0.85,4030,qwen3.6:latest
Chart-9-0390,Chart,9,390,ROR,relational,org.jfree.data.time.TimeSeries,991,1,0.85,0.85,3944,qwen3.6:latest
Chart-9-0391,Chart,9,391,LVR,arithmetic,org.jfree.data.time.TimeSeries,992,1,0.85,0.85,3982,qwen3.6:latest
Chart-9-0392,Chart,9,392,ROR,relational,org.jfree.data.time.TimeSeries,996,1,0.85,0.85,4002,qwen3.6:latest
Chart-9-0393,Chart,9,393,ROR,relational,org.jfree.data.time.TimeSeries,996,0,0.85,0.85,4009,qwen3.6:latest
Chart-9-0394,Chart,9,394,ROR,relational,org.jfree.data.time.TimeSeries,996,0,0.85,0.85,4059,qwen3.6:latest
Chart-9-0395,Chart,9,395,LVR,arithmetic,org.jfree.data.time.TimeSeries,997,0,0.85,0.85,3962,qwen3.6:latest
Chart-9-0396,Chart,9,396,LVR,arithmetic,org.jfree.data.time.TimeSeries,999,0,0.85,0.85,3977,qwen3.6:latest
Chart-9-0397,Chart,9,397,LVR,arithmetic,org.jfree.data.time.TimeSeries,999,0,0.85,0.85,4008,qwen3.6:latest
Chart-9-0398,Chart,9,398,ROR,relational,org.jfree.data.time.TimeSeries,999,1,0.85,0.85,3980,qwen3.6:latest
Chart-9-0399,Chart,9,399,ROR,relational,org.jfree.data.time.TimeSeries,999,0,0.85,0.85,4004,qwen3.6:latest
Chart-9-0400,Chart,9,400,ROR,relational,org.jfree.data.time.TimeSeries,999,0,0.85,0.85,4001,qwen3.6:latest
Chart-9-0401,Chart,9,401,COR,logical,org.jfree.data.time.TimeSeries,1000,1,0.85,0.85,3987,qwen3.6:latest
Chart-9-0402,Chart,9,402,COR,logical,org.jfree.data.time.TimeSeries,1000,1,0.85,0.85,4010,qwen3.6:latest
Chart-9-0403,Chart,9,403,LVR,arithmetic,org.jfree.data.time.TimeSeries,1001,1,0.85,0.85,3988,qwen3.6:latest
Chart-9-0404,Chart,9,404,LVR,arithmetic,org.jfree.data.time.TimeSeries,1004,1,0.85,0.85,4018,qwen3.6:latest
Chart-9-0405,Chart,9,405,LVR,arithmetic,org.jfree.data.time.TimeSeries,1014,0,0.75,0.75,4065,qwen3.6:latest
Chart-9-0406,Chart,9,406,LVR,arithmetic,org.jfree.data.time.TimeSeries,1014,0,0.75,0.75,4059,qwen3.6:latest
Chart-9-0407,Chart,9,407,AOR,arithmetic,org.jfree.data.time.TimeSeries,1014,0,0.75,0.75,4109,qwen3.6:latest
Chart-9-0408,Chart,9,408,AOR,arithmetic,org.jfree.data.time.TimeSeries,1014,0,0.75,0.75,4045,qwen3.6:latest
Chart-9-0409,Chart,9,409,AOR,arithmetic,org.jfree.data.time.TimeSeries,1014,0,0.75,0.75,4002,qwen3.6:latest
Chart-9-0410,Chart,9,410,AOR,arithmetic,org.jfree.data.time.TimeSeries,1014,1,0.75,0.75,4145,qwen3.6:latest
Chart-9-0411,Chart,9,411,ROR,relational,org.jfree.data.time.TimeSeries,1014,0,0.85,0.85,4052,qwen3.6:latest
Chart-9-0412,Chart,9,412,LVR,arithmetic,org.jfree.data.time.TimeSeries,1015,0,0.15,0.15,4101,qwen3.6:latest
Chart-9-0413,Chart,9,413,LVR,arithmetic,org.jfree.data.time.TimeSeries,1015,1,0.15,0.15,4073,qwen3.6:latest
Chart-9-0414,Chart,9,414,AOR,arithmetic,org.jfree.data.time.TimeSeries,1014,0,0.75,0.75,4134,qwen3.6:latest
Chart-9-0415,Chart,9,415,AOR,arithmetic,org.jfree.data.time.TimeSeries,1014,1,0.75,0.75,4056,qwen3.6:latest
Chart-9-0416,Chart,9,416,AOR,arithmetic,org.jfree.data.time.TimeSeries,1014,0,0.75,0.75,4141,qwen3.6:latest
Chart-9-0417,Chart,9,417,AOR,arithmetic,org.jfree.data.time.TimeSeries,1014,1,0.75,0.75,4064,qwen3.6:latest
Chart-9-0418,Chart,9,418,STD,statement_deletion,org.jfree.data.time.TimeSeries,1014,1,0.15,0.15,4017,qwen3.6:latest
Chart-9-0419,Chart,9,419,LVR,arithmetic,org.jfree.data.time.TimeSeries,1016,1,0.75,0.75,4142,qwen3.6:latest
Chart-9-0420,Chart,9,420,LVR,arithmetic,org.jfree.data.time.TimeSeries,1016,1,0.15,0.15,4052,qwen3.6:latest
Chart-9-0421,Chart,9,421,AOR,arithmetic,org.jfree.data.time.TimeSeries,1016,1,0.75,0.75,4145,qwen3.6:latest
Chart-9-0422,Chart,9,422,AOR,arithmetic,org.jfree.data.time.TimeSeries,1016,1,0.75,0.75,4092,qwen3.6:latest
Chart-9-0423,Chart,9,423,AOR,arithmetic,org.jfree.data.time.TimeSeries,1016,1,0.75,0.75,4119,qwen3.6:latest
Chart-9-0424,Chart,9,424,AOR,arithmetic,org.jfree.data.time.TimeSeries,1016,1,0.75,0.75,4022,qwen3.6:latest
Chart-9-0425,Chart,9,425,ROR,relational,org.jfree.data.time.TimeSeries,1016,1,0.75,0.75,4175,qwen3.6:latest
Chart-9-0426,Chart,9,426,LVR,arithmetic,org.jfree.data.time.TimeSeries,1016,0,0.75,0.75,4148,qwen3.6:latest
Chart-9-0427,Chart,9,427,LVR,arithmetic,org.jfree.data.time.TimeSeries,1016,1,0.75,0.75,4076,qwen3.6:latest
Chart-9-0428,Chart,9,428,AOR,arithmetic,org.jfree.data.time.TimeSeries,1016,1,0.75,0.75,4090,qwen3.6:latest
Chart-9-0429,Chart,9,429,AOR,arithmetic,org.jfree.data.time.TimeSeries,1016,0,0.15,0.15,4133,qwen3.6:latest
Chart-9-0430,Chart,9,430,AOR,arithmetic,org.jfree.data.time.TimeSeries,1016,0,0.15,0.15,4093,qwen3.6:latest
Chart-9-0431,Chart,9,431,AOR,arithmetic,org.jfree.data.time.TimeSeries,1016,0,0.15,0.15,4064,qwen3.6:latest
Chart-9-0432,Chart,9,432,STD,statement_deletion,org.jfree.data.time.TimeSeries,1016,0,0.15,0.15,4022,qwen3.6:latest
Chart-9-0433,Chart,9,433,LVR,arithmetic,org.jfree.data.time.TimeSeries,1017,0,0.75,0.75,4112,qwen3.6:latest
Chart-9-0434,Chart,9,434,LVR,arithmetic,org.jfree.data.time.TimeSeries,1017,0,0.15,0.15,4066,qwen3.6:latest
Chart-9-0435,Chart,9,435,AOR,arithmetic,org.jfree.data.time.TimeSeries,1017,0,0.75,0.75,4025,qwen3.6:latest
Chart-9-0436,Chart,9,436,AOR,arithmetic,org.jfree.data.time.TimeSeries,1017,0,0.75,0.75,4115,qwen3.6:latest
Chart-9-0437,Chart,9,437,AOR,arithmetic,org.jfree.data.time.TimeSeries,1017,1,0.75,0.75,4051,qwen3.6:latest
Chart-9-0438,Chart,9,438,AOR,arithmetic,org.jfree.data.time.TimeSeries,1017,0,0.75,0.75,4258,qwen3.6:latest
Chart-9-0439,Chart,9,439,ROR,relational,org.jfree.data.time.TimeSeries,1017,0,0.75,0.75,4288,qwen3.6:latest
Chart-9-0440,Chart,9,440,LVR,arithmetic,org.jfree.data.time.TimeSeries,1018,1,0.75,0.75,4067,qwen3.6:latest
Chart-9-0441,Chart,9,441,LVR,arithmetic,org.jfree.data.time.TimeSeries,1018,1,0.75,0.75,4150,qwen3.6:latest
Chart-9-0442,Chart,9,442,AOR,arithmetic,org.jfree.data.time.TimeSeries,1017,1,0.75,0.75,4036,qwen3.6:latest
Chart-9-0443,Chart,9,443,AOR,arithmetic,org.jfree.data.time.TimeSeries,1017,0,0.75,0.75,4143,qwen3.6:latest
Chart-9-0444,Chart,9,444,AOR,arithmetic,org.jfree.data.time.TimeSeries,1017,1,0.75,0.75,4055,qwen3.6:latest
Chart-9-0445,Chart,9,445,AOR,arithmetic,org.jfree.data.time.TimeSeries,1017,0,0.75,0.75,3981,qwen3.6:latest
Chart-9-0446,Chart,9,446,STD,statement_deletion,org.jfree.data.time.TimeSeries,1017,1,0.15,0.15,4118,qwen3.6:latest
Chart-9-0447,Chart,9,447,LVR,arithmetic,org.jfree.data.time.TimeSeries,1022,0,0.75,0.75,4123,qwen3.6:latest
Chart-9-0448,Chart,9,448,LVR,arithmetic,org.jfree.data.time.TimeSeries,1022,1,0.75,0.75,4148,qwen3.6:latest
Chart-9-0449,Chart,9,449,ROR,relational,org.jfree.data.time.TimeSeries,1022,1,0.75,0.75,4325,qwen3.6:latest
Chart-9-0450,Chart,9,450,ROR,relational,org.jfree.data.time.TimeSeries,1022,1,0.75,0.75,4248,qwen3.6:latest
Chart-9-0451,Chart,9,451,ROR,relational,org.jfree.data.time.TimeSeries,1022,1,0.75,0.75,4186,qwen3.6:latest
Chart-9-0452,Chart,9,452,LVR,arithmetic,org.jfree.data.time.TimeSeries,1023,1,0.85,0.85,4067,qwen3.6:latest
Chart-9-0453,Chart,9,453,LVR,arithmetic,org.jfree.data.time.TimeSeries,1023,1,0.85,0.85,4136,qwen3.6:latest
Chart-9-0454,Chart,9,454,LVR,arithmetic,org.jfree.data.time.TimeSeries,1024,0,0.85,0.85,4027,qwen3.6:latest
Chart-9-0455,Chart,9,455,LVR,arithmetic,org.jfree.data.time.TimeSeries,1024,1,0.85,0.85,4003,qwen3.6:latest
Chart-9-0456,Chart,9,456,AOR,arithmetic,org.jfree.data.time.TimeSeries,1024,1,0.85,0.85,4109,qwen3.6:latest
Chart-9-0457,Chart,9,457,AOR,arithmetic,org.jfree.data.time.TimeSeries,1024,1,0.85,0.85,4073,qwen3.6:latest
Chart-9-0458,Chart,9,458,AOR,arithmetic,org.jfree.data.time.TimeSeries,1024,1,0.85,0.85,4011,qwen3.6:latest
Chart-9-0459,Chart,9,459,AOR,arithmetic,org.jfree.data.time.TimeSeries,1024,1,0.85,0.85,4114,qwen3.6:latest
Chart-9-0460,Chart,9,460,AOR,arithmetic,org.jfree.data.time.TimeSeries,1024,1,0.85,0.85,4113,qwen3.6:latest
Chart-9-0461,Chart,9,461,AOR,arithmetic,org.jfree.data.time.TimeSeries,1024,1,0.85,0.85,4100,qwen3.6:latest
Chart-9-0462,Chart,9,462,AOR,arithmetic,org.jfree.data.time.TimeSeries,1024,1,0.85,0.85,4100,qwen3.6:latest
Chart-9-0463,Chart,9,463,AOR,arithmetic,org.jfree.data.time.TimeSeries,1024,1,0.85,0.85,4121,qwen3.6:latest
Chart-9-0464,Chart,9,464,STD,statement_deletion,org.jfree.data.time.TimeSeries,1024,0,0.15,0.15,4039,qwen3.6:latest
Chart-9-0465,Chart,9,465,LVR,arithmetic,org.jfree.data.time.TimeSeries,1026,1,0.85,0.85,4050,qwen3.6:latest
Chart-9-0466,Chart,9,466,LVR,arithmetic,org.jfree.data.time.TimeSeries,1026,1,0.85,0.85,4088,qwen3.6:latest
Chart-9-0467,Chart,9,467,ROR,relational,org.jfree.data.time.TimeSeries,1026,0,0.85,0.85,4062,qwen3.6:latest
Chart-9-0468,Chart,9,468,ROR,relational,org.jfree.data.time.TimeSeries,1026,1,0.85,0.85,4137,qwen3.6:latest
Chart-9-0469,Chart,9,469,ROR,relational,org.jfree.data.time.TimeSeries,1026,1,0.85,0.85,4117,qwen3.6:latest
Chart-9-0470,Chart,9,470,LVR,arithmetic,org.jfree.data.time.TimeSeries,1027,0,0.85,0.85,4093,qwen3.6:latest
Chart-9-0471,Chart,9,471,LVR,arithmetic,org.jfree.data.time.TimeSeries,1027,0,0.85,0.85,4027,qwen3.6:latest
Chart-9-0472,Chart,9,472,AOR,arithmetic,org.jfree.data.time.TimeSeries,1027,0,0.85,0.85,4019,qwen3.6:latest
Chart-9-0473,Chart,9,473,AOR,arithmetic,org.jfree.data.time.TimeSeries,1027,1,0.85,0.85,4102,qwen3.6:latest
Chart-9-0474,Chart,9,474,AOR,arithmetic,org.jfree.data.time.TimeSeries,1027,1,0.85,0.85,4061,qwen3.6:latest
Chart-9-0475,Chart,9,475,AOR,arithmetic,org.jfree.data.time.TimeSeries,1027,1,0.75,0.75,4021,qwen3.6:latest
Chart-9-0476,Chart,9,476,LVR,arithmetic,org.jfree.data.time.TimeSeries,1028,1,0.75,0.75,4142,qwen3.6:latest
Chart-9-0477,Chart,9,477,LVR,arithmetic,org.jfree.data.time.TimeSeries,1028,1,0.85,0.85,4071,qwen3.6:latest
Chart-9-0478,Chart,9,478,AOR,arithmetic,org.jfree.data.time.TimeSeries,1028,1,0.85,0.85,4101,qwen3.6:latest
Chart-9-0479,Chart,9,479,AOR,arithmetic,org.jfree.data.time.TimeSeries,1028,1,0.85,0.85,4108,qwen3.6:latest
Chart-9-0480,Chart,9,480,AOR,arithmetic,org.jfree.data.time.TimeSeries,1028,1,0.85,0.85,4096,qwen3.6:latest
Chart-9-0481,Chart,9,481,AOR,arithmetic,org.jfree.data.time.TimeSeries,1028,1,0.75,0.75,4057,qwen3.6:latest
Chart-9-0482,Chart,9,482,AOR,arithmetic,org.jfree.data.time.TimeSeries,1028,1,0.85,0.85,4024,qwen3.6:latest
Chart-9-0483,Chart,9,483,AOR,arithmetic,org.jfree.data.time.TimeSeries,1028,1,0.85,0.85,4149,qwen3.6:latest
Chart-9-0484,Chart,9,484,AOR,arithmetic,org.jfree.data.time.TimeSeries,1028,1,0.85,0.85,4077,qwen3.6:latest
Chart-9-0485,Chart,9,485,AOR,arithmetic,org.jfree.data.time.TimeSeries,1028,1,0.75,0.75,4204,qwen3.6:latest
Chart-9-0486,Chart,9,486,STD,statement_deletion,org.jfree.data.time.TimeSeries,1028,1,0.15,0.15,4086,qwen3.6:latest
Chart-9-0487,Chart,9,487,LVR,arithmetic,org.jfree.data.time.TimeSeries,1030,0,0.75,0.75,4038,qwen3.6:latest
Chart-9-0488,Chart,9,488,LVR,arithmetic,org.jfree.data.time.TimeSeries,1030,1,0.75,0.75,4109,qwen3.6:latest
Chart-9-0489,Chart,9,489,ROR,relational,org.jfree.data.time.TimeSeries,1030,1,0.75,0.75,4071,qwen3.6:latest
Chart-9-0490,Chart,9,490,ROR,relational,org.jfree.data.time.TimeSeries,1030,0,0.75,0.75,4084,qwen3.6:latest
Chart-9-0491,Chart,9,491,ROR,relational,org.jfree.data.time.TimeSeries,1030,1,0.15,0.15,4103,qwen3.6:latest
Chart-9-0492,Chart,9,492,LVR,arithmetic,org.jfree.data.time.TimeSeries,1031,0,0.75,0.75,4018,qwen3.6:latest
Chart-9-0493,Chart,9,493,LVR,arithmetic,org.jfree.data.time.TimeSeries,1031,1,0.15,0.15,4053,qwen3.6:latest
Chart-9-0494,Chart,9,494,AOR,arithmetic,org.jfree.data.time.TimeSeries,1031,1,0.75,0.75,4056,qwen3.6:latest
Chart-9-0495,Chart,9,495,AOR,arithmetic,org.jfree.data.time.TimeSeries,1031,1,0.75,0.75,4076,qwen3.6:latest
Chart-9-0496,Chart,9,496,AOR,arithmetic,org.jfree.data.time.TimeSeries,1031,0,0.75,0.75,4005,qwen3.6:latest
Chart-9-0497,Chart,9,497,AOR,arithmetic,org.jfree.data.time.TimeSeries,1031,1,0.75,0.75,4000,qwen3.6:latest
Chart-9-0498,Chart,9,498,LVR,arithmetic,org.jfree.data.time.TimeSeries,1032,1,0.85,0.85,4126,qwen3.6:latest
Chart-9-0499,Chart,9,499,LVR,arithmetic,org.jfree.data.time.TimeSeries,1032,1,0.75,0.75,4052,qwen3.6:latest
Chart-9-0500,Chart,9,500,AOR,arithmetic,org.jfree.data.time.TimeSeries,1032,1,0.85,0.85,3998,qwen3.6:latest
Chart-9-0501,Chart,9,501,AOR,arithmetic,org.jfree.data.time.TimeSeries,1032,0,0.85,0.85,4051,qwen3.6:latest
Chart-9-0502,Chart,9,502,AOR,arithmetic,org.jfree.data.time.TimeSeries,1032,1,0.85,0.85,4149,qwen3.6:latest
Chart-9-0503,Chart,9,503,AOR,arithmetic,org.jfree.data.time.TimeSeries,1032,1,0.85,0.85,4016,qwen3.6:latest
Chart-9-0504,Chart,9,504,AOR,arithmetic,org.jfree.data.time.TimeSeries,1032,1,0.85,0.85,4015,qwen3.6:latest
Chart-9-0505,Chart,9,505,AOR,arithmetic,org.jfree.data.time.TimeSeries,1032,1,0.75,0.75,3987,qwen3.6:latest
Chart-9-0506,Chart,9,506,AOR,arithmetic,org.jfree.data.time.TimeSeries,1032,1,0.75,0.75,4093,qwen3.6:latest
Chart-9-0507,Chart,9,507,AOR,arithmetic,org.jfree.data.time.TimeSeries,1032,1,0.75,0.75,4095,qwen3.6:latest
Chart-9-0508,Chart,9,508,STD,statement_deletion,org.jfree.data.time.TimeSeries,1032,1,0.15,0.15,4014,qwen3.6:latest
Chart-9-0509,Chart,9,509,LVR,arithmetic,org.jfree.data.time.TimeSeries,1034,1,0.75,0.75,4061,qwen3.6:latest
Chart-9-0510,Chart,9,510,LVR,arithmetic,org.jfree.data.time.TimeSeries,1034,1,0.15,0.15,4074,qwen3.6:latest
Chart-9-0511,Chart,9,511,AOR,arithmetic,org.jfree.data.time.TimeSeries,1034,1,0.85,0.85,4025,qwen3.6:latest
Chart-9-0512,Chart,9,512,AOR,arithmetic,org.jfree.data.time.TimeSeries,1034,1,0.85,0.85,3978,qwen3.6:latest
Chart-9-0513,Chart,9,513,AOR,arithmetic,org.jfree.data.time.TimeSeries,1034,1,0.85,0.85,3983,qwen3.6:latest
Chart-9-0514,Chart,9,514,AOR,arithmetic,org.jfree.data.time.TimeSeries,1034,1,0.85,0.85,3992,qwen3.6:latest
Chart-9-0515,Chart,9,515,AOR,arithmetic,org.jfree.data.time.TimeSeries,1034,0,0.75,0.75,4025,qwen3.6:latest
Chart-9-0516,Chart,9,516,AOR,arithmetic,org.jfree.data.time.TimeSeries,1034,0,0.85,0.85,3989,qwen3.6:latest
Chart-9-0517,Chart,9,517,AOR,arithmetic,org.jfree.data.time.TimeSeries,1034,1,0.85,0.85,3992,qwen3.6:latest
Chart-9-0518,Chart,9,518,AOR,arithmetic,org.jfree.data.time.TimeSeries,1034,0,0.85,0.85,4009,qwen3.6:latest
Chart-9-0519,Chart,9,519,STD,statement_deletion,org.jfree.data.time.TimeSeries,1034,0,0.15,0.15,4008,qwen3.6:latest
Chart-9-0520,Chart,9,520,LVR,arithmetic,org.jfree.data.time.TimeSeries,1035,1,0.15,0.15,3986,qwen3.6:latest
Chart-9-0521,Chart,9,521,LVR,arithmetic,org.jfree.data.time.TimeSeries,1035,1,0.15,0.15,3977,qwen3.6:latest
Chart-9-0522,Chart,9,522,AOR,arithmetic,org.jfree.data.time.TimeSeries,1035,1,0.85,0.85,3995,qwen3.6:latest
Chart-9-0523,Chart,9,523,AOR,arithmetic,org.jfree.data.time.TimeSeries,1035,1,0.85,0.85,4030,qwen3.6:latest
Chart-9-0524,Chart,9,524,AOR,arithmetic,org.jfree.data.time.TimeSeries,1035,0,0.85,0.85,3973,qwen3.6:latest
Chart-9-0525,Chart,9,525,AOR,arithmetic,org.jfree.data.time.TimeSeries,1035,0,0.85,0.85,4054,qwen3.6:latest
Chart-9-0526,Chart,9,526,AOR,arithmetic,org.jfree.data.time.TimeSeries,1035,0,0.75,0.75,4035,qwen3.6:latest
Chart-9-0527,Chart,9,527,AOR,arithmetic,org.jfree.data.time.TimeSeries,1035,0,0.85,0.85,4040,qwen3.6:latest
Chart-9-0528,Chart,9,528,AOR,arithmetic,org.jfree.data.time.TimeSeries,1035,0,0.85,0.85,4080,qwen3.6:latest
Chart-9-0529,Chart,9,529,AOR,arithmetic,org.jfree.data.time.TimeSeries,1035,0,0.15,0.15,3988,qwen3.6:latest
Chart-9-0530,Chart,9,530,STD,statement_deletion,org.jfree.data.time.TimeSeries,1035,0,0.15,0.15,4023,qwen3.6:latest
