mutant_id,project,bug_id,mutant_no,operator,category,class,line,killed,llm_score,llm_raw_response,llm_latency_ms,model_used
Lang-1-0001,Lang,1,1,LVR,arithmetic,org.apache.commons.lang3.math.NumberUtils,34,1,0.15,0.15,1863,Qwen/Qwen3-8B
Lang-1-0002,Lang,1,2,LVR,arithmetic,org.apache.commons.lang3.math.NumberUtils,34,1,0.95,0.95,849,Qwen/Qwen3-8B
Lang-1-0003,Lang,1,3,LVR,arithmetic,org.apache.commons.lang3.math.NumberUtils,36,1,0.1,0.1,774,Qwen/Qwen3-8B
Lang-1-0004,Lang,1,4,LVR,arithmetic,org.apache.commons.lang3.math.NumberUtils,36,1,0.15,0.15,869,Qwen/Qwen3-8B
Lang-1-0005,Lang,1,5,LVR,arithmetic,org.apache.commons.lang3.math.NumberUtils,38,1,0.1,0.1,806,Qwen/Qwen3-8B
Lang-1-0006,Lang,1,6,LVR,arithmetic,org.apache.commons.lang3.math.NumberUtils,38,1,0.15,0.15,876,Qwen/Qwen3-8B
Lang-1-0007,Lang,1,7,LVR,arithmetic,org.apache.commons.lang3.math.NumberUtils,40,1,0.1,0.1,815,Qwen/Qwen3-8B
Lang-1-0008,Lang,1,8,LVR,arithmetic,org.apache.commons.lang3.math.NumberUtils,40,1,0.1,0.1,825,Qwen/Qwen3-8B
Lang-1-0009,Lang,1,9,LVR,arithmetic,org.apache.commons.lang3.math.NumberUtils,42,1,0.1,0.1,828,Qwen/Qwen3-8B
Lang-1-0010,Lang,1,10,LVR,arithmetic,org.apache.commons.lang3.math.NumberUtils,42,1,0.15,0.15,908,Qwen/Qwen3-8B
Lang-1-0011,Lang,1,11,LVR,arithmetic,org.apache.commons.lang3.math.NumberUtils,44,1,0.1,0.1,825,Qwen/Qwen3-8B
Lang-1-0012,Lang,1,12,LVR,arithmetic,org.apache.commons.lang3.math.NumberUtils,44,1,0.1,0.1,832,Qwen/Qwen3-8B
Lang-1-0013,Lang,1,13,LVR,arithmetic,org.apache.commons.lang3.math.NumberUtils,46,0,0.1,0.1,834,Qwen/Qwen3-8B
Lang-1-0014,Lang,1,14,LVR,arithmetic,org.apache.commons.lang3.math.NumberUtils,46,0,0.1,0.1,836,Qwen/Qwen3-8B
Lang-1-0015,Lang,1,15,LVR,arithmetic,org.apache.commons.lang3.math.NumberUtils,48,0,0.1,0.1,911,Qwen/Qwen3-8B
Lang-1-0016,Lang,1,16,LVR,arithmetic,org.apache.commons.lang3.math.NumberUtils,48,0,0.1,0.1,910,Qwen/Qwen3-8B
Lang-1-0017,Lang,1,17,LVR,arithmetic,org.apache.commons.lang3.math.NumberUtils,50,0,0.1,0.1,924,Qwen/Qwen3-8B
Lang-1-0018,Lang,1,18,LVR,arithmetic,org.apache.commons.lang3.math.NumberUtils,50,0,0.1,0.1,906,Qwen/Qwen3-8B
Lang-1-0019,Lang,1,19,LVR,arithmetic,org.apache.commons.lang3.math.NumberUtils,52,0,0.1,0.1,923,Qwen/Qwen3-8B
Lang-1-0020,Lang,1,20,LVR,arithmetic,org.apache.commons.lang3.math.NumberUtils,52,0,0.1,0.1,928,Qwen/Qwen3-8B
Lang-1-0021,Lang,1,21,LVR,arithmetic,org.apache.commons.lang3.math.NumberUtils,54,0,0.1,0.1,925,Qwen/Qwen3-8B
Lang-1-0022,Lang,1,22,LVR,arithmetic,org.apache.commons.lang3.math.NumberUtils,54,0,0.1,0.1,906,Qwen/Qwen3-8B
Lang-1-0023,Lang,1,23,LVR,arithmetic,org.apache.commons.lang3.math.NumberUtils,56,0,0.1,0.1,925,Qwen/Qwen3-8B
Lang-1-0024,Lang,1,24,LVR,arithmetic,org.apache.commons.lang3.math.NumberUtils,56,0,0.1,0.1,921,Qwen/Qwen3-8B
Lang-1-0025,Lang,1,25,LVR,arithmetic,org.apache.commons.lang3.math.NumberUtils,58,1,0.1,0.1,906,Qwen/Qwen3-8B
Lang-1-0026,Lang,1,26,LVR,arithmetic,org.apache.commons.lang3.math.NumberUtils,58,1,0.1,0.1,906,Qwen/Qwen3-8B
Lang-1-0027,Lang,1,27,LVR,arithmetic,org.apache.commons.lang3.math.NumberUtils,60,1,0.1,0.1,906,Qwen/Qwen3-8B
Lang-1-0028,Lang,1,28,LVR,arithmetic,org.apache.commons.lang3.math.NumberUtils,60,1,0.1,0.1,925,Qwen/Qwen3-8B
Lang-1-0029,Lang,1,29,ORU,return_value,org.apache.commons.lang3.math.NumberUtils,62,1,0.1,0.1,908,Qwen/Qwen3-8B
Lang-1-0030,Lang,1,30,LVR,arithmetic,org.apache.commons.lang3.math.NumberUtils,62,1,0.1,0.1,896,Qwen/Qwen3-8B
Lang-1-0031,Lang,1,31,LVR,arithmetic,org.apache.commons.lang3.math.NumberUtils,62,1,0.1,0.1,889,Qwen/Qwen3-8B
Lang-1-0032,Lang,1,32,LVR,arithmetic,org.apache.commons.lang3.math.NumberUtils,64,1,0.1,0.1,793,Qwen/Qwen3-8B
Lang-1-0033,Lang,1,33,LVR,arithmetic,org.apache.commons.lang3.math.NumberUtils,64,1,0.1,0.1,799,Qwen/Qwen3-8B
Lang-1-0034,Lang,1,34,LVR,arithmetic,org.apache.commons.lang3.math.NumberUtils,66,1,0.1,0.1,879,Qwen/Qwen3-8B
Lang-1-0035,Lang,1,35,LVR,arithmetic,org.apache.commons.lang3.math.NumberUtils,66,1,0.1,0.1,874,Qwen/Qwen3-8B
Lang-1-0036,Lang,1,36,ORU,return_value,org.apache.commons.lang3.math.NumberUtils,68,1,0.1,0.1,801,Qwen/Qwen3-8B
Lang-1-0037,Lang,1,37,LVR,arithmetic,org.apache.commons.lang3.math.NumberUtils,68,1,0.1,0.1,795,Qwen/Qwen3-8B
Lang-1-0038,Lang,1,38,LVR,arithmetic,org.apache.commons.lang3.math.NumberUtils,68,1,0.1,0.1,795,Qwen/Qwen3-8B
Lang-1-0039,Lang,1,39,LVR,arithmetic,org.apache.commons.lang3.math.NumberUtils,100,1,0.95,0.95,829,Qwen/Qwen3-8B
Lang-1-0040,Lang,1,40,LVR,arithmetic,org.apache.commons.lang3.math.NumberUtils,100,1,0.85,0.85,851,Qwen/Qwen3-8B
Lang-1-0041,Lang,1,41,ROR,relational,org.apache.commons.lang3.math.NumberUtils,121,0,0.95,0.95,832,Qwen/Qwen3-8B
Lang-1-0042,Lang,1,42,LVR,arithmetic,org.apache.commons.lang3.math.NumberUtils,149,1,0.15,0.15,827,Qwen/Qwen3-8B
Lang-1-0043,Lang,1,43,LVR,arithmetic,org.apache.commons.lang3.math.NumberUtils,149,1,0.15,0.15,829,Qwen/Qwen3-8B
Lang-1-0044,Lang,1,44,ROR,relational,org.apache.commons.lang3.math.NumberUtils,170,0,0.95,0.95,826,Qwen/Qwen3-8B
Lang-1-0045,Lang,1,45,LVR,arithmetic,org.apache.commons.lang3.math.NumberUtils,199,1,0.1,0.1,745,Qwen/Qwen3-8B
Lang-1-0046,Lang,1,46,LVR,arithmetic,org.apache.commons.lang3.math.NumberUtils,199,1,0.1,0.1,749,Qwen/Qwen3-8B
Lang-1-0047,Lang,1,47,ROR,relational,org.apache.commons.lang3.math.NumberUtils,222,1,0.75,0.75,820,Qwen/Qwen3-8B
Lang-1-0048,Lang,1,48,LVR,arithmetic,org.apache.commons.lang3.math.NumberUtils,251,1,0.1,0.1,743,Qwen/Qwen3-8B
Lang-1-0049,Lang,1,49,LVR,arithmetic,org.apache.commons.lang3.math.NumberUtils,251,1,0.1,0.1,743,Qwen/Qwen3-8B
Lang-1-0050,Lang,1,50,ROR,relational,org.apache.commons.lang3.math.NumberUtils,274,1,0.75,0.75,813,Qwen/Qwen3-8B
Lang-1-0051,Lang,1,51,LVR,arithmetic,org.apache.commons.lang3.math.NumberUtils,303,0,0.15,0.15,821,Qwen/Qwen3-8B
Lang-1-0052,Lang,1,52,LVR,arithmetic,org.apache.commons.lang3.math.NumberUtils,303,0,0.15,0.15,824,Qwen/Qwen3-8B
Lang-1-0053,Lang,1,53,ROR,relational,org.apache.commons.lang3.math.NumberUtils,324,0,0.95,0.95,815,Qwen/Qwen3-8B
Lang-1-0054,Lang,1,54,LVR,arithmetic,org.apache.commons.lang3.math.NumberUtils,352,0,0.15,0.15,815,Qwen/Qwen3-8B
Lang-1-0055,Lang,1,55,LVR,arithmetic,org.apache.commons.lang3.math.NumberUtils,352,0,0.15,0.15,811,Qwen/Qwen3-8B
Lang-1-0056,Lang,1,56,ROR,relational,org.apache.commons.lang3.math.NumberUtils,373,0,0.95,0.95,822,Qwen/Qwen3-8B
Lang-1-0057,Lang,1,57,ROR,relational,org.apache.commons.lang3.math.NumberUtils,451,1,0.95,0.95,821,Qwen/Qwen3-8B
Lang-1-0058,Lang,1,58,COR,logical,org.apache.commons.lang3.math.NumberUtils,454,1,0.75,0.75,816,Qwen/Qwen3-8B
Lang-1-0059,Lang,1,59,COR,logical,org.apache.commons.lang3.math.NumberUtils,454,1,0.75,0.75,818,Qwen/Qwen3-8B
Lang-1-0060,Lang,1,60,LVR,arithmetic,org.apache.commons.lang3.math.NumberUtils,459,1,0.75,0.75,809,Qwen/Qwen3-8B
Lang-1-0061,Lang,1,61,LVR,arithmetic,org.apache.commons.lang3.math.NumberUtils,459,1,0.75,0.75,810,Qwen/Qwen3-8B
Lang-1-0062,Lang,1,62,COR,logical,org.apache.commons.lang3.math.NumberUtils,461,1,0.3,0.3,748,Qwen/Qwen3-8B
Lang-1-0063,Lang,1,63,COR,logical,org.apache.commons.lang3.math.NumberUtils,461,1,0.75,0.75,836,Qwen/Qwen3-8B
Lang-1-0064,Lang,1,64,STD,statement_deletion,org.apache.commons.lang3.math.NumberUtils,462,1,0.15,0.15,819,Qwen/Qwen3-8B
Lang-1-0065,Lang,1,65,LVR,arithmetic,org.apache.commons.lang3.math.NumberUtils,466,1,0.75,0.75,812,Qwen/Qwen3-8B
Lang-1-0066,Lang,1,66,LVR,arithmetic,org.apache.commons.lang3.math.NumberUtils,466,1,0.75,0.75,814,Qwen/Qwen3-8B
Lang-1-0067,Lang,1,67,ROR,relational,org.apache.commons.lang3.math.NumberUtils,466,0,0.75,0.75,823,Qwen/Qwen3-8B
Lang-1-0068,Lang,1,68,ROR,relational,org.apache.commons.lang3.math.NumberUtils,466,1,0.75,0.75,814,Qwen/Qwen3-8B
Lang-1-0069,Lang,1,69,ROR,relational,org.apache.commons.lang3.math.NumberUtils,466,1,0.75,0.75,815,Qwen/Qwen3-8B
Lang-1-0070,Lang,1,70,LVR,arithmetic,org.apache.commons.lang3.math.NumberUtils,467,0,0.75,0.75,808,Qwen/Qwen3-8B
Lang-1-0071,Lang,1,71,LVR,arithmetic,org.apache.commons.lang3.math.NumberUtils,467,0,0.75,0.75,804,Qwen/Qwen3-8B
Lang-1-0072,Lang,1,72,ROR,relational,org.apache.commons.lang3.math.NumberUtils,468,0,0.3,0.3,741,Qwen/Qwen3-8B
Lang-1-0073,Lang,1,73,ROR,relational,org.apache.commons.lang3.math.NumberUtils,468,1,0.75,0.75,801,Qwen/Qwen3-8B
Lang-1-0074,Lang,1,74,ROR,relational,org.apache.commons.lang3.math.NumberUtils,468,1,0.3,0.3,720,Qwen/Qwen3-8B
Lang-1-0075,Lang,1,75,STD,statement_deletion,org.apache.commons.lang3.math.NumberUtils,469,1,0.15,0.15,791,Qwen/Qwen3-8B
Lang-1-0076,Lang,1,76,ROR,relational,org.apache.commons.lang3.math.NumberUtils,470,0,0.75,0.75,805,Qwen/Qwen3-8B
Lang-1-0077,Lang,1,77,ROR,relational,org.apache.commons.lang3.math.NumberUtils,470,1,0.75,0.75,812,Qwen/Qwen3-8B
Lang-1-0078,Lang,1,78,ROR,relational,org.apache.commons.lang3.math.NumberUtils,470,1,0.75,0.75,807,Qwen/Qwen3-8B
Lang-1-0079,Lang,1,79,STD,statement_deletion,org.apache.commons.lang3.math.NumberUtils,471,1,0.15,0.15,825,Qwen/Qwen3-8B
Lang-1-0080,Lang,1,80,AOR,arithmetic,org.apache.commons.lang3.math.NumberUtils,476,1,0.75,0.75,821,Qwen/Qwen3-8B
Lang-1-0081,Lang,1,81,AOR,arithmetic,org.apache.commons.lang3.math.NumberUtils,476,1,0.75,0.75,820,Qwen/Qwen3-8B
Lang-1-0082,Lang,1,82,AOR,arithmetic,org.apache.commons.lang3.math.NumberUtils,476,1,0.75,0.75,823,Qwen/Qwen3-8B
Lang-1-0083,Lang,1,83,AOR,arithmetic,org.apache.commons.lang3.math.NumberUtils,476,1,0.75,0.75,822,Qwen/Qwen3-8B
Lang-1-0084,Lang,1,84,LVR,arithmetic,org.apache.commons.lang3.math.NumberUtils,477,1,0.75,0.75,813,Qwen/Qwen3-8B
Lang-1-0085,Lang,1,85,LVR,arithmetic,org.apache.commons.lang3.math.NumberUtils,477,1,0.75,0.75,806,Qwen/Qwen3-8B
Lang-1-0086,Lang,1,86,ROR,relational,org.apache.commons.lang3.math.NumberUtils,477,1,0.75,0.75,813,Qwen/Qwen3-8B
Lang-1-0087,Lang,1,87,ROR,relational,org.apache.commons.lang3.math.NumberUtils,477,1,0.75,0.75,819,Qwen/Qwen3-8B
Lang-1-0088,Lang,1,88,ROR,relational,org.apache.commons.lang3.math.NumberUtils,477,1,0.75,0.75,816,Qwen/Qwen3-8B
Lang-1-0089,Lang,1,89,LVR,arithmetic,org.apache.commons.lang3.math.NumberUtils,477,1,0.75,0.75,818,Qwen/Qwen3-8B
Lang-1-0090,Lang,1,90,LVR,arithmetic,org.apache.commons.lang3.math.NumberUtils,477,1,0.75,0.75,814,Qwen/Qwen3-8B
Lang-1-0091,Lang,1,91,ROR,relational,org.apache.commons.lang3.math.NumberUtils,477,1,0.75,0.75,819,Qwen/Qwen3-8B
Lang-1-0092,Lang,1,92,ROR,relational,org.apache.commons.lang3.math.NumberUtils,477,0,0.75,0.75,823,Qwen/Qwen3-8B
Lang-1-0093,Lang,1,93,ROR,relational,org.apache.commons.lang3.math.NumberUtils,477,1,0.75,0.75,821,Qwen/Qwen3-8B
Lang-1-0094,Lang,1,94,ROR,relational,org.apache.commons.lang3.math.NumberUtils,477,0,0.75,0.75,820,Qwen/Qwen3-8B
Lang-1-0095,Lang,1,95,ROR,relational,org.apache.commons.lang3.math.NumberUtils,477,1,0.75,0.75,817,Qwen/Qwen3-8B
Lang-1-0096,Lang,1,96,ROR,relational,org.apache.commons.lang3.math.NumberUtils,477,1,0.75,0.75,844,Qwen/Qwen3-8B
Lang-1-0097,Lang,1,97,COR,logical,org.apache.commons.lang3.math.NumberUtils,477,1,0.75,0.75,831,Qwen/Qwen3-8B
Lang-1-0098,Lang,1,98,COR,logical,org.apache.commons.lang3.math.NumberUtils,477,1,0.75,0.75,831,Qwen/Qwen3-8B
Lang-1-0099,Lang,1,99,COR,logical,org.apache.commons.lang3.math.NumberUtils,477,1,0.75,0.75,822,Qwen/Qwen3-8B
Lang-1-0100,Lang,1,100,COR,logical,org.apache.commons.lang3.math.NumberUtils,477,1,0.75,0.75,828,Qwen/Qwen3-8B
Lang-1-0101,Lang,1,101,COR,logical,org.apache.commons.lang3.math.NumberUtils,477,0,0.75,0.75,831,Qwen/Qwen3-8B
Lang-1-0102,Lang,1,102,COR,logical,org.apache.commons.lang3.math.NumberUtils,477,1,0.75,0.75,835,Qwen/Qwen3-8B
Lang-1-0103,Lang,1,103,COR,logical,org.apache.commons.lang3.math.NumberUtils,477,1,0.75,0.75,823,Qwen/Qwen3-8B
Lang-1-0104,Lang,1,104,COR,logical,org.apache.commons.lang3.math.NumberUtils,477,1,0.75,0.75,831,Qwen/Qwen3-8B
Lang-1-0105,Lang,1,105,LVR,arithmetic,org.apache.commons.lang3.math.NumberUtils,480,1,0.75,0.75,840,Qwen/Qwen3-8B
Lang-1-0106,Lang,1,106,LVR,arithmetic,org.apache.commons.lang3.math.NumberUtils,480,1,0.75,0.75,857,Qwen/Qwen3-8B
Lang-1-0107,Lang,1,107,ROR,relational,org.apache.commons.lang3.math.NumberUtils,480,1,0.75,0.75,838,Qwen/Qwen3-8B
Lang-1-0108,Lang,1,108,ROR,relational,org.apache.commons.lang3.math.NumberUtils,480,1,0.75,0.75,837,Qwen/Qwen3-8B
Lang-1-0109,Lang,1,109,ROR,relational,org.apache.commons.lang3.math.NumberUtils,480,1,0.75,0.75,836,Qwen/Qwen3-8B
Lang-1-0110,Lang,1,110,LVR,arithmetic,org.apache.commons.lang3.math.NumberUtils,480,1,0.75,0.75,836,Qwen/Qwen3-8B
Lang-1-0111,Lang,1,111,LVR,arithmetic,org.apache.commons.lang3.math.NumberUtils,480,1,0.75,0.75,838,Qwen/Qwen3-8B
Lang-1-0112,Lang,1,112,ROR,relational,org.apache.commons.lang3.math.NumberUtils,480,1,0.75,0.75,843,Qwen/Qwen3-8B
Lang-1-0113,Lang,1,113,ROR,relational,org.apache.commons.lang3.math.NumberUtils,480,0,0.75,0.75,845,Qwen/Qwen3-8B
Lang-1-0114,Lang,1,114,ROR,relational,org.apache.commons.lang3.math.NumberUtils,480,1,0.75,0.75,841,Qwen/Qwen3-8B
Lang-1-0115,Lang,1,115,ROR,relational,org.apache.commons.lang3.math.NumberUtils,480,1,0.75,0.75,844,Qwen/Qwen3-8B
Lang-1-0116,Lang,1,116,ROR,relational,org.apache.commons.lang3.math.NumberUtils,480,1,0.75,0.75,844,Qwen/Qwen3-8B
Lang-1-0117,Lang,1,117,ROR,relational,org.apache.commons.lang3.math.NumberUtils,480,1,0.75,0.75,842,Qwen/Qwen3-8B
Lang-1-0118,Lang,1,118,COR,logical,org.apache.commons.lang3.math.NumberUtils,480,0,0.75,0.75,837,Qwen/Qwen3-8B
Lang-1-0119,Lang,1,119,COR,logical,org.apache.commons.lang3.math.NumberUtils,480,1,0.75,0.75,845,Qwen/Qwen3-8B
Lang-1-0120,Lang,1,120,COR,logical,org.apache.commons.lang3.math.NumberUtils,480,1,0.75,0.75,842,Qwen/Qwen3-8B
Lang-1-0121,Lang,1,121,COR,logical,org.apache.commons.lang3.math.NumberUtils,480,1,0.75,0.75,839,Qwen/Qwen3-8B
Lang-1-0122,Lang,1,122,COR,logical,org.apache.commons.lang3.math.NumberUtils,480,0,0.15,0.15,848,Qwen/Qwen3-8B
Lang-1-0123,Lang,1,123,COR,logical,org.apache.commons.lang3.math.NumberUtils,480,1,0.75,0.75,844,Qwen/Qwen3-8B
Lang-1-0124,Lang,1,124,COR,logical,org.apache.commons.lang3.math.NumberUtils,480,1,0.75,0.75,840,Qwen/Qwen3-8B
Lang-1-0125,Lang,1,125,COR,logical,org.apache.commons.lang3.math.NumberUtils,480,1,0.75,0.75,848,Qwen/Qwen3-8B
Lang-1-0126,Lang,1,126,LVR,arithmetic,org.apache.commons.lang3.math.NumberUtils,485,1,0.75,0.75,844,Qwen/Qwen3-8B
Lang-1-0127,Lang,1,127,LVR,arithmetic,org.apache.commons.lang3.math.NumberUtils,485,1,0.75,0.75,849,Qwen/Qwen3-8B
Lang-1-0128,Lang,1,128,AOR,arithmetic,org.apache.commons.lang3.math.NumberUtils,485,1,0.75,0.75,846,Qwen/Qwen3-8B
Lang-1-0129,Lang,1,129,AOR,arithmetic,org.apache.commons.lang3.math.NumberUtils,485,1,0.75,0.75,846,Qwen/Qwen3-8B
Lang-1-0130,Lang,1,130,AOR,arithmetic,org.apache.commons.lang3.math.NumberUtils,485,1,0.75,0.75,843,Qwen/Qwen3-8B
Lang-1-0131,Lang,1,131,AOR,arithmetic,org.apache.commons.lang3.math.NumberUtils,485,1,0.75,0.75,845,Qwen/Qwen3-8B
Lang-1-0132,Lang,1,132,AOR,arithmetic,org.apache.commons.lang3.math.NumberUtils,490,1,0.75,0.75,858,Qwen/Qwen3-8B
Lang-1-0133,Lang,1,133,AOR,arithmetic,org.apache.commons.lang3.math.NumberUtils,490,1,0.75,0.75,865,Qwen/Qwen3-8B
Lang-1-0134,Lang,1,134,AOR,arithmetic,org.apache.commons.lang3.math.NumberUtils,490,1,0.75,0.75,863,Qwen/Qwen3-8B
Lang-1-0135,Lang,1,135,AOR,arithmetic,org.apache.commons.lang3.math.NumberUtils,490,1,0.75,0.75,880,Qwen/Qwen3-8B
Lang-1-0136,Lang,1,136,LVR,arithmetic,org.apache.commons.lang3.math.NumberUtils,490,1,0.75,0.75,855,Qwen/Qwen3-8B
Lang-1-0137,Lang,1,137,LVR,arithmetic,org.apache.commons.lang3.math.NumberUtils,490,1,0.75,0.75,870,Qwen/Qwen3-8B
Lang-1-0138,Lang,1,138,AOR,arithmetic,org.apache.commons.lang3.math.NumberUtils,490,1,0.75,0.75,863,Qwen/Qwen3-8B
Lang-1-0139,Lang,1,139,AOR,arithmetic,org.apache.commons.lang3.math.NumberUtils,490,1,0.75,0.75,853,Qwen/Qwen3-8B
Lang-1-0140,Lang,1,140,AOR,arithmetic,org.apache.commons.lang3.math.NumberUtils,490,1,0.75,0.75,855,Qwen/Qwen3-8B
Lang-1-0141,Lang,1,141,AOR,arithmetic,org.apache.commons.lang3.math.NumberUtils,490,1,0.75,0.75,854,Qwen/Qwen3-8B
Lang-1-0142,Lang,1,142,LVR,arithmetic,org.apache.commons.lang3.math.NumberUtils,494,0,0.75,0.75,946,Qwen/Qwen3-8B
Lang-1-0143,Lang,1,143,LVR,arithmetic,org.apache.commons.lang3.math.NumberUtils,494,0,0.75,0.75,940,Qwen/Qwen3-8B
Lang-1-0144,Lang,1,144,LVR,arithmetic,org.apache.commons.lang3.math.NumberUtils,495,1,0.75,0.75,941,Qwen/Qwen3-8B
Lang-1-0145,Lang,1,145,LVR,arithmetic,org.apache.commons.lang3.math.NumberUtils,495,1,0.75,0.75,942,Qwen/Qwen3-8B
Lang-1-0146,Lang,1,146,ROR,relational,org.apache.commons.lang3.math.NumberUtils,495,0,0.75,0.75,943,Qwen/Qwen3-8B
Lang-1-0147,Lang,1,147,ROR,relational,org.apache.commons.lang3.math.NumberUtils,495,1,0.75,0.75,942,Qwen/Qwen3-8B
Lang-1-0148,Lang,1,148,ROR,relational,org.apache.commons.lang3.math.NumberUtils,495,1,0.75,0.75,961,Qwen/Qwen3-8B
Lang-1-0149,Lang,1,149,LVR,arithmetic,org.apache.commons.lang3.math.NumberUtils,497,0,0.75,0.75,923,Qwen/Qwen3-8B
Lang-1-0150,Lang,1,150,LVR,arithmetic,org.apache.commons.lang3.math.NumberUtils,497,0,0.75,0.75,925,Qwen/Qwen3-8B
Lang-1-0151,Lang,1,151,ROR,relational,org.apache.commons.lang3.math.NumberUtils,497,0,0.75,0.75,922,Qwen/Qwen3-8B
Lang-1-0152,Lang,1,152,ROR,relational,org.apache.commons.lang3.math.NumberUtils,497,1,0.75,0.75,918,Qwen/Qwen3-8B
Lang-1-0153,Lang,1,153,ROR,relational,org.apache.commons.lang3.math.NumberUtils,497,1,0.75,0.75,923,Qwen/Qwen3-8B
Lang-1-0154,Lang,1,154,ROR,relational,org.apache.commons.lang3.math.NumberUtils,498,1,0.75,0.75,839,Qwen/Qwen3-8B
Lang-1-0155,Lang,1,155,ROR,relational,org.apache.commons.lang3.math.NumberUtils,498,0,0.75,0.75,847,Qwen/Qwen3-8B
Lang-1-0156,Lang,1,156,ROR,relational,org.apache.commons.lang3.math.NumberUtils,498,1,0.75,0.75,852,Qwen/Qwen3-8B
Lang-1-0157,Lang,1,157,ROR,relational,org.apache.commons.lang3.math.NumberUtils,498,1,0.75,0.75,852,Qwen/Qwen3-8B
Lang-1-0158,Lang,1,158,ROR,relational,org.apache.commons.lang3.math.NumberUtils,498,0,0.75,0.75,842,Qwen/Qwen3-8B
Lang-1-0159,Lang,1,159,ROR,relational,org.apache.commons.lang3.math.NumberUtils,498,1,0.75,0.75,862,Qwen/Qwen3-8B
Lang-1-0160,Lang,1,160,COR,logical,org.apache.commons.lang3.math.NumberUtils,498,0,0.75,0.75,853,Qwen/Qwen3-8B
Lang-1-0161,Lang,1,161,COR,logical,org.apache.commons.lang3.math.NumberUtils,498,1,0.75,0.75,847,Qwen/Qwen3-8B
Lang-1-0162,Lang,1,162,COR,logical,org.apache.commons.lang3.math.NumberUtils,498,1,0.75,0.75,837,Qwen/Qwen3-8B
Lang-1-0163,Lang,1,163,COR,logical,org.apache.commons.lang3.math.NumberUtils,498,1,0.75,0.75,842,Qwen/Qwen3-8B
Lang-1-0164,Lang,1,164,LVR,arithmetic,org.apache.commons.lang3.math.NumberUtils,501,1,0.75,0.75,833,Qwen/Qwen3-8B
Lang-1-0165,Lang,1,165,LVR,arithmetic,org.apache.commons.lang3.math.NumberUtils,501,1,0.75,0.75,836,Qwen/Qwen3-8B
Lang-1-0166,Lang,1,166,AOR,arithmetic,org.apache.commons.lang3.math.NumberUtils,501,1,0.35,0.35,845,Qwen/Qwen3-8B
Lang-1-0167,Lang,1,167,AOR,arithmetic,org.apache.commons.lang3.math.NumberUtils,501,1,0.75,0.75,842,Qwen/Qwen3-8B
Lang-1-0168,Lang,1,168,AOR,arithmetic,org.apache.commons.lang3.math.NumberUtils,501,1,0.75,0.75,843,Qwen/Qwen3-8B
Lang-1-0169,Lang,1,169,AOR,arithmetic,org.apache.commons.lang3.math.NumberUtils,501,1,0.35,0.35,837,Qwen/Qwen3-8B
Lang-1-0170,Lang,1,170,LVR,arithmetic,org.apache.commons.lang3.math.NumberUtils,503,0,0.35,0.35,842,Qwen/Qwen3-8B
Lang-1-0171,Lang,1,171,LVR,arithmetic,org.apache.commons.lang3.math.NumberUtils,503,1,0.35,0.35,871,Qwen/Qwen3-8B
Lang-1-0172,Lang,1,172,AOR,arithmetic,org.apache.commons.lang3.math.NumberUtils,503,0,0.35,0.35,847,Qwen/Qwen3-8B
Lang-1-0173,Lang,1,173,AOR,arithmetic,org.apache.commons.lang3.math.NumberUtils,503,0,0.35,0.35,844,Qwen/Qwen3-8B
Lang-1-0174,Lang,1,174,AOR,arithmetic,org.apache.commons.lang3.math.NumberUtils,503,1,0.35,0.35,846,Qwen/Qwen3-8B
Lang-1-0175,Lang,1,175,AOR,arithmetic,org.apache.commons.lang3.math.NumberUtils,503,0,0.35,0.35,854,Qwen/Qwen3-8B
Lang-1-0176,Lang,1,176,LVR,arithmetic,org.apache.commons.lang3.math.NumberUtils,505,1,0.75,0.75,823,Qwen/Qwen3-8B
Lang-1-0177,Lang,1,177,LVR,arithmetic,org.apache.commons.lang3.math.NumberUtils,505,1,0.75,0.75,813,Qwen/Qwen3-8B
Lang-1-0178,Lang,1,178,STD,statement_deletion,org.apache.commons.lang3.math.NumberUtils,506,1,0.75,0.75,824,Qwen/Qwen3-8B
Lang-1-0179,Lang,1,179,LVR,arithmetic,org.apache.commons.lang3.math.NumberUtils,508,0,0.75,0.75,819,Qwen/Qwen3-8B
Lang-1-0180,Lang,1,180,LVR,arithmetic,org.apache.commons.lang3.math.NumberUtils,508,0,0.3,0.3,742,Qwen/Qwen3-8B
Lang-1-0181,Lang,1,181,ROR,relational,org.apache.commons.lang3.math.NumberUtils,508,0,0.3,0.3,748,Qwen/Qwen3-8B
Lang-1-0182,Lang,1,182,ROR,relational,org.apache.commons.lang3.math.NumberUtils,508,1,0.3,0.3,741,Qwen/Qwen3-8B
Lang-1-0183,Lang,1,183,ROR,relational,org.apache.commons.lang3.math.NumberUtils,508,0,0.3,0.3,748,Qwen/Qwen3-8B
Lang-1-0184,Lang,1,184,ROR,relational,org.apache.commons.lang3.math.NumberUtils,509,1,0.75,0.75,827,Qwen/Qwen3-8B
Lang-1-0185,Lang,1,185,ROR,relational,org.apache.commons.lang3.math.NumberUtils,509,0,0.75,0.75,819,Qwen/Qwen3-8B
Lang-1-0186,Lang,1,186,ROR,relational,org.apache.commons.lang3.math.NumberUtils,509,1,0.75,0.75,817,Qwen/Qwen3-8B
Lang-1-0187,Lang,1,187,LVR,arithmetic,org.apache.commons.lang3.math.NumberUtils,512,0,0.75,0.75,820,Qwen/Qwen3-8B
Lang-1-0188,Lang,1,188,LVR,arithmetic,org.apache.commons.lang3.math.NumberUtils,512,1,0.35,0.35,817,Qwen/Qwen3-8B
Lang-1-0189,Lang,1,189,ROR,relational,org.apache.commons.lang3.math.NumberUtils,518,1,0.3,0.3,735,Qwen/Qwen3-8B
Lang-1-0190,Lang,1,190,ROR,relational,org.apache.commons.lang3.math.NumberUtils,518,0,0.35,0.35,811,Qwen/Qwen3-8B
Lang-1-0191,Lang,1,191,ROR,relational,org.apache.commons.lang3.math.NumberUtils,518,1,0.3,0.3,721,Qwen/Qwen3-8B
Lang-1-0192,Lang,1,192,COR,logical,org.apache.commons.lang3.math.NumberUtils,518,0,0.3,0.3,729,Qwen/Qwen3-8B
Lang-1-0193,Lang,1,193,COR,logical,org.apache.commons.lang3.math.NumberUtils,518,1,0.75,0.75,805,Qwen/Qwen3-8B
Lang-1-0194,Lang,1,194,COR,logical,org.apache.commons.lang3.math.NumberUtils,518,1,0.3,0.3,730,Qwen/Qwen3-8B
Lang-1-0195,Lang,1,195,COR,logical,org.apache.commons.lang3.math.NumberUtils,518,1,0.3,0.3,733,Qwen/Qwen3-8B
Lang-1-0196,Lang,1,196,LVR,arithmetic,org.apache.commons.lang3.math.NumberUtils,519,0,0.35,0.35,841,Qwen/Qwen3-8B
Lang-1-0197,Lang,1,197,LVR,arithmetic,org.apache.commons.lang3.math.NumberUtils,519,0,0.35,0.35,815,Qwen/Qwen3-8B
Lang-1-0198,Lang,1,198,ROR,relational,org.apache.commons.lang3.math.NumberUtils,519,0,0.35,0.35,816,Qwen/Qwen3-8B
Lang-1-0199,Lang,1,199,ROR,relational,org.apache.commons.lang3.math.NumberUtils,519,1,0.3,0.3,735,Qwen/Qwen3-8B
Lang-1-0200,Lang,1,200,ROR,relational,org.apache.commons.lang3.math.NumberUtils,519,0,0.3,0.3,737,Qwen/Qwen3-8B
Lang-1-0201,Lang,1,201,LVR,arithmetic,org.apache.commons.lang3.math.NumberUtils,519,1,0.35,0.35,812,Qwen/Qwen3-8B
Lang-1-0202,Lang,1,202,LVR,arithmetic,org.apache.commons.lang3.math.NumberUtils,519,1,0.35,0.35,812,Qwen/Qwen3-8B
Lang-1-0203,Lang,1,203,AOR,arithmetic,org.apache.commons.lang3.math.NumberUtils,519,0,0.3,0.3,733,Qwen/Qwen3-8B
Lang-1-0204,Lang,1,204,AOR,arithmetic,org.apache.commons.lang3.math.NumberUtils,519,1,0.15,0.15,817,Qwen/Qwen3-8B
Lang-1-0205,Lang,1,205,AOR,arithmetic,org.apache.commons.lang3.math.NumberUtils,519,1,0.35,0.35,824,Qwen/Qwen3-8B
Lang-1-0206,Lang,1,206,AOR,arithmetic,org.apache.commons.lang3.math.NumberUtils,519,1,0.3,0.3,740,Qwen/Qwen3-8B
Lang-1-0207,Lang,1,207,ROR,relational,org.apache.commons.lang3.math.NumberUtils,519,0,0.35,0.35,827,Qwen/Qwen3-8B
Lang-1-0208,Lang,1,208,ROR,relational,org.apache.commons.lang3.math.NumberUtils,519,1,0.3,0.3,741,Qwen/Qwen3-8B
Lang-1-0209,Lang,1,209,ROR,relational,org.apache.commons.lang3.math.NumberUtils,519,0,0.3,0.3,744,Qwen/Qwen3-8B
Lang-1-0210,Lang,1,210,COR,logical,org.apache.commons.lang3.math.NumberUtils,519,0,0.35,0.35,822,Qwen/Qwen3-8B
Lang-1-0211,Lang,1,211,COR,logical,org.apache.commons.lang3.math.NumberUtils,519,0,0.75,0.75,816,Qwen/Qwen3-8B
Lang-1-0212,Lang,1,212,COR,logical,org.apache.commons.lang3.math.NumberUtils,519,1,0.3,0.3,741,Qwen/Qwen3-8B
Lang-1-0213,Lang,1,213,COR,logical,org.apache.commons.lang3.math.NumberUtils,519,1,0.3,0.3,739,Qwen/Qwen3-8B
Lang-1-0214,Lang,1,214,LVR,arithmetic,org.apache.commons.lang3.math.NumberUtils,520,0,0.75,0.75,833,Qwen/Qwen3-8B
Lang-1-0215,Lang,1,215,LVR,arithmetic,org.apache.commons.lang3.math.NumberUtils,520,0,0.35,0.35,830,Qwen/Qwen3-8B
Lang-1-0216,Lang,1,216,AOR,arithmetic,org.apache.commons.lang3.math.NumberUtils,520,0,0.3,0.3,750,Qwen/Qwen3-8B
Lang-1-0217,Lang,1,217,AOR,arithmetic,org.apache.commons.lang3.math.NumberUtils,520,0,0.75,0.75,835,Qwen/Qwen3-8B
Lang-1-0218,Lang,1,218,AOR,arithmetic,org.apache.commons.lang3.math.NumberUtils,520,0,0.75,0.75,828,Qwen/Qwen3-8B
Lang-1-0219,Lang,1,219,AOR,arithmetic,org.apache.commons.lang3.math.NumberUtils,520,0,0.35,0.35,829,Qwen/Qwen3-8B
Lang-1-0220,Lang,1,220,LVR,arithmetic,org.apache.commons.lang3.math.NumberUtils,520,0,0.75,0.75,832,Qwen/Qwen3-8B
Lang-1-0221,Lang,1,221,LVR,arithmetic,org.apache.commons.lang3.math.NumberUtils,520,1,0.35,0.35,849,Qwen/Qwen3-8B
Lang-1-0222,Lang,1,222,AOR,arithmetic,org.apache.commons.lang3.math.NumberUtils,520,1,0.3,0.3,749,Qwen/Qwen3-8B
Lang-1-0223,Lang,1,223,AOR,arithmetic,org.apache.commons.lang3.math.NumberUtils,520,0,0.35,0.35,831,Qwen/Qwen3-8B
Lang-1-0224,Lang,1,224,AOR,arithmetic,org.apache.commons.lang3.math.NumberUtils,520,1,0.75,0.75,836,Qwen/Qwen3-8B
Lang-1-0225,Lang,1,225,AOR,arithmetic,org.apache.commons.lang3.math.NumberUtils,520,0,0.35,0.35,828,Qwen/Qwen3-8B
Lang-1-0226,Lang,1,226,LVR,arithmetic,org.apache.commons.lang3.math.NumberUtils,525,1,0.75,0.75,824,Qwen/Qwen3-8B
Lang-1-0227,Lang,1,227,LVR,arithmetic,org.apache.commons.lang3.math.NumberUtils,525,1,0.75,0.75,827,Qwen/Qwen3-8B
Lang-1-0228,Lang,1,228,LVR,arithmetic,org.apache.commons.lang3.math.NumberUtils,525,1,0.75,0.75,827,Qwen/Qwen3-8B
Lang-1-0229,Lang,1,229,LVR,arithmetic,org.apache.commons.lang3.math.NumberUtils,525,1,0.75,0.75,833,Qwen/Qwen3-8B
Lang-1-0230,Lang,1,230,AOR,arithmetic,org.apache.commons.lang3.math.NumberUtils,525,1,0.35,0.35,831,Qwen/Qwen3-8B
Lang-1-0231,Lang,1,231,AOR,arithmetic,org.apache.commons.lang3.math.NumberUtils,525,1,0.35,0.35,832,Qwen/Qwen3-8B
Lang-1-0232,Lang,1,232,AOR,arithmetic,org.apache.commons.lang3.math.NumberUtils,525,1,0.75,0.75,828,Qwen/Qwen3-8B
Lang-1-0233,Lang,1,233,AOR,arithmetic,org.apache.commons.lang3.math.NumberUtils,525,1,0.3,0.3,753,Qwen/Qwen3-8B
Lang-1-0234,Lang,1,234,COR,logical,org.apache.commons.lang3.math.NumberUtils,526,1,0.3,0.3,761,Qwen/Qwen3-8B
Lang-1-0235,Lang,1,235,COR,logical,org.apache.commons.lang3.math.NumberUtils,526,0,0.75,0.75,844,Qwen/Qwen3-8B
Lang-1-0236,Lang,1,236,COR,logical,org.apache.commons.lang3.math.NumberUtils,526,0,0.3,0.3,761,Qwen/Qwen3-8B
Lang-1-0237,Lang,1,237,COR,logical,org.apache.commons.lang3.math.NumberUtils,526,0,0.3,0.3,759,Qwen/Qwen3-8B
Lang-1-0238,Lang,1,238,ROR,relational,org.apache.commons.lang3.math.NumberUtils,530,1,0.75,0.75,852,Qwen/Qwen3-8B
Lang-1-0239,Lang,1,239,ROR,relational,org.apache.commons.lang3.math.NumberUtils,531,1,0.75,0.75,844,Qwen/Qwen3-8B
Lang-1-0240,Lang,1,240,COR,logical,org.apache.commons.lang3.math.NumberUtils,530,0,0.75,0.75,838,Qwen/Qwen3-8B
Lang-1-0241,Lang,1,241,COR,logical,org.apache.commons.lang3.math.NumberUtils,531,1,0.75,0.75,840,Qwen/Qwen3-8B
Lang-1-0242,Lang,1,242,COR,logical,org.apache.commons.lang3.math.NumberUtils,530,0,0.75,0.75,838,Qwen/Qwen3-8B
Lang-1-0243,Lang,1,243,COR,logical,org.apache.commons.lang3.math.NumberUtils,531,0,0.75,0.75,842,Qwen/Qwen3-8B
Lang-1-0244,Lang,1,244,LVR,arithmetic,org.apache.commons.lang3.math.NumberUtils,532,1,0.75,0.75,822,Qwen/Qwen3-8B
Lang-1-0245,Lang,1,245,LVR,arithmetic,org.apache.commons.lang3.math.NumberUtils,532,1,0.75,0.75,837,Qwen/Qwen3-8B
Lang-1-0246,Lang,1,246,ROR,relational,org.apache.commons.lang3.math.NumberUtils,532,0,0.75,0.75,820,Qwen/Qwen3-8B
Lang-1-0247,Lang,1,247,ROR,relational,org.apache.commons.lang3.math.NumberUtils,532,0,0.75,0.75,822,Qwen/Qwen3-8B
Lang-1-0248,Lang,1,248,ROR,relational,org.apache.commons.lang3.math.NumberUtils,532,1,0.75,0.75,824,Qwen/Qwen3-8B
Lang-1-0249,Lang,1,249,LVR,arithmetic,org.apache.commons.lang3.math.NumberUtils,532,1,0.75,0.75,820,Qwen/Qwen3-8B
Lang-1-0250,Lang,1,250,LVR,arithmetic,org.apache.commons.lang3.math.NumberUtils,532,1,0.75,0.75,820,Qwen/Qwen3-8B
Lang-1-0251,Lang,1,251,COR,logical,org.apache.commons.lang3.math.NumberUtils,532,0,0.75,0.75,825,Qwen/Qwen3-8B
Lang-1-0252,Lang,1,252,COR,logical,org.apache.commons.lang3.math.NumberUtils,532,1,0.75,0.75,826,Qwen/Qwen3-8B
Lang-1-0253,Lang,1,253,COR,logical,org.apache.commons.lang3.math.NumberUtils,532,0,0.75,0.75,829,Qwen/Qwen3-8B
Lang-1-0254,Lang,1,254,COR,logical,org.apache.commons.lang3.math.NumberUtils,532,0,0.75,0.75,833,Qwen/Qwen3-8B
Lang-1-0255,Lang,1,255,COR,logical,org.apache.commons.lang3.math.NumberUtils,532,0,0.75,0.75,826,Qwen/Qwen3-8B
Lang-1-0256,Lang,1,256,COR,logical,org.apache.commons.lang3.math.NumberUtils,532,1,0.75,0.75,829,Qwen/Qwen3-8B
Lang-1-0257,Lang,1,257,COR,logical,org.apache.commons.lang3.math.NumberUtils,532,1,0.75,0.75,824,Qwen/Qwen3-8B
Lang-1-0258,Lang,1,258,COR,logical,org.apache.commons.lang3.math.NumberUtils,532,0,0.75,0.75,829,Qwen/Qwen3-8B
Lang-1-0259,Lang,1,259,COR,logical,org.apache.commons.lang3.math.NumberUtils,530,0,0.75,0.75,829,Qwen/Qwen3-8B
Lang-1-0260,Lang,1,260,COR,logical,org.apache.commons.lang3.math.NumberUtils,532,1,0.75,0.75,828,Qwen/Qwen3-8B
Lang-1-0261,Lang,1,261,COR,logical,org.apache.commons.lang3.math.NumberUtils,530,0,0.75,0.75,834,Qwen/Qwen3-8B
Lang-1-0262,Lang,1,262,COR,logical,org.apache.commons.lang3.math.NumberUtils,532,0,0.75,0.75,823,Qwen/Qwen3-8B
Lang-1-0263,Lang,1,263,LVR,arithmetic,org.apache.commons.lang3.math.NumberUtils,546,1,0.75,0.75,823,Qwen/Qwen3-8B
Lang-1-0264,Lang,1,264,LVR,arithmetic,org.apache.commons.lang3.math.NumberUtils,546,1,0.75,0.75,822,Qwen/Qwen3-8B
Lang-1-0265,Lang,1,265,ROR,relational,org.apache.commons.lang3.math.NumberUtils,546,0,0.75,0.75,830,Qwen/Qwen3-8B
Lang-1-0266,Lang,1,266,ROR,relational,org.apache.commons.lang3.math.NumberUtils,546,1,0.75,0.75,828,Qwen/Qwen3-8B
Lang-1-0267,Lang,1,267,ROR,relational,org.apache.commons.lang3.math.NumberUtils,546,1,0.75,0.75,833,Qwen/Qwen3-8B
Lang-1-0268,Lang,1,268,COR,logical,org.apache.commons.lang3.math.NumberUtils,546,0,0.75,0.75,832,Qwen/Qwen3-8B
Lang-1-0269,Lang,1,269,COR,logical,org.apache.commons.lang3.math.NumberUtils,546,1,0.75,0.75,827,Qwen/Qwen3-8B
Lang-1-0270,Lang,1,270,COR,logical,org.apache.commons.lang3.math.NumberUtils,546,0,0.75,0.75,827,Qwen/Qwen3-8B
Lang-1-0271,Lang,1,271,COR,logical,org.apache.commons.lang3.math.NumberUtils,546,1,0.75,0.75,832,Qwen/Qwen3-8B
Lang-1-0272,Lang,1,272,COR,logical,org.apache.commons.lang3.math.NumberUtils,546,0,0.35,0.35,830,Qwen/Qwen3-8B
Lang-1-0273,Lang,1,273,COR,logical,org.apache.commons.lang3.math.NumberUtils,546,1,0.75,0.75,837,Qwen/Qwen3-8B
Lang-1-0274,Lang,1,274,COR,logical,org.apache.commons.lang3.math.NumberUtils,546,0,0.75,0.75,830,Qwen/Qwen3-8B
Lang-1-0275,Lang,1,275,COR,logical,org.apache.commons.lang3.math.NumberUtils,546,1,0.75,0.75,825,Qwen/Qwen3-8B
Lang-1-0276,Lang,1,276,LVR,arithmetic,org.apache.commons.lang3.math.NumberUtils,560,1,0.75,0.75,797,Qwen/Qwen3-8B
Lang-1-0277,Lang,1,277,LVR,arithmetic,org.apache.commons.lang3.math.NumberUtils,560,1,0.75,0.75,793,Qwen/Qwen3-8B
Lang-1-0278,Lang,1,278,ROR,relational,org.apache.commons.lang3.math.NumberUtils,560,0,0.75,0.75,797,Qwen/Qwen3-8B
Lang-1-0279,Lang,1,279,ROR,relational,org.apache.commons.lang3.math.NumberUtils,560,1,0.75,0.75,794,Qwen/Qwen3-8B
Lang-1-0280,Lang,1,280,ROR,relational,org.apache.commons.lang3.math.NumberUtils,560,1,0.75,0.75,807,Qwen/Qwen3-8B
Lang-1-0281,Lang,1,281,COR,logical,org.apache.commons.lang3.math.NumberUtils,560,0,0.75,0.75,819,Qwen/Qwen3-8B
Lang-1-0282,Lang,1,282,COR,logical,org.apache.commons.lang3.math.NumberUtils,560,1,0.75,0.75,813,Qwen/Qwen3-8B
Lang-1-0283,Lang,1,283,COR,logical,org.apache.commons.lang3.math.NumberUtils,560,0,0.75,0.75,806,Qwen/Qwen3-8B
Lang-1-0284,Lang,1,284,COR,logical,org.apache.commons.lang3.math.NumberUtils,560,1,0.75,0.75,808,Qwen/Qwen3-8B
Lang-1-0285,Lang,1,285,COR,logical,org.apache.commons.lang3.math.NumberUtils,560,0,0.75,0.75,808,Qwen/Qwen3-8B
Lang-1-0286,Lang,1,286,COR,logical,org.apache.commons.lang3.math.NumberUtils,560,1,0.75,0.75,807,Qwen/Qwen3-8B
Lang-1-0287,Lang,1,287,COR,logical,org.apache.commons.lang3.math.NumberUtils,560,0,0.75,0.75,807,Qwen/Qwen3-8B
Lang-1-0288,Lang,1,288,COR,logical,org.apache.commons.lang3.math.NumberUtils,560,1,0.75,0.75,806,Qwen/Qwen3-8B
Lang-1-0289,Lang,1,289,LVR,arithmetic,org.apache.commons.lang3.math.NumberUtils,579,0,0.75,0.75,814,Qwen/Qwen3-8B
Lang-1-0290,Lang,1,290,LVR,arithmetic,org.apache.commons.lang3.math.NumberUtils,579,0,0.3,0.3,740,Qwen/Qwen3-8B
Lang-1-0291,Lang,1,291,ROR,relational,org.apache.commons.lang3.math.NumberUtils,579,0,0.75,0.75,823,Qwen/Qwen3-8B
Lang-1-0292,Lang,1,292,ROR,relational,org.apache.commons.lang3.math.NumberUtils,579,1,0.75,0.75,838,Qwen/Qwen3-8B
Lang-1-0293,Lang,1,293,ROR,relational,org.apache.commons.lang3.math.NumberUtils,579,1,0.75,0.75,825,Qwen/Qwen3-8B
Lang-1-0294,Lang,1,294,LVR,arithmetic,org.apache.commons.lang3.math.NumberUtils,579,0,0.75,0.75,841,Qwen/Qwen3-8B
Lang-1-0295,Lang,1,295,LVR,arithmetic,org.apache.commons.lang3.math.NumberUtils,579,0,0.25,0.25,818,Qwen/Qwen3-8B
Lang-1-0296,Lang,1,296,AOR,arithmetic,org.apache.commons.lang3.math.NumberUtils,579,1,0.75,0.75,829,Qwen/Qwen3-8B
Lang-1-0297,Lang,1,297,AOR,arithmetic,org.apache.commons.lang3.math.NumberUtils,579,0,0.75,0.75,825,Qwen/Qwen3-8B
Lang-1-0298,Lang,1,298,AOR,arithmetic,org.apache.commons.lang3.math.NumberUtils,579,0,0.75,0.75,825,Qwen/Qwen3-8B
Lang-1-0299,Lang,1,299,AOR,arithmetic,org.apache.commons.lang3.math.NumberUtils,579,0,0.75,0.75,819,Qwen/Qwen3-8B
Lang-1-0300,Lang,1,300,ROR,relational,org.apache.commons.lang3.math.NumberUtils,579,0,0.75,0.75,819,Qwen/Qwen3-8B
Lang-1-0301,Lang,1,301,ROR,relational,org.apache.commons.lang3.math.NumberUtils,579,0,0.75,0.75,821,Qwen/Qwen3-8B
Lang-1-0302,Lang,1,302,ROR,relational,org.apache.commons.lang3.math.NumberUtils,579,1,0.15,0.15,827,Qwen/Qwen3-8B
Lang-1-0303,Lang,1,303,COR,logical,org.apache.commons.lang3.math.NumberUtils,579,0,0.3,0.3,743,Qwen/Qwen3-8B
Lang-1-0304,Lang,1,304,COR,logical,org.apache.commons.lang3.math.NumberUtils,579,1,0.75,0.75,818,Qwen/Qwen3-8B
Lang-1-0305,Lang,1,305,COR,logical,org.apache.commons.lang3.math.NumberUtils,579,0,0.3,0.3,753,Qwen/Qwen3-8B
Lang-1-0306,Lang,1,306,COR,logical,org.apache.commons.lang3.math.NumberUtils,579,1,0.3,0.3,749,Qwen/Qwen3-8B
Lang-1-0307,Lang,1,307,LVR,arithmetic,org.apache.commons.lang3.math.NumberUtils,580,0,0.75,0.75,812,Qwen/Qwen3-8B
Lang-1-0308,Lang,1,308,LVR,arithmetic,org.apache.commons.lang3.math.NumberUtils,580,0,0.3,0.3,730,Qwen/Qwen3-8B
Lang-1-0309,Lang,1,309,AOR,arithmetic,org.apache.commons.lang3.math.NumberUtils,580,0,0.75,0.75,818,Qwen/Qwen3-8B
Lang-1-0310,Lang,1,310,AOR,arithmetic,org.apache.commons.lang3.math.NumberUtils,580,0,0.75,0.75,818,Qwen/Qwen3-8B
Lang-1-0311,Lang,1,311,AOR,arithmetic,org.apache.commons.lang3.math.NumberUtils,580,0,0.75,0.75,813,Qwen/Qwen3-8B
Lang-1-0312,Lang,1,312,AOR,arithmetic,org.apache.commons.lang3.math.NumberUtils,580,0,0.75,0.75,818,Qwen/Qwen3-8B
Lang-1-0313,Lang,1,313,ROR,relational,org.apache.commons.lang3.math.NumberUtils,584,1,0.75,0.75,829,Qwen/Qwen3-8B
Lang-1-0314,Lang,1,314,ROR,relational,org.apache.commons.lang3.math.NumberUtils,584,1,0.75,0.75,833,Qwen/Qwen3-8B
Lang-1-0315,Lang,1,315,COR,logical,org.apache.commons.lang3.math.NumberUtils,584,1,0.75,0.75,826,Qwen/Qwen3-8B
Lang-1-0316,Lang,1,316,COR,logical,org.apache.commons.lang3.math.NumberUtils,584,1,0.75,0.75,826,Qwen/Qwen3-8B
Lang-1-0317,Lang,1,317,COR,logical,org.apache.commons.lang3.math.NumberUtils,584,1,0.75,0.75,823,Qwen/Qwen3-8B
Lang-1-0318,Lang,1,318,COR,logical,org.apache.commons.lang3.math.NumberUtils,584,1,0.75,0.75,824,Qwen/Qwen3-8B
Lang-1-0319,Lang,1,319,COR,logical,org.apache.commons.lang3.math.NumberUtils,600,1,0.3,0.3,745,Qwen/Qwen3-8B
Lang-1-0320,Lang,1,320,COR,logical,org.apache.commons.lang3.math.NumberUtils,600,0,0.75,0.75,832,Qwen/Qwen3-8B
Lang-1-0321,Lang,1,321,COR,logical,org.apache.commons.lang3.math.NumberUtils,600,0,0.3,0.3,752,Qwen/Qwen3-8B
Lang-1-0322,Lang,1,322,COR,logical,org.apache.commons.lang3.math.NumberUtils,600,0,0.3,0.3,760,Qwen/Qwen3-8B
Lang-1-0323,Lang,1,323,LVR,arithmetic,org.apache.commons.lang3.math.NumberUtils,602,1,0.75,0.75,829,Qwen/Qwen3-8B
Lang-1-0324,Lang,1,324,LVR,arithmetic,org.apache.commons.lang3.math.NumberUtils,602,1,0.25,0.25,822,Qwen/Qwen3-8B
Lang-1-0325,Lang,1,325,ROR,relational,org.apache.commons.lang3.math.NumberUtils,602,1,0.75,0.75,833,Qwen/Qwen3-8B
Lang-1-0326,Lang,1,326,ROR,relational,org.apache.commons.lang3.math.NumberUtils,602,1,0.75,0.75,839,Qwen/Qwen3-8B
Lang-1-0327,Lang,1,327,ROR,relational,org.apache.commons.lang3.math.NumberUtils,602,1,0.75,0.75,834,Qwen/Qwen3-8B
Lang-1-0328,Lang,1,328,LVR,arithmetic,org.apache.commons.lang3.math.NumberUtils,604,1,0.75,0.75,820,Qwen/Qwen3-8B
Lang-1-0329,Lang,1,329,LVR,arithmetic,org.apache.commons.lang3.math.NumberUtils,604,1,0.75,0.75,829,Qwen/Qwen3-8B
Lang-1-0330,Lang,1,330,ROR,relational,org.apache.commons.lang3.math.NumberUtils,604,1,0.75,0.75,833,Qwen/Qwen3-8B
Lang-1-0331,Lang,1,331,ROR,relational,org.apache.commons.lang3.math.NumberUtils,604,1,0.75,0.75,859,Qwen/Qwen3-8B
Lang-1-0332,Lang,1,332,ROR,relational,org.apache.commons.lang3.math.NumberUtils,604,1,0.75,0.75,831,Qwen/Qwen3-8B
Lang-1-0333,Lang,1,333,COR,logical,org.apache.commons.lang3.math.NumberUtils,604,0,0.75,0.75,841,Qwen/Qwen3-8B
Lang-1-0334,Lang,1,334,COR,logical,org.apache.commons.lang3.math.NumberUtils,604,1,0.75,0.75,837,Qwen/Qwen3-8B
Lang-1-0335,Lang,1,335,COR,logical,org.apache.commons.lang3.math.NumberUtils,604,0,0.75,0.75,847,Qwen/Qwen3-8B
Lang-1-0336,Lang,1,336,COR,logical,org.apache.commons.lang3.math.NumberUtils,604,1,0.75,0.75,834,Qwen/Qwen3-8B
Lang-1-0337,Lang,1,337,COR,logical,org.apache.commons.lang3.math.NumberUtils,604,0,0.75,0.75,832,Qwen/Qwen3-8B
Lang-1-0338,Lang,1,338,COR,logical,org.apache.commons.lang3.math.NumberUtils,604,1,0.75,0.75,833,Qwen/Qwen3-8B
Lang-1-0339,Lang,1,339,COR,logical,org.apache.commons.lang3.math.NumberUtils,604,1,0.75,0.75,837,Qwen/Qwen3-8B
Lang-1-0340,Lang,1,340,COR,logical,org.apache.commons.lang3.math.NumberUtils,604,1,0.75,0.75,839,Qwen/Qwen3-8B
Lang-1-0341,Lang,1,341,LVR,arithmetic,org.apache.commons.lang3.math.NumberUtils,612,1,0.3,0.3,742,Qwen/Qwen3-8B
Lang-1-0342,Lang,1,342,LVR,arithmetic,org.apache.commons.lang3.math.NumberUtils,612,1,0.25,0.25,821,Qwen/Qwen3-8B
Lang-1-0343,Lang,1,343,ROR,relational,org.apache.commons.lang3.math.NumberUtils,612,1,0.75,0.75,836,Qwen/Qwen3-8B
Lang-1-0344,Lang,1,344,ROR,relational,org.apache.commons.lang3.math.NumberUtils,612,1,0.75,0.75,824,Qwen/Qwen3-8B
Lang-1-0345,Lang,1,345,ROR,relational,org.apache.commons.lang3.math.NumberUtils,612,1,0.75,0.75,821,Qwen/Qwen3-8B
Lang-1-0346,Lang,1,346,LVR,arithmetic,org.apache.commons.lang3.math.NumberUtils,614,0,0.3,0.3,737,Qwen/Qwen3-8B
Lang-1-0347,Lang,1,347,LVR,arithmetic,org.apache.commons.lang3.math.NumberUtils,614,0,0.15,0.15,823,Qwen/Qwen3-8B
Lang-1-0348,Lang,1,348,ROR,relational,org.apache.commons.lang3.math.NumberUtils,614,1,0.3,0.3,747,Qwen/Qwen3-8B
Lang-1-0349,Lang,1,349,ROR,relational,org.apache.commons.lang3.math.NumberUtils,614,1,0.3,0.3,746,Qwen/Qwen3-8B
Lang-1-0350,Lang,1,350,ROR,relational,org.apache.commons.lang3.math.NumberUtils,614,0,0.15,0.15,824,Qwen/Qwen3-8B
Lang-1-0351,Lang,1,351,COR,logical,org.apache.commons.lang3.math.NumberUtils,614,0,0.3,0.3,745,Qwen/Qwen3-8B
Lang-1-0352,Lang,1,352,COR,logical,org.apache.commons.lang3.math.NumberUtils,614,0,0.75,0.75,825,Qwen/Qwen3-8B
Lang-1-0353,Lang,1,353,COR,logical,org.apache.commons.lang3.math.NumberUtils,614,0,0.3,0.3,748,Qwen/Qwen3-8B
Lang-1-0354,Lang,1,354,COR,logical,org.apache.commons.lang3.math.NumberUtils,614,1,0.3,0.3,754,Qwen/Qwen3-8B
Lang-1-0355,Lang,1,355,COR,logical,org.apache.commons.lang3.math.NumberUtils,614,0,0.15,0.15,829,Qwen/Qwen3-8B
Lang-1-0356,Lang,1,356,COR,logical,org.apache.commons.lang3.math.NumberUtils,614,0,0.3,0.3,747,Qwen/Qwen3-8B
Lang-1-0357,Lang,1,357,COR,logical,org.apache.commons.lang3.math.NumberUtils,614,1,0.3,0.3,747,Qwen/Qwen3-8B
Lang-1-0358,Lang,1,358,COR,logical,org.apache.commons.lang3.math.NumberUtils,614,1,0.75,0.75,822,Qwen/Qwen3-8B
Lang-1-0359,Lang,1,359,ROR,relational,org.apache.commons.lang3.math.NumberUtils,634,0,0.95,0.95,825,Qwen/Qwen3-8B
Lang-1-0360,Lang,1,360,LVR,arithmetic,org.apache.commons.lang3.math.NumberUtils,635,0,0.95,0.95,792,Qwen/Qwen3-8B
Lang-1-0361,Lang,1,361,LVR,arithmetic,org.apache.commons.lang3.math.NumberUtils,637,1,0.75,0.75,785,Qwen/Qwen3-8B
Lang-1-0362,Lang,1,362,LVR,arithmetic,org.apache.commons.lang3.math.NumberUtils,637,1,0.75,0.75,793,Qwen/Qwen3-8B
Lang-1-0363,Lang,1,363,AOR,arithmetic,org.apache.commons.lang3.math.NumberUtils,637,1,0.3,0.3,717,Qwen/Qwen3-8B
Lang-1-0364,Lang,1,364,AOR,arithmetic,org.apache.commons.lang3.math.NumberUtils,637,1,0.75,0.75,799,Qwen/Qwen3-8B
Lang-1-0365,Lang,1,365,AOR,arithmetic,org.apache.commons.lang3.math.NumberUtils,637,1,0.75,0.75,805,Qwen/Qwen3-8B
Lang-1-0366,Lang,1,366,AOR,arithmetic,org.apache.commons.lang3.math.NumberUtils,637,1,0.15,0.15,800,Qwen/Qwen3-8B
Lang-1-0367,Lang,1,367,LVR,arithmetic,org.apache.commons.lang3.math.NumberUtils,637,0,0.75,0.75,797,Qwen/Qwen3-8B
Lang-1-0368,Lang,1,368,LVR,arithmetic,org.apache.commons.lang3.math.NumberUtils,637,1,0.75,0.75,802,Qwen/Qwen3-8B
Lang-1-0369,Lang,1,369,ROR,relational,org.apache.commons.lang3.math.NumberUtils,637,1,0.75,0.75,801,Qwen/Qwen3-8B
Lang-1-0370,Lang,1,370,ROR,relational,org.apache.commons.lang3.math.NumberUtils,637,0,0.75,0.75,806,Qwen/Qwen3-8B
Lang-1-0371,Lang,1,371,ROR,relational,org.apache.commons.lang3.math.NumberUtils,637,1,0.7,0.7,712,Qwen/Qwen3-8B
Lang-1-0372,Lang,1,372,ROR,relational,org.apache.commons.lang3.math.NumberUtils,638,0,0.75,0.75,788,Qwen/Qwen3-8B
Lang-1-0373,Lang,1,373,ROR,relational,org.apache.commons.lang3.math.NumberUtils,638,0,0.75,0.75,778,Qwen/Qwen3-8B
Lang-1-0374,Lang,1,374,ROR,relational,org.apache.commons.lang3.math.NumberUtils,638,0,0.75,0.75,778,Qwen/Qwen3-8B
Lang-1-0375,Lang,1,375,LVR,arithmetic,org.apache.commons.lang3.math.NumberUtils,639,1,0.75,0.75,787,Qwen/Qwen3-8B
Lang-1-0376,Lang,1,376,LVR,arithmetic,org.apache.commons.lang3.math.NumberUtils,642,0,0.75,0.75,793,Qwen/Qwen3-8B
Lang-1-0377,Lang,1,377,LVR,arithmetic,org.apache.commons.lang3.math.NumberUtils,642,0,0.75,0.75,789,Qwen/Qwen3-8B
Lang-1-0378,Lang,1,378,ROR,relational,org.apache.commons.lang3.math.NumberUtils,642,0,0.75,0.75,796,Qwen/Qwen3-8B
Lang-1-0379,Lang,1,379,ROR,relational,org.apache.commons.lang3.math.NumberUtils,642,0,0.75,0.75,785,Qwen/Qwen3-8B
Lang-1-0380,Lang,1,380,ROR,relational,org.apache.commons.lang3.math.NumberUtils,656,1,0.95,0.95,834,Qwen/Qwen3-8B
Lang-1-0381,Lang,1,381,ROR,relational,org.apache.commons.lang3.math.NumberUtils,672,1,0.95,0.95,834,Qwen/Qwen3-8B
Lang-1-0382,Lang,1,382,ROR,relational,org.apache.commons.lang3.math.NumberUtils,689,1,0.95,0.95,825,Qwen/Qwen3-8B
Lang-1-0383,Lang,1,383,ROR,relational,org.apache.commons.lang3.math.NumberUtils,707,1,0.95,0.95,814,Qwen/Qwen3-8B
Lang-1-0384,Lang,1,384,ROR,relational,org.apache.commons.lang3.math.NumberUtils,724,1,0.95,0.95,829,Qwen/Qwen3-8B
Lang-1-0385,Lang,1,385,LVR,arithmetic,org.apache.commons.lang3.math.NumberUtils,727,1,0.75,0.75,786,Qwen/Qwen3-8B
Lang-1-0386,Lang,1,386,LVR,arithmetic,org.apache.commons.lang3.math.NumberUtils,727,1,0.75,0.75,791,Qwen/Qwen3-8B
Lang-1-0387,Lang,1,387,LVR,arithmetic,org.apache.commons.lang3.math.NumberUtils,728,1,0.75,0.75,807,Qwen/Qwen3-8B
Lang-1-0388,Lang,1,388,LVR,arithmetic,org.apache.commons.lang3.math.NumberUtils,728,1,0.75,0.75,796,Qwen/Qwen3-8B
Lang-1-0389,Lang,1,389,LVR,arithmetic,org.apache.commons.lang3.math.NumberUtils,729,1,0.75,0.75,839,Qwen/Qwen3-8B
Lang-1-0390,Lang,1,390,COR,logical,org.apache.commons.lang3.math.NumberUtils,730,1,0.75,0.75,811,Qwen/Qwen3-8B
Lang-1-0391,Lang,1,391,COR,logical,org.apache.commons.lang3.math.NumberUtils,730,1,0.75,0.75,800,Qwen/Qwen3-8B
Lang-1-0392,Lang,1,392,LVR,arithmetic,org.apache.commons.lang3.math.NumberUtils,731,1,0.75,0.75,817,Qwen/Qwen3-8B
Lang-1-0393,Lang,1,393,STD,statement_deletion,org.apache.commons.lang3.math.NumberUtils,731,1,0.15,0.15,831,Qwen/Qwen3-8B
Lang-1-0394,Lang,1,394,LVR,arithmetic,org.apache.commons.lang3.math.NumberUtils,732,1,0.75,0.75,823,Qwen/Qwen3-8B
Lang-1-0395,Lang,1,395,LVR,arithmetic,org.apache.commons.lang3.math.NumberUtils,732,1,0.75,0.75,817,Qwen/Qwen3-8B
Lang-1-0396,Lang,1,396,STD,statement_deletion,org.apache.commons.lang3.math.NumberUtils,732,1,0.15,0.15,820,Qwen/Qwen3-8B
Lang-1-0397,Lang,1,397,COR,logical,org.apache.commons.lang3.math.NumberUtils,734,1,0.35,0.35,851,Qwen/Qwen3-8B
Lang-1-0398,Lang,1,398,COR,logical,org.apache.commons.lang3.math.NumberUtils,734,0,0.75,0.75,844,Qwen/Qwen3-8B
Lang-1-0399,Lang,1,399,COR,logical,org.apache.commons.lang3.math.NumberUtils,734,0,0.75,0.75,834,Qwen/Qwen3-8B
Lang-1-0400,Lang,1,400,COR,logical,org.apache.commons.lang3.math.NumberUtils,734,1,0.75,0.75,838,Qwen/Qwen3-8B
Lang-1-0401,Lang,1,401,LVR,arithmetic,org.apache.commons.lang3.math.NumberUtils,735,1,0.75,0.75,837,Qwen/Qwen3-8B
Lang-1-0402,Lang,1,402,LVR,arithmetic,org.apache.commons.lang3.math.NumberUtils,735,1,0.75,0.75,833,Qwen/Qwen3-8B
Lang-1-0403,Lang,1,403,STD,statement_deletion,org.apache.commons.lang3.math.NumberUtils,735,1,0.15,0.15,844,Qwen/Qwen3-8B
Lang-1-0404,Lang,1,404,LVR,arithmetic,org.apache.commons.lang3.math.NumberUtils,736,1,0.75,0.75,831,Qwen/Qwen3-8B
Lang-1-0405,Lang,1,405,LVR,arithmetic,org.apache.commons.lang3.math.NumberUtils,736,1,0.75,0.75,855,Qwen/Qwen3-8B
Lang-1-0406,Lang,1,406,STD,statement_deletion,org.apache.commons.lang3.math.NumberUtils,736,1,0.15,0.15,829,Qwen/Qwen3-8B
Lang-1-0407,Lang,1,407,COR,logical,org.apache.commons.lang3.math.NumberUtils,737,1,0.75,0.75,830,Qwen/Qwen3-8B
Lang-1-0408,Lang,1,408,COR,logical,org.apache.commons.lang3.math.NumberUtils,737,1,0.75,0.75,832,Qwen/Qwen3-8B
Lang-1-0409,Lang,1,409,LVR,arithmetic,org.apache.commons.lang3.math.NumberUtils,738,1,0.75,0.75,827,Qwen/Qwen3-8B
Lang-1-0410,Lang,1,410,LVR,arithmetic,org.apache.commons.lang3.math.NumberUtils,738,1,0.75,0.75,823,Qwen/Qwen3-8B
Lang-1-0411,Lang,1,411,STD,statement_deletion,org.apache.commons.lang3.math.NumberUtils,738,1,0.95,0.95,833,Qwen/Qwen3-8B
Lang-1-0412,Lang,1,412,STD,statement_deletion,org.apache.commons.lang3.math.NumberUtils,739,1,0.95,0.95,836,Qwen/Qwen3-8B
Lang-1-0413,Lang,1,413,LVR,arithmetic,org.apache.commons.lang3.math.NumberUtils,740,1,0.75,0.75,841,Qwen/Qwen3-8B
Lang-1-0414,Lang,1,414,LVR,arithmetic,org.apache.commons.lang3.math.NumberUtils,740,1,0.75,0.75,838,Qwen/Qwen3-8B
Lang-1-0415,Lang,1,415,AOR,arithmetic,org.apache.commons.lang3.math.NumberUtils,740,1,0.75,0.75,843,Qwen/Qwen3-8B
Lang-1-0416,Lang,1,416,AOR,arithmetic,org.apache.commons.lang3.math.NumberUtils,740,1,0.75,0.75,862,Qwen/Qwen3-8B
Lang-1-0417,Lang,1,417,AOR,arithmetic,org.apache.commons.lang3.math.NumberUtils,740,1,0.75,0.75,879,Qwen/Qwen3-8B
Lang-1-0418,Lang,1,418,AOR,arithmetic,org.apache.commons.lang3.math.NumberUtils,740,1,0.75,0.75,844,Qwen/Qwen3-8B
Lang-1-0419,Lang,1,419,ROR,relational,org.apache.commons.lang3.math.NumberUtils,740,0,0.75,0.75,838,Qwen/Qwen3-8B
Lang-1-0420,Lang,1,420,ROR,relational,org.apache.commons.lang3.math.NumberUtils,740,1,0.75,0.75,846,Qwen/Qwen3-8B
Lang-1-0421,Lang,1,421,ROR,relational,org.apache.commons.lang3.math.NumberUtils,740,1,0.75,0.75,851,Qwen/Qwen3-8B
Lang-1-0422,Lang,1,422,COR,logical,org.apache.commons.lang3.math.NumberUtils,740,1,0.75,0.75,847,Qwen/Qwen3-8B
Lang-1-0423,Lang,1,423,COR,logical,org.apache.commons.lang3.math.NumberUtils,740,1,0.95,0.95,846,Qwen/Qwen3-8B
Lang-1-0424,Lang,1,424,COR,logical,org.apache.commons.lang3.math.NumberUtils,740,1,0.75,0.75,842,Qwen/Qwen3-8B
Lang-1-0425,Lang,1,425,COR,logical,org.apache.commons.lang3.math.NumberUtils,740,1,0.95,0.95,846,Qwen/Qwen3-8B
Lang-1-0426,Lang,1,426,LVR,arithmetic,org.apache.commons.lang3.math.NumberUtils,741,1,0.75,0.75,828,Qwen/Qwen3-8B
Lang-1-0427,Lang,1,427,LVR,arithmetic,org.apache.commons.lang3.math.NumberUtils,741,1,0.75,0.75,819,Qwen/Qwen3-8B
Lang-1-0428,Lang,1,428,STD,statement_deletion,org.apache.commons.lang3.math.NumberUtils,741,1,0.15,0.15,827,Qwen/Qwen3-8B
Lang-1-0429,Lang,1,429,STD,statement_deletion,org.apache.commons.lang3.math.NumberUtils,742,0,0.15,0.15,840,Qwen/Qwen3-8B
Lang-1-0430,Lang,1,430,COR,logical,org.apache.commons.lang3.math.NumberUtils,746,1,0.75,0.75,827,Qwen/Qwen3-8B
Lang-1-0431,Lang,1,431,COR,logical,org.apache.commons.lang3.math.NumberUtils,746,1,0.75,0.75,832,Qwen/Qwen3-8B
Lang-1-0432,Lang,1,432,ROR,relational,org.apache.commons.lang3.math.NumberUtils,759,1,0.95,0.95,833,Qwen/Qwen3-8B
Lang-1-0433,Lang,1,433,COR,logical,org.apache.commons.lang3.math.NumberUtils,763,0,0.75,0.75,825,Qwen/Qwen3-8B
Lang-1-0434,Lang,1,434,COR,logical,org.apache.commons.lang3.math.NumberUtils,763,1,0.75,0.75,820,Qwen/Qwen3-8B
Lang-1-0435,Lang,1,435,COR,logical,org.apache.commons.lang3.math.NumberUtils,766,0,0.15,0.15,828,Qwen/Qwen3-8B
Lang-1-0436,Lang,1,436,COR,logical,org.apache.commons.lang3.math.NumberUtils,766,1,0.15,0.15,829,Qwen/Qwen3-8B
Lang-1-0437,Lang,1,437,STD,statement_deletion,org.apache.commons.lang3.math.NumberUtils,788,1,0.95,0.95,818,Qwen/Qwen3-8B
Lang-1-0438,Lang,1,438,LVR,arithmetic,org.apache.commons.lang3.math.NumberUtils,791,1,0.75,0.75,775,Qwen/Qwen3-8B
Lang-1-0439,Lang,1,439,LVR,arithmetic,org.apache.commons.lang3.math.NumberUtils,791,1,0.75,0.75,775,Qwen/Qwen3-8B
Lang-1-0440,Lang,1,440,LVR,arithmetic,org.apache.commons.lang3.math.NumberUtils,792,0,0.95,0.95,784,Qwen/Qwen3-8B
Lang-1-0441,Lang,1,441,LVR,arithmetic,org.apache.commons.lang3.math.NumberUtils,792,1,0.85,0.85,807,Qwen/Qwen3-8B
Lang-1-0442,Lang,1,442,ROR,relational,org.apache.commons.lang3.math.NumberUtils,792,0,0.95,0.95,786,Qwen/Qwen3-8B
Lang-1-0443,Lang,1,443,ROR,relational,org.apache.commons.lang3.math.NumberUtils,792,1,0.95,0.95,783,Qwen/Qwen3-8B
Lang-1-0444,Lang,1,444,ROR,relational,org.apache.commons.lang3.math.NumberUtils,792,1,0.95,0.95,787,Qwen/Qwen3-8B
Lang-1-0445,Lang,1,445,ROR,relational,org.apache.commons.lang3.math.NumberUtils,793,1,0.95,0.95,780,Qwen/Qwen3-8B
Lang-1-0446,Lang,1,446,ROR,relational,org.apache.commons.lang3.math.NumberUtils,793,0,0.95,0.95,773,Qwen/Qwen3-8B
Lang-1-0447,Lang,1,447,ROR,relational,org.apache.commons.lang3.math.NumberUtils,793,1,0.95,0.95,775,Qwen/Qwen3-8B
Lang-1-0448,Lang,1,448,STD,statement_deletion,org.apache.commons.lang3.math.NumberUtils,794,1,0.1,0.1,705,Qwen/Qwen3-8B
Lang-1-0449,Lang,1,449,STD,statement_deletion,org.apache.commons.lang3.math.NumberUtils,811,1,0.1,0.1,738,Qwen/Qwen3-8B
Lang-1-0450,Lang,1,450,LVR,arithmetic,org.apache.commons.lang3.math.NumberUtils,814,1,0.75,0.75,781,Qwen/Qwen3-8B
Lang-1-0451,Lang,1,451,LVR,arithmetic,org.apache.commons.lang3.math.NumberUtils,814,1,0.75,0.75,782,Qwen/Qwen3-8B
Lang-1-0452,Lang,1,452,LVR,arithmetic,org.apache.commons.lang3.math.NumberUtils,815,0,0.95,0.95,780,Qwen/Qwen3-8B
Lang-1-0453,Lang,1,453,LVR,arithmetic,org.apache.commons.lang3.math.NumberUtils,815,1,0.95,0.95,784,Qwen/Qwen3-8B
Lang-1-0454,Lang,1,454,ROR,relational,org.apache.commons.lang3.math.NumberUtils,815,0,0.95,0.95,815,Qwen/Qwen3-8B
Lang-1-0455,Lang,1,455,ROR,relational,org.apache.commons.lang3.math.NumberUtils,815,1,0.95,0.95,787,Qwen/Qwen3-8B
Lang-1-0456,Lang,1,456,ROR,relational,org.apache.commons.lang3.math.NumberUtils,815,1,0.95,0.95,782,Qwen/Qwen3-8B
Lang-1-0457,Lang,1,457,ROR,relational,org.apache.commons.lang3.math.NumberUtils,816,1,0.95,0.95,784,Qwen/Qwen3-8B
Lang-1-0458,Lang,1,458,ROR,relational,org.apache.commons.lang3.math.NumberUtils,816,0,0.95,0.95,781,Qwen/Qwen3-8B
Lang-1-0459,Lang,1,459,ROR,relational,org.apache.commons.lang3.math.NumberUtils,816,1,0.75,0.75,775,Qwen/Qwen3-8B
Lang-1-0460,Lang,1,460,STD,statement_deletion,org.apache.commons.lang3.math.NumberUtils,817,1,0.15,0.15,773,Qwen/Qwen3-8B
Lang-1-0461,Lang,1,461,STD,statement_deletion,org.apache.commons.lang3.math.NumberUtils,834,1,0.1,0.1,738,Qwen/Qwen3-8B
Lang-1-0462,Lang,1,462,LVR,arithmetic,org.apache.commons.lang3.math.NumberUtils,837,1,0.75,0.75,782,Qwen/Qwen3-8B
Lang-1-0463,Lang,1,463,LVR,arithmetic,org.apache.commons.lang3.math.NumberUtils,837,1,0.75,0.75,778,Qwen/Qwen3-8B
Lang-1-0464,Lang,1,464,LVR,arithmetic,org.apache.commons.lang3.math.NumberUtils,838,0,0.95,0.95,780,Qwen/Qwen3-8B
Lang-1-0465,Lang,1,465,LVR,arithmetic,org.apache.commons.lang3.math.NumberUtils,838,1,0.85,0.85,779,Qwen/Qwen3-8B
Lang-1-0466,Lang,1,466,ROR,relational,org.apache.commons.lang3.math.NumberUtils,838,0,0.95,0.95,783,Qwen/Qwen3-8B
Lang-1-0467,Lang,1,467,ROR,relational,org.apache.commons.lang3.math.NumberUtils,838,1,0.95,0.95,814,Qwen/Qwen3-8B
Lang-1-0468,Lang,1,468,ROR,relational,org.apache.commons.lang3.math.NumberUtils,838,1,0.95,0.95,783,Qwen/Qwen3-8B
Lang-1-0469,Lang,1,469,ROR,relational,org.apache.commons.lang3.math.NumberUtils,839,1,0.75,0.75,782,Qwen/Qwen3-8B
Lang-1-0470,Lang,1,470,ROR,relational,org.apache.commons.lang3.math.NumberUtils,839,0,0.75,0.75,784,Qwen/Qwen3-8B
Lang-1-0471,Lang,1,471,ROR,relational,org.apache.commons.lang3.math.NumberUtils,839,1,0.75,0.75,776,Qwen/Qwen3-8B
Lang-1-0472,Lang,1,472,STD,statement_deletion,org.apache.commons.lang3.math.NumberUtils,840,1,0.1,0.1,691,Qwen/Qwen3-8B
Lang-1-0473,Lang,1,473,STD,statement_deletion,org.apache.commons.lang3.math.NumberUtils,857,1,0.95,0.95,819,Qwen/Qwen3-8B
Lang-1-0474,Lang,1,474,LVR,arithmetic,org.apache.commons.lang3.math.NumberUtils,860,1,0.75,0.75,777,Qwen/Qwen3-8B
Lang-1-0475,Lang,1,475,LVR,arithmetic,org.apache.commons.lang3.math.NumberUtils,860,1,0.75,0.75,781,Qwen/Qwen3-8B
Lang-1-0476,Lang,1,476,LVR,arithmetic,org.apache.commons.lang3.math.NumberUtils,861,0,0.75,0.75,779,Qwen/Qwen3-8B
Lang-1-0477,Lang,1,477,LVR,arithmetic,org.apache.commons.lang3.math.NumberUtils,861,1,0.75,0.75,776,Qwen/Qwen3-8B
Lang-1-0478,Lang,1,478,ROR,relational,org.apache.commons.lang3.math.NumberUtils,861,0,0.95,0.95,788,Qwen/Qwen3-8B
Lang-1-0479,Lang,1,479,ROR,relational,org.apache.commons.lang3.math.NumberUtils,861,1,0.95,0.95,787,Qwen/Qwen3-8B
Lang-1-0480,Lang,1,480,ROR,relational,org.apache.commons.lang3.math.NumberUtils,861,1,0.95,0.95,784,Qwen/Qwen3-8B
Lang-1-0481,Lang,1,481,ROR,relational,org.apache.commons.lang3.math.NumberUtils,862,1,0.75,0.75,776,Qwen/Qwen3-8B
Lang-1-0482,Lang,1,482,ROR,relational,org.apache.commons.lang3.math.NumberUtils,862,0,0.75,0.75,774,Qwen/Qwen3-8B
Lang-1-0483,Lang,1,483,ROR,relational,org.apache.commons.lang3.math.NumberUtils,862,1,0.75,0.75,778,Qwen/Qwen3-8B
Lang-1-0484,Lang,1,484,STD,statement_deletion,org.apache.commons.lang3.math.NumberUtils,863,1,0.1,0.1,696,Qwen/Qwen3-8B
Lang-1-0485,Lang,1,485,STD,statement_deletion,org.apache.commons.lang3.math.NumberUtils,881,1,0.15,0.15,833,Qwen/Qwen3-8B
Lang-1-0486,Lang,1,486,LVR,arithmetic,org.apache.commons.lang3.math.NumberUtils,884,1,0.75,0.75,789,Qwen/Qwen3-8B
Lang-1-0487,Lang,1,487,LVR,arithmetic,org.apache.commons.lang3.math.NumberUtils,884,1,0.75,0.75,791,Qwen/Qwen3-8B
Lang-1-0488,Lang,1,488,LVR,arithmetic,org.apache.commons.lang3.math.NumberUtils,885,0,0.75,0.75,789,Qwen/Qwen3-8B
Lang-1-0489,Lang,1,489,LVR,arithmetic,org.apache.commons.lang3.math.NumberUtils,885,1,0.75,0.75,787,Qwen/Qwen3-8B
Lang-1-0490,Lang,1,490,ROR,relational,org.apache.commons.lang3.math.NumberUtils,885,0,0.95,0.95,798,Qwen/Qwen3-8B
Lang-1-0491,Lang,1,491,ROR,relational,org.apache.commons.lang3.math.NumberUtils,885,1,0.95,0.95,793,Qwen/Qwen3-8B
Lang-1-0492,Lang,1,492,ROR,relational,org.apache.commons.lang3.math.NumberUtils,885,1,0.75,0.75,810,Qwen/Qwen3-8B
Lang-1-0493,Lang,1,493,COR,logical,org.apache.commons.lang3.math.NumberUtils,886,1,0.75,0.75,822,Qwen/Qwen3-8B
Lang-1-0494,Lang,1,494,COR,logical,org.apache.commons.lang3.math.NumberUtils,886,1,0.75,0.75,781,Qwen/Qwen3-8B
Lang-1-0495,Lang,1,495,ROR,relational,org.apache.commons.lang3.math.NumberUtils,889,1,0.75,0.75,782,Qwen/Qwen3-8B
Lang-1-0496,Lang,1,496,ROR,relational,org.apache.commons.lang3.math.NumberUtils,889,0,0.75,0.75,783,Qwen/Qwen3-8B
Lang-1-0497,Lang,1,497,ROR,relational,org.apache.commons.lang3.math.NumberUtils,889,1,0.75,0.75,784,Qwen/Qwen3-8B
Lang-1-0498,Lang,1,498,STD,statement_deletion,org.apache.commons.lang3.math.NumberUtils,890,1,0.15,0.15,785,Qwen/Qwen3-8B
Lang-1-0499,Lang,1,499,STD,statement_deletion,org.apache.commons.lang3.math.NumberUtils,908,1,0.15,0.15,843,Qwen/Qwen3-8B
Lang-1-0500,Lang,1,500,LVR,arithmetic,org.apache.commons.lang3.math.NumberUtils,911,1,0.75,0.75,792,Qwen/Qwen3-8B
Lang-1-0501,Lang,1,501,LVR,arithmetic,org.apache.commons.lang3.math.NumberUtils,911,1,0.75,0.75,795,Qwen/Qwen3-8B
Lang-1-0502,Lang,1,502,LVR,arithmetic,org.apache.commons.lang3.math.NumberUtils,912,0,0.75,0.75,795,Qwen/Qwen3-8B
Lang-1-0503,Lang,1,503,LVR,arithmetic,org.apache.commons.lang3.math.NumberUtils,912,1,0.75,0.75,782,Qwen/Qwen3-8B
Lang-1-0504,Lang,1,504,ROR,relational,org.apache.commons.lang3.math.NumberUtils,912,0,0.95,0.95,790,Qwen/Qwen3-8B
Lang-1-0505,Lang,1,505,ROR,relational,org.apache.commons.lang3.math.NumberUtils,912,1,0.95,0.95,809,Qwen/Qwen3-8B
Lang-1-0506,Lang,1,506,ROR,relational,org.apache.commons.lang3.math.NumberUtils,912,1,0.75,0.75,792,Qwen/Qwen3-8B
Lang-1-0507,Lang,1,507,COR,logical,org.apache.commons.lang3.math.NumberUtils,913,0,0.75,0.75,784,Qwen/Qwen3-8B
Lang-1-0508,Lang,1,508,COR,logical,org.apache.commons.lang3.math.NumberUtils,913,1,0.75,0.75,785,Qwen/Qwen3-8B
Lang-1-0509,Lang,1,509,ROR,relational,org.apache.commons.lang3.math.NumberUtils,916,1,0.75,0.75,781,Qwen/Qwen3-8B
Lang-1-0510,Lang,1,510,ROR,relational,org.apache.commons.lang3.math.NumberUtils,916,0,0.75,0.75,777,Qwen/Qwen3-8B
Lang-1-0511,Lang,1,511,ROR,relational,org.apache.commons.lang3.math.NumberUtils,916,1,0.75,0.75,784,Qwen/Qwen3-8B
Lang-1-0512,Lang,1,512,STD,statement_deletion,org.apache.commons.lang3.math.NumberUtils,917,1,0.15,0.15,785,Qwen/Qwen3-8B
Lang-1-0513,Lang,1,513,STD,statement_deletion,org.apache.commons.lang3.math.NumberUtils,936,1,0.1,0.1,742,Qwen/Qwen3-8B
Lang-1-0514,Lang,1,514,LVR,arithmetic,org.apache.commons.lang3.math.NumberUtils,939,1,0.95,0.95,779,Qwen/Qwen3-8B
Lang-1-0515,Lang,1,515,LVR,arithmetic,org.apache.commons.lang3.math.NumberUtils,939,1,0.85,0.85,775,Qwen/Qwen3-8B
Lang-1-0516,Lang,1,516,LVR,arithmetic,org.apache.commons.lang3.math.NumberUtils,940,0,0.95,0.95,788,Qwen/Qwen3-8B
Lang-1-0517,Lang,1,517,LVR,arithmetic,org.apache.commons.lang3.math.NumberUtils,940,1,0.85,0.85,781,Qwen/Qwen3-8B
Lang-1-0518,Lang,1,518,ROR,relational,org.apache.commons.lang3.math.NumberUtils,940,0,0.95,0.95,784,Qwen/Qwen3-8B
Lang-1-0519,Lang,1,519,ROR,relational,org.apache.commons.lang3.math.NumberUtils,940,1,0.95,0.95,789,Qwen/Qwen3-8B
Lang-1-0520,Lang,1,520,ROR,relational,org.apache.commons.lang3.math.NumberUtils,940,1,0.95,0.95,785,Qwen/Qwen3-8B
Lang-1-0521,Lang,1,521,ROR,relational,org.apache.commons.lang3.math.NumberUtils,941,1,0.95,0.95,783,Qwen/Qwen3-8B
Lang-1-0522,Lang,1,522,ROR,relational,org.apache.commons.lang3.math.NumberUtils,941,0,0.95,0.95,785,Qwen/Qwen3-8B
Lang-1-0523,Lang,1,523,ROR,relational,org.apache.commons.lang3.math.NumberUtils,941,1,0.95,0.95,775,Qwen/Qwen3-8B
Lang-1-0524,Lang,1,524,STD,statement_deletion,org.apache.commons.lang3.math.NumberUtils,942,1,0.15,0.15,772,Qwen/Qwen3-8B
Lang-1-0525,Lang,1,525,STD,statement_deletion,org.apache.commons.lang3.math.NumberUtils,959,1,0.1,0.1,739,Qwen/Qwen3-8B
Lang-1-0526,Lang,1,526,LVR,arithmetic,org.apache.commons.lang3.math.NumberUtils,962,1,0.95,0.95,787,Qwen/Qwen3-8B
Lang-1-0527,Lang,1,527,LVR,arithmetic,org.apache.commons.lang3.math.NumberUtils,962,1,0.95,0.95,776,Qwen/Qwen3-8B
Lang-1-0528,Lang,1,528,LVR,arithmetic,org.apache.commons.lang3.math.NumberUtils,963,0,0.95,0.95,781,Qwen/Qwen3-8B
Lang-1-0529,Lang,1,529,LVR,arithmetic,org.apache.commons.lang3.math.NumberUtils,963,1,0.95,0.95,780,Qwen/Qwen3-8B
Lang-1-0530,Lang,1,530,ROR,relational,org.apache.commons.lang3.math.NumberUtils,963,0,0.95,0.95,793,Qwen/Qwen3-8B
Lang-1-0531,Lang,1,531,ROR,relational,org.apache.commons.lang3.math.NumberUtils,963,1,0.95,0.95,784,Qwen/Qwen3-8B
Lang-1-0532,Lang,1,532,ROR,relational,org.apache.commons.lang3.math.NumberUtils,963,1,0.95,0.95,791,Qwen/Qwen3-8B
Lang-1-0533,Lang,1,533,ROR,relational,org.apache.commons.lang3.math.NumberUtils,964,1,0.95,0.95,779,Qwen/Qwen3-8B
Lang-1-0534,Lang,1,534,ROR,relational,org.apache.commons.lang3.math.NumberUtils,964,0,0.95,0.95,780,Qwen/Qwen3-8B
Lang-1-0535,Lang,1,535,ROR,relational,org.apache.commons.lang3.math.NumberUtils,964,1,0.95,0.95,781,Qwen/Qwen3-8B
Lang-1-0536,Lang,1,536,STD,statement_deletion,org.apache.commons.lang3.math.NumberUtils,965,1,0.15,0.15,772,Qwen/Qwen3-8B
Lang-1-0537,Lang,1,537,STD,statement_deletion,org.apache.commons.lang3.math.NumberUtils,982,1,0.1,0.1,739,Qwen/Qwen3-8B
Lang-1-0538,Lang,1,538,LVR,arithmetic,org.apache.commons.lang3.math.NumberUtils,985,1,0.75,0.75,781,Qwen/Qwen3-8B
Lang-1-0539,Lang,1,539,LVR,arithmetic,org.apache.commons.lang3.math.NumberUtils,985,1,0.75,0.75,779,Qwen/Qwen3-8B
Lang-1-0540,Lang,1,540,LVR,arithmetic,org.apache.commons.lang3.math.NumberUtils,986,0,0.95,0.95,782,Qwen/Qwen3-8B
Lang-1-0541,Lang,1,541,LVR,arithmetic,org.apache.commons.lang3.math.NumberUtils,986,1,0.85,0.85,790,Qwen/Qwen3-8B
Lang-1-0542,Lang,1,542,ROR,relational,org.apache.commons.lang3.math.NumberUtils,986,0,0.95,0.95,787,Qwen/Qwen3-8B
Lang-1-0543,Lang,1,543,ROR,relational,org.apache.commons.lang3.math.NumberUtils,986,1,0.95,0.95,801,Qwen/Qwen3-8B
Lang-1-0544,Lang,1,544,ROR,relational,org.apache.commons.lang3.math.NumberUtils,986,1,0.95,0.95,784,Qwen/Qwen3-8B
Lang-1-0545,Lang,1,545,ROR,relational,org.apache.commons.lang3.math.NumberUtils,987,1,0.95,0.95,775,Qwen/Qwen3-8B
Lang-1-0546,Lang,1,546,ROR,relational,org.apache.commons.lang3.math.NumberUtils,987,0,0.75,0.75,773,Qwen/Qwen3-8B
Lang-1-0547,Lang,1,547,ROR,relational,org.apache.commons.lang3.math.NumberUtils,987,1,0.95,0.95,781,Qwen/Qwen3-8B
Lang-1-0548,Lang,1,548,STD,statement_deletion,org.apache.commons.lang3.math.NumberUtils,988,1,0.1,0.1,691,Qwen/Qwen3-8B
Lang-1-0549,Lang,1,549,STD,statement_deletion,org.apache.commons.lang3.math.NumberUtils,1005,1,0.1,0.1,739,Qwen/Qwen3-8B
Lang-1-0550,Lang,1,550,LVR,arithmetic,org.apache.commons.lang3.math.NumberUtils,1008,1,0.75,0.75,781,Qwen/Qwen3-8B
Lang-1-0551,Lang,1,551,LVR,arithmetic,org.apache.commons.lang3.math.NumberUtils,1008,1,0.75,0.75,774,Qwen/Qwen3-8B
Lang-1-0552,Lang,1,552,LVR,arithmetic,org.apache.commons.lang3.math.NumberUtils,1009,0,0.85,0.85,783,Qwen/Qwen3-8B
Lang-1-0553,Lang,1,553,LVR,arithmetic,org.apache.commons.lang3.math.NumberUtils,1009,1,0.85,0.85,782,Qwen/Qwen3-8B
Lang-1-0554,Lang,1,554,ROR,relational,org.apache.commons.lang3.math.NumberUtils,1009,0,0.95,0.95,785,Qwen/Qwen3-8B
Lang-1-0555,Lang,1,555,ROR,relational,org.apache.commons.lang3.math.NumberUtils,1009,1,0.95,0.95,781,Qwen/Qwen3-8B
Lang-1-0556,Lang,1,556,ROR,relational,org.apache.commons.lang3.math.NumberUtils,1009,1,0.95,0.95,814,Qwen/Qwen3-8B
Lang-1-0557,Lang,1,557,ROR,relational,org.apache.commons.lang3.math.NumberUtils,1010,1,0.95,0.95,778,Qwen/Qwen3-8B
Lang-1-0558,Lang,1,558,ROR,relational,org.apache.commons.lang3.math.NumberUtils,1010,0,0.95,0.95,781,Qwen/Qwen3-8B
Lang-1-0559,Lang,1,559,ROR,relational,org.apache.commons.lang3.math.NumberUtils,1010,1,0.95,0.95,775,Qwen/Qwen3-8B
Lang-1-0560,Lang,1,560,STD,statement_deletion,org.apache.commons.lang3.math.NumberUtils,1011,1,0.1,0.1,687,Qwen/Qwen3-8B
Lang-1-0561,Lang,1,561,STD,statement_deletion,org.apache.commons.lang3.math.NumberUtils,1029,1,0.15,0.15,832,Qwen/Qwen3-8B
Lang-1-0562,Lang,1,562,LVR,arithmetic,org.apache.commons.lang3.math.NumberUtils,1032,1,0.75,0.75,788,Qwen/Qwen3-8B
Lang-1-0563,Lang,1,563,LVR,arithmetic,org.apache.commons.lang3.math.NumberUtils,1032,1,0.75,0.75,790,Qwen/Qwen3-8B
Lang-1-0564,Lang,1,564,LVR,arithmetic,org.apache.commons.lang3.math.NumberUtils,1033,0,0.75,0.75,788,Qwen/Qwen3-8B
Lang-1-0565,Lang,1,565,LVR,arithmetic,org.apache.commons.lang3.math.NumberUtils,1033,1,0.75,0.75,787,Qwen/Qwen3-8B
Lang-1-0566,Lang,1,566,ROR,relational,org.apache.commons.lang3.math.NumberUtils,1033,0,0.75,0.75,791,Qwen/Qwen3-8B
Lang-1-0567,Lang,1,567,ROR,relational,org.apache.commons.lang3.math.NumberUtils,1033,1,0.95,0.95,787,Qwen/Qwen3-8B
Lang-1-0568,Lang,1,568,ROR,relational,org.apache.commons.lang3.math.NumberUtils,1033,1,0.75,0.75,783,Qwen/Qwen3-8B
Lang-1-0569,Lang,1,569,COR,logical,org.apache.commons.lang3.math.NumberUtils,1034,1,0.75,0.75,807,Qwen/Qwen3-8B
Lang-1-0570,Lang,1,570,COR,logical,org.apache.commons.lang3.math.NumberUtils,1034,1,0.75,0.75,784,Qwen/Qwen3-8B
Lang-1-0571,Lang,1,571,ROR,relational,org.apache.commons.lang3.math.NumberUtils,1037,1,0.75,0.75,781,Qwen/Qwen3-8B
Lang-1-0572,Lang,1,572,ROR,relational,org.apache.commons.lang3.math.NumberUtils,1037,0,0.75,0.75,779,Qwen/Qwen3-8B
Lang-1-0573,Lang,1,573,ROR,relational,org.apache.commons.lang3.math.NumberUtils,1037,1,0.75,0.75,784,Qwen/Qwen3-8B
Lang-1-0574,Lang,1,574,STD,statement_deletion,org.apache.commons.lang3.math.NumberUtils,1038,1,0.15,0.15,779,Qwen/Qwen3-8B
Lang-1-0575,Lang,1,575,STD,statement_deletion,org.apache.commons.lang3.math.NumberUtils,1056,1,0.15,0.15,833,Qwen/Qwen3-8B
Lang-1-0576,Lang,1,576,LVR,arithmetic,org.apache.commons.lang3.math.NumberUtils,1059,1,0.75,0.75,789,Qwen/Qwen3-8B
Lang-1-0577,Lang,1,577,LVR,arithmetic,org.apache.commons.lang3.math.NumberUtils,1059,1,0.75,0.75,784,Qwen/Qwen3-8B
Lang-1-0578,Lang,1,578,LVR,arithmetic,org.apache.commons.lang3.math.NumberUtils,1060,0,0.75,0.75,793,Qwen/Qwen3-8B
Lang-1-0579,Lang,1,579,LVR,arithmetic,org.apache.commons.lang3.math.NumberUtils,1060,1,0.75,0.75,791,Qwen/Qwen3-8B
Lang-1-0580,Lang,1,580,ROR,relational,org.apache.commons.lang3.math.NumberUtils,1060,0,0.95,0.95,789,Qwen/Qwen3-8B
Lang-1-0581,Lang,1,581,ROR,relational,org.apache.commons.lang3.math.NumberUtils,1060,1,0.95,0.95,797,Qwen/Qwen3-8B
Lang-1-0582,Lang,1,582,ROR,relational,org.apache.commons.lang3.math.NumberUtils,1060,1,0.75,0.75,790,Qwen/Qwen3-8B
Lang-1-0583,Lang,1,583,COR,logical,org.apache.commons.lang3.math.NumberUtils,1061,1,0.75,0.75,796,Qwen/Qwen3-8B
Lang-1-0584,Lang,1,584,COR,logical,org.apache.commons.lang3.math.NumberUtils,1061,1,0.75,0.75,783,Qwen/Qwen3-8B
Lang-1-0585,Lang,1,585,ROR,relational,org.apache.commons.lang3.math.NumberUtils,1064,1,0.75,0.75,784,Qwen/Qwen3-8B
Lang-1-0586,Lang,1,586,ROR,relational,org.apache.commons.lang3.math.NumberUtils,1064,0,0.75,0.75,784,Qwen/Qwen3-8B
Lang-1-0587,Lang,1,587,ROR,relational,org.apache.commons.lang3.math.NumberUtils,1064,1,0.75,0.75,783,Qwen/Qwen3-8B
Lang-1-0588,Lang,1,588,STD,statement_deletion,org.apache.commons.lang3.math.NumberUtils,1065,1,0.15,0.15,781,Qwen/Qwen3-8B
Lang-1-0589,Lang,1,589,ROR,relational,org.apache.commons.lang3.math.NumberUtils,1079,1,0.95,0.95,818,Qwen/Qwen3-8B
Lang-1-0590,Lang,1,590,LVR,arithmetic,org.apache.commons.lang3.math.NumberUtils,1081,1,0.15,0.15,806,Qwen/Qwen3-8B
Lang-1-0591,Lang,1,591,LVR,arithmetic,org.apache.commons.lang3.math.NumberUtils,1081,1,0.15,0.15,807,Qwen/Qwen3-8B
Lang-1-0592,Lang,1,592,ROR,relational,org.apache.commons.lang3.math.NumberUtils,1081,0,0.75,0.75,808,Qwen/Qwen3-8B
Lang-1-0593,Lang,1,593,ROR,relational,org.apache.commons.lang3.math.NumberUtils,1081,1,0.75,0.75,809,Qwen/Qwen3-8B
Lang-1-0594,Lang,1,594,ROR,relational,org.apache.commons.lang3.math.NumberUtils,1081,1,0.75,0.75,829,Qwen/Qwen3-8B
Lang-1-0595,Lang,1,595,ROR,relational,org.apache.commons.lang3.math.NumberUtils,1097,1,0.75,0.75,798,Qwen/Qwen3-8B
Lang-1-0596,Lang,1,596,ROR,relational,org.apache.commons.lang3.math.NumberUtils,1097,0,0.75,0.75,797,Qwen/Qwen3-8B
Lang-1-0597,Lang,1,597,ROR,relational,org.apache.commons.lang3.math.NumberUtils,1097,1,0.75,0.75,793,Qwen/Qwen3-8B
Lang-1-0598,Lang,1,598,STD,statement_deletion,org.apache.commons.lang3.math.NumberUtils,1098,1,0.75,0.75,785,Qwen/Qwen3-8B
Lang-1-0599,Lang,1,599,ROR,relational,org.apache.commons.lang3.math.NumberUtils,1100,1,0.75,0.75,779,Qwen/Qwen3-8B
Lang-1-0600,Lang,1,600,ROR,relational,org.apache.commons.lang3.math.NumberUtils,1100,0,0.75,0.75,773,Qwen/Qwen3-8B
Lang-1-0601,Lang,1,601,ROR,relational,org.apache.commons.lang3.math.NumberUtils,1100,1,0.75,0.75,771,Qwen/Qwen3-8B
Lang-1-0602,Lang,1,602,STD,statement_deletion,org.apache.commons.lang3.math.NumberUtils,1101,1,0.95,0.95,785,Qwen/Qwen3-8B
Lang-1-0603,Lang,1,603,ROR,relational,org.apache.commons.lang3.math.NumberUtils,1115,1,0.75,0.75,798,Qwen/Qwen3-8B
Lang-1-0604,Lang,1,604,ROR,relational,org.apache.commons.lang3.math.NumberUtils,1115,0,0.75,0.75,798,Qwen/Qwen3-8B
Lang-1-0605,Lang,1,605,ROR,relational,org.apache.commons.lang3.math.NumberUtils,1115,1,0.75,0.75,796,Qwen/Qwen3-8B
Lang-1-0606,Lang,1,606,STD,statement_deletion,org.apache.commons.lang3.math.NumberUtils,1116,1,0.75,0.75,787,Qwen/Qwen3-8B
Lang-1-0607,Lang,1,607,ROR,relational,org.apache.commons.lang3.math.NumberUtils,1118,1,0.75,0.75,784,Qwen/Qwen3-8B
Lang-1-0608,Lang,1,608,ROR,relational,org.apache.commons.lang3.math.NumberUtils,1118,0,0.75,0.75,801,Qwen/Qwen3-8B
Lang-1-0609,Lang,1,609,ROR,relational,org.apache.commons.lang3.math.NumberUtils,1118,1,0.75,0.75,779,Qwen/Qwen3-8B
Lang-1-0610,Lang,1,610,STD,statement_deletion,org.apache.commons.lang3.math.NumberUtils,1119,1,0.75,0.75,784,Qwen/Qwen3-8B
Lang-1-0611,Lang,1,611,ROR,relational,org.apache.commons.lang3.math.NumberUtils,1133,1,0.75,0.75,799,Qwen/Qwen3-8B
Lang-1-0612,Lang,1,612,ROR,relational,org.apache.commons.lang3.math.NumberUtils,1133,0,0.75,0.75,799,Qwen/Qwen3-8B
Lang-1-0613,Lang,1,613,ROR,relational,org.apache.commons.lang3.math.NumberUtils,1133,1,0.75,0.75,797,Qwen/Qwen3-8B
Lang-1-0614,Lang,1,614,STD,statement_deletion,org.apache.commons.lang3.math.NumberUtils,1134,1,0.15,0.15,786,Qwen/Qwen3-8B
Lang-1-0615,Lang,1,615,ROR,relational,org.apache.commons.lang3.math.NumberUtils,1136,1,0.75,0.75,777,Qwen/Qwen3-8B
Lang-1-0616,Lang,1,616,ROR,relational,org.apache.commons.lang3.math.NumberUtils,1136,0,0.75,0.75,777,Qwen/Qwen3-8B
Lang-1-0617,Lang,1,617,ROR,relational,org.apache.commons.lang3.math.NumberUtils,1136,1,0.75,0.75,779,Qwen/Qwen3-8B
Lang-1-0618,Lang,1,618,STD,statement_deletion,org.apache.commons.lang3.math.NumberUtils,1137,1,0.95,0.95,788,Qwen/Qwen3-8B
Lang-1-0619,Lang,1,619,ROR,relational,org.apache.commons.lang3.math.NumberUtils,1151,1,0.75,0.75,824,Qwen/Qwen3-8B
Lang-1-0620,Lang,1,620,ROR,relational,org.apache.commons.lang3.math.NumberUtils,1151,0,0.75,0.75,800,Qwen/Qwen3-8B
Lang-1-0621,Lang,1,621,ROR,relational,org.apache.commons.lang3.math.NumberUtils,1151,1,0.75,0.75,802,Qwen/Qwen3-8B
Lang-1-0622,Lang,1,622,STD,statement_deletion,org.apache.commons.lang3.math.NumberUtils,1152,1,0.95,0.95,795,Qwen/Qwen3-8B
Lang-1-0623,Lang,1,623,ROR,relational,org.apache.commons.lang3.math.NumberUtils,1154,1,0.75,0.75,782,Qwen/Qwen3-8B
Lang-1-0624,Lang,1,624,ROR,relational,org.apache.commons.lang3.math.NumberUtils,1154,0,0.75,0.75,783,Qwen/Qwen3-8B
Lang-1-0625,Lang,1,625,ROR,relational,org.apache.commons.lang3.math.NumberUtils,1154,1,0.75,0.75,779,Qwen/Qwen3-8B
Lang-1-0626,Lang,1,626,STD,statement_deletion,org.apache.commons.lang3.math.NumberUtils,1155,1,0.95,0.95,789,Qwen/Qwen3-8B
Lang-1-0627,Lang,1,627,ROR,relational,org.apache.commons.lang3.math.NumberUtils,1203,1,0.75,0.75,797,Qwen/Qwen3-8B
Lang-1-0628,Lang,1,628,ROR,relational,org.apache.commons.lang3.math.NumberUtils,1203,0,0.75,0.75,794,Qwen/Qwen3-8B
Lang-1-0629,Lang,1,629,ROR,relational,org.apache.commons.lang3.math.NumberUtils,1203,1,0.75,0.75,804,Qwen/Qwen3-8B
Lang-1-0630,Lang,1,630,STD,statement_deletion,org.apache.commons.lang3.math.NumberUtils,1204,1,0.75,0.75,794,Qwen/Qwen3-8B
Lang-1-0631,Lang,1,631,ROR,relational,org.apache.commons.lang3.math.NumberUtils,1206,1,0.75,0.75,775,Qwen/Qwen3-8B
Lang-1-0632,Lang,1,632,ROR,relational,org.apache.commons.lang3.math.NumberUtils,1206,0,0.75,0.75,802,Qwen/Qwen3-8B
Lang-1-0633,Lang,1,633,ROR,relational,org.apache.commons.lang3.math.NumberUtils,1206,1,0.75,0.75,780,Qwen/Qwen3-8B
Lang-1-0634,Lang,1,634,STD,statement_deletion,org.apache.commons.lang3.math.NumberUtils,1207,1,0.95,0.95,795,Qwen/Qwen3-8B
Lang-1-0635,Lang,1,635,ROR,relational,org.apache.commons.lang3.math.NumberUtils,1221,1,0.75,0.75,796,Qwen/Qwen3-8B
Lang-1-0636,Lang,1,636,ROR,relational,org.apache.commons.lang3.math.NumberUtils,1221,0,0.75,0.75,800,Qwen/Qwen3-8B
Lang-1-0637,Lang,1,637,ROR,relational,org.apache.commons.lang3.math.NumberUtils,1221,1,0.75,0.75,800,Qwen/Qwen3-8B
Lang-1-0638,Lang,1,638,STD,statement_deletion,org.apache.commons.lang3.math.NumberUtils,1222,1,0.95,0.95,790,Qwen/Qwen3-8B
Lang-1-0639,Lang,1,639,ROR,relational,org.apache.commons.lang3.math.NumberUtils,1224,1,0.75,0.75,783,Qwen/Qwen3-8B
Lang-1-0640,Lang,1,640,ROR,relational,org.apache.commons.lang3.math.NumberUtils,1224,0,0.75,0.75,772,Qwen/Qwen3-8B
Lang-1-0641,Lang,1,641,ROR,relational,org.apache.commons.lang3.math.NumberUtils,1224,1,0.75,0.75,779,Qwen/Qwen3-8B
Lang-1-0642,Lang,1,642,STD,statement_deletion,org.apache.commons.lang3.math.NumberUtils,1225,1,0.95,0.95,787,Qwen/Qwen3-8B
Lang-1-0643,Lang,1,643,ROR,relational,org.apache.commons.lang3.math.NumberUtils,1239,0,0.75,0.75,792,Qwen/Qwen3-8B
Lang-1-0644,Lang,1,644,ROR,relational,org.apache.commons.lang3.math.NumberUtils,1239,0,0.75,0.75,804,Qwen/Qwen3-8B
Lang-1-0645,Lang,1,645,ROR,relational,org.apache.commons.lang3.math.NumberUtils,1239,1,0.75,0.75,797,Qwen/Qwen3-8B
Lang-1-0646,Lang,1,646,STD,statement_deletion,org.apache.commons.lang3.math.NumberUtils,1240,1,0.95,0.95,795,Qwen/Qwen3-8B
Lang-1-0647,Lang,1,647,ROR,relational,org.apache.commons.lang3.math.NumberUtils,1242,1,0.75,0.75,781,Qwen/Qwen3-8B
Lang-1-0648,Lang,1,648,ROR,relational,org.apache.commons.lang3.math.NumberUtils,1242,0,0.75,0.75,777,Qwen/Qwen3-8B
Lang-1-0649,Lang,1,649,ROR,relational,org.apache.commons.lang3.math.NumberUtils,1242,1,0.75,0.75,778,Qwen/Qwen3-8B
Lang-1-0650,Lang,1,650,STD,statement_deletion,org.apache.commons.lang3.math.NumberUtils,1243,1,0.95,0.95,778,Qwen/Qwen3-8B
Lang-1-0651,Lang,1,651,ROR,relational,org.apache.commons.lang3.math.NumberUtils,1257,0,0.75,0.75,798,Qwen/Qwen3-8B
Lang-1-0652,Lang,1,652,ROR,relational,org.apache.commons.lang3.math.NumberUtils,1257,0,0.75,0.75,807,Qwen/Qwen3-8B
Lang-1-0653,Lang,1,653,ROR,relational,org.apache.commons.lang3.math.NumberUtils,1257,1,0.75,0.75,802,Qwen/Qwen3-8B
Lang-1-0654,Lang,1,654,STD,statement_deletion,org.apache.commons.lang3.math.NumberUtils,1258,1,0.15,0.15,798,Qwen/Qwen3-8B
Lang-1-0655,Lang,1,655,ROR,relational,org.apache.commons.lang3.math.NumberUtils,1260,1,0.75,0.75,773,Qwen/Qwen3-8B
Lang-1-0656,Lang,1,656,ROR,relational,org.apache.commons.lang3.math.NumberUtils,1260,0,0.75,0.75,772,Qwen/Qwen3-8B
Lang-1-0657,Lang,1,657,ROR,relational,org.apache.commons.lang3.math.NumberUtils,1260,1,0.75,0.75,798,Qwen/Qwen3-8B
Lang-1-0658,Lang,1,658,STD,statement_deletion,org.apache.commons.lang3.math.NumberUtils,1261,1,0.95,0.95,783,Qwen/Qwen3-8B
Lang-1-0659,Lang,1,659,COR,logical,org.apache.commons.lang3.math.NumberUtils,1310,1,0.75,0.75,810,Qwen/Qwen3-8B
Lang-1-0660,Lang,1,660,COR,logical,org.apache.commons.lang3.math.NumberUtils,1310,1,0.75,0.75,816,Qwen/Qwen3-8B
Lang-1-0661,Lang,1,661,LVR,arithmetic,org.apache.commons.lang3.math.NumberUtils,1311,1,0.75,0.75,793,Qwen/Qwen3-8B
Lang-1-0662,Lang,1,662,LVR,arithmetic,org.apache.commons.lang3.math.NumberUtils,1313,0,0.75,0.75,789,Qwen/Qwen3-8B
Lang-1-0663,Lang,1,663,LVR,arithmetic,org.apache.commons.lang3.math.NumberUtils,1313,1,0.75,0.75,782,Qwen/Qwen3-8B
Lang-1-0664,Lang,1,664,ROR,relational,org.apache.commons.lang3.math.NumberUtils,1313,0,0.95,0.95,792,Qwen/Qwen3-8B
Lang-1-0665,Lang,1,665,ROR,relational,org.apache.commons.lang3.math.NumberUtils,1313,1,0.95,0.95,793,Qwen/Qwen3-8B
Lang-1-0666,Lang,1,666,ROR,relational,org.apache.commons.lang3.math.NumberUtils,1313,1,0.75,0.75,806,Qwen/Qwen3-8B
Lang-1-0667,Lang,1,667,COR,logical,org.apache.commons.lang3.math.NumberUtils,1314,1,0.75,0.75,780,Qwen/Qwen3-8B
Lang-1-0668,Lang,1,668,COR,logical,org.apache.commons.lang3.math.NumberUtils,1314,1,0.75,0.75,779,Qwen/Qwen3-8B
Lang-1-0669,Lang,1,669,LVR,arithmetic,org.apache.commons.lang3.math.NumberUtils,1315,1,0.95,0.95,774,Qwen/Qwen3-8B
Lang-1-0670,Lang,1,670,LVR,arithmetic,org.apache.commons.lang3.math.NumberUtils,1318,1,0.95,0.95,790,Qwen/Qwen3-8B
Lang-1-0671,Lang,1,671,COR,logical,org.apache.commons.lang3.math.NumberUtils,1335,1,0.75,0.75,809,Qwen/Qwen3-8B
Lang-1-0672,Lang,1,672,COR,logical,org.apache.commons.lang3.math.NumberUtils,1335,1,0.75,0.75,827,Qwen/Qwen3-8B
Lang-1-0673,Lang,1,673,LVR,arithmetic,org.apache.commons.lang3.math.NumberUtils,1336,1,0.75,0.75,802,Qwen/Qwen3-8B
Lang-1-0674,Lang,1,674,LVR,arithmetic,org.apache.commons.lang3.math.NumberUtils,1340,1,0.75,0.75,815,Qwen/Qwen3-8B
Lang-1-0675,Lang,1,675,LVR,arithmetic,org.apache.commons.lang3.math.NumberUtils,1341,1,0.75,0.75,821,Qwen/Qwen3-8B
Lang-1-0676,Lang,1,676,LVR,arithmetic,org.apache.commons.lang3.math.NumberUtils,1342,1,0.75,0.75,821,Qwen/Qwen3-8B
Lang-1-0677,Lang,1,677,LVR,arithmetic,org.apache.commons.lang3.math.NumberUtils,1343,1,0.75,0.75,824,Qwen/Qwen3-8B
Lang-1-0678,Lang,1,678,LVR,arithmetic,org.apache.commons.lang3.math.NumberUtils,1345,1,0.75,0.75,826,Qwen/Qwen3-8B
Lang-1-0679,Lang,1,679,LVR,arithmetic,org.apache.commons.lang3.math.NumberUtils,1345,1,0.75,0.75,825,Qwen/Qwen3-8B
Lang-1-0680,Lang,1,680,ROR,relational,org.apache.commons.lang3.math.NumberUtils,1345,1,0.75,0.75,837,Qwen/Qwen3-8B
Lang-1-0681,Lang,1,681,ROR,relational,org.apache.commons.lang3.math.NumberUtils,1345,1,0.75,0.75,835,Qwen/Qwen3-8B
Lang-1-0682,Lang,1,682,ROR,relational,org.apache.commons.lang3.math.NumberUtils,1345,1,0.75,0.75,839,Qwen/Qwen3-8B
Lang-1-0683,Lang,1,683,LVR,arithmetic,org.apache.commons.lang3.math.NumberUtils,1345,1,0.75,0.75,824,Qwen/Qwen3-8B
Lang-1-0684,Lang,1,684,LVR,arithmetic,org.apache.commons.lang3.math.NumberUtils,1345,1,0.75,0.75,826,Qwen/Qwen3-8B
Lang-1-0685,Lang,1,685,LVR,arithmetic,org.apache.commons.lang3.math.NumberUtils,1345,1,0.75,0.75,827,Qwen/Qwen3-8B
Lang-1-0686,Lang,1,686,LVR,arithmetic,org.apache.commons.lang3.math.NumberUtils,1345,1,0.75,0.75,830,Qwen/Qwen3-8B
Lang-1-0687,Lang,1,687,LVR,arithmetic,org.apache.commons.lang3.math.NumberUtils,1346,1,0.75,0.75,830,Qwen/Qwen3-8B
Lang-1-0688,Lang,1,688,LVR,arithmetic,org.apache.commons.lang3.math.NumberUtils,1346,1,0.75,0.75,836,Qwen/Qwen3-8B
Lang-1-0689,Lang,1,689,AOR,arithmetic,org.apache.commons.lang3.math.NumberUtils,1346,1,0.35,0.35,836,Qwen/Qwen3-8B
Lang-1-0690,Lang,1,690,AOR,arithmetic,org.apache.commons.lang3.math.NumberUtils,1346,1,0.35,0.35,833,Qwen/Qwen3-8B
Lang-1-0691,Lang,1,691,AOR,arithmetic,org.apache.commons.lang3.math.NumberUtils,1346,1,0.75,0.75,835,Qwen/Qwen3-8B
Lang-1-0692,Lang,1,692,AOR,arithmetic,org.apache.commons.lang3.math.NumberUtils,1346,1,0.15,0.15,832,Qwen/Qwen3-8B
Lang-1-0693,Lang,1,693,ROR,relational,org.apache.commons.lang3.math.NumberUtils,1346,0,0.75,0.75,840,Qwen/Qwen3-8B
Lang-1-0694,Lang,1,694,ROR,relational,org.apache.commons.lang3.math.NumberUtils,1346,1,0.75,0.75,843,Qwen/Qwen3-8B
Lang-1-0695,Lang,1,695,ROR,relational,org.apache.commons.lang3.math.NumberUtils,1346,1,0.75,0.75,834,Qwen/Qwen3-8B
Lang-1-0696,Lang,1,696,ROR,relational,org.apache.commons.lang3.math.NumberUtils,1346,0,0.75,0.75,845,Qwen/Qwen3-8B
Lang-1-0697,Lang,1,697,ROR,relational,org.apache.commons.lang3.math.NumberUtils,1346,0,0.75,0.75,836,Qwen/Qwen3-8B
Lang-1-0698,Lang,1,698,ROR,relational,org.apache.commons.lang3.math.NumberUtils,1346,1,0.75,0.75,833,Qwen/Qwen3-8B
Lang-1-0699,Lang,1,699,COR,logical,org.apache.commons.lang3.math.NumberUtils,1346,1,0.75,0.75,839,Qwen/Qwen3-8B
Lang-1-0700,Lang,1,700,COR,logical,org.apache.commons.lang3.math.NumberUtils,1346,1,0.75,0.75,837,Qwen/Qwen3-8B
Lang-1-0701,Lang,1,701,COR,logical,org.apache.commons.lang3.math.NumberUtils,1346,0,0.75,0.75,843,Qwen/Qwen3-8B
Lang-1-0702,Lang,1,702,COR,logical,org.apache.commons.lang3.math.NumberUtils,1346,1,0.75,0.75,840,Qwen/Qwen3-8B
Lang-1-0703,Lang,1,703,LVR,arithmetic,org.apache.commons.lang3.math.NumberUtils,1346,1,0.75,0.75,831,Qwen/Qwen3-8B
Lang-1-0704,Lang,1,704,LVR,arithmetic,org.apache.commons.lang3.math.NumberUtils,1346,1,0.75,0.75,833,Qwen/Qwen3-8B
Lang-1-0705,Lang,1,705,AOR,arithmetic,org.apache.commons.lang3.math.NumberUtils,1346,1,0.35,0.35,833,Qwen/Qwen3-8B
Lang-1-0706,Lang,1,706,AOR,arithmetic,org.apache.commons.lang3.math.NumberUtils,1346,1,0.35,0.35,845,Qwen/Qwen3-8B
Lang-1-0707,Lang,1,707,AOR,arithmetic,org.apache.commons.lang3.math.NumberUtils,1346,1,0.75,0.75,838,Qwen/Qwen3-8B
Lang-1-0708,Lang,1,708,AOR,arithmetic,org.apache.commons.lang3.math.NumberUtils,1346,1,0.15,0.15,834,Qwen/Qwen3-8B
Lang-1-0709,Lang,1,709,ROR,relational,org.apache.commons.lang3.math.NumberUtils,1346,1,0.75,0.75,851,Qwen/Qwen3-8B
Lang-1-0710,Lang,1,710,ROR,relational,org.apache.commons.lang3.math.NumberUtils,1346,0,0.75,0.75,834,Qwen/Qwen3-8B
Lang-1-0711,Lang,1,711,ROR,relational,org.apache.commons.lang3.math.NumberUtils,1346,1,0.75,0.75,834,Qwen/Qwen3-8B
Lang-1-0712,Lang,1,712,COR,logical,org.apache.commons.lang3.math.NumberUtils,1346,1,0.75,0.75,837,Qwen/Qwen3-8B
Lang-1-0713,Lang,1,713,COR,logical,org.apache.commons.lang3.math.NumberUtils,1346,1,0.75,0.75,841,Qwen/Qwen3-8B
Lang-1-0714,Lang,1,714,COR,logical,org.apache.commons.lang3.math.NumberUtils,1346,1,0.75,0.75,841,Qwen/Qwen3-8B
Lang-1-0715,Lang,1,715,COR,logical,org.apache.commons.lang3.math.NumberUtils,1346,1,0.75,0.75,844,Qwen/Qwen3-8B
Lang-1-0716,Lang,1,716,LVR,arithmetic,org.apache.commons.lang3.math.NumberUtils,1347,1,0.75,0.75,845,Qwen/Qwen3-8B
Lang-1-0717,Lang,1,717,LVR,arithmetic,org.apache.commons.lang3.math.NumberUtils,1347,1,0.75,0.75,843,Qwen/Qwen3-8B
Lang-1-0718,Lang,1,718,AOR,arithmetic,org.apache.commons.lang3.math.NumberUtils,1347,1,0.75,0.75,856,Qwen/Qwen3-8B
Lang-1-0719,Lang,1,719,AOR,arithmetic,org.apache.commons.lang3.math.NumberUtils,1347,1,0.75,0.75,851,Qwen/Qwen3-8B
Lang-1-0720,Lang,1,720,AOR,arithmetic,org.apache.commons.lang3.math.NumberUtils,1347,1,0.75,0.75,848,Qwen/Qwen3-8B
Lang-1-0721,Lang,1,721,AOR,arithmetic,org.apache.commons.lang3.math.NumberUtils,1347,1,0.75,0.75,843,Qwen/Qwen3-8B
Lang-1-0722,Lang,1,722,ROR,relational,org.apache.commons.lang3.math.NumberUtils,1348,1,0.75,0.75,922,Qwen/Qwen3-8B
Lang-1-0723,Lang,1,723,ROR,relational,org.apache.commons.lang3.math.NumberUtils,1348,0,0.75,0.75,919,Qwen/Qwen3-8B
Lang-1-0724,Lang,1,724,ROR,relational,org.apache.commons.lang3.math.NumberUtils,1348,0,0.75,0.75,918,Qwen/Qwen3-8B
Lang-1-0725,Lang,1,725,LVR,arithmetic,org.apache.commons.lang3.math.NumberUtils,1349,0,0.75,0.75,919,Qwen/Qwen3-8B
Lang-1-0726,Lang,1,726,ROR,relational,org.apache.commons.lang3.math.NumberUtils,1352,0,0.75,0.75,847,Qwen/Qwen3-8B
Lang-1-0727,Lang,1,727,ROR,relational,org.apache.commons.lang3.math.NumberUtils,1352,1,0.75,0.75,842,Qwen/Qwen3-8B
Lang-1-0728,Lang,1,728,ROR,relational,org.apache.commons.lang3.math.NumberUtils,1352,1,0.75,0.75,838,Qwen/Qwen3-8B
Lang-1-0729,Lang,1,729,ROR,relational,org.apache.commons.lang3.math.NumberUtils,1353,1,0.75,0.75,855,Qwen/Qwen3-8B
Lang-1-0730,Lang,1,730,ROR,relational,org.apache.commons.lang3.math.NumberUtils,1353,1,0.75,0.75,827,Qwen/Qwen3-8B
Lang-1-0731,Lang,1,731,ROR,relational,org.apache.commons.lang3.math.NumberUtils,1353,1,0.75,0.75,822,Qwen/Qwen3-8B
Lang-1-0732,Lang,1,732,ROR,relational,org.apache.commons.lang3.math.NumberUtils,1353,1,0.75,0.75,823,Qwen/Qwen3-8B
Lang-1-0733,Lang,1,733,ROR,relational,org.apache.commons.lang3.math.NumberUtils,1353,0,0.75,0.75,823,Qwen/Qwen3-8B
Lang-1-0734,Lang,1,734,ROR,relational,org.apache.commons.lang3.math.NumberUtils,1353,1,0.75,0.75,822,Qwen/Qwen3-8B
Lang-1-0735,Lang,1,735,COR,logical,org.apache.commons.lang3.math.NumberUtils,1353,0,0.75,0.75,822,Qwen/Qwen3-8B
Lang-1-0736,Lang,1,736,COR,logical,org.apache.commons.lang3.math.NumberUtils,1353,1,0.75,0.75,827,Qwen/Qwen3-8B
Lang-1-0737,Lang,1,737,COR,logical,org.apache.commons.lang3.math.NumberUtils,1353,1,0.75,0.75,825,Qwen/Qwen3-8B
Lang-1-0738,Lang,1,738,COR,logical,org.apache.commons.lang3.math.NumberUtils,1353,1,0.75,0.75,830,Qwen/Qwen3-8B
Lang-1-0739,Lang,1,739,ROR,relational,org.apache.commons.lang3.math.NumberUtils,1354,0,0.75,0.75,817,Qwen/Qwen3-8B
Lang-1-0740,Lang,1,740,ROR,relational,org.apache.commons.lang3.math.NumberUtils,1354,0,0.75,0.75,810,Qwen/Qwen3-8B
Lang-1-0741,Lang,1,741,ROR,relational,org.apache.commons.lang3.math.NumberUtils,1354,1,0.75,0.75,846,Qwen/Qwen3-8B
Lang-1-0742,Lang,1,742,ROR,relational,org.apache.commons.lang3.math.NumberUtils,1354,0,0.75,0.75,825,Qwen/Qwen3-8B
Lang-1-0743,Lang,1,743,ROR,relational,org.apache.commons.lang3.math.NumberUtils,1354,0,0.75,0.75,818,Qwen/Qwen3-8B
Lang-1-0744,Lang,1,744,ROR,relational,org.apache.commons.lang3.math.NumberUtils,1354,0,0.75,0.75,828,Qwen/Qwen3-8B
Lang-1-0745,Lang,1,745,COR,logical,org.apache.commons.lang3.math.NumberUtils,1354,0,0.75,0.75,835,Qwen/Qwen3-8B
Lang-1-0746,Lang,1,746,COR,logical,org.apache.commons.lang3.math.NumberUtils,1354,0,0.75,0.75,816,Qwen/Qwen3-8B
Lang-1-0747,Lang,1,747,COR,logical,org.apache.commons.lang3.math.NumberUtils,1354,1,0.75,0.75,820,Qwen/Qwen3-8B
Lang-1-0748,Lang,1,748,COR,logical,org.apache.commons.lang3.math.NumberUtils,1354,0,0.75,0.75,818,Qwen/Qwen3-8B
Lang-1-0749,Lang,1,749,COR,logical,org.apache.commons.lang3.math.NumberUtils,1353,0,0.75,0.75,824,Qwen/Qwen3-8B
Lang-1-0750,Lang,1,750,COR,logical,org.apache.commons.lang3.math.NumberUtils,1354,1,0.75,0.75,818,Qwen/Qwen3-8B
Lang-1-0751,Lang,1,751,COR,logical,org.apache.commons.lang3.math.NumberUtils,1353,0,0.75,0.75,827,Qwen/Qwen3-8B
Lang-1-0752,Lang,1,752,COR,logical,org.apache.commons.lang3.math.NumberUtils,1354,1,0.75,0.75,827,Qwen/Qwen3-8B
Lang-1-0753,Lang,1,753,ROR,relational,org.apache.commons.lang3.math.NumberUtils,1355,1,0.75,0.75,849,Qwen/Qwen3-8B
Lang-1-0754,Lang,1,754,ROR,relational,org.apache.commons.lang3.math.NumberUtils,1355,1,0.75,0.75,829,Qwen/Qwen3-8B
Lang-1-0755,Lang,1,755,ROR,relational,org.apache.commons.lang3.math.NumberUtils,1355,1,0.75,0.75,827,Qwen/Qwen3-8B
Lang-1-0756,Lang,1,756,ROR,relational,org.apache.commons.lang3.math.NumberUtils,1355,1,0.75,0.75,825,Qwen/Qwen3-8B
Lang-1-0757,Lang,1,757,ROR,relational,org.apache.commons.lang3.math.NumberUtils,1355,0,0.75,0.75,825,Qwen/Qwen3-8B
Lang-1-0758,Lang,1,758,ROR,relational,org.apache.commons.lang3.math.NumberUtils,1355,1,0.75,0.75,827,Qwen/Qwen3-8B
Lang-1-0759,Lang,1,759,COR,logical,org.apache.commons.lang3.math.NumberUtils,1355,0,0.75,0.75,830,Qwen/Qwen3-8B
Lang-1-0760,Lang,1,760,COR,logical,org.apache.commons.lang3.math.NumberUtils,1355,1,0.75,0.75,830,Qwen/Qwen3-8B
Lang-1-0761,Lang,1,761,COR,logical,org.apache.commons.lang3.math.NumberUtils,1355,1,0.75,0.75,829,Qwen/Qwen3-8B
Lang-1-0762,Lang,1,762,COR,logical,org.apache.commons.lang3.math.NumberUtils,1355,1,0.75,0.75,817,Qwen/Qwen3-8B
Lang-1-0763,Lang,1,763,COR,logical,org.apache.commons.lang3.math.NumberUtils,1353,0,0.75,0.75,827,Qwen/Qwen3-8B
Lang-1-0764,Lang,1,764,COR,logical,org.apache.commons.lang3.math.NumberUtils,1355,1,0.75,0.75,823,Qwen/Qwen3-8B
Lang-1-0765,Lang,1,765,COR,logical,org.apache.commons.lang3.math.NumberUtils,1353,1,0.75,0.75,866,Qwen/Qwen3-8B
Lang-1-0766,Lang,1,766,COR,logical,org.apache.commons.lang3.math.NumberUtils,1355,1,0.75,0.75,824,Qwen/Qwen3-8B
Lang-1-0767,Lang,1,767,LVR,arithmetic,org.apache.commons.lang3.math.NumberUtils,1356,1,0.75,0.75,811,Qwen/Qwen3-8B
Lang-1-0768,Lang,1,768,LVR,arithmetic,org.apache.commons.lang3.math.NumberUtils,1359,1,0.75,0.75,840,Qwen/Qwen3-8B
Lang-1-0769,Lang,1,769,STD,statement_deletion,org.apache.commons.lang3.math.NumberUtils,1361,1,0.75,0.75,855,Qwen/Qwen3-8B
Lang-1-0770,Lang,1,770,ROR,relational,org.apache.commons.lang3.math.NumberUtils,1366,0,0.75,0.75,854,Qwen/Qwen3-8B
Lang-1-0771,Lang,1,771,ROR,relational,org.apache.commons.lang3.math.NumberUtils,1366,1,0.75,0.75,853,Qwen/Qwen3-8B
Lang-1-0772,Lang,1,772,ROR,relational,org.apache.commons.lang3.math.NumberUtils,1366,1,0.35,0.35,852,Qwen/Qwen3-8B
Lang-1-0773,Lang,1,773,LVR,arithmetic,org.apache.commons.lang3.math.NumberUtils,1366,0,0.75,0.75,853,Qwen/Qwen3-8B
Lang-1-0774,Lang,1,774,LVR,arithmetic,org.apache.commons.lang3.math.NumberUtils,1366,0,0.35,0.35,848,Qwen/Qwen3-8B
Lang-1-0775,Lang,1,775,AOR,arithmetic,org.apache.commons.lang3.math.NumberUtils,1366,0,0.75,0.75,851,Qwen/Qwen3-8B
Lang-1-0776,Lang,1,776,AOR,arithmetic,org.apache.commons.lang3.math.NumberUtils,1366,0,0.75,0.75,850,Qwen/Qwen3-8B
Lang-1-0777,Lang,1,777,AOR,arithmetic,org.apache.commons.lang3.math.NumberUtils,1366,0,0.75,0.75,875,Qwen/Qwen3-8B
Lang-1-0778,Lang,1,778,AOR,arithmetic,org.apache.commons.lang3.math.NumberUtils,1366,0,0.75,0.75,848,Qwen/Qwen3-8B
Lang-1-0779,Lang,1,779,ROR,relational,org.apache.commons.lang3.math.NumberUtils,1366,0,0.75,0.75,854,Qwen/Qwen3-8B
Lang-1-0780,Lang,1,780,ROR,relational,org.apache.commons.lang3.math.NumberUtils,1366,0,0.75,0.75,849,Qwen/Qwen3-8B
Lang-1-0781,Lang,1,781,ROR,relational,org.apache.commons.lang3.math.NumberUtils,1366,0,0.35,0.35,851,Qwen/Qwen3-8B
Lang-1-0782,Lang,1,782,COR,logical,org.apache.commons.lang3.math.NumberUtils,1366,0,0.35,0.35,859,Qwen/Qwen3-8B
Lang-1-0783,Lang,1,783,COR,logical,org.apache.commons.lang3.math.NumberUtils,1366,0,0.75,0.75,855,Qwen/Qwen3-8B
Lang-1-0784,Lang,1,784,COR,logical,org.apache.commons.lang3.math.NumberUtils,1366,0,0.35,0.35,857,Qwen/Qwen3-8B
Lang-1-0785,Lang,1,785,COR,logical,org.apache.commons.lang3.math.NumberUtils,1366,0,0.35,0.35,850,Qwen/Qwen3-8B
Lang-1-0786,Lang,1,786,COR,logical,org.apache.commons.lang3.math.NumberUtils,1366,1,0.35,0.35,857,Qwen/Qwen3-8B
Lang-1-0787,Lang,1,787,COR,logical,org.apache.commons.lang3.math.NumberUtils,1366,0,0.75,0.75,859,Qwen/Qwen3-8B
Lang-1-0788,Lang,1,788,COR,logical,org.apache.commons.lang3.math.NumberUtils,1366,0,0.35,0.35,854,Qwen/Qwen3-8B
Lang-1-0789,Lang,1,789,COR,logical,org.apache.commons.lang3.math.NumberUtils,1366,1,0.35,0.35,853,Qwen/Qwen3-8B
Lang-1-0790,Lang,1,790,COR,logical,org.apache.commons.lang3.math.NumberUtils,1366,0,0.35,0.35,852,Qwen/Qwen3-8B
Lang-1-0791,Lang,1,791,COR,logical,org.apache.commons.lang3.math.NumberUtils,1366,0,0.35,0.35,855,Qwen/Qwen3-8B
Lang-1-0792,Lang,1,792,COR,logical,org.apache.commons.lang3.math.NumberUtils,1366,1,0.35,0.35,849,Qwen/Qwen3-8B
Lang-1-0793,Lang,1,793,COR,logical,org.apache.commons.lang3.math.NumberUtils,1366,1,0.75,0.75,851,Qwen/Qwen3-8B
Lang-1-0794,Lang,1,794,ROR,relational,org.apache.commons.lang3.math.NumberUtils,1367,1,0.75,0.75,919,Qwen/Qwen3-8B
Lang-1-0795,Lang,1,795,ROR,relational,org.apache.commons.lang3.math.NumberUtils,1367,1,0.75,0.75,918,Qwen/Qwen3-8B
Lang-1-0796,Lang,1,796,ROR,relational,org.apache.commons.lang3.math.NumberUtils,1367,1,0.75,0.75,916,Qwen/Qwen3-8B
Lang-1-0797,Lang,1,797,ROR,relational,org.apache.commons.lang3.math.NumberUtils,1367,0,0.75,0.75,932,Qwen/Qwen3-8B
Lang-1-0798,Lang,1,798,ROR,relational,org.apache.commons.lang3.math.NumberUtils,1367,1,0.75,0.75,909,Qwen/Qwen3-8B
Lang-1-0799,Lang,1,799,ROR,relational,org.apache.commons.lang3.math.NumberUtils,1367,1,0.75,0.75,917,Qwen/Qwen3-8B
Lang-1-0800,Lang,1,800,COR,logical,org.apache.commons.lang3.math.NumberUtils,1367,0,0.75,0.75,920,Qwen/Qwen3-8B
Lang-1-0801,Lang,1,801,COR,logical,org.apache.commons.lang3.math.NumberUtils,1367,1,0.75,0.75,919,Qwen/Qwen3-8B
Lang-1-0802,Lang,1,802,COR,logical,org.apache.commons.lang3.math.NumberUtils,1367,1,0.75,0.75,916,Qwen/Qwen3-8B
Lang-1-0803,Lang,1,803,COR,logical,org.apache.commons.lang3.math.NumberUtils,1367,1,0.75,0.75,919,Qwen/Qwen3-8B
Lang-1-0804,Lang,1,804,LVR,arithmetic,org.apache.commons.lang3.math.NumberUtils,1368,1,0.75,0.75,844,Qwen/Qwen3-8B
Lang-1-0805,Lang,1,805,STD,statement_deletion,org.apache.commons.lang3.math.NumberUtils,1368,1,0.15,0.15,845,Qwen/Qwen3-8B
Lang-1-0806,Lang,1,806,LVR,arithmetic,org.apache.commons.lang3.math.NumberUtils,1369,1,0.75,0.75,840,Qwen/Qwen3-8B
Lang-1-0807,Lang,1,807,STD,statement_deletion,org.apache.commons.lang3.math.NumberUtils,1369,1,0.75,0.75,832,Qwen/Qwen3-8B
Lang-1-0808,Lang,1,808,ROR,relational,org.apache.commons.lang3.math.NumberUtils,1371,1,0.75,0.75,843,Qwen/Qwen3-8B
Lang-1-0809,Lang,1,809,ROR,relational,org.apache.commons.lang3.math.NumberUtils,1371,1,0.75,0.75,832,Qwen/Qwen3-8B
Lang-1-0810,Lang,1,810,ROR,relational,org.apache.commons.lang3.math.NumberUtils,1371,1,0.75,0.75,846,Qwen/Qwen3-8B
Lang-1-0811,Lang,1,811,COR,logical,org.apache.commons.lang3.math.NumberUtils,1372,0,0.75,0.75,834,Qwen/Qwen3-8B
Lang-1-0812,Lang,1,812,COR,logical,org.apache.commons.lang3.math.NumberUtils,1372,1,0.75,0.75,829,Qwen/Qwen3-8B
Lang-1-0813,Lang,1,813,COR,logical,org.apache.commons.lang3.math.NumberUtils,1372,1,0.75,0.75,839,Qwen/Qwen3-8B
Lang-1-0814,Lang,1,814,COR,logical,org.apache.commons.lang3.math.NumberUtils,1372,1,0.75,0.75,831,Qwen/Qwen3-8B
Lang-1-0815,Lang,1,815,LVR,arithmetic,org.apache.commons.lang3.math.NumberUtils,1374,1,0.75,0.75,795,Qwen/Qwen3-8B
Lang-1-0816,Lang,1,816,LVR,arithmetic,org.apache.commons.lang3.math.NumberUtils,1376,1,0.75,0.75,796,Qwen/Qwen3-8B
Lang-1-0817,Lang,1,817,STD,statement_deletion,org.apache.commons.lang3.math.NumberUtils,1376,1,0.15,0.15,792,Qwen/Qwen3-8B
Lang-1-0818,Lang,1,818,ROR,relational,org.apache.commons.lang3.math.NumberUtils,1377,1,0.75,0.75,804,Qwen/Qwen3-8B
Lang-1-0819,Lang,1,819,ROR,relational,org.apache.commons.lang3.math.NumberUtils,1377,0,0.75,0.75,811,Qwen/Qwen3-8B
Lang-1-0820,Lang,1,820,ROR,relational,org.apache.commons.lang3.math.NumberUtils,1377,0,0.75,0.75,803,Qwen/Qwen3-8B
Lang-1-0821,Lang,1,821,ROR,relational,org.apache.commons.lang3.math.NumberUtils,1377,1,0.75,0.75,806,Qwen/Qwen3-8B
Lang-1-0822,Lang,1,822,ROR,relational,org.apache.commons.lang3.math.NumberUtils,1377,1,0.75,0.75,810,Qwen/Qwen3-8B
Lang-1-0823,Lang,1,823,ROR,relational,org.apache.commons.lang3.math.NumberUtils,1377,1,0.75,0.75,804,Qwen/Qwen3-8B
Lang-1-0824,Lang,1,824,COR,logical,org.apache.commons.lang3.math.NumberUtils,1377,0,0.75,0.75,807,Qwen/Qwen3-8B
Lang-1-0825,Lang,1,825,COR,logical,org.apache.commons.lang3.math.NumberUtils,1377,1,0.75,0.75,807,Qwen/Qwen3-8B
Lang-1-0826,Lang,1,826,COR,logical,org.apache.commons.lang3.math.NumberUtils,1377,0,0.75,0.75,807,Qwen/Qwen3-8B
Lang-1-0827,Lang,1,827,COR,logical,org.apache.commons.lang3.math.NumberUtils,1377,1,0.75,0.75,828,Qwen/Qwen3-8B
Lang-1-0828,Lang,1,828,COR,logical,org.apache.commons.lang3.math.NumberUtils,1379,0,0.75,0.75,808,Qwen/Qwen3-8B
Lang-1-0829,Lang,1,829,COR,logical,org.apache.commons.lang3.math.NumberUtils,1379,1,0.75,0.75,788,Qwen/Qwen3-8B
Lang-1-0830,Lang,1,830,LVR,arithmetic,org.apache.commons.lang3.math.NumberUtils,1381,0,0.75,0.75,787,Qwen/Qwen3-8B
Lang-1-0831,Lang,1,831,COR,logical,org.apache.commons.lang3.math.NumberUtils,1383,1,0.75,0.75,803,Qwen/Qwen3-8B
Lang-1-0832,Lang,1,832,COR,logical,org.apache.commons.lang3.math.NumberUtils,1383,0,0.75,0.75,810,Qwen/Qwen3-8B
Lang-1-0833,Lang,1,833,LVR,arithmetic,org.apache.commons.lang3.math.NumberUtils,1384,0,0.75,0.75,786,Qwen/Qwen3-8B
Lang-1-0834,Lang,1,834,LVR,arithmetic,org.apache.commons.lang3.math.NumberUtils,1386,1,0.75,0.75,781,Qwen/Qwen3-8B
Lang-1-0835,Lang,1,835,STD,statement_deletion,org.apache.commons.lang3.math.NumberUtils,1386,1,0.75,0.75,777,Qwen/Qwen3-8B
Lang-1-0836,Lang,1,836,LVR,arithmetic,org.apache.commons.lang3.math.NumberUtils,1387,1,0.75,0.75,807,Qwen/Qwen3-8B
Lang-1-0837,Lang,1,837,STD,statement_deletion,org.apache.commons.lang3.math.NumberUtils,1387,1,0.15,0.15,786,Qwen/Qwen3-8B
Lang-1-0838,Lang,1,838,ROR,relational,org.apache.commons.lang3.math.NumberUtils,1388,0,0.75,0.75,791,Qwen/Qwen3-8B
Lang-1-0839,Lang,1,839,ROR,relational,org.apache.commons.lang3.math.NumberUtils,1388,0,0.75,0.75,785,Qwen/Qwen3-8B
Lang-1-0840,Lang,1,840,ROR,relational,org.apache.commons.lang3.math.NumberUtils,1388,1,0.75,0.75,790,Qwen/Qwen3-8B
Lang-1-0841,Lang,1,841,ROR,relational,org.apache.commons.lang3.math.NumberUtils,1388,0,0.75,0.75,788,Qwen/Qwen3-8B
Lang-1-0842,Lang,1,842,ROR,relational,org.apache.commons.lang3.math.NumberUtils,1388,0,0.75,0.75,795,Qwen/Qwen3-8B
Lang-1-0843,Lang,1,843,ROR,relational,org.apache.commons.lang3.math.NumberUtils,1388,1,0.75,0.75,789,Qwen/Qwen3-8B
Lang-1-0844,Lang,1,844,COR,logical,org.apache.commons.lang3.math.NumberUtils,1388,0,0.75,0.75,791,Qwen/Qwen3-8B
Lang-1-0845,Lang,1,845,COR,logical,org.apache.commons.lang3.math.NumberUtils,1388,1,0.75,0.75,787,Qwen/Qwen3-8B
Lang-1-0846,Lang,1,846,COR,logical,org.apache.commons.lang3.math.NumberUtils,1388,1,0.75,0.75,782,Qwen/Qwen3-8B
Lang-1-0847,Lang,1,847,COR,logical,org.apache.commons.lang3.math.NumberUtils,1388,0,0.75,0.75,788,Qwen/Qwen3-8B
Lang-1-0848,Lang,1,848,COR,logical,org.apache.commons.lang3.math.NumberUtils,1389,1,0.75,0.75,786,Qwen/Qwen3-8B
Lang-1-0849,Lang,1,849,COR,logical,org.apache.commons.lang3.math.NumberUtils,1389,1,0.75,0.75,788,Qwen/Qwen3-8B
Lang-1-0850,Lang,1,850,LVR,arithmetic,org.apache.commons.lang3.math.NumberUtils,1390,1,0.75,0.75,782,Qwen/Qwen3-8B
Lang-1-0851,Lang,1,851,LVR,arithmetic,org.apache.commons.lang3.math.NumberUtils,1392,1,0.75,0.75,784,Qwen/Qwen3-8B
Lang-1-0852,Lang,1,852,STD,statement_deletion,org.apache.commons.lang3.math.NumberUtils,1392,1,0.75,0.75,782,Qwen/Qwen3-8B
Lang-1-0853,Lang,1,853,LVR,arithmetic,org.apache.commons.lang3.math.NumberUtils,1393,1,0.75,0.75,796,Qwen/Qwen3-8B
Lang-1-0854,Lang,1,854,STD,statement_deletion,org.apache.commons.lang3.math.NumberUtils,1393,1,0.15,0.15,789,Qwen/Qwen3-8B
Lang-1-0855,Lang,1,855,LVR,arithmetic,org.apache.commons.lang3.math.NumberUtils,1395,1,0.75,0.75,784,Qwen/Qwen3-8B
Lang-1-0856,Lang,1,856,STD,statement_deletion,org.apache.commons.lang3.math.NumberUtils,1397,1,0.75,0.75,784,Qwen/Qwen3-8B
Lang-1-0857,Lang,1,857,ROR,relational,org.apache.commons.lang3.math.NumberUtils,1399,0,0.75,0.75,812,Qwen/Qwen3-8B
Lang-1-0858,Lang,1,858,ROR,relational,org.apache.commons.lang3.math.NumberUtils,1399,0,0.75,0.75,805,Qwen/Qwen3-8B
Lang-1-0859,Lang,1,859,ROR,relational,org.apache.commons.lang3.math.NumberUtils,1399,1,0.75,0.75,806,Qwen/Qwen3-8B
Lang-1-0860,Lang,1,860,ROR,relational,org.apache.commons.lang3.math.NumberUtils,1400,1,0.75,0.75,789,Qwen/Qwen3-8B
Lang-1-0861,Lang,1,861,ROR,relational,org.apache.commons.lang3.math.NumberUtils,1400,1,0.75,0.75,795,Qwen/Qwen3-8B
Lang-1-0862,Lang,1,862,ROR,relational,org.apache.commons.lang3.math.NumberUtils,1400,1,0.75,0.75,794,Qwen/Qwen3-8B
Lang-1-0863,Lang,1,863,ROR,relational,org.apache.commons.lang3.math.NumberUtils,1400,0,0.75,0.75,790,Qwen/Qwen3-8B
Lang-1-0864,Lang,1,864,ROR,relational,org.apache.commons.lang3.math.NumberUtils,1400,1,0.75,0.75,805,Qwen/Qwen3-8B
Lang-1-0865,Lang,1,865,ROR,relational,org.apache.commons.lang3.math.NumberUtils,1400,1,0.75,0.75,797,Qwen/Qwen3-8B
Lang-1-0866,Lang,1,866,COR,logical,org.apache.commons.lang3.math.NumberUtils,1400,0,0.75,0.75,797,Qwen/Qwen3-8B
Lang-1-0867,Lang,1,867,COR,logical,org.apache.commons.lang3.math.NumberUtils,1400,1,0.75,0.75,795,Qwen/Qwen3-8B
Lang-1-0868,Lang,1,868,COR,logical,org.apache.commons.lang3.math.NumberUtils,1400,1,0.75,0.75,794,Qwen/Qwen3-8B
Lang-1-0869,Lang,1,869,COR,logical,org.apache.commons.lang3.math.NumberUtils,1400,1,0.75,0.75,791,Qwen/Qwen3-8B
Lang-1-0870,Lang,1,870,LVR,arithmetic,org.apache.commons.lang3.math.NumberUtils,1402,1,0.75,0.75,794,Qwen/Qwen3-8B
Lang-1-0871,Lang,1,871,ROR,relational,org.apache.commons.lang3.math.NumberUtils,1404,1,0.75,0.75,817,Qwen/Qwen3-8B
Lang-1-0872,Lang,1,872,ROR,relational,org.apache.commons.lang3.math.NumberUtils,1404,0,0.75,0.75,816,Qwen/Qwen3-8B
Lang-1-0873,Lang,1,873,ROR,relational,org.apache.commons.lang3.math.NumberUtils,1404,0,0.75,0.75,814,Qwen/Qwen3-8B
Lang-1-0874,Lang,1,874,ROR,relational,org.apache.commons.lang3.math.NumberUtils,1404,1,0.75,0.75,812,Qwen/Qwen3-8B
Lang-1-0875,Lang,1,875,ROR,relational,org.apache.commons.lang3.math.NumberUtils,1404,1,0.75,0.75,810,Qwen/Qwen3-8B
Lang-1-0876,Lang,1,876,ROR,relational,org.apache.commons.lang3.math.NumberUtils,1404,0,0.75,0.75,809,Qwen/Qwen3-8B
Lang-1-0877,Lang,1,877,COR,logical,org.apache.commons.lang3.math.NumberUtils,1404,0,0.3,0.3,728,Qwen/Qwen3-8B
Lang-1-0878,Lang,1,878,COR,logical,org.apache.commons.lang3.math.NumberUtils,1404,0,0.75,0.75,806,Qwen/Qwen3-8B
Lang-1-0879,Lang,1,879,COR,logical,org.apache.commons.lang3.math.NumberUtils,1404,0,0.75,0.75,809,Qwen/Qwen3-8B
Lang-1-0880,Lang,1,880,COR,logical,org.apache.commons.lang3.math.NumberUtils,1404,1,0.75,0.75,807,Qwen/Qwen3-8B
Lang-1-0881,Lang,1,881,LVR,arithmetic,org.apache.commons.lang3.math.NumberUtils,1406,1,0.75,0.75,798,Qwen/Qwen3-8B
Lang-1-0882,Lang,1,882,ROR,relational,org.apache.commons.lang3.math.NumberUtils,1408,1,0.75,0.75,803,Qwen/Qwen3-8B
Lang-1-0883,Lang,1,883,ROR,relational,org.apache.commons.lang3.math.NumberUtils,1408,1,0.75,0.75,802,Qwen/Qwen3-8B
Lang-1-0884,Lang,1,884,ROR,relational,org.apache.commons.lang3.math.NumberUtils,1408,1,0.75,0.75,784,Qwen/Qwen3-8B
Lang-1-0885,Lang,1,885,COR,logical,org.apache.commons.lang3.math.NumberUtils,1409,0,0.75,0.75,802,Qwen/Qwen3-8B
Lang-1-0886,Lang,1,886,COR,logical,org.apache.commons.lang3.math.NumberUtils,1409,0,0.75,0.75,805,Qwen/Qwen3-8B
Lang-1-0887,Lang,1,887,COR,logical,org.apache.commons.lang3.math.NumberUtils,1409,0,0.75,0.75,792,Qwen/Qwen3-8B
Lang-1-0888,Lang,1,888,COR,logical,org.apache.commons.lang3.math.NumberUtils,1409,1,0.75,0.75,790,Qwen/Qwen3-8B
Lang-1-0889,Lang,1,889,LVR,arithmetic,org.apache.commons.lang3.math.NumberUtils,1411,0,0.75,0.75,790,Qwen/Qwen3-8B
Lang-1-0890,Lang,1,890,ROR,relational,org.apache.commons.lang3.math.NumberUtils,1417,1,0.75,0.75,785,Qwen/Qwen3-8B
Lang-1-0891,Lang,1,891,ROR,relational,org.apache.commons.lang3.math.NumberUtils,1417,1,0.75,0.75,789,Qwen/Qwen3-8B
Lang-1-0892,Lang,1,892,ROR,relational,org.apache.commons.lang3.math.NumberUtils,1417,0,0.75,0.75,790,Qwen/Qwen3-8B
Lang-1-0893,Lang,1,893,ROR,relational,org.apache.commons.lang3.math.NumberUtils,1418,1,0.3,0.3,720,Qwen/Qwen3-8B
Lang-1-0894,Lang,1,894,ROR,relational,org.apache.commons.lang3.math.NumberUtils,1418,1,0.3,0.3,714,Qwen/Qwen3-8B
Lang-1-0895,Lang,1,895,ROR,relational,org.apache.commons.lang3.math.NumberUtils,1418,1,0.75,0.75,798,Qwen/Qwen3-8B
Lang-1-0896,Lang,1,896,COR,logical,org.apache.commons.lang3.math.NumberUtils,1417,0,0.3,0.3,710,Qwen/Qwen3-8B
Lang-1-0897,Lang,1,897,COR,logical,org.apache.commons.lang3.math.NumberUtils,1417,1,0.75,0.75,788,Qwen/Qwen3-8B
Lang-1-0898,Lang,1,898,COR,logical,org.apache.commons.lang3.math.NumberUtils,1418,0,0.3,0.3,716,Qwen/Qwen3-8B
Lang-1-0899,Lang,1,899,COR,logical,org.apache.commons.lang3.math.NumberUtils,1418,1,0.75,0.75,807,Qwen/Qwen3-8B
Lang-1-0900,Lang,1,900,ROR,relational,org.apache.commons.lang3.math.NumberUtils,1419,1,0.75,0.75,809,Qwen/Qwen3-8B
Lang-1-0901,Lang,1,901,ROR,relational,org.apache.commons.lang3.math.NumberUtils,1419,1,0.75,0.75,807,Qwen/Qwen3-8B
Lang-1-0902,Lang,1,902,ROR,relational,org.apache.commons.lang3.math.NumberUtils,1419,0,0.75,0.75,808,Qwen/Qwen3-8B
Lang-1-0903,Lang,1,903,COR,logical,org.apache.commons.lang3.math.NumberUtils,1417,0,0.3,0.3,716,Qwen/Qwen3-8B
Lang-1-0904,Lang,1,904,COR,logical,org.apache.commons.lang3.math.NumberUtils,1417,0,0.75,0.75,789,Qwen/Qwen3-8B
Lang-1-0905,Lang,1,905,COR,logical,org.apache.commons.lang3.math.NumberUtils,1419,1,0.75,0.75,804,Qwen/Qwen3-8B
Lang-1-0906,Lang,1,906,COR,logical,org.apache.commons.lang3.math.NumberUtils,1419,1,0.75,0.75,812,Qwen/Qwen3-8B
Lang-1-0907,Lang,1,907,ROR,relational,org.apache.commons.lang3.math.NumberUtils,1420,1,0.75,0.75,813,Qwen/Qwen3-8B
Lang-1-0908,Lang,1,908,ROR,relational,org.apache.commons.lang3.math.NumberUtils,1420,1,0.75,0.75,805,Qwen/Qwen3-8B
Lang-1-0909,Lang,1,909,ROR,relational,org.apache.commons.lang3.math.NumberUtils,1420,1,0.75,0.75,804,Qwen/Qwen3-8B
Lang-1-0910,Lang,1,910,COR,logical,org.apache.commons.lang3.math.NumberUtils,1417,0,0.3,0.3,705,Qwen/Qwen3-8B
Lang-1-0911,Lang,1,911,COR,logical,org.apache.commons.lang3.math.NumberUtils,1417,1,0.75,0.75,792,Qwen/Qwen3-8B
Lang-1-0912,Lang,1,912,COR,logical,org.apache.commons.lang3.math.NumberUtils,1420,1,0.75,0.75,828,Qwen/Qwen3-8B
Lang-1-0913,Lang,1,913,COR,logical,org.apache.commons.lang3.math.NumberUtils,1420,1,0.75,0.75,811,Qwen/Qwen3-8B
Lang-1-0914,Lang,1,914,COR,logical,org.apache.commons.lang3.math.NumberUtils,1416,0,0.3,0.3,710,Qwen/Qwen3-8B
Lang-1-0915,Lang,1,915,COR,logical,org.apache.commons.lang3.math.NumberUtils,1417,1,0.75,0.75,803,Qwen/Qwen3-8B
Lang-1-0916,Lang,1,916,COR,logical,org.apache.commons.lang3.math.NumberUtils,1416,1,0.15,0.15,795,Qwen/Qwen3-8B
Lang-1-0917,Lang,1,917,COR,logical,org.apache.commons.lang3.math.NumberUtils,1417,1,0.75,0.75,797,Qwen/Qwen3-8B
Lang-1-0918,Lang,1,918,ROR,relational,org.apache.commons.lang3.math.NumberUtils,1423,1,0.75,0.75,807,Qwen/Qwen3-8B
Lang-1-0919,Lang,1,919,ROR,relational,org.apache.commons.lang3.math.NumberUtils,1423,1,0.75,0.75,805,Qwen/Qwen3-8B
Lang-1-0920,Lang,1,920,ROR,relational,org.apache.commons.lang3.math.NumberUtils,1423,0,0.75,0.75,807,Qwen/Qwen3-8B
Lang-1-0921,Lang,1,921,ROR,relational,org.apache.commons.lang3.math.NumberUtils,1424,1,0.3,0.3,711,Qwen/Qwen3-8B
Lang-1-0922,Lang,1,922,ROR,relational,org.apache.commons.lang3.math.NumberUtils,1424,1,0.3,0.3,708,Qwen/Qwen3-8B
Lang-1-0923,Lang,1,923,ROR,relational,org.apache.commons.lang3.math.NumberUtils,1424,1,0.75,0.75,803,Qwen/Qwen3-8B
Lang-1-0924,Lang,1,924,COR,logical,org.apache.commons.lang3.math.NumberUtils,1423,0,0.75,0.75,814,Qwen/Qwen3-8B
Lang-1-0925,Lang,1,925,COR,logical,org.apache.commons.lang3.math.NumberUtils,1423,1,0.75,0.75,812,Qwen/Qwen3-8B
Lang-1-0926,Lang,1,926,COR,logical,org.apache.commons.lang3.math.NumberUtils,1424,0,0.75,0.75,809,Qwen/Qwen3-8B
Lang-1-0927,Lang,1,927,COR,logical,org.apache.commons.lang3.math.NumberUtils,1424,1,0.75,0.75,808,Qwen/Qwen3-8B
Lang-1-0928,Lang,1,928,COR,logical,org.apache.commons.lang3.math.NumberUtils,1426,0,0.75,0.75,817,Qwen/Qwen3-8B
Lang-1-0929,Lang,1,929,COR,logical,org.apache.commons.lang3.math.NumberUtils,1426,1,0.75,0.75,819,Qwen/Qwen3-8B
Lang-1-0930,Lang,1,930,COR,logical,org.apache.commons.lang3.math.NumberUtils,1426,1,0.75,0.75,819,Qwen/Qwen3-8B
Lang-1-0931,Lang,1,931,COR,logical,org.apache.commons.lang3.math.NumberUtils,1426,0,0.75,0.75,817,Qwen/Qwen3-8B
Lang-1-0932,Lang,1,932,COR,logical,org.apache.commons.lang3.math.NumberUtils,1426,0,0.75,0.75,816,Qwen/Qwen3-8B
Lang-1-0933,Lang,1,933,COR,logical,org.apache.commons.lang3.math.NumberUtils,1426,1,0.75,0.75,817,Qwen/Qwen3-8B
Lang-1-0934,Lang,1,934,COR,logical,org.apache.commons.lang3.math.NumberUtils,1426,1,0.75,0.75,827,Qwen/Qwen3-8B
Lang-1-0935,Lang,1,935,COR,logical,org.apache.commons.lang3.math.NumberUtils,1426,1,0.75,0.75,819,Qwen/Qwen3-8B
Lang-1-0936,Lang,1,936,LVR,arithmetic,org.apache.commons.lang3.math.NumberUtils,1429,1,0.75,0.75,803,Qwen/Qwen3-8B
Lang-1-0937,Lang,1,937,COR,logical,org.apache.commons.lang3.math.NumberUtils,1433,0,0.75,0.75,790,Qwen/Qwen3-8B
Lang-1-0938,Lang,1,938,COR,logical,org.apache.commons.lang3.math.NumberUtils,1433,0,0.75,0.75,774,Qwen/Qwen3-8B
Lang-1-0939,Lang,1,939,COR,logical,org.apache.commons.lang3.math.NumberUtils,1433,0,0.75,0.75,776,Qwen/Qwen3-8B
Lang-1-0940,Lang,1,940,COR,logical,org.apache.commons.lang3.math.NumberUtils,1433,0,0.75,0.75,779,Qwen/Qwen3-8B
Lang-3-0001,Lang,3,1,LVR,arithmetic,org.apache.commons.lang3.math.NumberUtils,34,1,0.15,0.15,814,Qwen/Qwen3-8B
Lang-3-0002,Lang,3,2,LVR,arithmetic,org.apache.commons.lang3.math.NumberUtils,34,1,0.95,0.95,815,Qwen/Qwen3-8B
Lang-3-0003,Lang,3,3,LVR,arithmetic,org.apache.commons.lang3.math.NumberUtils,36,1,0.1,0.1,740,Qwen/Qwen3-8B
Lang-3-0004,Lang,3,4,LVR,arithmetic,org.apache.commons.lang3.math.NumberUtils,36,1,0.15,0.15,821,Qwen/Qwen3-8B
Lang-3-0005,Lang,3,5,LVR,arithmetic,org.apache.commons.lang3.math.NumberUtils,38,1,0.1,0.1,762,Qwen/Qwen3-8B
Lang-3-0006,Lang,3,6,LVR,arithmetic,org.apache.commons.lang3.math.NumberUtils,38,1,0.15,0.15,847,Qwen/Qwen3-8B
Lang-3-0007,Lang,3,7,LVR,arithmetic,org.apache.commons.lang3.math.NumberUtils,40,1,0.1,0.1,773,Qwen/Qwen3-8B
Lang-3-0008,Lang,3,8,LVR,arithmetic,org.apache.commons.lang3.math.NumberUtils,40,1,0.1,0.1,771,Qwen/Qwen3-8B
Lang-3-0009,Lang,3,9,LVR,arithmetic,org.apache.commons.lang3.math.NumberUtils,42,1,0.1,0.1,771,Qwen/Qwen3-8B
Lang-3-0010,Lang,3,10,LVR,arithmetic,org.apache.commons.lang3.math.NumberUtils,42,1,0.15,0.15,852,Qwen/Qwen3-8B
Lang-3-0011,Lang,3,11,LVR,arithmetic,org.apache.commons.lang3.math.NumberUtils,44,1,0.1,0.1,770,Qwen/Qwen3-8B
Lang-3-0012,Lang,3,12,LVR,arithmetic,org.apache.commons.lang3.math.NumberUtils,44,1,0.1,0.1,775,Qwen/Qwen3-8B
Lang-3-0013,Lang,3,13,LVR,arithmetic,org.apache.commons.lang3.math.NumberUtils,46,0,0.1,0.1,761,Qwen/Qwen3-8B
Lang-3-0014,Lang,3,14,LVR,arithmetic,org.apache.commons.lang3.math.NumberUtils,46,0,0.1,0.1,765,Qwen/Qwen3-8B
Lang-3-0015,Lang,3,15,LVR,arithmetic,org.apache.commons.lang3.math.NumberUtils,48,0,0.1,0.1,833,Qwen/Qwen3-8B
Lang-3-0016,Lang,3,16,LVR,arithmetic,org.apache.commons.lang3.math.NumberUtils,48,0,0.1,0.1,839,Qwen/Qwen3-8B
Lang-3-0017,Lang,3,17,LVR,arithmetic,org.apache.commons.lang3.math.NumberUtils,50,0,0.1,0.1,843,Qwen/Qwen3-8B
Lang-3-0018,Lang,3,18,LVR,arithmetic,org.apache.commons.lang3.math.NumberUtils,50,0,0.1,0.1,841,Qwen/Qwen3-8B
Lang-3-0019,Lang,3,19,LVR,arithmetic,org.apache.commons.lang3.math.NumberUtils,52,0,0.1,0.1,836,Qwen/Qwen3-8B
Lang-3-0020,Lang,3,20,LVR,arithmetic,org.apache.commons.lang3.math.NumberUtils,52,0,0.1,0.1,836,Qwen/Qwen3-8B
Lang-3-0021,Lang,3,21,LVR,arithmetic,org.apache.commons.lang3.math.NumberUtils,54,0,0.1,0.1,841,Qwen/Qwen3-8B
Lang-3-0022,Lang,3,22,LVR,arithmetic,org.apache.commons.lang3.math.NumberUtils,54,0,0.1,0.1,835,Qwen/Qwen3-8B
Lang-3-0023,Lang,3,23,LVR,arithmetic,org.apache.commons.lang3.math.NumberUtils,56,0,0.1,0.1,840,Qwen/Qwen3-8B
Lang-3-0024,Lang,3,24,LVR,arithmetic,org.apache.commons.lang3.math.NumberUtils,56,0,0.1,0.1,836,Qwen/Qwen3-8B
Lang-3-0025,Lang,3,25,LVR,arithmetic,org.apache.commons.lang3.math.NumberUtils,58,1,0.1,0.1,841,Qwen/Qwen3-8B
Lang-3-0026,Lang,3,26,LVR,arithmetic,org.apache.commons.lang3.math.NumberUtils,58,1,0.1,0.1,841,Qwen/Qwen3-8B
Lang-3-0027,Lang,3,27,LVR,arithmetic,org.apache.commons.lang3.math.NumberUtils,60,1,0.1,0.1,844,Qwen/Qwen3-8B
Lang-3-0028,Lang,3,28,LVR,arithmetic,org.apache.commons.lang3.math.NumberUtils,60,1,0.1,0.1,836,Qwen/Qwen3-8B
Lang-3-0029,Lang,3,29,ORU,return_value,org.apache.commons.lang3.math.NumberUtils,62,1,0.1,0.1,841,Qwen/Qwen3-8B
Lang-3-0030,Lang,3,30,LVR,arithmetic,org.apache.commons.lang3.math.NumberUtils,62,1,0.1,0.1,845,Qwen/Qwen3-8B
Lang-3-0031,Lang,3,31,LVR,arithmetic,org.apache.commons.lang3.math.NumberUtils,62,1,0.1,0.1,841,Qwen/Qwen3-8B
Lang-3-0032,Lang,3,32,LVR,arithmetic,org.apache.commons.lang3.math.NumberUtils,64,1,0.1,0.1,764,Qwen/Qwen3-8B
Lang-3-0033,Lang,3,33,LVR,arithmetic,org.apache.commons.lang3.math.NumberUtils,64,1,0.1,0.1,761,Qwen/Qwen3-8B
Lang-3-0034,Lang,3,34,LVR,arithmetic,org.apache.commons.lang3.math.NumberUtils,66,1,0.1,0.1,829,Qwen/Qwen3-8B
Lang-3-0035,Lang,3,35,LVR,arithmetic,org.apache.commons.lang3.math.NumberUtils,66,1,0.1,0.1,830,Qwen/Qwen3-8B
Lang-3-0036,Lang,3,36,ORU,return_value,org.apache.commons.lang3.math.NumberUtils,68,1,0.1,0.1,765,Qwen/Qwen3-8B
Lang-3-0037,Lang,3,37,LVR,arithmetic,org.apache.commons.lang3.math.NumberUtils,68,1,0.1,0.1,767,Qwen/Qwen3-8B
Lang-3-0038,Lang,3,38,LVR,arithmetic,org.apache.commons.lang3.math.NumberUtils,68,1,0.1,0.1,767,Qwen/Qwen3-8B
Lang-3-0039,Lang,3,39,LVR,arithmetic,org.apache.commons.lang3.math.NumberUtils,100,1,0.95,0.95,818,Qwen/Qwen3-8B
Lang-3-0040,Lang,3,40,LVR,arithmetic,org.apache.commons.lang3.math.NumberUtils,100,1,0.85,0.85,814,Qwen/Qwen3-8B
Lang-3-0041,Lang,3,41,ROR,relational,org.apache.commons.lang3.math.NumberUtils,121,0,0.95,0.95,822,Qwen/Qwen3-8B
Lang-3-0042,Lang,3,42,LVR,arithmetic,org.apache.commons.lang3.math.NumberUtils,149,1,0.15,0.15,824,Qwen/Qwen3-8B
Lang-3-0043,Lang,3,43,LVR,arithmetic,org.apache.commons.lang3.math.NumberUtils,149,1,0.15,0.15,816,Qwen/Qwen3-8B
Lang-3-0044,Lang,3,44,ROR,relational,org.apache.commons.lang3.math.NumberUtils,170,0,0.95,0.95,820,Qwen/Qwen3-8B
Lang-3-0045,Lang,3,45,LVR,arithmetic,org.apache.commons.lang3.math.NumberUtils,199,1,0.1,0.1,735,Qwen/Qwen3-8B
Lang-3-0046,Lang,3,46,LVR,arithmetic,org.apache.commons.lang3.math.NumberUtils,199,1,0.1,0.1,760,Qwen/Qwen3-8B
Lang-3-0047,Lang,3,47,ROR,relational,org.apache.commons.lang3.math.NumberUtils,222,1,0.75,0.75,808,Qwen/Qwen3-8B
Lang-3-0048,Lang,3,48,LVR,arithmetic,org.apache.commons.lang3.math.NumberUtils,251,1,0.1,0.1,740,Qwen/Qwen3-8B
Lang-3-0049,Lang,3,49,LVR,arithmetic,org.apache.commons.lang3.math.NumberUtils,251,1,0.1,0.1,738,Qwen/Qwen3-8B
Lang-3-0050,Lang,3,50,ROR,relational,org.apache.commons.lang3.math.NumberUtils,274,1,0.75,0.75,808,Qwen/Qwen3-8B
Lang-3-0051,Lang,3,51,LVR,arithmetic,org.apache.commons.lang3.math.NumberUtils,303,0,0.15,0.15,829,Qwen/Qwen3-8B
Lang-3-0052,Lang,3,52,LVR,arithmetic,org.apache.commons.lang3.math.NumberUtils,303,0,0.15,0.15,815,Qwen/Qwen3-8B
Lang-3-0053,Lang,3,53,ROR,relational,org.apache.commons.lang3.math.NumberUtils,324,0,0.95,0.95,813,Qwen/Qwen3-8B
Lang-3-0054,Lang,3,54,LVR,arithmetic,org.apache.commons.lang3.math.NumberUtils,352,0,0.15,0.15,817,Qwen/Qwen3-8B
Lang-3-0055,Lang,3,55,LVR,arithmetic,org.apache.commons.lang3.math.NumberUtils,352,0,0.15,0.15,819,Qwen/Qwen3-8B
Lang-3-0056,Lang,3,56,ROR,relational,org.apache.commons.lang3.math.NumberUtils,373,0,0.95,0.95,822,Qwen/Qwen3-8B
Lang-3-0057,Lang,3,57,ROR,relational,org.apache.commons.lang3.math.NumberUtils,451,1,0.95,0.95,827,Qwen/Qwen3-8B
Lang-3-0058,Lang,3,58,COR,logical,org.apache.commons.lang3.math.NumberUtils,454,1,0.75,0.75,826,Qwen/Qwen3-8B
Lang-3-0059,Lang,3,59,COR,logical,org.apache.commons.lang3.math.NumberUtils,454,1,0.75,0.75,824,Qwen/Qwen3-8B
Lang-3-0060,Lang,3,60,LVR,arithmetic,org.apache.commons.lang3.math.NumberUtils,459,1,0.75,0.75,809,Qwen/Qwen3-8B
Lang-3-0061,Lang,3,61,LVR,arithmetic,org.apache.commons.lang3.math.NumberUtils,459,1,0.75,0.75,815,Qwen/Qwen3-8B
Lang-3-0062,Lang,3,62,COR,logical,org.apache.commons.lang3.math.NumberUtils,461,1,0.75,0.75,836,Qwen/Qwen3-8B
Lang-3-0063,Lang,3,63,COR,logical,org.apache.commons.lang3.math.NumberUtils,461,1,0.75,0.75,832,Qwen/Qwen3-8B
Lang-3-0064,Lang,3,64,STD,statement_deletion,org.apache.commons.lang3.math.NumberUtils,462,1,0.15,0.15,832,Qwen/Qwen3-8B
Lang-3-0065,Lang,3,65,LVR,arithmetic,org.apache.commons.lang3.math.NumberUtils,466,1,0.75,0.75,813,Qwen/Qwen3-8B
Lang-3-0066,Lang,3,66,LVR,arithmetic,org.apache.commons.lang3.math.NumberUtils,466,1,0.75,0.75,816,Qwen/Qwen3-8B
Lang-3-0067,Lang,3,67,ROR,relational,org.apache.commons.lang3.math.NumberUtils,466,0,0.75,0.75,822,Qwen/Qwen3-8B
Lang-3-0068,Lang,3,68,ROR,relational,org.apache.commons.lang3.math.NumberUtils,466,1,0.75,0.75,825,Qwen/Qwen3-8B
Lang-3-0069,Lang,3,69,ROR,relational,org.apache.commons.lang3.math.NumberUtils,466,1,0.75,0.75,820,Qwen/Qwen3-8B
Lang-3-0070,Lang,3,70,AOR,arithmetic,org.apache.commons.lang3.math.NumberUtils,467,1,0.3,0.3,733,Qwen/Qwen3-8B
Lang-3-0071,Lang,3,71,AOR,arithmetic,org.apache.commons.lang3.math.NumberUtils,467,1,0.75,0.75,810,Qwen/Qwen3-8B
Lang-3-0072,Lang,3,72,AOR,arithmetic,org.apache.commons.lang3.math.NumberUtils,467,1,0.75,0.75,812,Qwen/Qwen3-8B
Lang-3-0073,Lang,3,73,AOR,arithmetic,org.apache.commons.lang3.math.NumberUtils,467,1,0.75,0.75,810,Qwen/Qwen3-8B
Lang-3-0074,Lang,3,74,LVR,arithmetic,org.apache.commons.lang3.math.NumberUtils,468,1,0.75,0.75,802,Qwen/Qwen3-8B
Lang-3-0075,Lang,3,75,LVR,arithmetic,org.apache.commons.lang3.math.NumberUtils,468,1,0.75,0.75,806,Qwen/Qwen3-8B
Lang-3-0076,Lang,3,76,ROR,relational,org.apache.commons.lang3.math.NumberUtils,468,1,0.75,0.75,816,Qwen/Qwen3-8B
Lang-3-0077,Lang,3,77,ROR,relational,org.apache.commons.lang3.math.NumberUtils,468,1,0.75,0.75,806,Qwen/Qwen3-8B
Lang-3-0078,Lang,3,78,ROR,relational,org.apache.commons.lang3.math.NumberUtils,468,1,0.75,0.75,808,Qwen/Qwen3-8B
Lang-3-0079,Lang,3,79,LVR,arithmetic,org.apache.commons.lang3.math.NumberUtils,471,1,0.75,0.75,814,Qwen/Qwen3-8B
Lang-3-0080,Lang,3,80,LVR,arithmetic,org.apache.commons.lang3.math.NumberUtils,471,1,0.75,0.75,807,Qwen/Qwen3-8B
Lang-3-0081,Lang,3,81,ROR,relational,org.apache.commons.lang3.math.NumberUtils,471,0,0.75,0.75,813,Qwen/Qwen3-8B
Lang-3-0082,Lang,3,82,ROR,relational,org.apache.commons.lang3.math.NumberUtils,471,1,0.75,0.75,815,Qwen/Qwen3-8B
Lang-3-0083,Lang,3,83,ROR,relational,org.apache.commons.lang3.math.NumberUtils,471,1,0.75,0.75,840,Qwen/Qwen3-8B
Lang-3-0084,Lang,3,84,LVR,arithmetic,org.apache.commons.lang3.math.NumberUtils,476,1,0.75,0.75,819,Qwen/Qwen3-8B
Lang-3-0085,Lang,3,85,LVR,arithmetic,org.apache.commons.lang3.math.NumberUtils,476,1,0.75,0.75,817,Qwen/Qwen3-8B
Lang-3-0086,Lang,3,86,AOR,arithmetic,org.apache.commons.lang3.math.NumberUtils,476,1,0.75,0.75,822,Qwen/Qwen3-8B
Lang-3-0087,Lang,3,87,AOR,arithmetic,org.apache.commons.lang3.math.NumberUtils,476,1,0.75,0.75,825,Qwen/Qwen3-8B
Lang-3-0088,Lang,3,88,AOR,arithmetic,org.apache.commons.lang3.math.NumberUtils,476,1,0.75,0.75,834,Qwen/Qwen3-8B
Lang-3-0089,Lang,3,89,AOR,arithmetic,org.apache.commons.lang3.math.NumberUtils,476,1,0.75,0.75,825,Qwen/Qwen3-8B
Lang-3-0090,Lang,3,90,AOR,arithmetic,org.apache.commons.lang3.math.NumberUtils,481,1,0.75,0.75,840,Qwen/Qwen3-8B
Lang-3-0091,Lang,3,91,AOR,arithmetic,org.apache.commons.lang3.math.NumberUtils,481,1,0.75,0.75,846,Qwen/Qwen3-8B
Lang-3-0092,Lang,3,92,AOR,arithmetic,org.apache.commons.lang3.math.NumberUtils,481,1,0.75,0.75,842,Qwen/Qwen3-8B
Lang-3-0093,Lang,3,93,AOR,arithmetic,org.apache.commons.lang3.math.NumberUtils,481,1,0.75,0.75,841,Qwen/Qwen3-8B
Lang-3-0094,Lang,3,94,LVR,arithmetic,org.apache.commons.lang3.math.NumberUtils,481,1,0.75,0.75,849,Qwen/Qwen3-8B
Lang-3-0095,Lang,3,95,LVR,arithmetic,org.apache.commons.lang3.math.NumberUtils,481,1,0.75,0.75,850,Qwen/Qwen3-8B
Lang-3-0096,Lang,3,96,AOR,arithmetic,org.apache.commons.lang3.math.NumberUtils,481,1,0.75,0.75,840,Qwen/Qwen3-8B
Lang-3-0097,Lang,3,97,AOR,arithmetic,org.apache.commons.lang3.math.NumberUtils,481,1,0.75,0.75,840,Qwen/Qwen3-8B
Lang-3-0098,Lang,3,98,AOR,arithmetic,org.apache.commons.lang3.math.NumberUtils,481,1,0.75,0.75,846,Qwen/Qwen3-8B
Lang-3-0099,Lang,3,99,AOR,arithmetic,org.apache.commons.lang3.math.NumberUtils,481,1,0.75,0.75,842,Qwen/Qwen3-8B
Lang-3-0100,Lang,3,100,LVR,arithmetic,org.apache.commons.lang3.math.NumberUtils,485,0,0.75,0.75,924,Qwen/Qwen3-8B
Lang-3-0101,Lang,3,101,LVR,arithmetic,org.apache.commons.lang3.math.NumberUtils,485,0,0.75,0.75,927,Qwen/Qwen3-8B
Lang-3-0102,Lang,3,102,LVR,arithmetic,org.apache.commons.lang3.math.NumberUtils,486,1,0.75,0.75,930,Qwen/Qwen3-8B
Lang-3-0103,Lang,3,103,LVR,arithmetic,org.apache.commons.lang3.math.NumberUtils,486,1,0.75,0.75,929,Qwen/Qwen3-8B
Lang-3-0104,Lang,3,104,ROR,relational,org.apache.commons.lang3.math.NumberUtils,486,0,0.75,0.75,919,Qwen/Qwen3-8B
Lang-3-0105,Lang,3,105,ROR,relational,org.apache.commons.lang3.math.NumberUtils,486,1,0.75,0.75,930,Qwen/Qwen3-8B
Lang-3-0106,Lang,3,106,ROR,relational,org.apache.commons.lang3.math.NumberUtils,486,1,0.75,0.75,947,Qwen/Qwen3-8B
Lang-3-0107,Lang,3,107,LVR,arithmetic,org.apache.commons.lang3.math.NumberUtils,488,0,0.75,0.75,915,Qwen/Qwen3-8B
Lang-3-0108,Lang,3,108,LVR,arithmetic,org.apache.commons.lang3.math.NumberUtils,488,0,0.75,0.75,909,Qwen/Qwen3-8B
Lang-3-0109,Lang,3,109,ROR,relational,org.apache.commons.lang3.math.NumberUtils,488,0,0.75,0.75,915,Qwen/Qwen3-8B
Lang-3-0110,Lang,3,110,ROR,relational,org.apache.commons.lang3.math.NumberUtils,488,1,0.75,0.75,917,Qwen/Qwen3-8B
Lang-3-0111,Lang,3,111,ROR,relational,org.apache.commons.lang3.math.NumberUtils,488,1,0.75,0.75,941,Qwen/Qwen3-8B
Lang-3-0112,Lang,3,112,ROR,relational,org.apache.commons.lang3.math.NumberUtils,489,1,0.75,0.75,841,Qwen/Qwen3-8B
Lang-3-0113,Lang,3,113,ROR,relational,org.apache.commons.lang3.math.NumberUtils,489,0,0.75,0.75,836,Qwen/Qwen3-8B
Lang-3-0114,Lang,3,114,ROR,relational,org.apache.commons.lang3.math.NumberUtils,489,1,0.75,0.75,843,Qwen/Qwen3-8B
Lang-3-0115,Lang,3,115,ROR,relational,org.apache.commons.lang3.math.NumberUtils,489,1,0.75,0.75,845,Qwen/Qwen3-8B
Lang-3-0116,Lang,3,116,ROR,relational,org.apache.commons.lang3.math.NumberUtils,489,0,0.75,0.75,838,Qwen/Qwen3-8B
Lang-3-0117,Lang,3,117,ROR,relational,org.apache.commons.lang3.math.NumberUtils,489,1,0.75,0.75,843,Qwen/Qwen3-8B
Lang-3-0118,Lang,3,118,COR,logical,org.apache.commons.lang3.math.NumberUtils,489,0,0.75,0.75,840,Qwen/Qwen3-8B
Lang-3-0119,Lang,3,119,COR,logical,org.apache.commons.lang3.math.NumberUtils,489,1,0.75,0.75,845,Qwen/Qwen3-8B
Lang-3-0120,Lang,3,120,COR,logical,org.apache.commons.lang3.math.NumberUtils,489,1,0.75,0.75,848,Qwen/Qwen3-8B
Lang-3-0121,Lang,3,121,COR,logical,org.apache.commons.lang3.math.NumberUtils,489,1,0.75,0.75,835,Qwen/Qwen3-8B
Lang-3-0122,Lang,3,122,LVR,arithmetic,org.apache.commons.lang3.math.NumberUtils,492,1,0.75,0.75,838,Qwen/Qwen3-8B
Lang-3-0123,Lang,3,123,LVR,arithmetic,org.apache.commons.lang3.math.NumberUtils,492,1,0.75,0.75,830,Qwen/Qwen3-8B
Lang-3-0124,Lang,3,124,AOR,arithmetic,org.apache.commons.lang3.math.NumberUtils,492,1,0.35,0.35,839,Qwen/Qwen3-8B
Lang-3-0125,Lang,3,125,AOR,arithmetic,org.apache.commons.lang3.math.NumberUtils,492,1,0.75,0.75,835,Qwen/Qwen3-8B
Lang-3-0126,Lang,3,126,AOR,arithmetic,org.apache.commons.lang3.math.NumberUtils,492,1,0.75,0.75,848,Qwen/Qwen3-8B
Lang-3-0127,Lang,3,127,AOR,arithmetic,org.apache.commons.lang3.math.NumberUtils,492,1,0.35,0.35,841,Qwen/Qwen3-8B
Lang-3-0128,Lang,3,128,LVR,arithmetic,org.apache.commons.lang3.math.NumberUtils,494,0,0.35,0.35,839,Qwen/Qwen3-8B
Lang-3-0129,Lang,3,129,LVR,arithmetic,org.apache.commons.lang3.math.NumberUtils,494,1,0.35,0.35,845,Qwen/Qwen3-8B
Lang-3-0130,Lang,3,130,AOR,arithmetic,org.apache.commons.lang3.math.NumberUtils,494,0,0.35,0.35,845,Qwen/Qwen3-8B
Lang-3-0131,Lang,3,131,AOR,arithmetic,org.apache.commons.lang3.math.NumberUtils,494,0,0.35,0.35,848,Qwen/Qwen3-8B
Lang-3-0132,Lang,3,132,AOR,arithmetic,org.apache.commons.lang3.math.NumberUtils,494,1,0.35,0.35,851,Qwen/Qwen3-8B
Lang-3-0133,Lang,3,133,AOR,arithmetic,org.apache.commons.lang3.math.NumberUtils,494,0,0.35,0.35,845,Qwen/Qwen3-8B
Lang-3-0134,Lang,3,134,LVR,arithmetic,org.apache.commons.lang3.math.NumberUtils,496,1,0.75,0.75,821,Qwen/Qwen3-8B
Lang-3-0135,Lang,3,135,LVR,arithmetic,org.apache.commons.lang3.math.NumberUtils,496,1,0.75,0.75,822,Qwen/Qwen3-8B
Lang-3-0136,Lang,3,136,STD,statement_deletion,org.apache.commons.lang3.math.NumberUtils,497,1,0.75,0.75,825,Qwen/Qwen3-8B
Lang-3-0137,Lang,3,137,LVR,arithmetic,org.apache.commons.lang3.math.NumberUtils,499,0,0.75,0.75,815,Qwen/Qwen3-8B
Lang-3-0138,Lang,3,138,LVR,arithmetic,org.apache.commons.lang3.math.NumberUtils,499,0,0.3,0.3,739,Qwen/Qwen3-8B
Lang-3-0139,Lang,3,139,ROR,relational,org.apache.commons.lang3.math.NumberUtils,499,0,0.3,0.3,741,Qwen/Qwen3-8B
Lang-3-0140,Lang,3,140,ROR,relational,org.apache.commons.lang3.math.NumberUtils,499,1,0.3,0.3,745,Qwen/Qwen3-8B
Lang-3-0141,Lang,3,141,ROR,relational,org.apache.commons.lang3.math.NumberUtils,499,0,0.3,0.3,749,Qwen/Qwen3-8B
Lang-3-0142,Lang,3,142,ROR,relational,org.apache.commons.lang3.math.NumberUtils,500,1,0.75,0.75,822,Qwen/Qwen3-8B
Lang-3-0143,Lang,3,143,ROR,relational,org.apache.commons.lang3.math.NumberUtils,500,0,0.75,0.75,821,Qwen/Qwen3-8B
Lang-3-0144,Lang,3,144,ROR,relational,org.apache.commons.lang3.math.NumberUtils,500,1,0.75,0.75,814,Qwen/Qwen3-8B
Lang-3-0145,Lang,3,145,LVR,arithmetic,org.apache.commons.lang3.math.NumberUtils,503,0,0.75,0.75,816,Qwen/Qwen3-8B
Lang-3-0146,Lang,3,146,LVR,arithmetic,org.apache.commons.lang3.math.NumberUtils,503,1,0.35,0.35,816,Qwen/Qwen3-8B
Lang-3-0147,Lang,3,147,ROR,relational,org.apache.commons.lang3.math.NumberUtils,509,1,0.3,0.3,726,Qwen/Qwen3-8B
Lang-3-0148,Lang,3,148,ROR,relational,org.apache.commons.lang3.math.NumberUtils,509,0,0.3,0.3,726,Qwen/Qwen3-8B
Lang-3-0149,Lang,3,149,ROR,relational,org.apache.commons.lang3.math.NumberUtils,509,1,0.3,0.3,729,Qwen/Qwen3-8B
Lang-3-0150,Lang,3,150,COR,logical,org.apache.commons.lang3.math.NumberUtils,509,0,0.3,0.3,727,Qwen/Qwen3-8B
Lang-3-0151,Lang,3,151,COR,logical,org.apache.commons.lang3.math.NumberUtils,509,1,0.75,0.75,805,Qwen/Qwen3-8B
Lang-3-0152,Lang,3,152,COR,logical,org.apache.commons.lang3.math.NumberUtils,509,1,0.3,0.3,728,Qwen/Qwen3-8B
Lang-3-0153,Lang,3,153,COR,logical,org.apache.commons.lang3.math.NumberUtils,509,1,0.3,0.3,727,Qwen/Qwen3-8B
Lang-3-0154,Lang,3,154,LVR,arithmetic,org.apache.commons.lang3.math.NumberUtils,510,0,0.35,0.35,804,Qwen/Qwen3-8B
Lang-3-0155,Lang,3,155,LVR,arithmetic,org.apache.commons.lang3.math.NumberUtils,510,0,0.35,0.35,806,Qwen/Qwen3-8B
Lang-3-0156,Lang,3,156,ROR,relational,org.apache.commons.lang3.math.NumberUtils,510,0,0.35,0.35,815,Qwen/Qwen3-8B
Lang-3-0157,Lang,3,157,ROR,relational,org.apache.commons.lang3.math.NumberUtils,510,1,0.3,0.3,735,Qwen/Qwen3-8B
Lang-3-0158,Lang,3,158,ROR,relational,org.apache.commons.lang3.math.NumberUtils,510,0,0.3,0.3,736,Qwen/Qwen3-8B
Lang-3-0159,Lang,3,159,LVR,arithmetic,org.apache.commons.lang3.math.NumberUtils,510,1,0.35,0.35,805,Qwen/Qwen3-8B
Lang-3-0160,Lang,3,160,LVR,arithmetic,org.apache.commons.lang3.math.NumberUtils,510,1,0.35,0.35,805,Qwen/Qwen3-8B
Lang-3-0161,Lang,3,161,AOR,arithmetic,org.apache.commons.lang3.math.NumberUtils,510,0,0.3,0.3,735,Qwen/Qwen3-8B
Lang-3-0162,Lang,3,162,AOR,arithmetic,org.apache.commons.lang3.math.NumberUtils,510,1,0.15,0.15,813,Qwen/Qwen3-8B
Lang-3-0163,Lang,3,163,AOR,arithmetic,org.apache.commons.lang3.math.NumberUtils,510,1,0.35,0.35,820,Qwen/Qwen3-8B
Lang-3-0164,Lang,3,164,AOR,arithmetic,org.apache.commons.lang3.math.NumberUtils,510,1,0.3,0.3,735,Qwen/Qwen3-8B
Lang-3-0165,Lang,3,165,ROR,relational,org.apache.commons.lang3.math.NumberUtils,510,0,0.35,0.35,811,Qwen/Qwen3-8B
Lang-3-0166,Lang,3,166,ROR,relational,org.apache.commons.lang3.math.NumberUtils,510,1,0.3,0.3,734,Qwen/Qwen3-8B
Lang-3-0167,Lang,3,167,ROR,relational,org.apache.commons.lang3.math.NumberUtils,510,0,0.3,0.3,739,Qwen/Qwen3-8B
Lang-3-0168,Lang,3,168,COR,logical,org.apache.commons.lang3.math.NumberUtils,510,0,0.35,0.35,817,Qwen/Qwen3-8B
Lang-3-0169,Lang,3,169,COR,logical,org.apache.commons.lang3.math.NumberUtils,510,0,0.75,0.75,812,Qwen/Qwen3-8B
Lang-3-0170,Lang,3,170,COR,logical,org.apache.commons.lang3.math.NumberUtils,510,1,0.3,0.3,727,Qwen/Qwen3-8B
Lang-3-0171,Lang,3,171,COR,logical,org.apache.commons.lang3.math.NumberUtils,510,1,0.3,0.3,737,Qwen/Qwen3-8B
Lang-3-0172,Lang,3,172,LVR,arithmetic,org.apache.commons.lang3.math.NumberUtils,511,0,0.75,0.75,818,Qwen/Qwen3-8B
Lang-3-0173,Lang,3,173,LVR,arithmetic,org.apache.commons.lang3.math.NumberUtils,511,0,0.35,0.35,822,Qwen/Qwen3-8B
Lang-3-0174,Lang,3,174,AOR,arithmetic,org.apache.commons.lang3.math.NumberUtils,511,0,0.3,0.3,745,Qwen/Qwen3-8B
Lang-3-0175,Lang,3,175,AOR,arithmetic,org.apache.commons.lang3.math.NumberUtils,511,0,0.75,0.75,826,Qwen/Qwen3-8B
Lang-3-0176,Lang,3,176,AOR,arithmetic,org.apache.commons.lang3.math.NumberUtils,511,0,0.75,0.75,826,Qwen/Qwen3-8B
Lang-3-0177,Lang,3,177,AOR,arithmetic,org.apache.commons.lang3.math.NumberUtils,511,0,0.35,0.35,828,Qwen/Qwen3-8B
Lang-3-0178,Lang,3,178,LVR,arithmetic,org.apache.commons.lang3.math.NumberUtils,511,0,0.75,0.75,819,Qwen/Qwen3-8B
Lang-3-0179,Lang,3,179,LVR,arithmetic,org.apache.commons.lang3.math.NumberUtils,511,1,0.35,0.35,818,Qwen/Qwen3-8B
Lang-3-0180,Lang,3,180,AOR,arithmetic,org.apache.commons.lang3.math.NumberUtils,511,1,0.3,0.3,768,Qwen/Qwen3-8B
Lang-3-0181,Lang,3,181,AOR,arithmetic,org.apache.commons.lang3.math.NumberUtils,511,0,0.3,0.3,743,Qwen/Qwen3-8B
Lang-3-0182,Lang,3,182,AOR,arithmetic,org.apache.commons.lang3.math.NumberUtils,511,1,0.75,0.75,823,Qwen/Qwen3-8B
Lang-3-0183,Lang,3,183,AOR,arithmetic,org.apache.commons.lang3.math.NumberUtils,511,0,0.35,0.35,826,Qwen/Qwen3-8B
Lang-3-0184,Lang,3,184,LVR,arithmetic,org.apache.commons.lang3.math.NumberUtils,516,1,0.75,0.75,815,Qwen/Qwen3-8B
Lang-3-0185,Lang,3,185,LVR,arithmetic,org.apache.commons.lang3.math.NumberUtils,516,1,0.75,0.75,818,Qwen/Qwen3-8B
Lang-3-0186,Lang,3,186,LVR,arithmetic,org.apache.commons.lang3.math.NumberUtils,516,1,0.75,0.75,814,Qwen/Qwen3-8B
Lang-3-0187,Lang,3,187,LVR,arithmetic,org.apache.commons.lang3.math.NumberUtils,516,1,0.75,0.75,823,Qwen/Qwen3-8B
Lang-3-0188,Lang,3,188,AOR,arithmetic,org.apache.commons.lang3.math.NumberUtils,516,1,0.35,0.35,864,Qwen/Qwen3-8B
Lang-3-0189,Lang,3,189,AOR,arithmetic,org.apache.commons.lang3.math.NumberUtils,516,1,0.35,0.35,849,Qwen/Qwen3-8B
Lang-3-0190,Lang,3,190,AOR,arithmetic,org.apache.commons.lang3.math.NumberUtils,516,1,0.75,0.75,828,Qwen/Qwen3-8B
Lang-3-0191,Lang,3,191,AOR,arithmetic,org.apache.commons.lang3.math.NumberUtils,516,1,0.35,0.35,826,Qwen/Qwen3-8B
Lang-3-0192,Lang,3,192,COR,logical,org.apache.commons.lang3.math.NumberUtils,517,1,0.3,0.3,788,Qwen/Qwen3-8B
Lang-3-0193,Lang,3,193,COR,logical,org.apache.commons.lang3.math.NumberUtils,517,0,0.75,0.75,863,Qwen/Qwen3-8B
Lang-3-0194,Lang,3,194,COR,logical,org.apache.commons.lang3.math.NumberUtils,517,0,0.3,0.3,784,Qwen/Qwen3-8B
Lang-3-0195,Lang,3,195,COR,logical,org.apache.commons.lang3.math.NumberUtils,517,0,0.3,0.3,799,Qwen/Qwen3-8B
Lang-3-0196,Lang,3,196,ROR,relational,org.apache.commons.lang3.math.NumberUtils,521,1,0.75,0.75,869,Qwen/Qwen3-8B
Lang-3-0197,Lang,3,197,ROR,relational,org.apache.commons.lang3.math.NumberUtils,522,1,0.75,0.75,839,Qwen/Qwen3-8B
Lang-3-0198,Lang,3,198,COR,logical,org.apache.commons.lang3.math.NumberUtils,521,0,0.75,0.75,868,Qwen/Qwen3-8B
Lang-3-0199,Lang,3,199,COR,logical,org.apache.commons.lang3.math.NumberUtils,522,1,0.75,0.75,868,Qwen/Qwen3-8B
Lang-3-0200,Lang,3,200,COR,logical,org.apache.commons.lang3.math.NumberUtils,521,0,0.75,0.75,875,Qwen/Qwen3-8B
Lang-3-0201,Lang,3,201,COR,logical,org.apache.commons.lang3.math.NumberUtils,522,0,0.75,0.75,869,Qwen/Qwen3-8B
Lang-3-0202,Lang,3,202,LVR,arithmetic,org.apache.commons.lang3.math.NumberUtils,523,1,0.75,0.75,849,Qwen/Qwen3-8B
Lang-3-0203,Lang,3,203,LVR,arithmetic,org.apache.commons.lang3.math.NumberUtils,523,1,0.75,0.75,849,Qwen/Qwen3-8B
Lang-3-0204,Lang,3,204,ROR,relational,org.apache.commons.lang3.math.NumberUtils,523,0,0.75,0.75,886,Qwen/Qwen3-8B
Lang-3-0205,Lang,3,205,ROR,relational,org.apache.commons.lang3.math.NumberUtils,523,0,0.75,0.75,848,Qwen/Qwen3-8B
Lang-3-0206,Lang,3,206,ROR,relational,org.apache.commons.lang3.math.NumberUtils,523,1,0.75,0.75,852,Qwen/Qwen3-8B
Lang-3-0207,Lang,3,207,LVR,arithmetic,org.apache.commons.lang3.math.NumberUtils,523,1,0.75,0.75,860,Qwen/Qwen3-8B
Lang-3-0208,Lang,3,208,LVR,arithmetic,org.apache.commons.lang3.math.NumberUtils,523,1,0.75,0.75,859,Qwen/Qwen3-8B
Lang-3-0209,Lang,3,209,COR,logical,org.apache.commons.lang3.math.NumberUtils,523,0,0.75,0.75,859,Qwen/Qwen3-8B
Lang-3-0210,Lang,3,210,COR,logical,org.apache.commons.lang3.math.NumberUtils,523,1,0.75,0.75,840,Qwen/Qwen3-8B
Lang-3-0211,Lang,3,211,COR,logical,org.apache.commons.lang3.math.NumberUtils,523,0,0.75,0.75,824,Qwen/Qwen3-8B
Lang-3-0212,Lang,3,212,COR,logical,org.apache.commons.lang3.math.NumberUtils,523,0,0.75,0.75,845,Qwen/Qwen3-8B
Lang-3-0213,Lang,3,213,COR,logical,org.apache.commons.lang3.math.NumberUtils,523,0,0.75,0.75,858,Qwen/Qwen3-8B
Lang-3-0214,Lang,3,214,COR,logical,org.apache.commons.lang3.math.NumberUtils,523,1,0.75,0.75,843,Qwen/Qwen3-8B
Lang-3-0215,Lang,3,215,COR,logical,org.apache.commons.lang3.math.NumberUtils,523,1,0.75,0.75,839,Qwen/Qwen3-8B
Lang-3-0216,Lang,3,216,COR,logical,org.apache.commons.lang3.math.NumberUtils,523,0,0.75,0.75,839,Qwen/Qwen3-8B
Lang-3-0217,Lang,3,217,COR,logical,org.apache.commons.lang3.math.NumberUtils,521,0,0.75,0.75,852,Qwen/Qwen3-8B
Lang-3-0218,Lang,3,218,COR,logical,org.apache.commons.lang3.math.NumberUtils,523,1,0.75,0.75,829,Qwen/Qwen3-8B
Lang-3-0219,Lang,3,219,COR,logical,org.apache.commons.lang3.math.NumberUtils,521,0,0.75,0.75,861,Qwen/Qwen3-8B
Lang-3-0220,Lang,3,220,COR,logical,org.apache.commons.lang3.math.NumberUtils,523,0,0.75,0.75,834,Qwen/Qwen3-8B
Lang-3-0221,Lang,3,221,LVR,arithmetic,org.apache.commons.lang3.math.NumberUtils,537,1,0.75,0.75,845,Qwen/Qwen3-8B
Lang-3-0222,Lang,3,222,LVR,arithmetic,org.apache.commons.lang3.math.NumberUtils,537,1,0.75,0.75,849,Qwen/Qwen3-8B
Lang-3-0223,Lang,3,223,ROR,relational,org.apache.commons.lang3.math.NumberUtils,537,0,0.75,0.75,845,Qwen/Qwen3-8B
Lang-3-0224,Lang,3,224,ROR,relational,org.apache.commons.lang3.math.NumberUtils,537,1,0.75,0.75,825,Qwen/Qwen3-8B
Lang-3-0225,Lang,3,225,ROR,relational,org.apache.commons.lang3.math.NumberUtils,537,1,0.75,0.75,831,Qwen/Qwen3-8B
Lang-3-0226,Lang,3,226,COR,logical,org.apache.commons.lang3.math.NumberUtils,537,0,0.75,0.75,838,Qwen/Qwen3-8B
Lang-3-0227,Lang,3,227,COR,logical,org.apache.commons.lang3.math.NumberUtils,537,1,0.75,0.75,849,Qwen/Qwen3-8B
Lang-3-0228,Lang,3,228,COR,logical,org.apache.commons.lang3.math.NumberUtils,537,0,0.75,0.75,838,Qwen/Qwen3-8B
Lang-3-0229,Lang,3,229,COR,logical,org.apache.commons.lang3.math.NumberUtils,537,1,0.75,0.75,836,Qwen/Qwen3-8B
Lang-3-0230,Lang,3,230,COR,logical,org.apache.commons.lang3.math.NumberUtils,537,0,0.35,0.35,849,Qwen/Qwen3-8B
Lang-3-0231,Lang,3,231,COR,logical,org.apache.commons.lang3.math.NumberUtils,537,1,0.75,0.75,836,Qwen/Qwen3-8B
Lang-3-0232,Lang,3,232,COR,logical,org.apache.commons.lang3.math.NumberUtils,537,0,0.75,0.75,829,Qwen/Qwen3-8B
Lang-3-0233,Lang,3,233,COR,logical,org.apache.commons.lang3.math.NumberUtils,537,1,0.75,0.75,831,Qwen/Qwen3-8B
Lang-3-0234,Lang,3,234,LVR,arithmetic,org.apache.commons.lang3.math.NumberUtils,551,1,0.75,0.75,801,Qwen/Qwen3-8B
Lang-3-0235,Lang,3,235,LVR,arithmetic,org.apache.commons.lang3.math.NumberUtils,551,1,0.75,0.75,795,Qwen/Qwen3-8B
Lang-3-0236,Lang,3,236,ROR,relational,org.apache.commons.lang3.math.NumberUtils,551,0,0.75,0.75,789,Qwen/Qwen3-8B
Lang-3-0237,Lang,3,237,ROR,relational,org.apache.commons.lang3.math.NumberUtils,551,1,0.75,0.75,793,Qwen/Qwen3-8B
Lang-3-0238,Lang,3,238,ROR,relational,org.apache.commons.lang3.math.NumberUtils,551,1,0.75,0.75,793,Qwen/Qwen3-8B
Lang-3-0239,Lang,3,239,COR,logical,org.apache.commons.lang3.math.NumberUtils,551,0,0.75,0.75,804,Qwen/Qwen3-8B
Lang-3-0240,Lang,3,240,COR,logical,org.apache.commons.lang3.math.NumberUtils,551,1,0.75,0.75,805,Qwen/Qwen3-8B
Lang-3-0241,Lang,3,241,COR,logical,org.apache.commons.lang3.math.NumberUtils,551,0,0.75,0.75,814,Qwen/Qwen3-8B
Lang-3-0242,Lang,3,242,COR,logical,org.apache.commons.lang3.math.NumberUtils,551,1,0.75,0.75,802,Qwen/Qwen3-8B
Lang-3-0243,Lang,3,243,COR,logical,org.apache.commons.lang3.math.NumberUtils,551,0,0.75,0.75,805,Qwen/Qwen3-8B
Lang-3-0244,Lang,3,244,COR,logical,org.apache.commons.lang3.math.NumberUtils,551,1,0.75,0.75,800,Qwen/Qwen3-8B
Lang-3-0245,Lang,3,245,COR,logical,org.apache.commons.lang3.math.NumberUtils,551,0,0.75,0.75,806,Qwen/Qwen3-8B
Lang-3-0246,Lang,3,246,COR,logical,org.apache.commons.lang3.math.NumberUtils,551,1,0.75,0.75,808,Qwen/Qwen3-8B
Lang-3-0247,Lang,3,247,LVR,arithmetic,org.apache.commons.lang3.math.NumberUtils,570,0,0.75,0.75,838,Qwen/Qwen3-8B
Lang-3-0248,Lang,3,248,LVR,arithmetic,org.apache.commons.lang3.math.NumberUtils,570,0,0.3,0.3,736,Qwen/Qwen3-8B
Lang-3-0249,Lang,3,249,ROR,relational,org.apache.commons.lang3.math.NumberUtils,570,0,0.75,0.75,824,Qwen/Qwen3-8B
Lang-3-0250,Lang,3,250,ROR,relational,org.apache.commons.lang3.math.NumberUtils,570,1,0.75,0.75,821,Qwen/Qwen3-8B
Lang-3-0251,Lang,3,251,ROR,relational,org.apache.commons.lang3.math.NumberUtils,570,1,0.75,0.75,818,Qwen/Qwen3-8B
Lang-3-0252,Lang,3,252,LVR,arithmetic,org.apache.commons.lang3.math.NumberUtils,570,0,0.75,0.75,838,Qwen/Qwen3-8B
Lang-3-0253,Lang,3,253,LVR,arithmetic,org.apache.commons.lang3.math.NumberUtils,570,0,0.25,0.25,817,Qwen/Qwen3-8B
Lang-3-0254,Lang,3,254,AOR,arithmetic,org.apache.commons.lang3.math.NumberUtils,570,1,0.75,0.75,820,Qwen/Qwen3-8B
Lang-3-0255,Lang,3,255,AOR,arithmetic,org.apache.commons.lang3.math.NumberUtils,570,0,0.75,0.75,814,Qwen/Qwen3-8B
Lang-3-0256,Lang,3,256,AOR,arithmetic,org.apache.commons.lang3.math.NumberUtils,570,0,0.75,0.75,818,Qwen/Qwen3-8B
Lang-3-0257,Lang,3,257,AOR,arithmetic,org.apache.commons.lang3.math.NumberUtils,570,0,0.75,0.75,820,Qwen/Qwen3-8B
Lang-3-0258,Lang,3,258,ROR,relational,org.apache.commons.lang3.math.NumberUtils,570,0,0.75,0.75,816,Qwen/Qwen3-8B
Lang-3-0259,Lang,3,259,ROR,relational,org.apache.commons.lang3.math.NumberUtils,570,0,0.75,0.75,819,Qwen/Qwen3-8B
Lang-3-0260,Lang,3,260,ROR,relational,org.apache.commons.lang3.math.NumberUtils,570,1,0.15,0.15,822,Qwen/Qwen3-8B
Lang-3-0261,Lang,3,261,COR,logical,org.apache.commons.lang3.math.NumberUtils,570,0,0.3,0.3,745,Qwen/Qwen3-8B
Lang-3-0262,Lang,3,262,COR,logical,org.apache.commons.lang3.math.NumberUtils,570,1,0.75,0.75,818,Qwen/Qwen3-8B
Lang-3-0263,Lang,3,263,COR,logical,org.apache.commons.lang3.math.NumberUtils,570,0,0.3,0.3,742,Qwen/Qwen3-8B
Lang-3-0264,Lang,3,264,COR,logical,org.apache.commons.lang3.math.NumberUtils,570,1,0.3,0.3,756,Qwen/Qwen3-8B
Lang-3-0265,Lang,3,265,LVR,arithmetic,org.apache.commons.lang3.math.NumberUtils,571,0,0.75,0.75,809,Qwen/Qwen3-8B
Lang-3-0266,Lang,3,266,LVR,arithmetic,org.apache.commons.lang3.math.NumberUtils,571,0,0.3,0.3,730,Qwen/Qwen3-8B
Lang-3-0267,Lang,3,267,AOR,arithmetic,org.apache.commons.lang3.math.NumberUtils,571,0,0.75,0.75,808,Qwen/Qwen3-8B
Lang-3-0268,Lang,3,268,AOR,arithmetic,org.apache.commons.lang3.math.NumberUtils,571,0,0.75,0.75,814,Qwen/Qwen3-8B
Lang-3-0269,Lang,3,269,AOR,arithmetic,org.apache.commons.lang3.math.NumberUtils,571,0,0.75,0.75,815,Qwen/Qwen3-8B
Lang-3-0270,Lang,3,270,AOR,arithmetic,org.apache.commons.lang3.math.NumberUtils,571,0,0.75,0.75,815,Qwen/Qwen3-8B
Lang-3-0271,Lang,3,271,ROR,relational,org.apache.commons.lang3.math.NumberUtils,575,1,0.75,0.75,834,Qwen/Qwen3-8B
Lang-3-0272,Lang,3,272,ROR,relational,org.apache.commons.lang3.math.NumberUtils,575,1,0.75,0.75,819,Qwen/Qwen3-8B
Lang-3-0273,Lang,3,273,COR,logical,org.apache.commons.lang3.math.NumberUtils,575,1,0.75,0.75,818,Qwen/Qwen3-8B
Lang-3-0274,Lang,3,274,COR,logical,org.apache.commons.lang3.math.NumberUtils,575,1,0.75,0.75,819,Qwen/Qwen3-8B
Lang-3-0275,Lang,3,275,COR,logical,org.apache.commons.lang3.math.NumberUtils,575,1,0.75,0.75,815,Qwen/Qwen3-8B
Lang-3-0276,Lang,3,276,COR,logical,org.apache.commons.lang3.math.NumberUtils,575,1,0.75,0.75,818,Qwen/Qwen3-8B
Lang-3-0277,Lang,3,277,COR,logical,org.apache.commons.lang3.math.NumberUtils,591,1,0.3,0.3,745,Qwen/Qwen3-8B
Lang-3-0278,Lang,3,278,COR,logical,org.apache.commons.lang3.math.NumberUtils,591,0,0.75,0.75,827,Qwen/Qwen3-8B
Lang-3-0279,Lang,3,279,COR,logical,org.apache.commons.lang3.math.NumberUtils,591,0,0.3,0.3,741,Qwen/Qwen3-8B
Lang-3-0280,Lang,3,280,COR,logical,org.apache.commons.lang3.math.NumberUtils,591,0,0.3,0.3,749,Qwen/Qwen3-8B
Lang-3-0281,Lang,3,281,LVR,arithmetic,org.apache.commons.lang3.math.NumberUtils,593,1,0.75,0.75,830,Qwen/Qwen3-8B
Lang-3-0282,Lang,3,282,LVR,arithmetic,org.apache.commons.lang3.math.NumberUtils,593,1,0.25,0.25,823,Qwen/Qwen3-8B
Lang-3-0283,Lang,3,283,ROR,relational,org.apache.commons.lang3.math.NumberUtils,593,1,0.75,0.75,826,Qwen/Qwen3-8B
Lang-3-0284,Lang,3,284,ROR,relational,org.apache.commons.lang3.math.NumberUtils,593,1,0.75,0.75,825,Qwen/Qwen3-8B
Lang-3-0285,Lang,3,285,ROR,relational,org.apache.commons.lang3.math.NumberUtils,593,1,0.75,0.75,831,Qwen/Qwen3-8B
Lang-3-0286,Lang,3,286,LVR,arithmetic,org.apache.commons.lang3.math.NumberUtils,595,1,0.75,0.75,817,Qwen/Qwen3-8B
Lang-3-0287,Lang,3,287,LVR,arithmetic,org.apache.commons.lang3.math.NumberUtils,595,1,0.75,0.75,819,Qwen/Qwen3-8B
Lang-3-0288,Lang,3,288,ROR,relational,org.apache.commons.lang3.math.NumberUtils,595,1,0.75,0.75,839,Qwen/Qwen3-8B
Lang-3-0289,Lang,3,289,ROR,relational,org.apache.commons.lang3.math.NumberUtils,595,1,0.75,0.75,850,Qwen/Qwen3-8B
Lang-3-0290,Lang,3,290,ROR,relational,org.apache.commons.lang3.math.NumberUtils,595,1,0.75,0.75,822,Qwen/Qwen3-8B
Lang-3-0291,Lang,3,291,COR,logical,org.apache.commons.lang3.math.NumberUtils,595,0,0.75,0.75,822,Qwen/Qwen3-8B
Lang-3-0292,Lang,3,292,COR,logical,org.apache.commons.lang3.math.NumberUtils,595,1,0.75,0.75,828,Qwen/Qwen3-8B
Lang-3-0293,Lang,3,293,COR,logical,org.apache.commons.lang3.math.NumberUtils,595,0,0.75,0.75,833,Qwen/Qwen3-8B
Lang-3-0294,Lang,3,294,COR,logical,org.apache.commons.lang3.math.NumberUtils,595,1,0.75,0.75,827,Qwen/Qwen3-8B
Lang-3-0295,Lang,3,295,COR,logical,org.apache.commons.lang3.math.NumberUtils,595,0,0.75,0.75,825,Qwen/Qwen3-8B
Lang-3-0296,Lang,3,296,COR,logical,org.apache.commons.lang3.math.NumberUtils,595,1,0.75,0.75,826,Qwen/Qwen3-8B
Lang-3-0297,Lang,3,297,COR,logical,org.apache.commons.lang3.math.NumberUtils,595,1,0.75,0.75,842,Qwen/Qwen3-8B
Lang-3-0298,Lang,3,298,COR,logical,org.apache.commons.lang3.math.NumberUtils,595,1,0.75,0.75,823,Qwen/Qwen3-8B
Lang-3-0299,Lang,3,299,LVR,arithmetic,org.apache.commons.lang3.math.NumberUtils,603,1,0.75,0.75,814,Qwen/Qwen3-8B
Lang-3-0300,Lang,3,300,LVR,arithmetic,org.apache.commons.lang3.math.NumberUtils,603,1,0.25,0.25,816,Qwen/Qwen3-8B
Lang-3-0301,Lang,3,301,ROR,relational,org.apache.commons.lang3.math.NumberUtils,603,1,0.75,0.75,840,Qwen/Qwen3-8B
Lang-3-0302,Lang,3,302,ROR,relational,org.apache.commons.lang3.math.NumberUtils,603,1,0.75,0.75,823,Qwen/Qwen3-8B
Lang-3-0303,Lang,3,303,ROR,relational,org.apache.commons.lang3.math.NumberUtils,603,1,0.75,0.75,821,Qwen/Qwen3-8B
Lang-3-0304,Lang,3,304,LVR,arithmetic,org.apache.commons.lang3.math.NumberUtils,605,0,0.3,0.3,736,Qwen/Qwen3-8B
Lang-3-0305,Lang,3,305,LVR,arithmetic,org.apache.commons.lang3.math.NumberUtils,605,0,0.15,0.15,812,Qwen/Qwen3-8B
Lang-3-0306,Lang,3,306,ROR,relational,org.apache.commons.lang3.math.NumberUtils,605,1,0.3,0.3,746,Qwen/Qwen3-8B
Lang-3-0307,Lang,3,307,ROR,relational,org.apache.commons.lang3.math.NumberUtils,605,1,0.3,0.3,741,Qwen/Qwen3-8B
Lang-3-0308,Lang,3,308,ROR,relational,org.apache.commons.lang3.math.NumberUtils,605,0,0.15,0.15,820,Qwen/Qwen3-8B
Lang-3-0309,Lang,3,309,COR,logical,org.apache.commons.lang3.math.NumberUtils,605,0,0.3,0.3,745,Qwen/Qwen3-8B
Lang-3-0310,Lang,3,310,COR,logical,org.apache.commons.lang3.math.NumberUtils,605,0,0.75,0.75,823,Qwen/Qwen3-8B
Lang-3-0311,Lang,3,311,COR,logical,org.apache.commons.lang3.math.NumberUtils,605,0,0.3,0.3,747,Qwen/Qwen3-8B
Lang-3-0312,Lang,3,312,COR,logical,org.apache.commons.lang3.math.NumberUtils,605,1,0.3,0.3,745,Qwen/Qwen3-8B
Lang-3-0313,Lang,3,313,COR,logical,org.apache.commons.lang3.math.NumberUtils,605,0,0.15,0.15,831,Qwen/Qwen3-8B
Lang-3-0314,Lang,3,314,COR,logical,org.apache.commons.lang3.math.NumberUtils,605,0,0.3,0.3,744,Qwen/Qwen3-8B
Lang-3-0315,Lang,3,315,COR,logical,org.apache.commons.lang3.math.NumberUtils,605,1,0.3,0.3,747,Qwen/Qwen3-8B
Lang-3-0316,Lang,3,316,COR,logical,org.apache.commons.lang3.math.NumberUtils,605,1,0.75,0.75,822,Qwen/Qwen3-8B
Lang-3-0317,Lang,3,317,ROR,relational,org.apache.commons.lang3.math.NumberUtils,625,0,0.95,0.95,822,Qwen/Qwen3-8B
Lang-3-0318,Lang,3,318,LVR,arithmetic,org.apache.commons.lang3.math.NumberUtils,626,0,0.95,0.95,791,Qwen/Qwen3-8B
Lang-3-0319,Lang,3,319,LVR,arithmetic,org.apache.commons.lang3.math.NumberUtils,628,1,0.75,0.75,793,Qwen/Qwen3-8B
Lang-3-0320,Lang,3,320,LVR,arithmetic,org.apache.commons.lang3.math.NumberUtils,628,1,0.75,0.75,784,Qwen/Qwen3-8B
Lang-3-0321,Lang,3,321,AOR,arithmetic,org.apache.commons.lang3.math.NumberUtils,628,1,0.3,0.3,727,Qwen/Qwen3-8B
Lang-3-0322,Lang,3,322,AOR,arithmetic,org.apache.commons.lang3.math.NumberUtils,628,1,0.75,0.75,790,Qwen/Qwen3-8B
Lang-3-0323,Lang,3,323,AOR,arithmetic,org.apache.commons.lang3.math.NumberUtils,628,1,0.75,0.75,790,Qwen/Qwen3-8B
Lang-3-0324,Lang,3,324,AOR,arithmetic,org.apache.commons.lang3.math.NumberUtils,628,1,0.15,0.15,797,Qwen/Qwen3-8B
Lang-3-0325,Lang,3,325,LVR,arithmetic,org.apache.commons.lang3.math.NumberUtils,628,0,0.75,0.75,795,Qwen/Qwen3-8B
Lang-3-0326,Lang,3,326,LVR,arithmetic,org.apache.commons.lang3.math.NumberUtils,628,1,0.75,0.75,799,Qwen/Qwen3-8B
Lang-3-0327,Lang,3,327,ROR,relational,org.apache.commons.lang3.math.NumberUtils,628,1,0.75,0.75,792,Qwen/Qwen3-8B
Lang-3-0328,Lang,3,328,ROR,relational,org.apache.commons.lang3.math.NumberUtils,628,0,0.75,0.75,783,Qwen/Qwen3-8B
Lang-3-0329,Lang,3,329,ROR,relational,org.apache.commons.lang3.math.NumberUtils,628,1,0.7,0.7,723,Qwen/Qwen3-8B
Lang-3-0330,Lang,3,330,ROR,relational,org.apache.commons.lang3.math.NumberUtils,629,0,0.75,0.75,784,Qwen/Qwen3-8B
Lang-3-0331,Lang,3,331,ROR,relational,org.apache.commons.lang3.math.NumberUtils,629,0,0.75,0.75,776,Qwen/Qwen3-8B
Lang-3-0332,Lang,3,332,ROR,relational,org.apache.commons.lang3.math.NumberUtils,629,0,0.75,0.75,778,Qwen/Qwen3-8B
Lang-3-0333,Lang,3,333,LVR,arithmetic,org.apache.commons.lang3.math.NumberUtils,630,1,0.75,0.75,792,Qwen/Qwen3-8B
Lang-3-0334,Lang,3,334,LVR,arithmetic,org.apache.commons.lang3.math.NumberUtils,633,0,0.75,0.75,782,Qwen/Qwen3-8B
Lang-3-0335,Lang,3,335,LVR,arithmetic,org.apache.commons.lang3.math.NumberUtils,633,0,0.75,0.75,806,Qwen/Qwen3-8B
Lang-3-0336,Lang,3,336,ROR,relational,org.apache.commons.lang3.math.NumberUtils,633,0,0.75,0.75,789,Qwen/Qwen3-8B
Lang-3-0337,Lang,3,337,ROR,relational,org.apache.commons.lang3.math.NumberUtils,633,0,0.75,0.75,793,Qwen/Qwen3-8B
Lang-3-0338,Lang,3,338,ROR,relational,org.apache.commons.lang3.math.NumberUtils,647,1,0.95,0.95,810,Qwen/Qwen3-8B
Lang-3-0339,Lang,3,339,ROR,relational,org.apache.commons.lang3.math.NumberUtils,663,1,0.95,0.95,851,Qwen/Qwen3-8B
Lang-3-0340,Lang,3,340,ROR,relational,org.apache.commons.lang3.math.NumberUtils,680,1,0.95,0.95,824,Qwen/Qwen3-8B
Lang-3-0341,Lang,3,341,ROR,relational,org.apache.commons.lang3.math.NumberUtils,698,1,0.95,0.95,806,Qwen/Qwen3-8B
Lang-3-0342,Lang,3,342,ROR,relational,org.apache.commons.lang3.math.NumberUtils,715,1,0.95,0.95,833,Qwen/Qwen3-8B
Lang-3-0343,Lang,3,343,LVR,arithmetic,org.apache.commons.lang3.math.NumberUtils,718,1,0.75,0.75,788,Qwen/Qwen3-8B
Lang-3-0344,Lang,3,344,LVR,arithmetic,org.apache.commons.lang3.math.NumberUtils,718,1,0.75,0.75,792,Qwen/Qwen3-8B
Lang-3-0345,Lang,3,345,LVR,arithmetic,org.apache.commons.lang3.math.NumberUtils,719,1,0.75,0.75,807,Qwen/Qwen3-8B
Lang-3-0346,Lang,3,346,LVR,arithmetic,org.apache.commons.lang3.math.NumberUtils,719,1,0.75,0.75,795,Qwen/Qwen3-8B
Lang-3-0347,Lang,3,347,LVR,arithmetic,org.apache.commons.lang3.math.NumberUtils,720,1,0.75,0.75,810,Qwen/Qwen3-8B
Lang-3-0348,Lang,3,348,COR,logical,org.apache.commons.lang3.math.NumberUtils,721,1,0.75,0.75,809,Qwen/Qwen3-8B
Lang-3-0349,Lang,3,349,COR,logical,org.apache.commons.lang3.math.NumberUtils,721,1,0.75,0.75,808,Qwen/Qwen3-8B
Lang-3-0350,Lang,3,350,LVR,arithmetic,org.apache.commons.lang3.math.NumberUtils,722,1,0.75,0.75,818,Qwen/Qwen3-8B
Lang-3-0351,Lang,3,351,STD,statement_deletion,org.apache.commons.lang3.math.NumberUtils,722,1,0.15,0.15,820,Qwen/Qwen3-8B
Lang-3-0352,Lang,3,352,LVR,arithmetic,org.apache.commons.lang3.math.NumberUtils,723,1,0.75,0.75,819,Qwen/Qwen3-8B
Lang-3-0353,Lang,3,353,LVR,arithmetic,org.apache.commons.lang3.math.NumberUtils,723,1,0.75,0.75,817,Qwen/Qwen3-8B
Lang-3-0354,Lang,3,354,STD,statement_deletion,org.apache.commons.lang3.math.NumberUtils,723,1,0.15,0.15,822,Qwen/Qwen3-8B
Lang-3-0355,Lang,3,355,COR,logical,org.apache.commons.lang3.math.NumberUtils,725,1,0.35,0.35,846,Qwen/Qwen3-8B
Lang-3-0356,Lang,3,356,COR,logical,org.apache.commons.lang3.math.NumberUtils,725,0,0.75,0.75,840,Qwen/Qwen3-8B
Lang-3-0357,Lang,3,357,COR,logical,org.apache.commons.lang3.math.NumberUtils,725,0,0.75,0.75,834,Qwen/Qwen3-8B
Lang-3-0358,Lang,3,358,COR,logical,org.apache.commons.lang3.math.NumberUtils,725,1,0.75,0.75,836,Qwen/Qwen3-8B
Lang-3-0359,Lang,3,359,LVR,arithmetic,org.apache.commons.lang3.math.NumberUtils,726,1,0.75,0.75,837,Qwen/Qwen3-8B
Lang-3-0360,Lang,3,360,LVR,arithmetic,org.apache.commons.lang3.math.NumberUtils,726,1,0.75,0.75,858,Qwen/Qwen3-8B
Lang-3-0361,Lang,3,361,STD,statement_deletion,org.apache.commons.lang3.math.NumberUtils,726,1,0.15,0.15,847,Qwen/Qwen3-8B
Lang-3-0362,Lang,3,362,LVR,arithmetic,org.apache.commons.lang3.math.NumberUtils,727,1,0.75,0.75,827,Qwen/Qwen3-8B
Lang-3-0363,Lang,3,363,LVR,arithmetic,org.apache.commons.lang3.math.NumberUtils,727,1,0.75,0.75,830,Qwen/Qwen3-8B
Lang-3-0364,Lang,3,364,STD,statement_deletion,org.apache.commons.lang3.math.NumberUtils,727,1,0.15,0.15,823,Qwen/Qwen3-8B
Lang-3-0365,Lang,3,365,COR,logical,org.apache.commons.lang3.math.NumberUtils,728,1,0.75,0.75,827,Qwen/Qwen3-8B
Lang-3-0366,Lang,3,366,COR,logical,org.apache.commons.lang3.math.NumberUtils,728,1,0.75,0.75,838,Qwen/Qwen3-8B
Lang-3-0367,Lang,3,367,LVR,arithmetic,org.apache.commons.lang3.math.NumberUtils,729,1,0.75,0.75,826,Qwen/Qwen3-8B
Lang-3-0368,Lang,3,368,LVR,arithmetic,org.apache.commons.lang3.math.NumberUtils,729,1,0.75,0.75,828,Qwen/Qwen3-8B
Lang-3-0369,Lang,3,369,STD,statement_deletion,org.apache.commons.lang3.math.NumberUtils,729,1,0.95,0.95,832,Qwen/Qwen3-8B
Lang-3-0370,Lang,3,370,STD,statement_deletion,org.apache.commons.lang3.math.NumberUtils,730,1,0.95,0.95,833,Qwen/Qwen3-8B
Lang-3-0371,Lang,3,371,LVR,arithmetic,org.apache.commons.lang3.math.NumberUtils,731,1,0.75,0.75,840,Qwen/Qwen3-8B
Lang-3-0372,Lang,3,372,LVR,arithmetic,org.apache.commons.lang3.math.NumberUtils,731,1,0.75,0.75,844,Qwen/Qwen3-8B
Lang-3-0373,Lang,3,373,AOR,arithmetic,org.apache.commons.lang3.math.NumberUtils,731,1,0.75,0.75,837,Qwen/Qwen3-8B
Lang-3-0374,Lang,3,374,AOR,arithmetic,org.apache.commons.lang3.math.NumberUtils,731,1,0.75,0.75,843,Qwen/Qwen3-8B
Lang-3-0375,Lang,3,375,AOR,arithmetic,org.apache.commons.lang3.math.NumberUtils,731,1,0.75,0.75,849,Qwen/Qwen3-8B
Lang-3-0376,Lang,3,376,AOR,arithmetic,org.apache.commons.lang3.math.NumberUtils,731,1,0.75,0.75,849,Qwen/Qwen3-8B
Lang-3-0377,Lang,3,377,ROR,relational,org.apache.commons.lang3.math.NumberUtils,731,0,0.75,0.75,833,Qwen/Qwen3-8B
Lang-3-0378,Lang,3,378,ROR,relational,org.apache.commons.lang3.math.NumberUtils,731,1,0.75,0.75,840,Qwen/Qwen3-8B
Lang-3-0379,Lang,3,379,ROR,relational,org.apache.commons.lang3.math.NumberUtils,731,1,0.75,0.75,837,Qwen/Qwen3-8B
Lang-3-0380,Lang,3,380,COR,logical,org.apache.commons.lang3.math.NumberUtils,731,1,0.75,0.75,848,Qwen/Qwen3-8B
Lang-3-0381,Lang,3,381,COR,logical,org.apache.commons.lang3.math.NumberUtils,731,1,0.95,0.95,847,Qwen/Qwen3-8B
Lang-3-0382,Lang,3,382,COR,logical,org.apache.commons.lang3.math.NumberUtils,731,1,0.75,0.75,843,Qwen/Qwen3-8B
Lang-3-0383,Lang,3,383,COR,logical,org.apache.commons.lang3.math.NumberUtils,731,1,0.95,0.95,840,Qwen/Qwen3-8B
Lang-3-0384,Lang,3,384,LVR,arithmetic,org.apache.commons.lang3.math.NumberUtils,732,1,0.75,0.75,816,Qwen/Qwen3-8B
Lang-3-0385,Lang,3,385,LVR,arithmetic,org.apache.commons.lang3.math.NumberUtils,732,1,0.75,0.75,824,Qwen/Qwen3-8B
Lang-3-0386,Lang,3,386,STD,statement_deletion,org.apache.commons.lang3.math.NumberUtils,732,1,0.15,0.15,825,Qwen/Qwen3-8B
Lang-3-0387,Lang,3,387,STD,statement_deletion,org.apache.commons.lang3.math.NumberUtils,733,0,0.15,0.15,831,Qwen/Qwen3-8B
Lang-3-0388,Lang,3,388,COR,logical,org.apache.commons.lang3.math.NumberUtils,737,1,0.75,0.75,834,Qwen/Qwen3-8B
Lang-3-0389,Lang,3,389,COR,logical,org.apache.commons.lang3.math.NumberUtils,737,1,0.75,0.75,823,Qwen/Qwen3-8B
Lang-3-0390,Lang,3,390,ROR,relational,org.apache.commons.lang3.math.NumberUtils,750,1,0.95,0.95,826,Qwen/Qwen3-8B
Lang-3-0391,Lang,3,391,COR,logical,org.apache.commons.lang3.math.NumberUtils,754,0,0.75,0.75,822,Qwen/Qwen3-8B
Lang-3-0392,Lang,3,392,COR,logical,org.apache.commons.lang3.math.NumberUtils,754,1,0.75,0.75,823,Qwen/Qwen3-8B
Lang-3-0393,Lang,3,393,COR,logical,org.apache.commons.lang3.math.NumberUtils,757,0,0.15,0.15,826,Qwen/Qwen3-8B
Lang-3-0394,Lang,3,394,COR,logical,org.apache.commons.lang3.math.NumberUtils,757,1,0.15,0.15,826,Qwen/Qwen3-8B
Lang-3-0395,Lang,3,395,STD,statement_deletion,org.apache.commons.lang3.math.NumberUtils,779,1,0.95,0.95,816,Qwen/Qwen3-8B
Lang-3-0396,Lang,3,396,LVR,arithmetic,org.apache.commons.lang3.math.NumberUtils,782,1,0.75,0.75,774,Qwen/Qwen3-8B
Lang-3-0397,Lang,3,397,LVR,arithmetic,org.apache.commons.lang3.math.NumberUtils,782,1,0.75,0.75,779,Qwen/Qwen3-8B
Lang-3-0398,Lang,3,398,LVR,arithmetic,org.apache.commons.lang3.math.NumberUtils,783,0,0.95,0.95,784,Qwen/Qwen3-8B
Lang-3-0399,Lang,3,399,LVR,arithmetic,org.apache.commons.lang3.math.NumberUtils,783,1,0.85,0.85,787,Qwen/Qwen3-8B
Lang-3-0400,Lang,3,400,ROR,relational,org.apache.commons.lang3.math.NumberUtils,783,0,0.95,0.95,787,Qwen/Qwen3-8B
Lang-3-0401,Lang,3,401,ROR,relational,org.apache.commons.lang3.math.NumberUtils,783,1,0.95,0.95,782,Qwen/Qwen3-8B
Lang-3-0402,Lang,3,402,ROR,relational,org.apache.commons.lang3.math.NumberUtils,783,1,0.95,0.95,781,Qwen/Qwen3-8B
Lang-3-0403,Lang,3,403,ROR,relational,org.apache.commons.lang3.math.NumberUtils,784,1,0.95,0.95,780,Qwen/Qwen3-8B
Lang-3-0404,Lang,3,404,ROR,relational,org.apache.commons.lang3.math.NumberUtils,784,0,0.95,0.95,778,Qwen/Qwen3-8B
Lang-3-0405,Lang,3,405,ROR,relational,org.apache.commons.lang3.math.NumberUtils,784,1,0.95,0.95,777,Qwen/Qwen3-8B
Lang-3-0406,Lang,3,406,STD,statement_deletion,org.apache.commons.lang3.math.NumberUtils,785,1,0.1,0.1,692,Qwen/Qwen3-8B
Lang-3-0407,Lang,3,407,STD,statement_deletion,org.apache.commons.lang3.math.NumberUtils,802,1,0.1,0.1,737,Qwen/Qwen3-8B
Lang-3-0408,Lang,3,408,LVR,arithmetic,org.apache.commons.lang3.math.NumberUtils,805,1,0.75,0.75,772,Qwen/Qwen3-8B
Lang-3-0409,Lang,3,409,LVR,arithmetic,org.apache.commons.lang3.math.NumberUtils,805,1,0.75,0.75,780,Qwen/Qwen3-8B
Lang-3-0410,Lang,3,410,LVR,arithmetic,org.apache.commons.lang3.math.NumberUtils,806,0,0.95,0.95,797,Qwen/Qwen3-8B
Lang-3-0411,Lang,3,411,LVR,arithmetic,org.apache.commons.lang3.math.NumberUtils,806,1,0.95,0.95,780,Qwen/Qwen3-8B
Lang-3-0412,Lang,3,412,ROR,relational,org.apache.commons.lang3.math.NumberUtils,806,0,0.95,0.95,799,Qwen/Qwen3-8B
Lang-3-0413,Lang,3,413,ROR,relational,org.apache.commons.lang3.math.NumberUtils,806,1,0.95,0.95,780,Qwen/Qwen3-8B
Lang-3-0414,Lang,3,414,ROR,relational,org.apache.commons.lang3.math.NumberUtils,806,1,0.95,0.95,790,Qwen/Qwen3-8B
Lang-3-0415,Lang,3,415,ROR,relational,org.apache.commons.lang3.math.NumberUtils,807,1,0.95,0.95,779,Qwen/Qwen3-8B
Lang-3-0416,Lang,3,416,ROR,relational,org.apache.commons.lang3.math.NumberUtils,807,0,0.95,0.95,780,Qwen/Qwen3-8B
Lang-3-0417,Lang,3,417,ROR,relational,org.apache.commons.lang3.math.NumberUtils,807,1,0.95,0.95,777,Qwen/Qwen3-8B
Lang-3-0418,Lang,3,418,STD,statement_deletion,org.apache.commons.lang3.math.NumberUtils,808,1,0.15,0.15,778,Qwen/Qwen3-8B
Lang-3-0419,Lang,3,419,STD,statement_deletion,org.apache.commons.lang3.math.NumberUtils,825,1,0.1,0.1,734,Qwen/Qwen3-8B
Lang-3-0420,Lang,3,420,LVR,arithmetic,org.apache.commons.lang3.math.NumberUtils,828,1,0.75,0.75,778,Qwen/Qwen3-8B
Lang-3-0421,Lang,3,421,LVR,arithmetic,org.apache.commons.lang3.math.NumberUtils,828,1,0.75,0.75,783,Qwen/Qwen3-8B
Lang-3-0422,Lang,3,422,LVR,arithmetic,org.apache.commons.lang3.math.NumberUtils,829,0,0.95,0.95,776,Qwen/Qwen3-8B
Lang-3-0423,Lang,3,423,LVR,arithmetic,org.apache.commons.lang3.math.NumberUtils,829,1,0.85,0.85,773,Qwen/Qwen3-8B
Lang-3-0424,Lang,3,424,ROR,relational,org.apache.commons.lang3.math.NumberUtils,829,0,0.95,0.95,783,Qwen/Qwen3-8B
Lang-3-0425,Lang,3,425,ROR,relational,org.apache.commons.lang3.math.NumberUtils,829,1,0.95,0.95,794,Qwen/Qwen3-8B
Lang-3-0426,Lang,3,426,ROR,relational,org.apache.commons.lang3.math.NumberUtils,829,1,0.95,0.95,783,Qwen/Qwen3-8B
Lang-3-0427,Lang,3,427,ROR,relational,org.apache.commons.lang3.math.NumberUtils,830,1,0.75,0.75,776,Qwen/Qwen3-8B
Lang-3-0428,Lang,3,428,ROR,relational,org.apache.commons.lang3.math.NumberUtils,830,0,0.75,0.75,778,Qwen/Qwen3-8B
Lang-3-0429,Lang,3,429,ROR,relational,org.apache.commons.lang3.math.NumberUtils,830,1,0.75,0.75,785,Qwen/Qwen3-8B
Lang-3-0430,Lang,3,430,STD,statement_deletion,org.apache.commons.lang3.math.NumberUtils,831,1,0.1,0.1,699,Qwen/Qwen3-8B
Lang-3-0431,Lang,3,431,STD,statement_deletion,org.apache.commons.lang3.math.NumberUtils,848,1,0.95,0.95,815,Qwen/Qwen3-8B
Lang-3-0432,Lang,3,432,LVR,arithmetic,org.apache.commons.lang3.math.NumberUtils,851,1,0.75,0.75,778,Qwen/Qwen3-8B
Lang-3-0433,Lang,3,433,LVR,arithmetic,org.apache.commons.lang3.math.NumberUtils,851,1,0.75,0.75,778,Qwen/Qwen3-8B
Lang-3-0434,Lang,3,434,LVR,arithmetic,org.apache.commons.lang3.math.NumberUtils,852,0,0.75,0.75,790,Qwen/Qwen3-8B
Lang-3-0435,Lang,3,435,LVR,arithmetic,org.apache.commons.lang3.math.NumberUtils,852,1,0.75,0.75,778,Qwen/Qwen3-8B
Lang-3-0436,Lang,3,436,ROR,relational,org.apache.commons.lang3.math.NumberUtils,852,0,0.95,0.95,788,Qwen/Qwen3-8B
Lang-3-0437,Lang,3,437,ROR,relational,org.apache.commons.lang3.math.NumberUtils,852,1,0.95,0.95,791,Qwen/Qwen3-8B
Lang-3-0438,Lang,3,438,ROR,relational,org.apache.commons.lang3.math.NumberUtils,852,1,0.95,0.95,819,Qwen/Qwen3-8B
Lang-3-0439,Lang,3,439,ROR,relational,org.apache.commons.lang3.math.NumberUtils,853,1,0.75,0.75,777,Qwen/Qwen3-8B
Lang-3-0440,Lang,3,440,ROR,relational,org.apache.commons.lang3.math.NumberUtils,853,0,0.75,0.75,776,Qwen/Qwen3-8B
Lang-3-0441,Lang,3,441,ROR,relational,org.apache.commons.lang3.math.NumberUtils,853,1,0.75,0.75,780,Qwen/Qwen3-8B
Lang-3-0442,Lang,3,442,STD,statement_deletion,org.apache.commons.lang3.math.NumberUtils,854,1,0.1,0.1,693,Qwen/Qwen3-8B
Lang-3-0443,Lang,3,443,STD,statement_deletion,org.apache.commons.lang3.math.NumberUtils,872,1,0.15,0.15,836,Qwen/Qwen3-8B
Lang-3-0444,Lang,3,444,LVR,arithmetic,org.apache.commons.lang3.math.NumberUtils,875,1,0.75,0.75,785,Qwen/Qwen3-8B
Lang-3-0445,Lang,3,445,LVR,arithmetic,org.apache.commons.lang3.math.NumberUtils,875,1,0.75,0.75,785,Qwen/Qwen3-8B
Lang-3-0446,Lang,3,446,LVR,arithmetic,org.apache.commons.lang3.math.NumberUtils,876,0,0.75,0.75,800,Qwen/Qwen3-8B
Lang-3-0447,Lang,3,447,LVR,arithmetic,org.apache.commons.lang3.math.NumberUtils,876,1,0.75,0.75,793,Qwen/Qwen3-8B
Lang-3-0448,Lang,3,448,ROR,relational,org.apache.commons.lang3.math.NumberUtils,876,0,0.95,0.95,819,Qwen/Qwen3-8B
Lang-3-0449,Lang,3,449,ROR,relational,org.apache.commons.lang3.math.NumberUtils,876,1,0.95,0.95,791,Qwen/Qwen3-8B
Lang-3-0450,Lang,3,450,ROR,relational,org.apache.commons.lang3.math.NumberUtils,876,1,0.75,0.75,787,Qwen/Qwen3-8B
Lang-3-0451,Lang,3,451,COR,logical,org.apache.commons.lang3.math.NumberUtils,877,1,0.75,0.75,787,Qwen/Qwen3-8B
Lang-3-0452,Lang,3,452,COR,logical,org.apache.commons.lang3.math.NumberUtils,877,1,0.75,0.75,796,Qwen/Qwen3-8B
Lang-3-0453,Lang,3,453,ROR,relational,org.apache.commons.lang3.math.NumberUtils,880,1,0.75,0.75,781,Qwen/Qwen3-8B
Lang-3-0454,Lang,3,454,ROR,relational,org.apache.commons.lang3.math.NumberUtils,880,0,0.75,0.75,778,Qwen/Qwen3-8B
Lang-3-0455,Lang,3,455,ROR,relational,org.apache.commons.lang3.math.NumberUtils,880,1,0.75,0.75,780,Qwen/Qwen3-8B
Lang-3-0456,Lang,3,456,STD,statement_deletion,org.apache.commons.lang3.math.NumberUtils,881,1,0.15,0.15,779,Qwen/Qwen3-8B
Lang-3-0457,Lang,3,457,STD,statement_deletion,org.apache.commons.lang3.math.NumberUtils,899,1,0.15,0.15,835,Qwen/Qwen3-8B
Lang-3-0458,Lang,3,458,LVR,arithmetic,org.apache.commons.lang3.math.NumberUtils,902,1,0.75,0.75,783,Qwen/Qwen3-8B
Lang-3-0459,Lang,3,459,LVR,arithmetic,org.apache.commons.lang3.math.NumberUtils,902,1,0.75,0.75,787,Qwen/Qwen3-8B
Lang-3-0460,Lang,3,460,LVR,arithmetic,org.apache.commons.lang3.math.NumberUtils,903,0,0.75,0.75,784,Qwen/Qwen3-8B
Lang-3-0461,Lang,3,461,LVR,arithmetic,org.apache.commons.lang3.math.NumberUtils,903,1,0.75,0.75,792,Qwen/Qwen3-8B
Lang-3-0462,Lang,3,462,ROR,relational,org.apache.commons.lang3.math.NumberUtils,903,0,0.95,0.95,797,Qwen/Qwen3-8B
Lang-3-0463,Lang,3,463,ROR,relational,org.apache.commons.lang3.math.NumberUtils,903,1,0.95,0.95,797,Qwen/Qwen3-8B
Lang-3-0464,Lang,3,464,ROR,relational,org.apache.commons.lang3.math.NumberUtils,903,1,0.75,0.75,783,Qwen/Qwen3-8B
Lang-3-0465,Lang,3,465,COR,logical,org.apache.commons.lang3.math.NumberUtils,904,0,0.75,0.75,780,Qwen/Qwen3-8B
Lang-3-0466,Lang,3,466,COR,logical,org.apache.commons.lang3.math.NumberUtils,904,1,0.75,0.75,775,Qwen/Qwen3-8B
Lang-3-0467,Lang,3,467,ROR,relational,org.apache.commons.lang3.math.NumberUtils,907,1,0.75,0.75,785,Qwen/Qwen3-8B
Lang-3-0468,Lang,3,468,ROR,relational,org.apache.commons.lang3.math.NumberUtils,907,0,0.75,0.75,774,Qwen/Qwen3-8B
Lang-3-0469,Lang,3,469,ROR,relational,org.apache.commons.lang3.math.NumberUtils,907,1,0.75,0.75,784,Qwen/Qwen3-8B
Lang-3-0470,Lang,3,470,STD,statement_deletion,org.apache.commons.lang3.math.NumberUtils,908,1,0.15,0.15,781,Qwen/Qwen3-8B
Lang-3-0471,Lang,3,471,STD,statement_deletion,org.apache.commons.lang3.math.NumberUtils,927,1,0.1,0.1,741,Qwen/Qwen3-8B
Lang-3-0472,Lang,3,472,LVR,arithmetic,org.apache.commons.lang3.math.NumberUtils,930,1,0.95,0.95,781,Qwen/Qwen3-8B
Lang-3-0473,Lang,3,473,LVR,arithmetic,org.apache.commons.lang3.math.NumberUtils,930,1,0.85,0.85,779,Qwen/Qwen3-8B
Lang-3-0474,Lang,3,474,LVR,arithmetic,org.apache.commons.lang3.math.NumberUtils,931,0,0.95,0.95,806,Qwen/Qwen3-8B
Lang-3-0475,Lang,3,475,LVR,arithmetic,org.apache.commons.lang3.math.NumberUtils,931,1,0.85,0.85,770,Qwen/Qwen3-8B
Lang-3-0476,Lang,3,476,ROR,relational,org.apache.commons.lang3.math.NumberUtils,931,0,0.95,0.95,809,Qwen/Qwen3-8B
Lang-3-0477,Lang,3,477,ROR,relational,org.apache.commons.lang3.math.NumberUtils,931,1,0.95,0.95,782,Qwen/Qwen3-8B
Lang-3-0478,Lang,3,478,ROR,relational,org.apache.commons.lang3.math.NumberUtils,931,1,0.95,0.95,781,Qwen/Qwen3-8B
Lang-3-0479,Lang,3,479,ROR,relational,org.apache.commons.lang3.math.NumberUtils,932,1,0.95,0.95,780,Qwen/Qwen3-8B
Lang-3-0480,Lang,3,480,ROR,relational,org.apache.commons.lang3.math.NumberUtils,932,0,0.95,0.95,774,Qwen/Qwen3-8B
Lang-3-0481,Lang,3,481,ROR,relational,org.apache.commons.lang3.math.NumberUtils,932,1,0.95,0.95,777,Qwen/Qwen3-8B
Lang-3-0482,Lang,3,482,STD,statement_deletion,org.apache.commons.lang3.math.NumberUtils,933,1,0.15,0.15,774,Qwen/Qwen3-8B
Lang-3-0483,Lang,3,483,STD,statement_deletion,org.apache.commons.lang3.math.NumberUtils,950,1,0.1,0.1,738,Qwen/Qwen3-8B
Lang-3-0484,Lang,3,484,LVR,arithmetic,org.apache.commons.lang3.math.NumberUtils,953,1,0.95,0.95,779,Qwen/Qwen3-8B
Lang-3-0485,Lang,3,485,LVR,arithmetic,org.apache.commons.lang3.math.NumberUtils,953,1,0.95,0.95,783,Qwen/Qwen3-8B
Lang-3-0486,Lang,3,486,LVR,arithmetic,org.apache.commons.lang3.math.NumberUtils,954,0,0.95,0.95,781,Qwen/Qwen3-8B
Lang-3-0487,Lang,3,487,LVR,arithmetic,org.apache.commons.lang3.math.NumberUtils,954,1,0.95,0.95,778,Qwen/Qwen3-8B
Lang-3-0488,Lang,3,488,ROR,relational,org.apache.commons.lang3.math.NumberUtils,954,0,0.95,0.95,785,Qwen/Qwen3-8B
Lang-3-0489,Lang,3,489,ROR,relational,org.apache.commons.lang3.math.NumberUtils,954,1,0.95,0.95,808,Qwen/Qwen3-8B
Lang-3-0490,Lang,3,490,ROR,relational,org.apache.commons.lang3.math.NumberUtils,954,1,0.95,0.95,786,Qwen/Qwen3-8B
Lang-3-0491,Lang,3,491,ROR,relational,org.apache.commons.lang3.math.NumberUtils,955,1,0.95,0.95,776,Qwen/Qwen3-8B
Lang-3-0492,Lang,3,492,ROR,relational,org.apache.commons.lang3.math.NumberUtils,955,0,0.95,0.95,776,Qwen/Qwen3-8B
Lang-3-0493,Lang,3,493,ROR,relational,org.apache.commons.lang3.math.NumberUtils,955,1,0.95,0.95,776,Qwen/Qwen3-8B
Lang-3-0494,Lang,3,494,STD,statement_deletion,org.apache.commons.lang3.math.NumberUtils,956,1,0.15,0.15,786,Qwen/Qwen3-8B
Lang-3-0495,Lang,3,495,STD,statement_deletion,org.apache.commons.lang3.math.NumberUtils,973,1,0.1,0.1,738,Qwen/Qwen3-8B
Lang-3-0496,Lang,3,496,LVR,arithmetic,org.apache.commons.lang3.math.NumberUtils,976,1,0.75,0.75,776,Qwen/Qwen3-8B
Lang-3-0497,Lang,3,497,LVR,arithmetic,org.apache.commons.lang3.math.NumberUtils,976,1,0.75,0.75,772,Qwen/Qwen3-8B
Lang-3-0498,Lang,3,498,LVR,arithmetic,org.apache.commons.lang3.math.NumberUtils,977,0,0.95,0.95,782,Qwen/Qwen3-8B
Lang-3-0499,Lang,3,499,LVR,arithmetic,org.apache.commons.lang3.math.NumberUtils,977,1,0.85,0.85,779,Qwen/Qwen3-8B
Lang-3-0500,Lang,3,500,ROR,relational,org.apache.commons.lang3.math.NumberUtils,977,0,0.95,0.95,787,Qwen/Qwen3-8B
Lang-3-0501,Lang,3,501,ROR,relational,org.apache.commons.lang3.math.NumberUtils,977,1,0.95,0.95,787,Qwen/Qwen3-8B
Lang-3-0502,Lang,3,502,ROR,relational,org.apache.commons.lang3.math.NumberUtils,977,1,0.95,0.95,784,Qwen/Qwen3-8B
Lang-3-0503,Lang,3,503,ROR,relational,org.apache.commons.lang3.math.NumberUtils,978,1,0.95,0.95,776,Qwen/Qwen3-8B
Lang-3-0504,Lang,3,504,ROR,relational,org.apache.commons.lang3.math.NumberUtils,978,0,0.75,0.75,779,Qwen/Qwen3-8B
Lang-3-0505,Lang,3,505,ROR,relational,org.apache.commons.lang3.math.NumberUtils,978,1,0.95,0.95,779,Qwen/Qwen3-8B
Lang-3-0506,Lang,3,506,STD,statement_deletion,org.apache.commons.lang3.math.NumberUtils,979,1,0.1,0.1,699,Qwen/Qwen3-8B
Lang-3-0507,Lang,3,507,STD,statement_deletion,org.apache.commons.lang3.math.NumberUtils,996,1,0.1,0.1,738,Qwen/Qwen3-8B
Lang-3-0508,Lang,3,508,LVR,arithmetic,org.apache.commons.lang3.math.NumberUtils,999,1,0.75,0.75,781,Qwen/Qwen3-8B
Lang-3-0509,Lang,3,509,LVR,arithmetic,org.apache.commons.lang3.math.NumberUtils,999,1,0.75,0.75,780,Qwen/Qwen3-8B
Lang-3-0510,Lang,3,510,LVR,arithmetic,org.apache.commons.lang3.math.NumberUtils,1000,0,0.85,0.85,781,Qwen/Qwen3-8B
Lang-3-0511,Lang,3,511,LVR,arithmetic,org.apache.commons.lang3.math.NumberUtils,1000,1,0.85,0.85,785,Qwen/Qwen3-8B
Lang-3-0512,Lang,3,512,ROR,relational,org.apache.commons.lang3.math.NumberUtils,1000,0,0.95,0.95,784,Qwen/Qwen3-8B
Lang-3-0513,Lang,3,513,ROR,relational,org.apache.commons.lang3.math.NumberUtils,1000,1,0.95,0.95,783,Qwen/Qwen3-8B
Lang-3-0514,Lang,3,514,ROR,relational,org.apache.commons.lang3.math.NumberUtils,1000,1,0.95,0.95,787,Qwen/Qwen3-8B
Lang-3-0515,Lang,3,515,ROR,relational,org.apache.commons.lang3.math.NumberUtils,1001,1,0.95,0.95,777,Qwen/Qwen3-8B
Lang-3-0516,Lang,3,516,ROR,relational,org.apache.commons.lang3.math.NumberUtils,1001,0,0.75,0.75,782,Qwen/Qwen3-8B
Lang-3-0517,Lang,3,517,ROR,relational,org.apache.commons.lang3.math.NumberUtils,1001,1,0.95,0.95,780,Qwen/Qwen3-8B
Lang-3-0518,Lang,3,518,STD,statement_deletion,org.apache.commons.lang3.math.NumberUtils,1002,1,0.1,0.1,689,Qwen/Qwen3-8B
Lang-3-0519,Lang,3,519,STD,statement_deletion,org.apache.commons.lang3.math.NumberUtils,1020,1,0.15,0.15,835,Qwen/Qwen3-8B
Lang-3-0520,Lang,3,520,LVR,arithmetic,org.apache.commons.lang3.math.NumberUtils,1023,1,0.75,0.75,788,Qwen/Qwen3-8B
Lang-3-0521,Lang,3,521,LVR,arithmetic,org.apache.commons.lang3.math.NumberUtils,1023,1,0.75,0.75,791,Qwen/Qwen3-8B
Lang-3-0522,Lang,3,522,LVR,arithmetic,org.apache.commons.lang3.math.NumberUtils,1024,0,0.75,0.75,784,Qwen/Qwen3-8B
Lang-3-0523,Lang,3,523,LVR,arithmetic,org.apache.commons.lang3.math.NumberUtils,1024,1,0.75,0.75,791,Qwen/Qwen3-8B
Lang-3-0524,Lang,3,524,ROR,relational,org.apache.commons.lang3.math.NumberUtils,1024,0,0.75,0.75,790,Qwen/Qwen3-8B
Lang-3-0525,Lang,3,525,ROR,relational,org.apache.commons.lang3.math.NumberUtils,1024,1,0.95,0.95,791,Qwen/Qwen3-8B
Lang-3-0526,Lang,3,526,ROR,relational,org.apache.commons.lang3.math.NumberUtils,1024,1,0.75,0.75,790,Qwen/Qwen3-8B
Lang-3-0527,Lang,3,527,COR,logical,org.apache.commons.lang3.math.NumberUtils,1025,1,0.75,0.75,790,Qwen/Qwen3-8B
Lang-3-0528,Lang,3,528,COR,logical,org.apache.commons.lang3.math.NumberUtils,1025,1,0.75,0.75,787,Qwen/Qwen3-8B
Lang-3-0529,Lang,3,529,ROR,relational,org.apache.commons.lang3.math.NumberUtils,1028,1,0.75,0.75,779,Qwen/Qwen3-8B
Lang-3-0530,Lang,3,530,ROR,relational,org.apache.commons.lang3.math.NumberUtils,1028,0,0.75,0.75,782,Qwen/Qwen3-8B
Lang-3-0531,Lang,3,531,ROR,relational,org.apache.commons.lang3.math.NumberUtils,1028,1,0.75,0.75,785,Qwen/Qwen3-8B
Lang-3-0532,Lang,3,532,STD,statement_deletion,org.apache.commons.lang3.math.NumberUtils,1029,1,0.15,0.15,775,Qwen/Qwen3-8B
Lang-3-0533,Lang,3,533,STD,statement_deletion,org.apache.commons.lang3.math.NumberUtils,1047,1,0.15,0.15,833,Qwen/Qwen3-8B
Lang-3-0534,Lang,3,534,LVR,arithmetic,org.apache.commons.lang3.math.NumberUtils,1050,1,0.75,0.75,789,Qwen/Qwen3-8B
Lang-3-0535,Lang,3,535,LVR,arithmetic,org.apache.commons.lang3.math.NumberUtils,1050,1,0.75,0.75,791,Qwen/Qwen3-8B
Lang-3-0536,Lang,3,536,LVR,arithmetic,org.apache.commons.lang3.math.NumberUtils,1051,0,0.75,0.75,799,Qwen/Qwen3-8B
Lang-3-0537,Lang,3,537,LVR,arithmetic,org.apache.commons.lang3.math.NumberUtils,1051,1,0.75,0.75,780,Qwen/Qwen3-8B
Lang-3-0538,Lang,3,538,ROR,relational,org.apache.commons.lang3.math.NumberUtils,1051,0,0.95,0.95,787,Qwen/Qwen3-8B
Lang-3-0539,Lang,3,539,ROR,relational,org.apache.commons.lang3.math.NumberUtils,1051,1,0.95,0.95,790,Qwen/Qwen3-8B
Lang-3-0540,Lang,3,540,ROR,relational,org.apache.commons.lang3.math.NumberUtils,1051,1,0.75,0.75,809,Qwen/Qwen3-8B
Lang-3-0541,Lang,3,541,COR,logical,org.apache.commons.lang3.math.NumberUtils,1052,1,0.75,0.75,782,Qwen/Qwen3-8B
Lang-3-0542,Lang,3,542,COR,logical,org.apache.commons.lang3.math.NumberUtils,1052,1,0.75,0.75,790,Qwen/Qwen3-8B
Lang-3-0543,Lang,3,543,ROR,relational,org.apache.commons.lang3.math.NumberUtils,1055,1,0.75,0.75,780,Qwen/Qwen3-8B
Lang-3-0544,Lang,3,544,ROR,relational,org.apache.commons.lang3.math.NumberUtils,1055,0,0.75,0.75,785,Qwen/Qwen3-8B
Lang-3-0545,Lang,3,545,ROR,relational,org.apache.commons.lang3.math.NumberUtils,1055,1,0.95,0.95,785,Qwen/Qwen3-8B
Lang-3-0546,Lang,3,546,STD,statement_deletion,org.apache.commons.lang3.math.NumberUtils,1056,1,0.15,0.15,773,Qwen/Qwen3-8B
Lang-3-0547,Lang,3,547,ROR,relational,org.apache.commons.lang3.math.NumberUtils,1070,1,0.95,0.95,815,Qwen/Qwen3-8B
Lang-3-0548,Lang,3,548,LVR,arithmetic,org.apache.commons.lang3.math.NumberUtils,1072,1,0.15,0.15,805,Qwen/Qwen3-8B
Lang-3-0549,Lang,3,549,LVR,arithmetic,org.apache.commons.lang3.math.NumberUtils,1072,1,0.15,0.15,798,Qwen/Qwen3-8B
Lang-3-0550,Lang,3,550,ROR,relational,org.apache.commons.lang3.math.NumberUtils,1072,0,0.75,0.75,807,Qwen/Qwen3-8B
Lang-3-0551,Lang,3,551,ROR,relational,org.apache.commons.lang3.math.NumberUtils,1072,1,0.75,0.75,807,Qwen/Qwen3-8B
Lang-3-0552,Lang,3,552,ROR,relational,org.apache.commons.lang3.math.NumberUtils,1072,1,0.15,0.15,815,Qwen/Qwen3-8B
Lang-3-0553,Lang,3,553,ROR,relational,org.apache.commons.lang3.math.NumberUtils,1088,1,0.75,0.75,791,Qwen/Qwen3-8B
Lang-3-0554,Lang,3,554,ROR,relational,org.apache.commons.lang3.math.NumberUtils,1088,0,0.75,0.75,800,Qwen/Qwen3-8B
Lang-3-0555,Lang,3,555,ROR,relational,org.apache.commons.lang3.math.NumberUtils,1088,1,0.75,0.75,783,Qwen/Qwen3-8B
Lang-3-0556,Lang,3,556,STD,statement_deletion,org.apache.commons.lang3.math.NumberUtils,1089,1,0.75,0.75,785,Qwen/Qwen3-8B
Lang-3-0557,Lang,3,557,ROR,relational,org.apache.commons.lang3.math.NumberUtils,1091,1,0.75,0.75,781,Qwen/Qwen3-8B
Lang-3-0558,Lang,3,558,ROR,relational,org.apache.commons.lang3.math.NumberUtils,1091,0,0.75,0.75,773,Qwen/Qwen3-8B
Lang-3-0559,Lang,3,559,ROR,relational,org.apache.commons.lang3.math.NumberUtils,1091,1,0.75,0.75,776,Qwen/Qwen3-8B
Lang-3-0560,Lang,3,560,STD,statement_deletion,org.apache.commons.lang3.math.NumberUtils,1092,1,0.95,0.95,786,Qwen/Qwen3-8B
Lang-3-0561,Lang,3,561,ROR,relational,org.apache.commons.lang3.math.NumberUtils,1106,1,0.75,0.75,801,Qwen/Qwen3-8B
Lang-3-0562,Lang,3,562,ROR,relational,org.apache.commons.lang3.math.NumberUtils,1106,0,0.75,0.75,792,Qwen/Qwen3-8B
Lang-3-0563,Lang,3,563,ROR,relational,org.apache.commons.lang3.math.NumberUtils,1106,1,0.75,0.75,813,Qwen/Qwen3-8B
Lang-3-0564,Lang,3,564,STD,statement_deletion,org.apache.commons.lang3.math.NumberUtils,1107,1,0.75,0.75,813,Qwen/Qwen3-8B
Lang-3-0565,Lang,3,565,ROR,relational,org.apache.commons.lang3.math.NumberUtils,1109,1,0.75,0.75,823,Qwen/Qwen3-8B
Lang-3-0566,Lang,3,566,ROR,relational,org.apache.commons.lang3.math.NumberUtils,1109,0,0.75,0.75,779,Qwen/Qwen3-8B
Lang-3-0567,Lang,3,567,ROR,relational,org.apache.commons.lang3.math.NumberUtils,1109,1,0.75,0.75,776,Qwen/Qwen3-8B
Lang-3-0568,Lang,3,568,STD,statement_deletion,org.apache.commons.lang3.math.NumberUtils,1110,1,0.75,0.75,780,Qwen/Qwen3-8B
Lang-3-0569,Lang,3,569,ROR,relational,org.apache.commons.lang3.math.NumberUtils,1124,1,0.75,0.75,796,Qwen/Qwen3-8B
Lang-3-0570,Lang,3,570,ROR,relational,org.apache.commons.lang3.math.NumberUtils,1124,0,0.75,0.75,797,Qwen/Qwen3-8B
Lang-3-0571,Lang,3,571,ROR,relational,org.apache.commons.lang3.math.NumberUtils,1124,1,0.75,0.75,793,Qwen/Qwen3-8B
Lang-3-0572,Lang,3,572,STD,statement_deletion,org.apache.commons.lang3.math.NumberUtils,1125,1,0.15,0.15,789,Qwen/Qwen3-8B
Lang-3-0573,Lang,3,573,ROR,relational,org.apache.commons.lang3.math.NumberUtils,1127,1,0.75,0.75,774,Qwen/Qwen3-8B
Lang-3-0574,Lang,3,574,ROR,relational,org.apache.commons.lang3.math.NumberUtils,1127,0,0.75,0.75,772,Qwen/Qwen3-8B
Lang-3-0575,Lang,3,575,ROR,relational,org.apache.commons.lang3.math.NumberUtils,1127,1,0.75,0.75,773,Qwen/Qwen3-8B
Lang-3-0576,Lang,3,576,STD,statement_deletion,org.apache.commons.lang3.math.NumberUtils,1128,1,0.95,0.95,785,Qwen/Qwen3-8B
Lang-3-0577,Lang,3,577,ROR,relational,org.apache.commons.lang3.math.NumberUtils,1142,1,0.75,0.75,798,Qwen/Qwen3-8B
Lang-3-0578,Lang,3,578,ROR,relational,org.apache.commons.lang3.math.NumberUtils,1142,0,0.75,0.75,792,Qwen/Qwen3-8B
Lang-3-0579,Lang,3,579,ROR,relational,org.apache.commons.lang3.math.NumberUtils,1142,1,0.75,0.75,790,Qwen/Qwen3-8B
Lang-3-0580,Lang,3,580,STD,statement_deletion,org.apache.commons.lang3.math.NumberUtils,1143,1,0.95,0.95,792,Qwen/Qwen3-8B
Lang-3-0581,Lang,3,581,ROR,relational,org.apache.commons.lang3.math.NumberUtils,1145,1,0.75,0.75,774,Qwen/Qwen3-8B
Lang-3-0582,Lang,3,582,ROR,relational,org.apache.commons.lang3.math.NumberUtils,1145,0,0.75,0.75,779,Qwen/Qwen3-8B
Lang-3-0583,Lang,3,583,ROR,relational,org.apache.commons.lang3.math.NumberUtils,1145,1,0.75,0.75,781,Qwen/Qwen3-8B
Lang-3-0584,Lang,3,584,STD,statement_deletion,org.apache.commons.lang3.math.NumberUtils,1146,1,0.95,0.95,782,Qwen/Qwen3-8B
Lang-3-0585,Lang,3,585,ROR,relational,org.apache.commons.lang3.math.NumberUtils,1194,1,0.75,0.75,803,Qwen/Qwen3-8B
Lang-3-0586,Lang,3,586,ROR,relational,org.apache.commons.lang3.math.NumberUtils,1194,0,0.75,0.75,792,Qwen/Qwen3-8B
Lang-3-0587,Lang,3,587,ROR,relational,org.apache.commons.lang3.math.NumberUtils,1194,1,0.75,0.75,795,Qwen/Qwen3-8B
Lang-3-0588,Lang,3,588,STD,statement_deletion,org.apache.commons.lang3.math.NumberUtils,1195,1,0.75,0.75,794,Qwen/Qwen3-8B
Lang-3-0589,Lang,3,589,ROR,relational,org.apache.commons.lang3.math.NumberUtils,1197,1,0.75,0.75,773,Qwen/Qwen3-8B
Lang-3-0590,Lang,3,590,ROR,relational,org.apache.commons.lang3.math.NumberUtils,1197,0,0.75,0.75,784,Qwen/Qwen3-8B
Lang-3-0591,Lang,3,591,ROR,relational,org.apache.commons.lang3.math.NumberUtils,1197,1,0.95,0.95,773,Qwen/Qwen3-8B
Lang-3-0592,Lang,3,592,STD,statement_deletion,org.apache.commons.lang3.math.NumberUtils,1198,1,0.95,0.95,782,Qwen/Qwen3-8B
Lang-3-0593,Lang,3,593,ROR,relational,org.apache.commons.lang3.math.NumberUtils,1212,1,0.75,0.75,786,Qwen/Qwen3-8B
Lang-3-0594,Lang,3,594,ROR,relational,org.apache.commons.lang3.math.NumberUtils,1212,0,0.75,0.75,801,Qwen/Qwen3-8B
Lang-3-0595,Lang,3,595,ROR,relational,org.apache.commons.lang3.math.NumberUtils,1212,1,0.75,0.75,797,Qwen/Qwen3-8B
Lang-3-0596,Lang,3,596,STD,statement_deletion,org.apache.commons.lang3.math.NumberUtils,1213,1,0.95,0.95,792,Qwen/Qwen3-8B
Lang-3-0597,Lang,3,597,ROR,relational,org.apache.commons.lang3.math.NumberUtils,1215,1,0.75,0.75,778,Qwen/Qwen3-8B
Lang-3-0598,Lang,3,598,ROR,relational,org.apache.commons.lang3.math.NumberUtils,1215,0,0.75,0.75,776,Qwen/Qwen3-8B
Lang-3-0599,Lang,3,599,ROR,relational,org.apache.commons.lang3.math.NumberUtils,1215,1,0.75,0.75,783,Qwen/Qwen3-8B
Lang-3-0600,Lang,3,600,STD,statement_deletion,org.apache.commons.lang3.math.NumberUtils,1216,1,0.95,0.95,787,Qwen/Qwen3-8B
Lang-3-0601,Lang,3,601,ROR,relational,org.apache.commons.lang3.math.NumberUtils,1230,0,0.75,0.75,818,Qwen/Qwen3-8B
Lang-3-0602,Lang,3,602,ROR,relational,org.apache.commons.lang3.math.NumberUtils,1230,0,0.75,0.75,798,Qwen/Qwen3-8B
Lang-3-0603,Lang,3,603,ROR,relational,org.apache.commons.lang3.math.NumberUtils,1230,1,0.75,0.75,819,Qwen/Qwen3-8B
Lang-3-0604,Lang,3,604,STD,statement_deletion,org.apache.commons.lang3.math.NumberUtils,1231,1,0.95,0.95,790,Qwen/Qwen3-8B
Lang-3-0605,Lang,3,605,ROR,relational,org.apache.commons.lang3.math.NumberUtils,1233,1,0.75,0.75,778,Qwen/Qwen3-8B
Lang-3-0606,Lang,3,606,ROR,relational,org.apache.commons.lang3.math.NumberUtils,1233,0,0.75,0.75,776,Qwen/Qwen3-8B
Lang-3-0607,Lang,3,607,ROR,relational,org.apache.commons.lang3.math.NumberUtils,1233,1,0.75,0.75,780,Qwen/Qwen3-8B
Lang-3-0608,Lang,3,608,STD,statement_deletion,org.apache.commons.lang3.math.NumberUtils,1234,1,0.95,0.95,784,Qwen/Qwen3-8B
Lang-3-0609,Lang,3,609,ROR,relational,org.apache.commons.lang3.math.NumberUtils,1248,0,0.75,0.75,796,Qwen/Qwen3-8B
Lang-3-0610,Lang,3,610,ROR,relational,org.apache.commons.lang3.math.NumberUtils,1248,0,0.75,0.75,796,Qwen/Qwen3-8B
Lang-3-0611,Lang,3,611,ROR,relational,org.apache.commons.lang3.math.NumberUtils,1248,1,0.75,0.75,795,Qwen/Qwen3-8B
Lang-3-0612,Lang,3,612,STD,statement_deletion,org.apache.commons.lang3.math.NumberUtils,1249,1,0.15,0.15,781,Qwen/Qwen3-8B
Lang-3-0613,Lang,3,613,ROR,relational,org.apache.commons.lang3.math.NumberUtils,1251,1,0.75,0.75,777,Qwen/Qwen3-8B
Lang-3-0614,Lang,3,614,ROR,relational,org.apache.commons.lang3.math.NumberUtils,1251,0,0.75,0.75,780,Qwen/Qwen3-8B
Lang-3-0615,Lang,3,615,ROR,relational,org.apache.commons.lang3.math.NumberUtils,1251,1,0.75,0.75,771,Qwen/Qwen3-8B
Lang-3-0616,Lang,3,616,STD,statement_deletion,org.apache.commons.lang3.math.NumberUtils,1252,1,0.95,0.95,784,Qwen/Qwen3-8B
Lang-3-0617,Lang,3,617,COR,logical,org.apache.commons.lang3.math.NumberUtils,1301,1,0.75,0.75,809,Qwen/Qwen3-8B
Lang-3-0618,Lang,3,618,COR,logical,org.apache.commons.lang3.math.NumberUtils,1301,1,0.75,0.75,815,Qwen/Qwen3-8B
Lang-3-0619,Lang,3,619,LVR,arithmetic,org.apache.commons.lang3.math.NumberUtils,1302,1,0.75,0.75,788,Qwen/Qwen3-8B
Lang-3-0620,Lang,3,620,LVR,arithmetic,org.apache.commons.lang3.math.NumberUtils,1304,0,0.75,0.75,789,Qwen/Qwen3-8B
Lang-3-0621,Lang,3,621,LVR,arithmetic,org.apache.commons.lang3.math.NumberUtils,1304,1,0.75,0.75,793,Qwen/Qwen3-8B
Lang-3-0622,Lang,3,622,ROR,relational,org.apache.commons.lang3.math.NumberUtils,1304,0,0.95,0.95,792,Qwen/Qwen3-8B
Lang-3-0623,Lang,3,623,ROR,relational,org.apache.commons.lang3.math.NumberUtils,1304,1,0.95,0.95,792,Qwen/Qwen3-8B
Lang-3-0624,Lang,3,624,ROR,relational,org.apache.commons.lang3.math.NumberUtils,1304,1,0.75,0.75,792,Qwen/Qwen3-8B
Lang-3-0625,Lang,3,625,COR,logical,org.apache.commons.lang3.math.NumberUtils,1305,1,0.75,0.75,780,Qwen/Qwen3-8B
Lang-3-0626,Lang,3,626,COR,logical,org.apache.commons.lang3.math.NumberUtils,1305,1,0.75,0.75,779,Qwen/Qwen3-8B
Lang-3-0627,Lang,3,627,LVR,arithmetic,org.apache.commons.lang3.math.NumberUtils,1306,1,0.95,0.95,773,Qwen/Qwen3-8B
Lang-3-0628,Lang,3,628,LVR,arithmetic,org.apache.commons.lang3.math.NumberUtils,1309,1,0.95,0.95,789,Qwen/Qwen3-8B
Lang-3-0629,Lang,3,629,COR,logical,org.apache.commons.lang3.math.NumberUtils,1326,1,0.75,0.75,808,Qwen/Qwen3-8B
Lang-3-0630,Lang,3,630,COR,logical,org.apache.commons.lang3.math.NumberUtils,1326,1,0.75,0.75,812,Qwen/Qwen3-8B
Lang-3-0631,Lang,3,631,LVR,arithmetic,org.apache.commons.lang3.math.NumberUtils,1327,1,0.75,0.75,808,Qwen/Qwen3-8B
Lang-3-0632,Lang,3,632,LVR,arithmetic,org.apache.commons.lang3.math.NumberUtils,1331,1,0.75,0.75,822,Qwen/Qwen3-8B
Lang-3-0633,Lang,3,633,LVR,arithmetic,org.apache.commons.lang3.math.NumberUtils,1332,1,0.75,0.75,824,Qwen/Qwen3-8B
Lang-3-0634,Lang,3,634,LVR,arithmetic,org.apache.commons.lang3.math.NumberUtils,1333,1,0.75,0.75,833,Qwen/Qwen3-8B
Lang-3-0635,Lang,3,635,LVR,arithmetic,org.apache.commons.lang3.math.NumberUtils,1334,1,0.75,0.75,828,Qwen/Qwen3-8B
Lang-3-0636,Lang,3,636,LVR,arithmetic,org.apache.commons.lang3.math.NumberUtils,1336,1,0.75,0.75,825,Qwen/Qwen3-8B
Lang-3-0637,Lang,3,637,LVR,arithmetic,org.apache.commons.lang3.math.NumberUtils,1336,1,0.75,0.75,825,Qwen/Qwen3-8B
Lang-3-0638,Lang,3,638,ROR,relational,org.apache.commons.lang3.math.NumberUtils,1336,1,0.75,0.75,835,Qwen/Qwen3-8B
Lang-3-0639,Lang,3,639,ROR,relational,org.apache.commons.lang3.math.NumberUtils,1336,1,0.75,0.75,830,Qwen/Qwen3-8B
Lang-3-0640,Lang,3,640,ROR,relational,org.apache.commons.lang3.math.NumberUtils,1336,1,0.75,0.75,844,Qwen/Qwen3-8B
Lang-3-0641,Lang,3,641,LVR,arithmetic,org.apache.commons.lang3.math.NumberUtils,1336,1,0.75,0.75,826,Qwen/Qwen3-8B
Lang-3-0642,Lang,3,642,LVR,arithmetic,org.apache.commons.lang3.math.NumberUtils,1336,1,0.75,0.75,837,Qwen/Qwen3-8B
Lang-3-0643,Lang,3,643,LVR,arithmetic,org.apache.commons.lang3.math.NumberUtils,1336,1,0.75,0.75,823,Qwen/Qwen3-8B
Lang-3-0644,Lang,3,644,LVR,arithmetic,org.apache.commons.lang3.math.NumberUtils,1336,1,0.75,0.75,832,Qwen/Qwen3-8B
Lang-3-0645,Lang,3,645,LVR,arithmetic,org.apache.commons.lang3.math.NumberUtils,1337,1,0.75,0.75,835,Qwen/Qwen3-8B
Lang-3-0646,Lang,3,646,LVR,arithmetic,org.apache.commons.lang3.math.NumberUtils,1337,1,0.75,0.75,836,Qwen/Qwen3-8B
Lang-3-0647,Lang,3,647,AOR,arithmetic,org.apache.commons.lang3.math.NumberUtils,1337,1,0.3,0.3,749,Qwen/Qwen3-8B
Lang-3-0648,Lang,3,648,AOR,arithmetic,org.apache.commons.lang3.math.NumberUtils,1337,1,0.35,0.35,837,Qwen/Qwen3-8B
Lang-3-0649,Lang,3,649,AOR,arithmetic,org.apache.commons.lang3.math.NumberUtils,1337,1,0.75,0.75,831,Qwen/Qwen3-8B
Lang-3-0650,Lang,3,650,AOR,arithmetic,org.apache.commons.lang3.math.NumberUtils,1337,1,0.15,0.15,830,Qwen/Qwen3-8B
Lang-3-0651,Lang,3,651,ROR,relational,org.apache.commons.lang3.math.NumberUtils,1337,0,0.75,0.75,842,Qwen/Qwen3-8B
Lang-3-0652,Lang,3,652,ROR,relational,org.apache.commons.lang3.math.NumberUtils,1337,1,0.75,0.75,842,Qwen/Qwen3-8B
Lang-3-0653,Lang,3,653,ROR,relational,org.apache.commons.lang3.math.NumberUtils,1337,1,0.75,0.75,836,Qwen/Qwen3-8B
Lang-3-0654,Lang,3,654,ROR,relational,org.apache.commons.lang3.math.NumberUtils,1337,0,0.75,0.75,836,Qwen/Qwen3-8B
Lang-3-0655,Lang,3,655,ROR,relational,org.apache.commons.lang3.math.NumberUtils,1337,0,0.75,0.75,835,Qwen/Qwen3-8B
Lang-3-0656,Lang,3,656,ROR,relational,org.apache.commons.lang3.math.NumberUtils,1337,1,0.75,0.75,835,Qwen/Qwen3-8B
Lang-3-0657,Lang,3,657,COR,logical,org.apache.commons.lang3.math.NumberUtils,1337,1,0.35,0.35,840,Qwen/Qwen3-8B
Lang-3-0658,Lang,3,658,COR,logical,org.apache.commons.lang3.math.NumberUtils,1337,1,0.75,0.75,832,Qwen/Qwen3-8B
Lang-3-0659,Lang,3,659,COR,logical,org.apache.commons.lang3.math.NumberUtils,1337,0,0.75,0.75,844,Qwen/Qwen3-8B
Lang-3-0660,Lang,3,660,COR,logical,org.apache.commons.lang3.math.NumberUtils,1337,1,0.75,0.75,844,Qwen/Qwen3-8B
Lang-3-0661,Lang,3,661,LVR,arithmetic,org.apache.commons.lang3.math.NumberUtils,1337,1,0.75,0.75,833,Qwen/Qwen3-8B
Lang-3-0662,Lang,3,662,LVR,arithmetic,org.apache.commons.lang3.math.NumberUtils,1337,1,0.75,0.75,829,Qwen/Qwen3-8B
Lang-3-0663,Lang,3,663,AOR,arithmetic,org.apache.commons.lang3.math.NumberUtils,1337,1,0.3,0.3,753,Qwen/Qwen3-8B
Lang-3-0664,Lang,3,664,AOR,arithmetic,org.apache.commons.lang3.math.NumberUtils,1337,1,0.35,0.35,839,Qwen/Qwen3-8B
Lang-3-0665,Lang,3,665,AOR,arithmetic,org.apache.commons.lang3.math.NumberUtils,1337,1,0.75,0.75,833,Qwen/Qwen3-8B
Lang-3-0666,Lang,3,666,AOR,arithmetic,org.apache.commons.lang3.math.NumberUtils,1337,1,0.15,0.15,834,Qwen/Qwen3-8B
Lang-3-0667,Lang,3,667,ROR,relational,org.apache.commons.lang3.math.NumberUtils,1337,1,0.75,0.75,835,Qwen/Qwen3-8B
Lang-3-0668,Lang,3,668,ROR,relational,org.apache.commons.lang3.math.NumberUtils,1337,0,0.75,0.75,843,Qwen/Qwen3-8B
Lang-3-0669,Lang,3,669,ROR,relational,org.apache.commons.lang3.math.NumberUtils,1337,1,0.75,0.75,837,Qwen/Qwen3-8B
Lang-3-0670,Lang,3,670,COR,logical,org.apache.commons.lang3.math.NumberUtils,1337,1,0.35,0.35,839,Qwen/Qwen3-8B
Lang-3-0671,Lang,3,671,COR,logical,org.apache.commons.lang3.math.NumberUtils,1337,1,0.75,0.75,846,Qwen/Qwen3-8B
Lang-3-0672,Lang,3,672,COR,logical,org.apache.commons.lang3.math.NumberUtils,1337,1,0.75,0.75,840,Qwen/Qwen3-8B
Lang-3-0673,Lang,3,673,COR,logical,org.apache.commons.lang3.math.NumberUtils,1337,1,0.75,0.75,845,Qwen/Qwen3-8B
Lang-3-0674,Lang,3,674,LVR,arithmetic,org.apache.commons.lang3.math.NumberUtils,1338,1,0.75,0.75,845,Qwen/Qwen3-8B
Lang-3-0675,Lang,3,675,LVR,arithmetic,org.apache.commons.lang3.math.NumberUtils,1338,1,0.75,0.75,836,Qwen/Qwen3-8B
Lang-3-0676,Lang,3,676,AOR,arithmetic,org.apache.commons.lang3.math.NumberUtils,1338,1,0.75,0.75,887,Qwen/Qwen3-8B
Lang-3-0677,Lang,3,677,AOR,arithmetic,org.apache.commons.lang3.math.NumberUtils,1338,1,0.75,0.75,858,Qwen/Qwen3-8B
Lang-3-0678,Lang,3,678,AOR,arithmetic,org.apache.commons.lang3.math.NumberUtils,1338,1,0.75,0.75,846,Qwen/Qwen3-8B
Lang-3-0679,Lang,3,679,AOR,arithmetic,org.apache.commons.lang3.math.NumberUtils,1338,1,0.75,0.75,842,Qwen/Qwen3-8B
Lang-3-0680,Lang,3,680,ROR,relational,org.apache.commons.lang3.math.NumberUtils,1339,1,0.75,0.75,915,Qwen/Qwen3-8B
Lang-3-0681,Lang,3,681,ROR,relational,org.apache.commons.lang3.math.NumberUtils,1339,0,0.75,0.75,920,Qwen/Qwen3-8B
Lang-3-0682,Lang,3,682,ROR,relational,org.apache.commons.lang3.math.NumberUtils,1339,0,0.75,0.75,911,Qwen/Qwen3-8B
Lang-3-0683,Lang,3,683,LVR,arithmetic,org.apache.commons.lang3.math.NumberUtils,1340,0,0.75,0.75,929,Qwen/Qwen3-8B
Lang-3-0684,Lang,3,684,ROR,relational,org.apache.commons.lang3.math.NumberUtils,1343,0,0.75,0.75,841,Qwen/Qwen3-8B
Lang-3-0685,Lang,3,685,ROR,relational,org.apache.commons.lang3.math.NumberUtils,1343,1,0.75,0.75,841,Qwen/Qwen3-8B
Lang-3-0686,Lang,3,686,ROR,relational,org.apache.commons.lang3.math.NumberUtils,1343,1,0.75,0.75,839,Qwen/Qwen3-8B
Lang-3-0687,Lang,3,687,ROR,relational,org.apache.commons.lang3.math.NumberUtils,1344,1,0.75,0.75,826,Qwen/Qwen3-8B
Lang-3-0688,Lang,3,688,ROR,relational,org.apache.commons.lang3.math.NumberUtils,1344,1,0.75,0.75,832,Qwen/Qwen3-8B
Lang-3-0689,Lang,3,689,ROR,relational,org.apache.commons.lang3.math.NumberUtils,1344,1,0.75,0.75,819,Qwen/Qwen3-8B
Lang-3-0690,Lang,3,690,ROR,relational,org.apache.commons.lang3.math.NumberUtils,1344,1,0.75,0.75,820,Qwen/Qwen3-8B
Lang-3-0691,Lang,3,691,ROR,relational,org.apache.commons.lang3.math.NumberUtils,1344,0,0.75,0.75,818,Qwen/Qwen3-8B
Lang-3-0692,Lang,3,692,ROR,relational,org.apache.commons.lang3.math.NumberUtils,1344,1,0.75,0.75,824,Qwen/Qwen3-8B
Lang-3-0693,Lang,3,693,COR,logical,org.apache.commons.lang3.math.NumberUtils,1344,0,0.75,0.75,825,Qwen/Qwen3-8B
Lang-3-0694,Lang,3,694,COR,logical,org.apache.commons.lang3.math.NumberUtils,1344,1,0.75,0.75,830,Qwen/Qwen3-8B
Lang-3-0695,Lang,3,695,COR,logical,org.apache.commons.lang3.math.NumberUtils,1344,1,0.75,0.75,817,Qwen/Qwen3-8B
Lang-3-0696,Lang,3,696,COR,logical,org.apache.commons.lang3.math.NumberUtils,1344,1,0.75,0.75,820,Qwen/Qwen3-8B
Lang-3-0697,Lang,3,697,ROR,relational,org.apache.commons.lang3.math.NumberUtils,1345,0,0.75,0.75,815,Qwen/Qwen3-8B
Lang-3-0698,Lang,3,698,ROR,relational,org.apache.commons.lang3.math.NumberUtils,1345,0,0.75,0.75,816,Qwen/Qwen3-8B
Lang-3-0699,Lang,3,699,ROR,relational,org.apache.commons.lang3.math.NumberUtils,1345,1,0.75,0.75,815,Qwen/Qwen3-8B
Lang-3-0700,Lang,3,700,ROR,relational,org.apache.commons.lang3.math.NumberUtils,1345,0,0.75,0.75,844,Qwen/Qwen3-8B
Lang-3-0701,Lang,3,701,ROR,relational,org.apache.commons.lang3.math.NumberUtils,1345,0,0.75,0.75,816,Qwen/Qwen3-8B
Lang-3-0702,Lang,3,702,ROR,relational,org.apache.commons.lang3.math.NumberUtils,1345,0,0.75,0.75,811,Qwen/Qwen3-8B
Lang-3-0703,Lang,3,703,COR,logical,org.apache.commons.lang3.math.NumberUtils,1345,0,0.75,0.75,821,Qwen/Qwen3-8B
Lang-3-0704,Lang,3,704,COR,logical,org.apache.commons.lang3.math.NumberUtils,1345,0,0.75,0.75,820,Qwen/Qwen3-8B
Lang-3-0705,Lang,3,705,COR,logical,org.apache.commons.lang3.math.NumberUtils,1345,1,0.75,0.75,817,Qwen/Qwen3-8B
Lang-3-0706,Lang,3,706,COR,logical,org.apache.commons.lang3.math.NumberUtils,1345,0,0.75,0.75,823,Qwen/Qwen3-8B
Lang-3-0707,Lang,3,707,COR,logical,org.apache.commons.lang3.math.NumberUtils,1344,0,0.75,0.75,825,Qwen/Qwen3-8B
Lang-3-0708,Lang,3,708,COR,logical,org.apache.commons.lang3.math.NumberUtils,1345,1,0.75,0.75,816,Qwen/Qwen3-8B
Lang-3-0709,Lang,3,709,COR,logical,org.apache.commons.lang3.math.NumberUtils,1344,0,0.75,0.75,826,Qwen/Qwen3-8B
Lang-3-0710,Lang,3,710,COR,logical,org.apache.commons.lang3.math.NumberUtils,1345,1,0.75,0.75,814,Qwen/Qwen3-8B
Lang-3-0711,Lang,3,711,ROR,relational,org.apache.commons.lang3.math.NumberUtils,1346,1,0.75,0.75,821,Qwen/Qwen3-8B
Lang-3-0712,Lang,3,712,ROR,relational,org.apache.commons.lang3.math.NumberUtils,1346,1,0.75,0.75,846,Qwen/Qwen3-8B
Lang-3-0713,Lang,3,713,ROR,relational,org.apache.commons.lang3.math.NumberUtils,1346,1,0.75,0.75,824,Qwen/Qwen3-8B
Lang-3-0714,Lang,3,714,ROR,relational,org.apache.commons.lang3.math.NumberUtils,1346,1,0.75,0.75,826,Qwen/Qwen3-8B
Lang-3-0715,Lang,3,715,ROR,relational,org.apache.commons.lang3.math.NumberUtils,1346,0,0.75,0.75,828,Qwen/Qwen3-8B
Lang-3-0716,Lang,3,716,ROR,relational,org.apache.commons.lang3.math.NumberUtils,1346,1,0.75,0.75,827,Qwen/Qwen3-8B
Lang-3-0717,Lang,3,717,COR,logical,org.apache.commons.lang3.math.NumberUtils,1346,0,0.75,0.75,828,Qwen/Qwen3-8B
Lang-3-0718,Lang,3,718,COR,logical,org.apache.commons.lang3.math.NumberUtils,1346,1,0.75,0.75,827,Qwen/Qwen3-8B
Lang-3-0719,Lang,3,719,COR,logical,org.apache.commons.lang3.math.NumberUtils,1346,1,0.75,0.75,824,Qwen/Qwen3-8B
Lang-3-0720,Lang,3,720,COR,logical,org.apache.commons.lang3.math.NumberUtils,1346,1,0.75,0.75,821,Qwen/Qwen3-8B
Lang-3-0721,Lang,3,721,COR,logical,org.apache.commons.lang3.math.NumberUtils,1344,0,0.75,0.75,823,Qwen/Qwen3-8B
Lang-3-0722,Lang,3,722,COR,logical,org.apache.commons.lang3.math.NumberUtils,1346,1,0.75,0.75,818,Qwen/Qwen3-8B
Lang-3-0723,Lang,3,723,COR,logical,org.apache.commons.lang3.math.NumberUtils,1344,1,0.75,0.75,821,Qwen/Qwen3-8B
Lang-3-0724,Lang,3,724,COR,logical,org.apache.commons.lang3.math.NumberUtils,1346,1,0.75,0.75,849,Qwen/Qwen3-8B
Lang-3-0725,Lang,3,725,LVR,arithmetic,org.apache.commons.lang3.math.NumberUtils,1347,1,0.75,0.75,813,Qwen/Qwen3-8B
Lang-3-0726,Lang,3,726,LVR,arithmetic,org.apache.commons.lang3.math.NumberUtils,1350,1,0.75,0.75,840,Qwen/Qwen3-8B
Lang-3-0727,Lang,3,727,STD,statement_deletion,org.apache.commons.lang3.math.NumberUtils,1352,1,0.75,0.75,850,Qwen/Qwen3-8B
Lang-3-0728,Lang,3,728,ROR,relational,org.apache.commons.lang3.math.NumberUtils,1357,0,0.75,0.75,852,Qwen/Qwen3-8B
Lang-3-0729,Lang,3,729,ROR,relational,org.apache.commons.lang3.math.NumberUtils,1357,1,0.75,0.75,852,Qwen/Qwen3-8B
Lang-3-0730,Lang,3,730,ROR,relational,org.apache.commons.lang3.math.NumberUtils,1357,1,0.35,0.35,844,Qwen/Qwen3-8B
Lang-3-0731,Lang,3,731,LVR,arithmetic,org.apache.commons.lang3.math.NumberUtils,1357,0,0.75,0.75,849,Qwen/Qwen3-8B
Lang-3-0732,Lang,3,732,LVR,arithmetic,org.apache.commons.lang3.math.NumberUtils,1357,0,0.35,0.35,852,Qwen/Qwen3-8B
Lang-3-0733,Lang,3,733,AOR,arithmetic,org.apache.commons.lang3.math.NumberUtils,1357,0,0.75,0.75,851,Qwen/Qwen3-8B
Lang-3-0734,Lang,3,734,AOR,arithmetic,org.apache.commons.lang3.math.NumberUtils,1357,0,0.75,0.75,853,Qwen/Qwen3-8B
Lang-3-0735,Lang,3,735,AOR,arithmetic,org.apache.commons.lang3.math.NumberUtils,1357,0,0.75,0.75,855,Qwen/Qwen3-8B
Lang-3-0736,Lang,3,736,AOR,arithmetic,org.apache.commons.lang3.math.NumberUtils,1357,0,0.75,0.75,878,Qwen/Qwen3-8B
Lang-3-0737,Lang,3,737,ROR,relational,org.apache.commons.lang3.math.NumberUtils,1357,0,0.75,0.75,849,Qwen/Qwen3-8B
Lang-3-0738,Lang,3,738,ROR,relational,org.apache.commons.lang3.math.NumberUtils,1357,0,0.75,0.75,852,Qwen/Qwen3-8B
Lang-3-0739,Lang,3,739,ROR,relational,org.apache.commons.lang3.math.NumberUtils,1357,0,0.35,0.35,842,Qwen/Qwen3-8B
Lang-3-0740,Lang,3,740,COR,logical,org.apache.commons.lang3.math.NumberUtils,1357,0,0.35,0.35,851,Qwen/Qwen3-8B
Lang-3-0741,Lang,3,741,COR,logical,org.apache.commons.lang3.math.NumberUtils,1357,0,0.75,0.75,852,Qwen/Qwen3-8B
Lang-3-0742,Lang,3,742,COR,logical,org.apache.commons.lang3.math.NumberUtils,1357,0,0.35,0.35,848,Qwen/Qwen3-8B
Lang-3-0743,Lang,3,743,COR,logical,org.apache.commons.lang3.math.NumberUtils,1357,0,0.35,0.35,850,Qwen/Qwen3-8B
Lang-3-0744,Lang,3,744,COR,logical,org.apache.commons.lang3.math.NumberUtils,1357,1,0.35,0.35,848,Qwen/Qwen3-8B
Lang-3-0745,Lang,3,745,COR,logical,org.apache.commons.lang3.math.NumberUtils,1357,0,0.75,0.75,851,Qwen/Qwen3-8B
Lang-3-0746,Lang,3,746,COR,logical,org.apache.commons.lang3.math.NumberUtils,1357,0,0.35,0.35,854,Qwen/Qwen3-8B
Lang-3-0747,Lang,3,747,COR,logical,org.apache.commons.lang3.math.NumberUtils,1357,1,0.35,0.35,849,Qwen/Qwen3-8B
Lang-3-0748,Lang,3,748,COR,logical,org.apache.commons.lang3.math.NumberUtils,1357,0,0.35,0.35,856,Qwen/Qwen3-8B
Lang-3-0749,Lang,3,749,COR,logical,org.apache.commons.lang3.math.NumberUtils,1357,0,0.35,0.35,852,Qwen/Qwen3-8B
Lang-3-0750,Lang,3,750,COR,logical,org.apache.commons.lang3.math.NumberUtils,1357,1,0.35,0.35,854,Qwen/Qwen3-8B
Lang-3-0751,Lang,3,751,COR,logical,org.apache.commons.lang3.math.NumberUtils,1357,1,0.75,0.75,853,Qwen/Qwen3-8B
Lang-3-0752,Lang,3,752,ROR,relational,org.apache.commons.lang3.math.NumberUtils,1358,1,0.75,0.75,914,Qwen/Qwen3-8B
Lang-3-0753,Lang,3,753,ROR,relational,org.apache.commons.lang3.math.NumberUtils,1358,1,0.75,0.75,914,Qwen/Qwen3-8B
Lang-3-0754,Lang,3,754,ROR,relational,org.apache.commons.lang3.math.NumberUtils,1358,1,0.75,0.75,912,Qwen/Qwen3-8B
Lang-3-0755,Lang,3,755,ROR,relational,org.apache.commons.lang3.math.NumberUtils,1358,0,0.75,0.75,919,Qwen/Qwen3-8B
Lang-3-0756,Lang,3,756,ROR,relational,org.apache.commons.lang3.math.NumberUtils,1358,1,0.75,0.75,918,Qwen/Qwen3-8B
Lang-3-0757,Lang,3,757,ROR,relational,org.apache.commons.lang3.math.NumberUtils,1358,1,0.75,0.75,914,Qwen/Qwen3-8B
Lang-3-0758,Lang,3,758,COR,logical,org.apache.commons.lang3.math.NumberUtils,1358,0,0.75,0.75,911,Qwen/Qwen3-8B
Lang-3-0759,Lang,3,759,COR,logical,org.apache.commons.lang3.math.NumberUtils,1358,1,0.75,0.75,932,Qwen/Qwen3-8B
Lang-3-0760,Lang,3,760,COR,logical,org.apache.commons.lang3.math.NumberUtils,1358,1,0.75,0.75,917,Qwen/Qwen3-8B
Lang-3-0761,Lang,3,761,COR,logical,org.apache.commons.lang3.math.NumberUtils,1358,1,0.75,0.75,916,Qwen/Qwen3-8B
Lang-3-0762,Lang,3,762,LVR,arithmetic,org.apache.commons.lang3.math.NumberUtils,1359,1,0.75,0.75,844,Qwen/Qwen3-8B
Lang-3-0763,Lang,3,763,STD,statement_deletion,org.apache.commons.lang3.math.NumberUtils,1359,1,0.15,0.15,839,Qwen/Qwen3-8B
Lang-3-0764,Lang,3,764,LVR,arithmetic,org.apache.commons.lang3.math.NumberUtils,1360,1,0.75,0.75,833,Qwen/Qwen3-8B
Lang-3-0765,Lang,3,765,STD,statement_deletion,org.apache.commons.lang3.math.NumberUtils,1360,1,0.75,0.75,836,Qwen/Qwen3-8B
Lang-3-0766,Lang,3,766,ROR,relational,org.apache.commons.lang3.math.NumberUtils,1362,1,0.75,0.75,844,Qwen/Qwen3-8B
Lang-3-0767,Lang,3,767,ROR,relational,org.apache.commons.lang3.math.NumberUtils,1362,1,0.75,0.75,838,Qwen/Qwen3-8B
Lang-3-0768,Lang,3,768,ROR,relational,org.apache.commons.lang3.math.NumberUtils,1362,1,0.75,0.75,837,Qwen/Qwen3-8B
Lang-3-0769,Lang,3,769,COR,logical,org.apache.commons.lang3.math.NumberUtils,1363,0,0.75,0.75,829,Qwen/Qwen3-8B
Lang-3-0770,Lang,3,770,COR,logical,org.apache.commons.lang3.math.NumberUtils,1363,1,0.75,0.75,834,Qwen/Qwen3-8B
Lang-3-0771,Lang,3,771,COR,logical,org.apache.commons.lang3.math.NumberUtils,1363,1,0.75,0.75,836,Qwen/Qwen3-8B
Lang-3-0772,Lang,3,772,COR,logical,org.apache.commons.lang3.math.NumberUtils,1363,1,0.75,0.75,831,Qwen/Qwen3-8B
Lang-3-0773,Lang,3,773,LVR,arithmetic,org.apache.commons.lang3.math.NumberUtils,1365,1,0.75,0.75,802,Qwen/Qwen3-8B
Lang-3-0774,Lang,3,774,LVR,arithmetic,org.apache.commons.lang3.math.NumberUtils,1367,1,0.75,0.75,799,Qwen/Qwen3-8B
Lang-3-0775,Lang,3,775,STD,statement_deletion,org.apache.commons.lang3.math.NumberUtils,1367,1,0.15,0.15,791,Qwen/Qwen3-8B
Lang-3-0776,Lang,3,776,ROR,relational,org.apache.commons.lang3.math.NumberUtils,1368,1,0.75,0.75,812,Qwen/Qwen3-8B
Lang-3-0777,Lang,3,777,ROR,relational,org.apache.commons.lang3.math.NumberUtils,1368,0,0.75,0.75,812,Qwen/Qwen3-8B
Lang-3-0778,Lang,3,778,ROR,relational,org.apache.commons.lang3.math.NumberUtils,1368,0,0.75,0.75,808,Qwen/Qwen3-8B
Lang-3-0779,Lang,3,779,ROR,relational,org.apache.commons.lang3.math.NumberUtils,1368,1,0.75,0.75,813,Qwen/Qwen3-8B
Lang-3-0780,Lang,3,780,ROR,relational,org.apache.commons.lang3.math.NumberUtils,1368,1,0.75,0.75,807,Qwen/Qwen3-8B
Lang-3-0781,Lang,3,781,ROR,relational,org.apache.commons.lang3.math.NumberUtils,1368,1,0.75,0.75,806,Qwen/Qwen3-8B
Lang-3-0782,Lang,3,782,COR,logical,org.apache.commons.lang3.math.NumberUtils,1368,0,0.75,0.75,808,Qwen/Qwen3-8B
Lang-3-0783,Lang,3,783,COR,logical,org.apache.commons.lang3.math.NumberUtils,1368,1,0.75,0.75,816,Qwen/Qwen3-8B
Lang-3-0784,Lang,3,784,COR,logical,org.apache.commons.lang3.math.NumberUtils,1368,0,0.75,0.75,844,Qwen/Qwen3-8B
Lang-3-0785,Lang,3,785,COR,logical,org.apache.commons.lang3.math.NumberUtils,1368,1,0.75,0.75,810,Qwen/Qwen3-8B
Lang-3-0786,Lang,3,786,COR,logical,org.apache.commons.lang3.math.NumberUtils,1370,0,0.75,0.75,794,Qwen/Qwen3-8B
Lang-3-0787,Lang,3,787,COR,logical,org.apache.commons.lang3.math.NumberUtils,1370,1,0.75,0.75,792,Qwen/Qwen3-8B
Lang-3-0788,Lang,3,788,LVR,arithmetic,org.apache.commons.lang3.math.NumberUtils,1372,0,0.75,0.75,786,Qwen/Qwen3-8B
Lang-3-0789,Lang,3,789,COR,logical,org.apache.commons.lang3.math.NumberUtils,1374,1,0.75,0.75,806,Qwen/Qwen3-8B
Lang-3-0790,Lang,3,790,COR,logical,org.apache.commons.lang3.math.NumberUtils,1374,0,0.75,0.75,806,Qwen/Qwen3-8B
Lang-3-0791,Lang,3,791,LVR,arithmetic,org.apache.commons.lang3.math.NumberUtils,1375,0,0.75,0.75,787,Qwen/Qwen3-8B
Lang-3-0792,Lang,3,792,LVR,arithmetic,org.apache.commons.lang3.math.NumberUtils,1377,1,0.75,0.75,787,Qwen/Qwen3-8B
Lang-3-0793,Lang,3,793,STD,statement_deletion,org.apache.commons.lang3.math.NumberUtils,1377,1,0.75,0.75,784,Qwen/Qwen3-8B
Lang-3-0794,Lang,3,794,LVR,arithmetic,org.apache.commons.lang3.math.NumberUtils,1378,1,0.75,0.75,784,Qwen/Qwen3-8B
Lang-3-0795,Lang,3,795,STD,statement_deletion,org.apache.commons.lang3.math.NumberUtils,1378,1,0.15,0.15,819,Qwen/Qwen3-8B
Lang-3-0796,Lang,3,796,ROR,relational,org.apache.commons.lang3.math.NumberUtils,1379,0,0.75,0.75,793,Qwen/Qwen3-8B
Lang-3-0797,Lang,3,797,ROR,relational,org.apache.commons.lang3.math.NumberUtils,1379,0,0.75,0.75,784,Qwen/Qwen3-8B
Lang-3-0798,Lang,3,798,ROR,relational,org.apache.commons.lang3.math.NumberUtils,1379,1,0.75,0.75,791,Qwen/Qwen3-8B
Lang-3-0799,Lang,3,799,ROR,relational,org.apache.commons.lang3.math.NumberUtils,1379,0,0.75,0.75,794,Qwen/Qwen3-8B
Lang-3-0800,Lang,3,800,ROR,relational,org.apache.commons.lang3.math.NumberUtils,1379,0,0.75,0.75,789,Qwen/Qwen3-8B
Lang-3-0801,Lang,3,801,ROR,relational,org.apache.commons.lang3.math.NumberUtils,1379,1,0.75,0.75,787,Qwen/Qwen3-8B
Lang-3-0802,Lang,3,802,COR,logical,org.apache.commons.lang3.math.NumberUtils,1379,0,0.75,0.75,789,Qwen/Qwen3-8B
Lang-3-0803,Lang,3,803,COR,logical,org.apache.commons.lang3.math.NumberUtils,1379,1,0.75,0.75,795,Qwen/Qwen3-8B
Lang-3-0804,Lang,3,804,COR,logical,org.apache.commons.lang3.math.NumberUtils,1379,1,0.75,0.75,790,Qwen/Qwen3-8B
Lang-3-0805,Lang,3,805,COR,logical,org.apache.commons.lang3.math.NumberUtils,1379,0,0.75,0.75,790,Qwen/Qwen3-8B
Lang-3-0806,Lang,3,806,COR,logical,org.apache.commons.lang3.math.NumberUtils,1380,1,0.75,0.75,788,Qwen/Qwen3-8B
Lang-3-0807,Lang,3,807,COR,logical,org.apache.commons.lang3.math.NumberUtils,1380,1,0.75,0.75,790,Qwen/Qwen3-8B
Lang-3-0808,Lang,3,808,LVR,arithmetic,org.apache.commons.lang3.math.NumberUtils,1381,1,0.75,0.75,782,Qwen/Qwen3-8B
Lang-3-0809,Lang,3,809,LVR,arithmetic,org.apache.commons.lang3.math.NumberUtils,1383,1,0.75,0.75,785,Qwen/Qwen3-8B
Lang-3-0810,Lang,3,810,STD,statement_deletion,org.apache.commons.lang3.math.NumberUtils,1383,1,0.75,0.75,785,Qwen/Qwen3-8B
Lang-3-0811,Lang,3,811,LVR,arithmetic,org.apache.commons.lang3.math.NumberUtils,1384,1,0.75,0.75,781,Qwen/Qwen3-8B
Lang-3-0812,Lang,3,812,STD,statement_deletion,org.apache.commons.lang3.math.NumberUtils,1384,1,0.15,0.15,787,Qwen/Qwen3-8B
Lang-3-0813,Lang,3,813,LVR,arithmetic,org.apache.commons.lang3.math.NumberUtils,1386,1,0.75,0.75,774,Qwen/Qwen3-8B
Lang-3-0814,Lang,3,814,STD,statement_deletion,org.apache.commons.lang3.math.NumberUtils,1388,1,0.75,0.75,789,Qwen/Qwen3-8B
Lang-3-0815,Lang,3,815,ROR,relational,org.apache.commons.lang3.math.NumberUtils,1390,0,0.75,0.75,810,Qwen/Qwen3-8B
Lang-3-0816,Lang,3,816,ROR,relational,org.apache.commons.lang3.math.NumberUtils,1390,0,0.75,0.75,812,Qwen/Qwen3-8B
Lang-3-0817,Lang,3,817,ROR,relational,org.apache.commons.lang3.math.NumberUtils,1390,1,0.75,0.75,806,Qwen/Qwen3-8B
Lang-3-0818,Lang,3,818,ROR,relational,org.apache.commons.lang3.math.NumberUtils,1391,1,0.75,0.75,789,Qwen/Qwen3-8B
Lang-3-0819,Lang,3,819,ROR,relational,org.apache.commons.lang3.math.NumberUtils,1391,1,0.75,0.75,785,Qwen/Qwen3-8B
Lang-3-0820,Lang,3,820,ROR,relational,org.apache.commons.lang3.math.NumberUtils,1391,1,0.75,0.75,795,Qwen/Qwen3-8B
Lang-3-0821,Lang,3,821,ROR,relational,org.apache.commons.lang3.math.NumberUtils,1391,0,0.75,0.75,796,Qwen/Qwen3-8B
Lang-3-0822,Lang,3,822,ROR,relational,org.apache.commons.lang3.math.NumberUtils,1391,1,0.75,0.75,802,Qwen/Qwen3-8B
Lang-3-0823,Lang,3,823,ROR,relational,org.apache.commons.lang3.math.NumberUtils,1391,1,0.75,0.75,787,Qwen/Qwen3-8B
Lang-3-0824,Lang,3,824,COR,logical,org.apache.commons.lang3.math.NumberUtils,1391,0,0.75,0.75,792,Qwen/Qwen3-8B
Lang-3-0825,Lang,3,825,COR,logical,org.apache.commons.lang3.math.NumberUtils,1391,1,0.75,0.75,799,Qwen/Qwen3-8B
Lang-3-0826,Lang,3,826,COR,logical,org.apache.commons.lang3.math.NumberUtils,1391,1,0.75,0.75,802,Qwen/Qwen3-8B
Lang-3-0827,Lang,3,827,COR,logical,org.apache.commons.lang3.math.NumberUtils,1391,1,0.75,0.75,795,Qwen/Qwen3-8B
Lang-3-0828,Lang,3,828,LVR,arithmetic,org.apache.commons.lang3.math.NumberUtils,1393,1,0.75,0.75,790,Qwen/Qwen3-8B
Lang-3-0829,Lang,3,829,ROR,relational,org.apache.commons.lang3.math.NumberUtils,1395,1,0.75,0.75,808,Qwen/Qwen3-8B
Lang-3-0830,Lang,3,830,ROR,relational,org.apache.commons.lang3.math.NumberUtils,1395,0,0.75,0.75,814,Qwen/Qwen3-8B
Lang-3-0831,Lang,3,831,ROR,relational,org.apache.commons.lang3.math.NumberUtils,1395,0,0.75,0.75,813,Qwen/Qwen3-8B
Lang-3-0832,Lang,3,832,ROR,relational,org.apache.commons.lang3.math.NumberUtils,1395,1,0.75,0.75,811,Qwen/Qwen3-8B
Lang-3-0833,Lang,3,833,ROR,relational,org.apache.commons.lang3.math.NumberUtils,1395,1,0.75,0.75,816,Qwen/Qwen3-8B
Lang-3-0834,Lang,3,834,ROR,relational,org.apache.commons.lang3.math.NumberUtils,1395,0,0.75,0.75,814,Qwen/Qwen3-8B
Lang-3-0835,Lang,3,835,COR,logical,org.apache.commons.lang3.math.NumberUtils,1395,0,0.3,0.3,740,Qwen/Qwen3-8B
Lang-3-0836,Lang,3,836,COR,logical,org.apache.commons.lang3.math.NumberUtils,1395,0,0.75,0.75,812,Qwen/Qwen3-8B
Lang-3-0837,Lang,3,837,COR,logical,org.apache.commons.lang3.math.NumberUtils,1395,0,0.75,0.75,813,Qwen/Qwen3-8B
Lang-3-0838,Lang,3,838,COR,logical,org.apache.commons.lang3.math.NumberUtils,1395,1,0.75,0.75,814,Qwen/Qwen3-8B
Lang-3-0839,Lang,3,839,LVR,arithmetic,org.apache.commons.lang3.math.NumberUtils,1397,1,0.75,0.75,802,Qwen/Qwen3-8B
Lang-3-0840,Lang,3,840,ROR,relational,org.apache.commons.lang3.math.NumberUtils,1399,1,0.75,0.75,807,Qwen/Qwen3-8B
Lang-3-0841,Lang,3,841,ROR,relational,org.apache.commons.lang3.math.NumberUtils,1399,1,0.75,0.75,807,Qwen/Qwen3-8B
Lang-3-0842,Lang,3,842,ROR,relational,org.apache.commons.lang3.math.NumberUtils,1399,1,0.75,0.75,788,Qwen/Qwen3-8B
Lang-3-0843,Lang,3,843,COR,logical,org.apache.commons.lang3.math.NumberUtils,1400,0,0.75,0.75,803,Qwen/Qwen3-8B
Lang-3-0844,Lang,3,844,COR,logical,org.apache.commons.lang3.math.NumberUtils,1400,0,0.75,0.75,807,Qwen/Qwen3-8B
Lang-3-0845,Lang,3,845,COR,logical,org.apache.commons.lang3.math.NumberUtils,1400,0,0.75,0.75,816,Qwen/Qwen3-8B
Lang-3-0846,Lang,3,846,COR,logical,org.apache.commons.lang3.math.NumberUtils,1400,1,0.75,0.75,800,Qwen/Qwen3-8B
Lang-3-0847,Lang,3,847,LVR,arithmetic,org.apache.commons.lang3.math.NumberUtils,1402,0,0.75,0.75,789,Qwen/Qwen3-8B
Lang-3-0848,Lang,3,848,ROR,relational,org.apache.commons.lang3.math.NumberUtils,1408,1,0.75,0.75,793,Qwen/Qwen3-8B
Lang-3-0849,Lang,3,849,ROR,relational,org.apache.commons.lang3.math.NumberUtils,1408,1,0.75,0.75,786,Qwen/Qwen3-8B
Lang-3-0850,Lang,3,850,ROR,relational,org.apache.commons.lang3.math.NumberUtils,1408,0,0.75,0.75,788,Qwen/Qwen3-8B
Lang-3-0851,Lang,3,851,ROR,relational,org.apache.commons.lang3.math.NumberUtils,1409,1,0.3,0.3,720,Qwen/Qwen3-8B
Lang-3-0852,Lang,3,852,ROR,relational,org.apache.commons.lang3.math.NumberUtils,1409,1,0.3,0.3,723,Qwen/Qwen3-8B
Lang-3-0853,Lang,3,853,ROR,relational,org.apache.commons.lang3.math.NumberUtils,1409,1,0.75,0.75,796,Qwen/Qwen3-8B
Lang-3-0854,Lang,3,854,COR,logical,org.apache.commons.lang3.math.NumberUtils,1408,0,0.3,0.3,712,Qwen/Qwen3-8B
Lang-3-0855,Lang,3,855,COR,logical,org.apache.commons.lang3.math.NumberUtils,1408,1,0.75,0.75,815,Qwen/Qwen3-8B
Lang-3-0856,Lang,3,856,COR,logical,org.apache.commons.lang3.math.NumberUtils,1409,0,0.3,0.3,720,Qwen/Qwen3-8B
Lang-3-0857,Lang,3,857,COR,logical,org.apache.commons.lang3.math.NumberUtils,1409,1,0.75,0.75,796,Qwen/Qwen3-8B
Lang-3-0858,Lang,3,858,ROR,relational,org.apache.commons.lang3.math.NumberUtils,1410,1,0.75,0.75,842,Qwen/Qwen3-8B
Lang-3-0859,Lang,3,859,ROR,relational,org.apache.commons.lang3.math.NumberUtils,1410,1,0.75,0.75,817,Qwen/Qwen3-8B
Lang-3-0860,Lang,3,860,ROR,relational,org.apache.commons.lang3.math.NumberUtils,1410,0,0.75,0.75,814,Qwen/Qwen3-8B
Lang-3-0861,Lang,3,861,COR,logical,org.apache.commons.lang3.math.NumberUtils,1408,0,0.3,0.3,719,Qwen/Qwen3-8B
Lang-3-0862,Lang,3,862,COR,logical,org.apache.commons.lang3.math.NumberUtils,1408,0,0.75,0.75,798,Qwen/Qwen3-8B
Lang-3-0863,Lang,3,863,COR,logical,org.apache.commons.lang3.math.NumberUtils,1410,1,0.75,0.75,807,Qwen/Qwen3-8B
Lang-3-0864,Lang,3,864,COR,logical,org.apache.commons.lang3.math.NumberUtils,1410,1,0.75,0.75,820,Qwen/Qwen3-8B
Lang-3-0865,Lang,3,865,ROR,relational,org.apache.commons.lang3.math.NumberUtils,1411,1,0.75,0.75,811,Qwen/Qwen3-8B
Lang-3-0866,Lang,3,866,ROR,relational,org.apache.commons.lang3.math.NumberUtils,1411,1,0.75,0.75,813,Qwen/Qwen3-8B
Lang-3-0867,Lang,3,867,ROR,relational,org.apache.commons.lang3.math.NumberUtils,1411,1,0.75,0.75,807,Qwen/Qwen3-8B
Lang-3-0868,Lang,3,868,COR,logical,org.apache.commons.lang3.math.NumberUtils,1408,0,0.3,0.3,712,Qwen/Qwen3-8B
Lang-3-0869,Lang,3,869,COR,logical,org.apache.commons.lang3.math.NumberUtils,1408,1,0.75,0.75,802,Qwen/Qwen3-8B
Lang-3-0870,Lang,3,870,COR,logical,org.apache.commons.lang3.math.NumberUtils,1411,1,0.75,0.75,816,Qwen/Qwen3-8B
Lang-3-0871,Lang,3,871,COR,logical,org.apache.commons.lang3.math.NumberUtils,1411,1,0.75,0.75,817,Qwen/Qwen3-8B
Lang-3-0872,Lang,3,872,COR,logical,org.apache.commons.lang3.math.NumberUtils,1407,0,0.3,0.3,713,Qwen/Qwen3-8B
Lang-3-0873,Lang,3,873,COR,logical,org.apache.commons.lang3.math.NumberUtils,1408,1,0.75,0.75,796,Qwen/Qwen3-8B
Lang-3-0874,Lang,3,874,COR,logical,org.apache.commons.lang3.math.NumberUtils,1407,1,0.15,0.15,806,Qwen/Qwen3-8B
Lang-3-0875,Lang,3,875,COR,logical,org.apache.commons.lang3.math.NumberUtils,1408,1,0.75,0.75,802,Qwen/Qwen3-8B
Lang-3-0876,Lang,3,876,ROR,relational,org.apache.commons.lang3.math.NumberUtils,1414,1,0.75,0.75,814,Qwen/Qwen3-8B
Lang-3-0877,Lang,3,877,ROR,relational,org.apache.commons.lang3.math.NumberUtils,1414,1,0.75,0.75,814,Qwen/Qwen3-8B
Lang-3-0878,Lang,3,878,ROR,relational,org.apache.commons.lang3.math.NumberUtils,1414,0,0.75,0.75,818,Qwen/Qwen3-8B
Lang-3-0879,Lang,3,879,ROR,relational,org.apache.commons.lang3.math.NumberUtils,1415,1,0.3,0.3,717,Qwen/Qwen3-8B
Lang-3-0880,Lang,3,880,ROR,relational,org.apache.commons.lang3.math.NumberUtils,1415,1,0.3,0.3,714,Qwen/Qwen3-8B
Lang-3-0881,Lang,3,881,ROR,relational,org.apache.commons.lang3.math.NumberUtils,1415,1,0.75,0.75,802,Qwen/Qwen3-8B
Lang-3-0882,Lang,3,882,COR,logical,org.apache.commons.lang3.math.NumberUtils,1414,0,0.75,0.75,815,Qwen/Qwen3-8B
Lang-3-0883,Lang,3,883,COR,logical,org.apache.commons.lang3.math.NumberUtils,1414,1,0.75,0.75,821,Qwen/Qwen3-8B
Lang-3-0884,Lang,3,884,COR,logical,org.apache.commons.lang3.math.NumberUtils,1415,0,0.75,0.75,808,Qwen/Qwen3-8B
Lang-3-0885,Lang,3,885,COR,logical,org.apache.commons.lang3.math.NumberUtils,1415,1,0.75,0.75,806,Qwen/Qwen3-8B
Lang-3-0886,Lang,3,886,COR,logical,org.apache.commons.lang3.math.NumberUtils,1417,0,0.75,0.75,823,Qwen/Qwen3-8B
Lang-3-0887,Lang,3,887,COR,logical,org.apache.commons.lang3.math.NumberUtils,1417,1,0.75,0.75,821,Qwen/Qwen3-8B
Lang-3-0888,Lang,3,888,COR,logical,org.apache.commons.lang3.math.NumberUtils,1417,1,0.75,0.75,820,Qwen/Qwen3-8B
Lang-3-0889,Lang,3,889,COR,logical,org.apache.commons.lang3.math.NumberUtils,1417,0,0.75,0.75,819,Qwen/Qwen3-8B
Lang-3-0890,Lang,3,890,COR,logical,org.apache.commons.lang3.math.NumberUtils,1417,0,0.75,0.75,818,Qwen/Qwen3-8B
Lang-3-0891,Lang,3,891,COR,logical,org.apache.commons.lang3.math.NumberUtils,1417,1,0.75,0.75,811,Qwen/Qwen3-8B
Lang-3-0892,Lang,3,892,COR,logical,org.apache.commons.lang3.math.NumberUtils,1417,1,0.75,0.75,814,Qwen/Qwen3-8B
Lang-3-0893,Lang,3,893,COR,logical,org.apache.commons.lang3.math.NumberUtils,1417,1,0.75,0.75,823,Qwen/Qwen3-8B
Lang-3-0894,Lang,3,894,LVR,arithmetic,org.apache.commons.lang3.math.NumberUtils,1420,1,0.75,0.75,814,Qwen/Qwen3-8B
Lang-3-0895,Lang,3,895,COR,logical,org.apache.commons.lang3.math.NumberUtils,1424,0,0.75,0.75,785,Qwen/Qwen3-8B
Lang-3-0896,Lang,3,896,COR,logical,org.apache.commons.lang3.math.NumberUtils,1424,0,0.75,0.75,777,Qwen/Qwen3-8B
Lang-3-0897,Lang,3,897,COR,logical,org.apache.commons.lang3.math.NumberUtils,1424,0,0.75,0.75,786,Qwen/Qwen3-8B
Lang-3-0898,Lang,3,898,COR,logical,org.apache.commons.lang3.math.NumberUtils,1424,0,0.75,0.75,792,Qwen/Qwen3-8B
Lang-4-0001,Lang,4,1,LVR,arithmetic,org.apache.commons.lang3.text.translate.LookupTranslator,48,0,0.75,0.75,817,Qwen/Qwen3-8B
Lang-4-0002,Lang,4,2,LVR,arithmetic,org.apache.commons.lang3.text.translate.LookupTranslator,48,0,0.75,0.75,816,Qwen/Qwen3-8B
Lang-4-0003,Lang,4,3,ROR,relational,org.apache.commons.lang3.text.translate.LookupTranslator,49,0,0.15,0.15,836,Qwen/Qwen3-8B
Lang-4-0004,Lang,4,4,LVR,arithmetic,org.apache.commons.lang3.text.translate.LookupTranslator,51,1,0.75,0.75,815,Qwen/Qwen3-8B
Lang-4-0005,Lang,4,5,LVR,arithmetic,org.apache.commons.lang3.text.translate.LookupTranslator,51,1,0.75,0.75,818,Qwen/Qwen3-8B
Lang-4-0006,Lang,4,6,LVR,arithmetic,org.apache.commons.lang3.text.translate.LookupTranslator,51,1,0.75,0.75,823,Qwen/Qwen3-8B
Lang-4-0007,Lang,4,7,LVR,arithmetic,org.apache.commons.lang3.text.translate.LookupTranslator,51,1,0.75,0.75,823,Qwen/Qwen3-8B
Lang-4-0008,Lang,4,8,STD,statement_deletion,org.apache.commons.lang3.text.translate.LookupTranslator,51,1,0.15,0.15,822,Qwen/Qwen3-8B
Lang-4-0009,Lang,4,9,LVR,arithmetic,org.apache.commons.lang3.text.translate.LookupTranslator,52,1,0.75,0.75,811,Qwen/Qwen3-8B
Lang-4-0010,Lang,4,10,LVR,arithmetic,org.apache.commons.lang3.text.translate.LookupTranslator,52,1,0.75,0.75,809,Qwen/Qwen3-8B
Lang-4-0011,Lang,4,11,ROR,relational,org.apache.commons.lang3.text.translate.LookupTranslator,53,0,0.75,0.75,810,Qwen/Qwen3-8B
Lang-4-0012,Lang,4,12,ROR,relational,org.apache.commons.lang3.text.translate.LookupTranslator,53,0,0.75,0.75,812,Qwen/Qwen3-8B
Lang-4-0013,Lang,4,13,ROR,relational,org.apache.commons.lang3.text.translate.LookupTranslator,53,1,0.75,0.75,817,Qwen/Qwen3-8B
Lang-4-0014,Lang,4,14,STD,statement_deletion,org.apache.commons.lang3.text.translate.LookupTranslator,54,1,0.15,0.15,804,Qwen/Qwen3-8B
Lang-4-0015,Lang,4,15,ROR,relational,org.apache.commons.lang3.text.translate.LookupTranslator,56,1,0.75,0.75,800,Qwen/Qwen3-8B
Lang-4-0016,Lang,4,16,ROR,relational,org.apache.commons.lang3.text.translate.LookupTranslator,56,0,0.75,0.75,801,Qwen/Qwen3-8B
Lang-4-0017,Lang,4,17,ROR,relational,org.apache.commons.lang3.text.translate.LookupTranslator,56,1,0.75,0.75,801,Qwen/Qwen3-8B
Lang-4-0018,Lang,4,18,STD,statement_deletion,org.apache.commons.lang3.text.translate.LookupTranslator,57,1,0.15,0.15,788,Qwen/Qwen3-8B
Lang-4-0019,Lang,4,19,AOR,arithmetic,org.apache.commons.lang3.text.translate.LookupTranslator,71,1,0.75,0.75,815,Qwen/Qwen3-8B
Lang-4-0020,Lang,4,20,AOR,arithmetic,org.apache.commons.lang3.text.translate.LookupTranslator,71,1,0.75,0.75,820,Qwen/Qwen3-8B
Lang-4-0021,Lang,4,21,AOR,arithmetic,org.apache.commons.lang3.text.translate.LookupTranslator,71,1,0.75,0.75,819,Qwen/Qwen3-8B
Lang-4-0022,Lang,4,22,AOR,arithmetic,org.apache.commons.lang3.text.translate.LookupTranslator,71,1,0.75,0.75,841,Qwen/Qwen3-8B
Lang-4-0023,Lang,4,23,ROR,relational,org.apache.commons.lang3.text.translate.LookupTranslator,71,1,0.75,0.75,812,Qwen/Qwen3-8B
Lang-4-0024,Lang,4,24,ROR,relational,org.apache.commons.lang3.text.translate.LookupTranslator,71,0,0.75,0.75,815,Qwen/Qwen3-8B
Lang-4-0025,Lang,4,25,ROR,relational,org.apache.commons.lang3.text.translate.LookupTranslator,71,1,0.75,0.75,814,Qwen/Qwen3-8B
Lang-4-0026,Lang,4,26,AOR,arithmetic,org.apache.commons.lang3.text.translate.LookupTranslator,72,1,0.75,0.75,818,Qwen/Qwen3-8B
Lang-4-0027,Lang,4,27,AOR,arithmetic,org.apache.commons.lang3.text.translate.LookupTranslator,72,1,0.75,0.75,815,Qwen/Qwen3-8B
Lang-4-0028,Lang,4,28,AOR,arithmetic,org.apache.commons.lang3.text.translate.LookupTranslator,72,1,0.75,0.75,823,Qwen/Qwen3-8B
Lang-4-0029,Lang,4,29,AOR,arithmetic,org.apache.commons.lang3.text.translate.LookupTranslator,72,1,0.75,0.75,821,Qwen/Qwen3-8B
Lang-4-0030,Lang,4,30,STD,statement_deletion,org.apache.commons.lang3.text.translate.LookupTranslator,72,1,0.15,0.15,822,Qwen/Qwen3-8B
Lang-4-0031,Lang,4,31,ROR,relational,org.apache.commons.lang3.text.translate.LookupTranslator,75,1,0.75,0.75,828,Qwen/Qwen3-8B
Lang-4-0032,Lang,4,32,ROR,relational,org.apache.commons.lang3.text.translate.LookupTranslator,75,1,0.75,0.75,824,Qwen/Qwen3-8B
Lang-4-0033,Lang,4,33,ROR,relational,org.apache.commons.lang3.text.translate.LookupTranslator,75,1,0.75,0.75,825,Qwen/Qwen3-8B
Lang-4-0034,Lang,4,34,AOR,arithmetic,org.apache.commons.lang3.text.translate.LookupTranslator,76,1,0.75,0.75,832,Qwen/Qwen3-8B
Lang-4-0035,Lang,4,35,AOR,arithmetic,org.apache.commons.lang3.text.translate.LookupTranslator,76,1,0.75,0.75,814,Qwen/Qwen3-8B
Lang-4-0036,Lang,4,36,AOR,arithmetic,org.apache.commons.lang3.text.translate.LookupTranslator,76,1,0.75,0.75,804,Qwen/Qwen3-8B
Lang-4-0037,Lang,4,37,AOR,arithmetic,org.apache.commons.lang3.text.translate.LookupTranslator,76,1,0.75,0.75,813,Qwen/Qwen3-8B
Lang-4-0038,Lang,4,38,ROR,relational,org.apache.commons.lang3.text.translate.LookupTranslator,78,1,0.75,0.75,811,Qwen/Qwen3-8B
Lang-4-0039,Lang,4,39,STD,statement_deletion,org.apache.commons.lang3.text.translate.LookupTranslator,79,1,0.15,0.15,792,Qwen/Qwen3-8B
Lang-4-0040,Lang,4,40,LVR,arithmetic,org.apache.commons.lang3.text.translate.LookupTranslator,83,1,0.75,0.75,776,Qwen/Qwen3-8B
Lang-4-0041,Lang,4,41,LVR,arithmetic,org.apache.commons.lang3.text.translate.LookupTranslator,83,1,0.75,0.75,761,Qwen/Qwen3-8B
Lang-5-0001,Lang,5,1,ROR,relational,org.apache.commons.lang3.LocaleUtils,89,1,0.95,0.95,818,Qwen/Qwen3-8B
Lang-5-0002,Lang,5,2,LVR,arithmetic,org.apache.commons.lang3.LocaleUtils,93,1,0.75,0.75,795,Qwen/Qwen3-8B
Lang-5-0003,Lang,5,3,LVR,arithmetic,org.apache.commons.lang3.LocaleUtils,93,1,0.75,0.75,793,Qwen/Qwen3-8B
Lang-5-0004,Lang,5,4,ROR,relational,org.apache.commons.lang3.LocaleUtils,93,1,0.75,0.75,814,Qwen/Qwen3-8B
Lang-5-0005,Lang,5,5,ROR,relational,org.apache.commons.lang3.LocaleUtils,93,1,0.75,0.75,819,Qwen/Qwen3-8B
Lang-5-0006,Lang,5,6,ROR,relational,org.apache.commons.lang3.LocaleUtils,93,1,0.75,0.75,809,Qwen/Qwen3-8B
Lang-5-0007,Lang,5,7,LVR,arithmetic,org.apache.commons.lang3.LocaleUtils,96,1,0.75,0.75,801,Qwen/Qwen3-8B
Lang-5-0008,Lang,5,8,LVR,arithmetic,org.apache.commons.lang3.LocaleUtils,96,1,0.75,0.75,795,Qwen/Qwen3-8B
Lang-5-0009,Lang,5,9,ROR,relational,org.apache.commons.lang3.LocaleUtils,97,0,0.75,0.75,824,Qwen/Qwen3-8B
Lang-5-0010,Lang,5,10,ROR,relational,org.apache.commons.lang3.LocaleUtils,97,1,0.75,0.75,822,Qwen/Qwen3-8B
Lang-5-0011,Lang,5,11,ROR,relational,org.apache.commons.lang3.LocaleUtils,97,1,0.75,0.75,821,Qwen/Qwen3-8B
Lang-5-0012,Lang,5,12,LVR,arithmetic,org.apache.commons.lang3.LocaleUtils,98,1,0.75,0.75,823,Qwen/Qwen3-8B
Lang-5-0013,Lang,5,13,LVR,arithmetic,org.apache.commons.lang3.LocaleUtils,98,1,0.75,0.75,826,Qwen/Qwen3-8B
Lang-5-0014,Lang,5,14,ROR,relational,org.apache.commons.lang3.LocaleUtils,98,1,0.75,0.75,831,Qwen/Qwen3-8B
Lang-5-0015,Lang,5,15,ROR,relational,org.apache.commons.lang3.LocaleUtils,98,1,0.75,0.75,833,Qwen/Qwen3-8B
Lang-5-0016,Lang,5,16,ROR,relational,org.apache.commons.lang3.LocaleUtils,98,1,0.75,0.75,831,Qwen/Qwen3-8B
Lang-5-0017,Lang,5,17,LVR,arithmetic,org.apache.commons.lang3.LocaleUtils,101,1,0.75,0.75,826,Qwen/Qwen3-8B
Lang-5-0018,Lang,5,18,LVR,arithmetic,org.apache.commons.lang3.LocaleUtils,101,1,0.75,0.75,819,Qwen/Qwen3-8B
Lang-5-0019,Lang,5,19,LVR,arithmetic,org.apache.commons.lang3.LocaleUtils,102,1,0.75,0.75,816,Qwen/Qwen3-8B
Lang-5-0020,Lang,5,20,LVR,arithmetic,org.apache.commons.lang3.LocaleUtils,102,1,0.75,0.75,826,Qwen/Qwen3-8B
Lang-5-0021,Lang,5,21,COR,logical,org.apache.commons.lang3.LocaleUtils,103,0,0.75,0.75,826,Qwen/Qwen3-8B
Lang-5-0022,Lang,5,22,COR,logical,org.apache.commons.lang3.LocaleUtils,103,1,0.75,0.75,830,Qwen/Qwen3-8B
Lang-5-0023,Lang,5,23,COR,logical,org.apache.commons.lang3.LocaleUtils,103,1,0.75,0.75,816,Qwen/Qwen3-8B
Lang-5-0024,Lang,5,24,COR,logical,org.apache.commons.lang3.LocaleUtils,103,1,0.75,0.75,821,Qwen/Qwen3-8B
Lang-5-0025,Lang,5,25,LVR,arithmetic,org.apache.commons.lang3.LocaleUtils,106,1,0.75,0.75,812,Qwen/Qwen3-8B
Lang-5-0026,Lang,5,26,LVR,arithmetic,org.apache.commons.lang3.LocaleUtils,106,1,0.75,0.75,822,Qwen/Qwen3-8B
Lang-5-0027,Lang,5,27,ROR,relational,org.apache.commons.lang3.LocaleUtils,106,0,0.75,0.75,826,Qwen/Qwen3-8B
Lang-5-0028,Lang,5,28,ROR,relational,org.apache.commons.lang3.LocaleUtils,106,1,0.75,0.75,818,Qwen/Qwen3-8B
Lang-5-0029,Lang,5,29,ROR,relational,org.apache.commons.lang3.LocaleUtils,106,1,0.75,0.75,819,Qwen/Qwen3-8B
Lang-5-0030,Lang,5,30,LVR,arithmetic,org.apache.commons.lang3.LocaleUtils,107,1,0.75,0.75,824,Qwen/Qwen3-8B
Lang-5-0031,Lang,5,31,LVR,arithmetic,org.apache.commons.lang3.LocaleUtils,107,1,0.75,0.75,816,Qwen/Qwen3-8B
Lang-5-0032,Lang,5,32,LVR,arithmetic,org.apache.commons.lang3.LocaleUtils,107,1,0.75,0.75,824,Qwen/Qwen3-8B
Lang-5-0033,Lang,5,33,LVR,arithmetic,org.apache.commons.lang3.LocaleUtils,107,1,0.75,0.75,817,Qwen/Qwen3-8B
Lang-5-0034,Lang,5,34,LVR,arithmetic,org.apache.commons.lang3.LocaleUtils,109,1,0.75,0.75,847,Qwen/Qwen3-8B
Lang-5-0035,Lang,5,35,LVR,arithmetic,org.apache.commons.lang3.LocaleUtils,109,1,0.15,0.15,820,Qwen/Qwen3-8B
Lang-5-0036,Lang,5,36,ROR,relational,org.apache.commons.lang3.LocaleUtils,109,1,0.75,0.75,824,Qwen/Qwen3-8B
Lang-5-0037,Lang,5,37,ROR,relational,org.apache.commons.lang3.LocaleUtils,109,1,0.7,0.7,751,Qwen/Qwen3-8B
Lang-5-0038,Lang,5,38,ROR,relational,org.apache.commons.lang3.LocaleUtils,109,1,0.75,0.75,826,Qwen/Qwen3-8B
Lang-5-0039,Lang,5,39,LVR,arithmetic,org.apache.commons.lang3.LocaleUtils,112,1,0.75,0.75,832,Qwen/Qwen3-8B
Lang-5-0040,Lang,5,40,LVR,arithmetic,org.apache.commons.lang3.LocaleUtils,112,1,0.75,0.75,820,Qwen/Qwen3-8B
Lang-5-0041,Lang,5,41,ROR,relational,org.apache.commons.lang3.LocaleUtils,112,0,0.75,0.75,830,Qwen/Qwen3-8B
Lang-5-0042,Lang,5,42,ROR,relational,org.apache.commons.lang3.LocaleUtils,112,1,0.75,0.75,846,Qwen/Qwen3-8B
Lang-5-0043,Lang,5,43,ROR,relational,org.apache.commons.lang3.LocaleUtils,112,1,0.75,0.75,822,Qwen/Qwen3-8B
Lang-5-0044,Lang,5,44,LVR,arithmetic,org.apache.commons.lang3.LocaleUtils,115,1,0.75,0.75,816,Qwen/Qwen3-8B
Lang-5-0045,Lang,5,45,LVR,arithmetic,org.apache.commons.lang3.LocaleUtils,115,1,0.75,0.75,817,Qwen/Qwen3-8B
Lang-5-0046,Lang,5,46,LVR,arithmetic,org.apache.commons.lang3.LocaleUtils,115,1,0.75,0.75,813,Qwen/Qwen3-8B
Lang-5-0047,Lang,5,47,LVR,arithmetic,org.apache.commons.lang3.LocaleUtils,115,1,0.75,0.75,817,Qwen/Qwen3-8B
Lang-5-0048,Lang,5,48,LVR,arithmetic,org.apache.commons.lang3.LocaleUtils,115,1,0.75,0.75,823,Qwen/Qwen3-8B
Lang-5-0049,Lang,5,49,LVR,arithmetic,org.apache.commons.lang3.LocaleUtils,115,1,0.75,0.75,822,Qwen/Qwen3-8B
Lang-5-0050,Lang,5,50,LVR,arithmetic,org.apache.commons.lang3.LocaleUtils,117,1,0.75,0.75,815,Qwen/Qwen3-8B
Lang-5-0051,Lang,5,51,LVR,arithmetic,org.apache.commons.lang3.LocaleUtils,117,1,0.75,0.75,806,Qwen/Qwen3-8B
Lang-5-0052,Lang,5,52,COR,logical,org.apache.commons.lang3.LocaleUtils,118,1,0.75,0.75,823,Qwen/Qwen3-8B
Lang-5-0053,Lang,5,53,COR,logical,org.apache.commons.lang3.LocaleUtils,118,1,0.75,0.75,820,Qwen/Qwen3-8B
Lang-5-0054,Lang,5,54,COR,logical,org.apache.commons.lang3.LocaleUtils,118,1,0.75,0.75,845,Qwen/Qwen3-8B
Lang-5-0055,Lang,5,55,COR,logical,org.apache.commons.lang3.LocaleUtils,118,1,0.75,0.75,825,Qwen/Qwen3-8B
Lang-5-0056,Lang,5,56,LVR,arithmetic,org.apache.commons.lang3.LocaleUtils,121,1,0.75,0.75,812,Qwen/Qwen3-8B
Lang-5-0057,Lang,5,57,LVR,arithmetic,org.apache.commons.lang3.LocaleUtils,121,1,0.75,0.75,817,Qwen/Qwen3-8B
Lang-5-0058,Lang,5,58,ROR,relational,org.apache.commons.lang3.LocaleUtils,121,0,0.75,0.75,819,Qwen/Qwen3-8B
Lang-5-0059,Lang,5,59,ROR,relational,org.apache.commons.lang3.LocaleUtils,121,1,0.75,0.75,825,Qwen/Qwen3-8B
Lang-5-0060,Lang,5,60,ROR,relational,org.apache.commons.lang3.LocaleUtils,121,1,0.75,0.75,819,Qwen/Qwen3-8B
Lang-5-0061,Lang,5,61,LVR,arithmetic,org.apache.commons.lang3.LocaleUtils,124,1,0.75,0.75,811,Qwen/Qwen3-8B
Lang-5-0062,Lang,5,62,LVR,arithmetic,org.apache.commons.lang3.LocaleUtils,124,1,0.75,0.75,805,Qwen/Qwen3-8B
Lang-5-0063,Lang,5,63,ROR,relational,org.apache.commons.lang3.LocaleUtils,124,1,0.75,0.75,816,Qwen/Qwen3-8B
Lang-5-0064,Lang,5,64,ROR,relational,org.apache.commons.lang3.LocaleUtils,124,1,0.7,0.7,737,Qwen/Qwen3-8B
Lang-5-0065,Lang,5,65,ROR,relational,org.apache.commons.lang3.LocaleUtils,124,1,0.75,0.75,814,Qwen/Qwen3-8B
Lang-5-0066,Lang,5,66,LVR,arithmetic,org.apache.commons.lang3.LocaleUtils,127,1,0.75,0.75,818,Qwen/Qwen3-8B
Lang-5-0067,Lang,5,67,LVR,arithmetic,org.apache.commons.lang3.LocaleUtils,127,1,0.75,0.75,806,Qwen/Qwen3-8B
Lang-5-0068,Lang,5,68,ROR,relational,org.apache.commons.lang3.LocaleUtils,127,0,0.75,0.75,815,Qwen/Qwen3-8B
Lang-5-0069,Lang,5,69,ROR,relational,org.apache.commons.lang3.LocaleUtils,127,1,0.75,0.75,839,Qwen/Qwen3-8B
Lang-5-0070,Lang,5,70,ROR,relational,org.apache.commons.lang3.LocaleUtils,127,1,0.75,0.75,841,Qwen/Qwen3-8B
Lang-5-0071,Lang,5,71,LVR,arithmetic,org.apache.commons.lang3.LocaleUtils,130,1,0.75,0.75,829,Qwen/Qwen3-8B
Lang-5-0072,Lang,5,72,LVR,arithmetic,org.apache.commons.lang3.LocaleUtils,130,1,0.75,0.75,832,Qwen/Qwen3-8B
Lang-5-0073,Lang,5,73,ROR,relational,org.apache.commons.lang3.LocaleUtils,131,1,0.75,0.75,826,Qwen/Qwen3-8B
Lang-5-0074,Lang,5,74,ROR,relational,org.apache.commons.lang3.LocaleUtils,131,1,0.75,0.75,819,Qwen/Qwen3-8B
Lang-5-0075,Lang,5,75,ROR,relational,org.apache.commons.lang3.LocaleUtils,131,1,0.75,0.75,828,Qwen/Qwen3-8B
Lang-5-0076,Lang,5,76,LVR,arithmetic,org.apache.commons.lang3.LocaleUtils,132,1,0.75,0.75,826,Qwen/Qwen3-8B
Lang-5-0077,Lang,5,77,LVR,arithmetic,org.apache.commons.lang3.LocaleUtils,132,1,0.75,0.75,823,Qwen/Qwen3-8B
Lang-5-0078,Lang,5,78,LVR,arithmetic,org.apache.commons.lang3.LocaleUtils,132,1,0.75,0.75,825,Qwen/Qwen3-8B
Lang-5-0079,Lang,5,79,LVR,arithmetic,org.apache.commons.lang3.LocaleUtils,132,1,0.3,0.3,750,Qwen/Qwen3-8B
Lang-5-0080,Lang,5,80,LVR,arithmetic,org.apache.commons.lang3.LocaleUtils,132,1,0.75,0.75,824,Qwen/Qwen3-8B
Lang-5-0081,Lang,5,81,LVR,arithmetic,org.apache.commons.lang3.LocaleUtils,132,1,0.3,0.3,744,Qwen/Qwen3-8B
Lang-5-0082,Lang,5,82,LVR,arithmetic,org.apache.commons.lang3.LocaleUtils,134,1,0.75,0.75,834,Qwen/Qwen3-8B
Lang-5-0083,Lang,5,83,LVR,arithmetic,org.apache.commons.lang3.LocaleUtils,134,1,0.75,0.75,828,Qwen/Qwen3-8B
Lang-5-0084,Lang,5,84,COR,logical,org.apache.commons.lang3.LocaleUtils,135,1,0.75,0.75,829,Qwen/Qwen3-8B
Lang-5-0085,Lang,5,85,COR,logical,org.apache.commons.lang3.LocaleUtils,135,1,0.75,0.75,821,Qwen/Qwen3-8B
Lang-5-0086,Lang,5,86,COR,logical,org.apache.commons.lang3.LocaleUtils,135,1,0.75,0.75,826,Qwen/Qwen3-8B
Lang-5-0087,Lang,5,87,COR,logical,org.apache.commons.lang3.LocaleUtils,135,1,0.75,0.75,838,Qwen/Qwen3-8B
Lang-5-0088,Lang,5,88,LVR,arithmetic,org.apache.commons.lang3.LocaleUtils,138,1,0.75,0.75,827,Qwen/Qwen3-8B
Lang-5-0089,Lang,5,89,LVR,arithmetic,org.apache.commons.lang3.LocaleUtils,138,1,0.75,0.75,832,Qwen/Qwen3-8B
Lang-5-0090,Lang,5,90,ROR,relational,org.apache.commons.lang3.LocaleUtils,138,0,0.75,0.75,833,Qwen/Qwen3-8B
Lang-5-0091,Lang,5,91,ROR,relational,org.apache.commons.lang3.LocaleUtils,138,1,0.75,0.75,833,Qwen/Qwen3-8B
Lang-5-0092,Lang,5,92,ROR,relational,org.apache.commons.lang3.LocaleUtils,138,1,0.75,0.75,828,Qwen/Qwen3-8B
Lang-5-0093,Lang,5,93,LVR,arithmetic,org.apache.commons.lang3.LocaleUtils,139,1,0.75,0.75,826,Qwen/Qwen3-8B
Lang-5-0094,Lang,5,94,LVR,arithmetic,org.apache.commons.lang3.LocaleUtils,139,1,0.75,0.75,841,Qwen/Qwen3-8B
Lang-5-0095,Lang,5,95,LVR,arithmetic,org.apache.commons.lang3.LocaleUtils,139,1,0.75,0.75,822,Qwen/Qwen3-8B
Lang-5-0096,Lang,5,96,LVR,arithmetic,org.apache.commons.lang3.LocaleUtils,139,1,0.75,0.75,827,Qwen/Qwen3-8B
Lang-5-0097,Lang,5,97,LVR,arithmetic,org.apache.commons.lang3.LocaleUtils,139,1,0.75,0.75,827,Qwen/Qwen3-8B
Lang-5-0098,Lang,5,98,LVR,arithmetic,org.apache.commons.lang3.LocaleUtils,139,1,0.75,0.75,815,Qwen/Qwen3-8B
Lang-5-0099,Lang,5,99,LVR,arithmetic,org.apache.commons.lang3.LocaleUtils,139,1,0.75,0.75,844,Qwen/Qwen3-8B
Lang-5-0100,Lang,5,100,LVR,arithmetic,org.apache.commons.lang3.LocaleUtils,139,1,0.75,0.75,819,Qwen/Qwen3-8B
Lang-5-0101,Lang,5,101,LVR,arithmetic,org.apache.commons.lang3.LocaleUtils,141,1,0.7,0.7,756,Qwen/Qwen3-8B
Lang-5-0102,Lang,5,102,LVR,arithmetic,org.apache.commons.lang3.LocaleUtils,141,1,0.15,0.15,832,Qwen/Qwen3-8B
Lang-5-0103,Lang,5,103,ROR,relational,org.apache.commons.lang3.LocaleUtils,141,1,0.75,0.75,841,Qwen/Qwen3-8B
Lang-5-0104,Lang,5,104,ROR,relational,org.apache.commons.lang3.LocaleUtils,141,1,0.3,0.3,759,Qwen/Qwen3-8B
Lang-5-0105,Lang,5,105,ROR,relational,org.apache.commons.lang3.LocaleUtils,141,1,0.75,0.75,840,Qwen/Qwen3-8B
Lang-5-0106,Lang,5,106,LVR,arithmetic,org.apache.commons.lang3.LocaleUtils,144,1,0.75,0.75,811,Qwen/Qwen3-8B
Lang-5-0107,Lang,5,107,LVR,arithmetic,org.apache.commons.lang3.LocaleUtils,144,1,0.75,0.75,810,Qwen/Qwen3-8B
Lang-5-0108,Lang,5,108,ROR,relational,org.apache.commons.lang3.LocaleUtils,144,0,0.75,0.75,822,Qwen/Qwen3-8B
Lang-5-0109,Lang,5,109,ROR,relational,org.apache.commons.lang3.LocaleUtils,144,1,0.75,0.75,816,Qwen/Qwen3-8B
Lang-5-0110,Lang,5,110,ROR,relational,org.apache.commons.lang3.LocaleUtils,144,1,0.75,0.75,815,Qwen/Qwen3-8B
Lang-5-0111,Lang,5,111,LVR,arithmetic,org.apache.commons.lang3.LocaleUtils,147,1,0.75,0.75,792,Qwen/Qwen3-8B
Lang-5-0112,Lang,5,112,LVR,arithmetic,org.apache.commons.lang3.LocaleUtils,147,1,0.75,0.75,798,Qwen/Qwen3-8B
Lang-5-0113,Lang,5,113,LVR,arithmetic,org.apache.commons.lang3.LocaleUtils,147,1,0.75,0.75,804,Qwen/Qwen3-8B
Lang-5-0114,Lang,5,114,LVR,arithmetic,org.apache.commons.lang3.LocaleUtils,147,1,0.75,0.75,802,Qwen/Qwen3-8B
Lang-5-0115,Lang,5,115,LVR,arithmetic,org.apache.commons.lang3.LocaleUtils,147,1,0.75,0.75,819,Qwen/Qwen3-8B
Lang-5-0116,Lang,5,116,LVR,arithmetic,org.apache.commons.lang3.LocaleUtils,147,1,0.75,0.75,798,Qwen/Qwen3-8B
Lang-5-0117,Lang,5,117,LVR,arithmetic,org.apache.commons.lang3.LocaleUtils,147,1,0.75,0.75,808,Qwen/Qwen3-8B
Lang-5-0118,Lang,5,118,LVR,arithmetic,org.apache.commons.lang3.LocaleUtils,147,1,0.75,0.75,793,Qwen/Qwen3-8B
Lang-5-0119,Lang,5,119,LVR,arithmetic,org.apache.commons.lang3.LocaleUtils,147,1,0.75,0.75,804,Qwen/Qwen3-8B
Lang-5-0120,Lang,5,120,LVR,arithmetic,org.apache.commons.lang3.LocaleUtils,147,1,0.75,0.75,802,Qwen/Qwen3-8B
Lang-5-0121,Lang,5,121,LVR,arithmetic,org.apache.commons.lang3.LocaleUtils,187,0,0.75,0.75,839,Qwen/Qwen3-8B
Lang-5-0122,Lang,5,122,LVR,arithmetic,org.apache.commons.lang3.LocaleUtils,187,1,0.75,0.75,847,Qwen/Qwen3-8B
Lang-5-0123,Lang,5,123,ROR,relational,org.apache.commons.lang3.LocaleUtils,188,1,0.75,0.75,921,Qwen/Qwen3-8B
Lang-5-0124,Lang,5,124,STD,statement_deletion,org.apache.commons.lang3.LocaleUtils,189,1,0.15,0.15,830,Qwen/Qwen3-8B
Lang-5-0125,Lang,5,125,LVR,arithmetic,org.apache.commons.lang3.LocaleUtils,190,0,0.75,0.75,831,Qwen/Qwen3-8B
Lang-5-0126,Lang,5,126,LVR,arithmetic,org.apache.commons.lang3.LocaleUtils,190,1,0.75,0.75,828,Qwen/Qwen3-8B
Lang-5-0127,Lang,5,127,ROR,relational,org.apache.commons.lang3.LocaleUtils,190,1,0.75,0.75,849,Qwen/Qwen3-8B
Lang-5-0128,Lang,5,128,ROR,relational,org.apache.commons.lang3.LocaleUtils,190,1,0.75,0.75,836,Qwen/Qwen3-8B
Lang-5-0129,Lang,5,129,STD,statement_deletion,org.apache.commons.lang3.LocaleUtils,191,1,0.15,0.15,814,Qwen/Qwen3-8B
Lang-5-0130,Lang,5,130,LVR,arithmetic,org.apache.commons.lang3.LocaleUtils,193,0,0.75,0.75,809,Qwen/Qwen3-8B
Lang-5-0131,Lang,5,131,LVR,arithmetic,org.apache.commons.lang3.LocaleUtils,193,1,0.75,0.75,808,Qwen/Qwen3-8B
Lang-5-0132,Lang,5,132,ROR,relational,org.apache.commons.lang3.LocaleUtils,193,1,0.75,0.75,809,Qwen/Qwen3-8B
Lang-5-0133,Lang,5,133,ROR,relational,org.apache.commons.lang3.LocaleUtils,193,1,0.75,0.75,807,Qwen/Qwen3-8B
Lang-5-0134,Lang,5,134,STD,statement_deletion,org.apache.commons.lang3.LocaleUtils,194,1,0.15,0.15,800,Qwen/Qwen3-8B
Lang-5-0135,Lang,5,135,LVR,arithmetic,org.apache.commons.lang3.LocaleUtils,196,1,0.75,0.75,787,Qwen/Qwen3-8B
Lang-5-0136,Lang,5,136,ROR,relational,org.apache.commons.lang3.LocaleUtils,196,1,0.3,0.3,722,Qwen/Qwen3-8B
Lang-5-0137,Lang,5,137,ROR,relational,org.apache.commons.lang3.LocaleUtils,196,1,0.3,0.3,716,Qwen/Qwen3-8B
Lang-5-0138,Lang,5,138,ROR,relational,org.apache.commons.lang3.LocaleUtils,196,1,0.3,0.3,715,Qwen/Qwen3-8B
Lang-5-0139,Lang,5,139,STD,statement_deletion,org.apache.commons.lang3.LocaleUtils,197,1,0.15,0.15,779,Qwen/Qwen3-8B
Lang-5-0140,Lang,5,140,ROR,relational,org.apache.commons.lang3.LocaleUtils,253,1,0.95,0.95,833,Qwen/Qwen3-8B
Lang-5-0141,Lang,5,141,ROR,relational,org.apache.commons.lang3.LocaleUtils,257,1,0.75,0.75,827,Qwen/Qwen3-8B
Lang-5-0142,Lang,5,142,STD,statement_deletion,org.apache.commons.lang3.LocaleUtils,258,1,0.95,0.95,828,Qwen/Qwen3-8B
Lang-5-0143,Lang,5,143,LVR,arithmetic,org.apache.commons.lang3.LocaleUtils,260,0,0.75,0.75,797,Qwen/Qwen3-8B
Lang-5-0144,Lang,5,144,LVR,arithmetic,org.apache.commons.lang3.LocaleUtils,260,1,0.75,0.75,795,Qwen/Qwen3-8B
Lang-5-0145,Lang,5,145,ROR,relational,org.apache.commons.lang3.LocaleUtils,260,1,0.75,0.75,808,Qwen/Qwen3-8B
Lang-5-0146,Lang,5,146,ROR,relational,org.apache.commons.lang3.LocaleUtils,260,1,0.75,0.75,813,Qwen/Qwen3-8B
Lang-5-0147,Lang,5,147,COR,logical,org.apache.commons.lang3.LocaleUtils,262,1,0.75,0.75,819,Qwen/Qwen3-8B
Lang-5-0148,Lang,5,148,COR,logical,org.apache.commons.lang3.LocaleUtils,262,1,0.75,0.75,820,Qwen/Qwen3-8B
Lang-5-0149,Lang,5,149,COR,logical,org.apache.commons.lang3.LocaleUtils,262,0,0.75,0.75,818,Qwen/Qwen3-8B
Lang-5-0150,Lang,5,150,COR,logical,org.apache.commons.lang3.LocaleUtils,263,1,0.75,0.75,818,Qwen/Qwen3-8B
Lang-5-0151,Lang,5,151,STD,statement_deletion,org.apache.commons.lang3.LocaleUtils,264,1,0.15,0.15,807,Qwen/Qwen3-8B
Lang-5-0152,Lang,5,152,STD,statement_deletion,org.apache.commons.lang3.LocaleUtils,267,1,0.15,0.15,811,Qwen/Qwen3-8B
Lang-5-0153,Lang,5,153,STD,statement_deletion,org.apache.commons.lang3.LocaleUtils,268,1,0.15,0.15,780,Qwen/Qwen3-8B
Lang-5-0154,Lang,5,154,STD,statement_deletion,org.apache.commons.lang3.LocaleUtils,269,0,0.15,0.15,776,Qwen/Qwen3-8B
Lang-5-0155,Lang,5,155,ROR,relational,org.apache.commons.lang3.LocaleUtils,285,1,0.75,0.75,829,Qwen/Qwen3-8B
Lang-5-0156,Lang,5,156,ROR,relational,org.apache.commons.lang3.LocaleUtils,289,1,0.95,0.95,831,Qwen/Qwen3-8B
Lang-5-0157,Lang,5,157,STD,statement_deletion,org.apache.commons.lang3.LocaleUtils,290,1,0.15,0.15,822,Qwen/Qwen3-8B
Lang-5-0158,Lang,5,158,LVR,arithmetic,org.apache.commons.lang3.LocaleUtils,292,0,0.75,0.75,807,Qwen/Qwen3-8B
Lang-5-0159,Lang,5,159,LVR,arithmetic,org.apache.commons.lang3.LocaleUtils,292,1,0.75,0.75,806,Qwen/Qwen3-8B
Lang-5-0160,Lang,5,160,ROR,relational,org.apache.commons.lang3.LocaleUtils,292,1,0.75,0.75,832,Qwen/Qwen3-8B
Lang-5-0161,Lang,5,161,ROR,relational,org.apache.commons.lang3.LocaleUtils,292,1,0.75,0.75,815,Qwen/Qwen3-8B
Lang-5-0162,Lang,5,162,LVR,arithmetic,org.apache.commons.lang3.LocaleUtils,295,0,0.75,0.75,812,Qwen/Qwen3-8B
Lang-5-0163,Lang,5,163,LVR,arithmetic,org.apache.commons.lang3.LocaleUtils,295,0,0.75,0.75,813,Qwen/Qwen3-8B
Lang-5-0164,Lang,5,164,ROR,relational,org.apache.commons.lang3.LocaleUtils,295,1,0.75,0.75,832,Qwen/Qwen3-8B
Lang-5-0165,Lang,5,165,ROR,relational,org.apache.commons.lang3.LocaleUtils,295,0,0.75,0.75,816,Qwen/Qwen3-8B
Lang-5-0166,Lang,5,166,COR,logical,org.apache.commons.lang3.LocaleUtils,294,1,0.75,0.75,824,Qwen/Qwen3-8B
Lang-5-0167,Lang,5,167,COR,logical,org.apache.commons.lang3.LocaleUtils,294,1,0.75,0.75,819,Qwen/Qwen3-8B
Lang-5-0168,Lang,5,168,COR,logical,org.apache.commons.lang3.LocaleUtils,294,0,0.75,0.75,821,Qwen/Qwen3-8B
Lang-5-0169,Lang,5,169,COR,logical,org.apache.commons.lang3.LocaleUtils,295,1,0.75,0.75,811,Qwen/Qwen3-8B
Lang-5-0170,Lang,5,170,COR,logical,org.apache.commons.lang3.LocaleUtils,294,1,0.75,0.75,817,Qwen/Qwen3-8B
Lang-5-0171,Lang,5,171,COR,logical,org.apache.commons.lang3.LocaleUtils,295,1,0.75,0.75,817,Qwen/Qwen3-8B
Lang-5-0172,Lang,5,172,COR,logical,org.apache.commons.lang3.LocaleUtils,294,0,0.75,0.75,815,Qwen/Qwen3-8B
Lang-5-0173,Lang,5,173,COR,logical,org.apache.commons.lang3.LocaleUtils,296,1,0.75,0.75,817,Qwen/Qwen3-8B
Lang-5-0174,Lang,5,174,STD,statement_deletion,org.apache.commons.lang3.LocaleUtils,297,1,0.15,0.15,814,Qwen/Qwen3-8B
Lang-5-0175,Lang,5,175,STD,statement_deletion,org.apache.commons.lang3.LocaleUtils,300,1,0.15,0.15,782,Qwen/Qwen3-8B
Lang-5-0176,Lang,5,176,STD,statement_deletion,org.apache.commons.lang3.LocaleUtils,301,1,0.15,0.15,782,Qwen/Qwen3-8B
Lang-5-0177,Lang,5,177,STD,statement_deletion,org.apache.commons.lang3.LocaleUtils,302,0,0.15,0.15,780,Qwen/Qwen3-8B
Lang-6-0001,Lang,6,1,ROR,relational,org.apache.commons.lang3.text.translate.CharSequenceTranslator,54,1,0.95,0.95,794,Qwen/Qwen3-8B
Lang-6-0002,Lang,6,2,LVR,arithmetic,org.apache.commons.lang3.text.translate.CharSequenceTranslator,58,0,0.75,0.75,786,Qwen/Qwen3-8B
Lang-6-0003,Lang,6,3,LVR,arithmetic,org.apache.commons.lang3.text.translate.CharSequenceTranslator,58,1,0.75,0.75,782,Qwen/Qwen3-8B
Lang-6-0004,Lang,6,4,AOR,arithmetic,org.apache.commons.lang3.text.translate.CharSequenceTranslator,58,0,0.3,0.3,730,Qwen/Qwen3-8B
Lang-6-0005,Lang,6,5,AOR,arithmetic,org.apache.commons.lang3.text.translate.CharSequenceTranslator,58,0,0.75,0.75,793,Qwen/Qwen3-8B
Lang-6-0006,Lang,6,6,AOR,arithmetic,org.apache.commons.lang3.text.translate.CharSequenceTranslator,58,1,0.75,0.75,802,Qwen/Qwen3-8B
Lang-6-0007,Lang,6,7,AOR,arithmetic,org.apache.commons.lang3.text.translate.CharSequenceTranslator,58,0,0.75,0.75,792,Qwen/Qwen3-8B
Lang-6-0008,Lang,6,8,STD,statement_deletion,org.apache.commons.lang3.text.translate.CharSequenceTranslator,59,1,0.15,0.15,784,Qwen/Qwen3-8B
Lang-6-0009,Lang,6,9,ROR,relational,org.apache.commons.lang3.text.translate.CharSequenceTranslator,76,1,0.75,0.75,821,Qwen/Qwen3-8B
Lang-6-0010,Lang,6,10,ROR,relational,org.apache.commons.lang3.text.translate.CharSequenceTranslator,79,1,0.75,0.75,814,Qwen/Qwen3-8B
Lang-6-0011,Lang,6,11,LVR,arithmetic,org.apache.commons.lang3.text.translate.CharSequenceTranslator,82,1,0.75,0.75,798,Qwen/Qwen3-8B
Lang-6-0012,Lang,6,12,LVR,arithmetic,org.apache.commons.lang3.text.translate.CharSequenceTranslator,82,1,0.75,0.75,826,Qwen/Qwen3-8B
Lang-6-0013,Lang,6,13,ROR,relational,org.apache.commons.lang3.text.translate.CharSequenceTranslator,84,1,0.75,0.75,796,Qwen/Qwen3-8B
Lang-6-0014,Lang,6,14,ROR,relational,org.apache.commons.lang3.text.translate.CharSequenceTranslator,84,1,0.75,0.75,799,Qwen/Qwen3-8B
Lang-6-0015,Lang,6,15,ROR,relational,org.apache.commons.lang3.text.translate.CharSequenceTranslator,84,1,0.75,0.75,790,Qwen/Qwen3-8B
Lang-6-0016,Lang,6,16,LVR,arithmetic,org.apache.commons.lang3.text.translate.CharSequenceTranslator,86,1,0.75,0.75,807,Qwen/Qwen3-8B
Lang-6-0017,Lang,6,17,LVR,arithmetic,org.apache.commons.lang3.text.translate.CharSequenceTranslator,86,1,0.75,0.75,794,Qwen/Qwen3-8B
Lang-6-0018,Lang,6,18,ROR,relational,org.apache.commons.lang3.text.translate.CharSequenceTranslator,86,0,0.75,0.75,803,Qwen/Qwen3-8B
Lang-6-0019,Lang,6,19,ROR,relational,org.apache.commons.lang3.text.translate.CharSequenceTranslator,86,1,0.75,0.75,804,Qwen/Qwen3-8B
Lang-6-0020,Lang,6,20,ROR,relational,org.apache.commons.lang3.text.translate.CharSequenceTranslator,86,1,0.75,0.75,805,Qwen/Qwen3-8B
Lang-6-0021,Lang,6,21,STD,statement_deletion,org.apache.commons.lang3.text.translate.CharSequenceTranslator,88,1,0.15,0.15,826,Qwen/Qwen3-8B
Lang-6-0022,Lang,6,22,STD,statement_deletion,org.apache.commons.lang3.text.translate.CharSequenceTranslator,89,1,0.15,0.15,831,Qwen/Qwen3-8B
Lang-6-0023,Lang,6,23,LVR,arithmetic,org.apache.commons.lang3.text.translate.CharSequenceTranslator,94,1,0.75,0.75,787,Qwen/Qwen3-8B
Lang-6-0024,Lang,6,24,LVR,arithmetic,org.apache.commons.lang3.text.translate.CharSequenceTranslator,94,1,0.75,0.75,808,Qwen/Qwen3-8B
Lang-6-0025,Lang,6,25,ROR,relational,org.apache.commons.lang3.text.translate.CharSequenceTranslator,94,0,0.15,0.15,799,Qwen/Qwen3-8B
Lang-6-0026,Lang,6,26,ROR,relational,org.apache.commons.lang3.text.translate.CharSequenceTranslator,94,1,0.3,0.3,713,Qwen/Qwen3-8B
Lang-6-0027,Lang,6,27,ROR,relational,org.apache.commons.lang3.text.translate.CharSequenceTranslator,94,1,0.15,0.15,796,Qwen/Qwen3-8B
Lang-6-0028,Lang,6,28,STD,statement_deletion,org.apache.commons.lang3.text.translate.CharSequenceTranslator,95,1,0.15,0.15,798,Qwen/Qwen3-8B
Lang-6-0029,Lang,6,29,LVR,arithmetic,org.apache.commons.lang3.text.translate.CharSequenceTranslator,108,1,0.15,0.15,838,Qwen/Qwen3-8B
Lang-6-0030,Lang,6,30,LVR,arithmetic,org.apache.commons.lang3.text.translate.CharSequenceTranslator,108,1,0.15,0.15,815,Qwen/Qwen3-8B
Lang-6-0031,Lang,6,31,AOR,arithmetic,org.apache.commons.lang3.text.translate.CharSequenceTranslator,108,1,0.15,0.15,822,Qwen/Qwen3-8B
Lang-6-0032,Lang,6,32,AOR,arithmetic,org.apache.commons.lang3.text.translate.CharSequenceTranslator,108,1,0.15,0.15,824,Qwen/Qwen3-8B
Lang-6-0033,Lang,6,33,AOR,arithmetic,org.apache.commons.lang3.text.translate.CharSequenceTranslator,108,1,0.15,0.15,821,Qwen/Qwen3-8B
Lang-6-0034,Lang,6,34,AOR,arithmetic,org.apache.commons.lang3.text.translate.CharSequenceTranslator,108,1,0.15,0.15,821,Qwen/Qwen3-8B
Lang-6-0035,Lang,6,35,LVR,arithmetic,org.apache.commons.lang3.text.translate.CharSequenceTranslator,109,1,0.3,0.3,741,Qwen/Qwen3-8B
Lang-6-0036,Lang,6,36,LVR,arithmetic,org.apache.commons.lang3.text.translate.CharSequenceTranslator,109,1,0.2,0.2,747,Qwen/Qwen3-8B
Lang-6-0037,Lang,6,37,STD,statement_deletion,org.apache.commons.lang3.text.translate.CharSequenceTranslator,109,1,0.1,0.1,771,Qwen/Qwen3-8B
Lang-6-0038,Lang,6,38,LVR,arithmetic,org.apache.commons.lang3.text.translate.CharSequenceTranslator,110,1,0.3,0.3,750,Qwen/Qwen3-8B
Lang-6-0039,Lang,6,39,LVR,arithmetic,org.apache.commons.lang3.text.translate.CharSequenceTranslator,110,1,0.15,0.15,821,Qwen/Qwen3-8B
Lang-6-0040,Lang,6,40,LVR,arithmetic,org.apache.commons.lang3.text.translate.CharSequenceTranslator,110,1,0.15,0.15,834,Qwen/Qwen3-8B
Lang-6-0041,Lang,6,41,LVR,arithmetic,org.apache.commons.lang3.text.translate.CharSequenceTranslator,110,1,0.15,0.15,830,Qwen/Qwen3-8B
Lang-6-0042,Lang,6,42,STD,statement_deletion,org.apache.commons.lang3.text.translate.CharSequenceTranslator,110,1,0.15,0.15,830,Qwen/Qwen3-8B
