mutant_id,project,bug_id,mutant_no,operator,category,class,line,killed,llm_score,llm_raw_response,llm_latency_ms,model_used
Math-1-0001,Math,1,1,LVR,arithmetic,org.apache.commons.math3.fraction.BigFraction,45,1,0.95,0.95,1577,qwen3.6:latest
Math-1-0002,Math,1,2,LVR,arithmetic,org.apache.commons.math3.fraction.BigFraction,45,1,0.15,0.15,1408,qwen3.6:latest
Math-1-0003,Math,1,3,LVR,arithmetic,org.apache.commons.math3.fraction.BigFraction,48,1,0.95,0.95,1414,qwen3.6:latest
Math-1-0004,Math,1,4,LVR,arithmetic,org.apache.commons.math3.fraction.BigFraction,48,1,0.95,0.95,1420,qwen3.6:latest
Math-1-0005,Math,1,5,LVR,arithmetic,org.apache.commons.math3.fraction.BigFraction,51,1,0.9,0.9,1415,qwen3.6:latest
Math-1-0006,Math,1,6,LVR,arithmetic,org.apache.commons.math3.fraction.BigFraction,51,1,0.9,0.9,1454,qwen3.6:latest
Math-1-0007,Math,1,7,LVR,arithmetic,org.apache.commons.math3.fraction.BigFraction,54,1,0.2,0.2,1468,qwen3.6:latest
Math-1-0008,Math,1,8,LVR,arithmetic,org.apache.commons.math3.fraction.BigFraction,54,1,0.1,0.1,1443,qwen3.6:latest
Math-1-0009,Math,1,9,LVR,arithmetic,org.apache.commons.math3.fraction.BigFraction,57,0,0.9,0.9,1459,qwen3.6:latest
Math-1-0010,Math,1,10,LVR,arithmetic,org.apache.commons.math3.fraction.BigFraction,57,0,0.15,0.15,1463,qwen3.6:latest
Math-1-0011,Math,1,11,LVR,arithmetic,org.apache.commons.math3.fraction.BigFraction,57,1,0.9,0.9,1411,qwen3.6:latest
Math-1-0012,Math,1,12,LVR,arithmetic,org.apache.commons.math3.fraction.BigFraction,57,0,0.15,0.15,1425,qwen3.6:latest
Math-1-0013,Math,1,13,LVR,arithmetic,org.apache.commons.math3.fraction.BigFraction,60,0,0.15,0.15,1449,qwen3.6:latest
Math-1-0014,Math,1,14,LVR,arithmetic,org.apache.commons.math3.fraction.BigFraction,60,0,0.15,0.15,1476,qwen3.6:latest
Math-1-0015,Math,1,15,LVR,arithmetic,org.apache.commons.math3.fraction.BigFraction,60,1,0.15,0.15,1499,qwen3.6:latest
Math-1-0016,Math,1,16,LVR,arithmetic,org.apache.commons.math3.fraction.BigFraction,60,0,0.15,0.15,1559,qwen3.6:latest
Math-1-0017,Math,1,17,LVR,arithmetic,org.apache.commons.math3.fraction.BigFraction,63,0,0.15,0.15,1480,qwen3.6:latest
Math-1-0018,Math,1,18,LVR,arithmetic,org.apache.commons.math3.fraction.BigFraction,63,1,0.1,0.1,1481,qwen3.6:latest
Math-1-0019,Math,1,19,LVR,arithmetic,org.apache.commons.math3.fraction.BigFraction,63,1,0.15,0.15,1479,qwen3.6:latest
Math-1-0020,Math,1,20,LVR,arithmetic,org.apache.commons.math3.fraction.BigFraction,63,1,0.1,0.1,1438,qwen3.6:latest
Math-1-0021,Math,1,21,LVR,arithmetic,org.apache.commons.math3.fraction.BigFraction,66,0,0.9,0.9,1477,qwen3.6:latest
Math-1-0022,Math,1,22,LVR,arithmetic,org.apache.commons.math3.fraction.BigFraction,66,0,0.1,0.1,1475,qwen3.6:latest
Math-1-0023,Math,1,23,LVR,arithmetic,org.apache.commons.math3.fraction.BigFraction,66,1,0.9,0.9,1499,qwen3.6:latest
Math-1-0024,Math,1,24,LVR,arithmetic,org.apache.commons.math3.fraction.BigFraction,66,0,0.1,0.1,1446,qwen3.6:latest
Math-1-0025,Math,1,25,LVR,arithmetic,org.apache.commons.math3.fraction.BigFraction,69,0,0.1,0.1,1446,qwen3.6:latest
Math-1-0026,Math,1,26,LVR,arithmetic,org.apache.commons.math3.fraction.BigFraction,69,0,0.15,0.15,1489,qwen3.6:latest
Math-1-0027,Math,1,27,LVR,arithmetic,org.apache.commons.math3.fraction.BigFraction,69,1,0.1,0.1,1447,qwen3.6:latest
Math-1-0028,Math,1,28,LVR,arithmetic,org.apache.commons.math3.fraction.BigFraction,69,0,0.15,0.15,1499,qwen3.6:latest
Math-1-0029,Math,1,29,LVR,arithmetic,org.apache.commons.math3.fraction.BigFraction,72,0,0.1,0.1,1508,qwen3.6:latest
Math-1-0030,Math,1,30,LVR,arithmetic,org.apache.commons.math3.fraction.BigFraction,72,0,0.1,0.1,1484,qwen3.6:latest
Math-1-0031,Math,1,31,LVR,arithmetic,org.apache.commons.math3.fraction.BigFraction,72,1,0.1,0.1,1470,qwen3.6:latest
Math-1-0032,Math,1,32,LVR,arithmetic,org.apache.commons.math3.fraction.BigFraction,72,0,0.1,0.1,1476,qwen3.6:latest
Math-1-0033,Math,1,33,LVR,arithmetic,org.apache.commons.math3.fraction.BigFraction,75,0,0.1,0.1,1484,qwen3.6:latest
Math-1-0034,Math,1,34,LVR,arithmetic,org.apache.commons.math3.fraction.BigFraction,75,0,0.1,0.1,1470,qwen3.6:latest
Math-1-0035,Math,1,35,LVR,arithmetic,org.apache.commons.math3.fraction.BigFraction,75,1,0.1,0.1,1465,qwen3.6:latest
Math-1-0036,Math,1,36,LVR,arithmetic,org.apache.commons.math3.fraction.BigFraction,75,0,0.1,0.1,1454,qwen3.6:latest
Math-1-0037,Math,1,37,LVR,arithmetic,org.apache.commons.math3.fraction.BigFraction,78,0,0.15,0.15,1481,qwen3.6:latest
Math-1-0038,Math,1,38,LVR,arithmetic,org.apache.commons.math3.fraction.BigFraction,78,0,0.15,0.15,1470,qwen3.6:latest
Math-1-0039,Math,1,39,LVR,arithmetic,org.apache.commons.math3.fraction.BigFraction,78,1,0.15,0.15,1478,qwen3.6:latest
Math-1-0040,Math,1,40,LVR,arithmetic,org.apache.commons.math3.fraction.BigFraction,78,0,0.15,0.15,1474,qwen3.6:latest
Math-1-0041,Math,1,41,LVR,arithmetic,org.apache.commons.math3.fraction.BigFraction,81,0,0.1,0.1,1467,qwen3.6:latest
Math-1-0042,Math,1,42,LVR,arithmetic,org.apache.commons.math3.fraction.BigFraction,81,0,0.1,0.1,1486,qwen3.6:latest
Math-1-0043,Math,1,43,LVR,arithmetic,org.apache.commons.math3.fraction.BigFraction,81,1,0.1,0.1,1549,qwen3.6:latest
Math-1-0044,Math,1,44,LVR,arithmetic,org.apache.commons.math3.fraction.BigFraction,81,0,0.1,0.1,1501,qwen3.6:latest
Math-1-0045,Math,1,45,LVR,arithmetic,org.apache.commons.math3.fraction.BigFraction,84,0,0.1,0.1,1476,qwen3.6:latest
Math-1-0046,Math,1,46,LVR,arithmetic,org.apache.commons.math3.fraction.BigFraction,84,0,0.1,0.1,1484,qwen3.6:latest
Math-1-0047,Math,1,47,LVR,arithmetic,org.apache.commons.math3.fraction.BigFraction,84,1,0.1,0.1,1485,qwen3.6:latest
Math-1-0048,Math,1,48,LVR,arithmetic,org.apache.commons.math3.fraction.BigFraction,84,0,0.1,0.1,1475,qwen3.6:latest
Math-1-0049,Math,1,49,LVR,arithmetic,org.apache.commons.math3.fraction.BigFraction,90,1,0.1,0.1,1439,qwen3.6:latest
Math-1-0050,Math,1,50,LVR,arithmetic,org.apache.commons.math3.fraction.BigFraction,90,1,0.15,0.15,1519,qwen3.6:latest
Math-1-0051,Math,1,51,STD,statement_deletion,org.apache.commons.math3.fraction.BigFraction,121,1,0.15,0.15,1492,qwen3.6:latest
Math-1-0052,Math,1,52,STD,statement_deletion,org.apache.commons.math3.fraction.BigFraction,122,1,0.15,0.15,1490,qwen3.6:latest
Math-1-0053,Math,1,53,COR,logical,org.apache.commons.math3.fraction.BigFraction,123,1,0.95,0.95,1489,qwen3.6:latest
Math-1-0054,Math,1,54,COR,logical,org.apache.commons.math3.fraction.BigFraction,123,1,0.95,0.95,1497,qwen3.6:latest
Math-1-0055,Math,1,55,COR,logical,org.apache.commons.math3.fraction.BigFraction,126,0,0.95,0.95,1465,qwen3.6:latest
Math-1-0056,Math,1,56,COR,logical,org.apache.commons.math3.fraction.BigFraction,126,1,0.95,0.95,1511,qwen3.6:latest
Math-1-0057,Math,1,57,LVR,arithmetic,org.apache.commons.math3.fraction.BigFraction,133,0,0.15,0.15,1446,qwen3.6:latest
Math-1-0058,Math,1,58,LVR,arithmetic,org.apache.commons.math3.fraction.BigFraction,133,1,0.15,0.15,1453,qwen3.6:latest
Math-1-0059,Math,1,59,ROR,relational,org.apache.commons.math3.fraction.BigFraction,133,0,0.85,0.85,1475,qwen3.6:latest
Math-1-0060,Math,1,60,ROR,relational,org.apache.commons.math3.fraction.BigFraction,133,0,0.85,0.85,1465,qwen3.6:latest
Math-1-0061,Math,1,61,ROR,relational,org.apache.commons.math3.fraction.BigFraction,133,1,0.85,0.85,1472,qwen3.6:latest
Math-1-0062,Math,1,62,STD,statement_deletion,org.apache.commons.math3.fraction.BigFraction,134,1,0.15,0.15,1474,qwen3.6:latest
Math-1-0063,Math,1,63,STD,statement_deletion,org.apache.commons.math3.fraction.BigFraction,135,1,0.15,0.15,1464,qwen3.6:latest
Math-1-0064,Math,1,64,LVR,arithmetic,org.apache.commons.math3.fraction.BigFraction,139,1,0.15,0.15,1420,qwen3.6:latest
Math-1-0065,Math,1,65,LVR,arithmetic,org.apache.commons.math3.fraction.BigFraction,139,0,0.15,0.15,1418,qwen3.6:latest
Math-1-0066,Math,1,66,ROR,relational,org.apache.commons.math3.fraction.BigFraction,139,1,0.85,0.85,1449,qwen3.6:latest
Math-1-0067,Math,1,67,ROR,relational,org.apache.commons.math3.fraction.BigFraction,139,0,0.85,0.85,1408,qwen3.6:latest
Math-1-0068,Math,1,68,ROR,relational,org.apache.commons.math3.fraction.BigFraction,139,1,0.85,0.85,1428,qwen3.6:latest
Math-1-0069,Math,1,69,STD,statement_deletion,org.apache.commons.math3.fraction.BigFraction,140,1,0.15,0.15,1418,qwen3.6:latest
Math-1-0070,Math,1,70,STD,statement_deletion,org.apache.commons.math3.fraction.BigFraction,141,1,0.15,0.15,1393,qwen3.6:latest
Math-1-0071,Math,1,71,COR,logical,org.apache.commons.math3.fraction.BigFraction,173,1,0.95,0.95,1480,qwen3.6:latest
Math-1-0072,Math,1,72,COR,logical,org.apache.commons.math3.fraction.BigFraction,173,1,0.95,0.95,1503,qwen3.6:latest
Math-1-0073,Math,1,73,COR,logical,org.apache.commons.math3.fraction.BigFraction,176,1,0.95,0.95,1496,qwen3.6:latest
Math-1-0074,Math,1,74,COR,logical,org.apache.commons.math3.fraction.BigFraction,176,1,0.95,0.95,1488,qwen3.6:latest
Math-1-0075,Math,1,75,LVR,arithmetic,org.apache.commons.math3.fraction.BigFraction,182,1,0.85,0.85,1626,qwen3.6:latest
Math-1-0076,Math,1,76,LOR,logical,org.apache.commons.math3.fraction.BigFraction,182,1,0.85,0.85,1515,qwen3.6:latest
Math-1-0077,Math,1,77,LOR,logical,org.apache.commons.math3.fraction.BigFraction,182,1,0.85,0.85,1576,qwen3.6:latest
Math-1-0078,Math,1,78,LVR,arithmetic,org.apache.commons.math3.fraction.BigFraction,183,1,0.85,0.85,1493,qwen3.6:latest
Math-1-0079,Math,1,79,LVR,arithmetic,org.apache.commons.math3.fraction.BigFraction,183,1,0.85,0.85,1534,qwen3.6:latest
Math-1-0080,Math,1,80,LOR,logical,org.apache.commons.math3.fraction.BigFraction,183,1,0.75,0.75,1504,qwen3.6:latest
Math-1-0081,Math,1,81,LOR,logical,org.apache.commons.math3.fraction.BigFraction,183,1,0.85,0.85,1552,qwen3.6:latest
Math-1-0082,Math,1,82,LVR,arithmetic,org.apache.commons.math3.fraction.BigFraction,184,1,0.75,0.75,1539,qwen3.6:latest
Math-1-0083,Math,1,83,LVR,arithmetic,org.apache.commons.math3.fraction.BigFraction,184,1,0.85,0.85,1535,qwen3.6:latest
Math-1-0084,Math,1,84,LOR,logical,org.apache.commons.math3.fraction.BigFraction,184,1,0.75,0.75,1496,qwen3.6:latest
Math-1-0085,Math,1,85,LOR,logical,org.apache.commons.math3.fraction.BigFraction,184,1,0.75,0.75,1527,qwen3.6:latest
Math-1-0086,Math,1,86,LVR,arithmetic,org.apache.commons.math3.fraction.BigFraction,185,1,0.75,0.75,1534,qwen3.6:latest
Math-1-0087,Math,1,87,LVR,arithmetic,org.apache.commons.math3.fraction.BigFraction,185,1,0.85,0.85,1536,qwen3.6:latest
Math-1-0088,Math,1,88,ROR,relational,org.apache.commons.math3.fraction.BigFraction,185,1,0.75,0.75,1537,qwen3.6:latest
Math-1-0089,Math,1,89,ROR,relational,org.apache.commons.math3.fraction.BigFraction,185,0,0.75,0.75,1550,qwen3.6:latest
Math-1-0090,Math,1,90,ROR,relational,org.apache.commons.math3.fraction.BigFraction,185,1,0.85,0.85,1502,qwen3.6:latest
Math-1-0091,Math,1,91,LVR,arithmetic,org.apache.commons.math3.fraction.BigFraction,187,1,0.85,0.85,1575,qwen3.6:latest
Math-1-0092,Math,1,92,LVR,arithmetic,org.apache.commons.math3.fraction.BigFraction,187,1,0.85,0.85,1542,qwen3.6:latest
Math-1-0093,Math,1,93,STD,statement_deletion,org.apache.commons.math3.fraction.BigFraction,187,1,0.85,0.85,1597,qwen3.6:latest
Math-1-0094,Math,1,94,LVR,arithmetic,org.apache.commons.math3.fraction.BigFraction,189,1,0.85,0.85,1507,qwen3.6:latest
Math-1-0095,Math,1,95,LVR,arithmetic,org.apache.commons.math3.fraction.BigFraction,189,1,0.85,0.85,1529,qwen3.6:latest
Math-1-0096,Math,1,96,ROR,relational,org.apache.commons.math3.fraction.BigFraction,189,0,0.75,0.75,1556,qwen3.6:latest
Math-1-0097,Math,1,97,ROR,relational,org.apache.commons.math3.fraction.BigFraction,189,1,0.85,0.85,1547,qwen3.6:latest
Math-1-0098,Math,1,98,ROR,relational,org.apache.commons.math3.fraction.BigFraction,189,1,0.85,0.85,1525,qwen3.6:latest
Math-1-0099,Math,1,99,ORU,return_value,org.apache.commons.math3.fraction.BigFraction,190,1,0.75,0.75,1463,qwen3.6:latest
Math-1-0100,Math,1,100,ORU,return_value,org.apache.commons.math3.fraction.BigFraction,190,1,0.75,0.75,1513,qwen3.6:latest
Math-1-0101,Math,1,101,STD,statement_deletion,org.apache.commons.math3.fraction.BigFraction,190,1,0.25,0.25,1503,qwen3.6:latest
Math-1-0102,Math,1,102,LVR,arithmetic,org.apache.commons.math3.fraction.BigFraction,192,1,0.75,0.75,1455,qwen3.6:latest
Math-1-0103,Math,1,103,LVR,arithmetic,org.apache.commons.math3.fraction.BigFraction,192,1,0.85,0.85,1484,qwen3.6:latest
Math-1-0104,Math,1,104,SOR,arithmetic,org.apache.commons.math3.fraction.BigFraction,192,1,0.75,0.75,1488,qwen3.6:latest
Math-1-0105,Math,1,105,SOR,arithmetic,org.apache.commons.math3.fraction.BigFraction,192,0,0.75,0.75,1471,qwen3.6:latest
Math-1-0106,Math,1,106,LVR,arithmetic,org.apache.commons.math3.fraction.BigFraction,192,1,0.75,0.75,1462,qwen3.6:latest
Math-1-0107,Math,1,107,LVR,arithmetic,org.apache.commons.math3.fraction.BigFraction,192,1,0.85,0.85,1493,qwen3.6:latest
Math-1-0108,Math,1,108,AOR,arithmetic,org.apache.commons.math3.fraction.BigFraction,192,1,0.75,0.75,1486,qwen3.6:latest
Math-1-0109,Math,1,109,AOR,arithmetic,org.apache.commons.math3.fraction.BigFraction,192,1,0.85,0.85,1488,qwen3.6:latest
Math-1-0110,Math,1,110,AOR,arithmetic,org.apache.commons.math3.fraction.BigFraction,192,1,0.85,0.85,1502,qwen3.6:latest
Math-1-0111,Math,1,111,AOR,arithmetic,org.apache.commons.math3.fraction.BigFraction,192,1,0.75,0.75,1499,qwen3.6:latest
Math-1-0112,Math,1,112,LVR,arithmetic,org.apache.commons.math3.fraction.BigFraction,193,1,0.75,0.75,1480,qwen3.6:latest
Math-1-0113,Math,1,113,LVR,arithmetic,org.apache.commons.math3.fraction.BigFraction,193,1,0.75,0.75,1494,qwen3.6:latest
Math-1-0114,Math,1,114,LOR,logical,org.apache.commons.math3.fraction.BigFraction,193,1,0.75,0.75,1485,qwen3.6:latest
Math-1-0115,Math,1,115,LOR,logical,org.apache.commons.math3.fraction.BigFraction,193,1,0.75,0.75,1470,qwen3.6:latest
Math-1-0116,Math,1,116,LVR,arithmetic,org.apache.commons.math3.fraction.BigFraction,193,1,0.85,0.85,1488,qwen3.6:latest
Math-1-0117,Math,1,117,LVR,arithmetic,org.apache.commons.math3.fraction.BigFraction,193,1,0.85,0.85,1530,qwen3.6:latest
Math-1-0118,Math,1,118,ROR,relational,org.apache.commons.math3.fraction.BigFraction,193,1,0.75,0.75,1478,qwen3.6:latest
Math-1-0119,Math,1,119,ROR,relational,org.apache.commons.math3.fraction.BigFraction,193,0,0.75,0.75,1484,qwen3.6:latest
Math-1-0120,Math,1,120,ROR,relational,org.apache.commons.math3.fraction.BigFraction,193,1,0.85,0.85,1470,qwen3.6:latest
Math-1-0121,Math,1,121,LVR,arithmetic,org.apache.commons.math3.fraction.BigFraction,193,1,0.75,0.75,1498,qwen3.6:latest
Math-1-0122,Math,1,122,LVR,arithmetic,org.apache.commons.math3.fraction.BigFraction,193,1,0.75,0.75,1494,qwen3.6:latest
Math-1-0123,Math,1,123,LOR,logical,org.apache.commons.math3.fraction.BigFraction,193,1,0.75,0.75,1483,qwen3.6:latest
Math-1-0124,Math,1,124,LOR,logical,org.apache.commons.math3.fraction.BigFraction,193,1,0.75,0.75,1480,qwen3.6:latest
Math-1-0125,Math,1,125,LVR,arithmetic,org.apache.commons.math3.fraction.BigFraction,193,1,0.85,0.85,1486,qwen3.6:latest
Math-1-0126,Math,1,126,LVR,arithmetic,org.apache.commons.math3.fraction.BigFraction,193,1,0.85,0.85,1526,qwen3.6:latest
Math-1-0127,Math,1,127,ROR,relational,org.apache.commons.math3.fraction.BigFraction,193,0,0.75,0.75,1458,qwen3.6:latest
Math-1-0128,Math,1,128,ROR,relational,org.apache.commons.math3.fraction.BigFraction,193,1,0.75,0.75,1489,qwen3.6:latest
Math-1-0129,Math,1,129,ROR,relational,org.apache.commons.math3.fraction.BigFraction,193,1,0.75,0.75,1481,qwen3.6:latest
Math-1-0130,Math,1,130,COR,logical,org.apache.commons.math3.fraction.BigFraction,193,1,0.75,0.75,1486,qwen3.6:latest
Math-1-0131,Math,1,131,COR,logical,org.apache.commons.math3.fraction.BigFraction,193,1,0.75,0.75,1491,qwen3.6:latest
Math-1-0132,Math,1,132,COR,logical,org.apache.commons.math3.fraction.BigFraction,193,1,0.75,0.75,1482,qwen3.6:latest
Math-1-0133,Math,1,133,COR,logical,org.apache.commons.math3.fraction.BigFraction,193,1,0.75,0.75,1467,qwen3.6:latest
Math-1-0134,Math,1,134,LVR,arithmetic,org.apache.commons.math3.fraction.BigFraction,194,1,0.75,0.75,1409,qwen3.6:latest
Math-1-0135,Math,1,135,LVR,arithmetic,org.apache.commons.math3.fraction.BigFraction,194,1,0.25,0.25,1398,qwen3.6:latest
Math-1-0136,Math,1,136,SOR,arithmetic,org.apache.commons.math3.fraction.BigFraction,194,1,0.75,0.75,1458,qwen3.6:latest
Math-1-0137,Math,1,137,SOR,arithmetic,org.apache.commons.math3.fraction.BigFraction,194,1,0.75,0.75,1586,qwen3.6:latest
Math-1-0138,Math,1,138,STD,statement_deletion,org.apache.commons.math3.fraction.BigFraction,194,1,0.25,0.25,1468,qwen3.6:latest
Math-1-0139,Math,1,139,STD,statement_deletion,org.apache.commons.math3.fraction.BigFraction,195,1,0.75,0.75,1469,qwen3.6:latest
Math-1-0140,Math,1,140,LVR,arithmetic,org.apache.commons.math3.fraction.BigFraction,198,0,0.15,0.15,1494,qwen3.6:latest
Math-1-0141,Math,1,141,LVR,arithmetic,org.apache.commons.math3.fraction.BigFraction,198,1,0.15,0.15,1465,qwen3.6:latest
Math-1-0142,Math,1,142,ROR,relational,org.apache.commons.math3.fraction.BigFraction,198,1,0.85,0.85,1474,qwen3.6:latest
Math-1-0143,Math,1,143,ROR,relational,org.apache.commons.math3.fraction.BigFraction,198,0,0.85,0.85,1466,qwen3.6:latest
Math-1-0144,Math,1,144,ROR,relational,org.apache.commons.math3.fraction.BigFraction,198,1,0.85,0.85,1522,qwen3.6:latest
Math-1-0145,Math,1,145,ORU,return_value,org.apache.commons.math3.fraction.BigFraction,200,1,0.75,0.75,1381,qwen3.6:latest
Math-1-0146,Math,1,146,ORU,return_value,org.apache.commons.math3.fraction.BigFraction,200,1,0.75,0.75,1388,qwen3.6:latest
Math-1-0147,Math,1,147,ROR,relational,org.apache.commons.math3.fraction.BigFraction,275,1,0.85,0.85,1473,qwen3.6:latest
Math-1-0148,Math,1,148,ROR,relational,org.apache.commons.math3.fraction.BigFraction,275,0,0.85,0.85,1474,qwen3.6:latest
Math-1-0149,Math,1,149,ROR,relational,org.apache.commons.math3.fraction.BigFraction,275,1,0.85,0.85,1459,qwen3.6:latest
Math-1-0150,Math,1,150,LVR,arithmetic,org.apache.commons.math3.fraction.BigFraction,276,0,0.15,0.15,1437,qwen3.6:latest
Math-1-0151,Math,1,151,LVR,arithmetic,org.apache.commons.math3.fraction.BigFraction,276,0,0.15,0.15,1428,qwen3.6:latest
Math-1-0152,Math,1,152,AOR,arithmetic,org.apache.commons.math3.fraction.BigFraction,281,1,0.85,0.85,1404,qwen3.6:latest
Math-1-0153,Math,1,153,AOR,arithmetic,org.apache.commons.math3.fraction.BigFraction,281,1,0.85,0.85,1430,qwen3.6:latest
Math-1-0154,Math,1,154,AOR,arithmetic,org.apache.commons.math3.fraction.BigFraction,281,1,0.85,0.85,1431,qwen3.6:latest
Math-1-0155,Math,1,155,AOR,arithmetic,org.apache.commons.math3.fraction.BigFraction,281,1,0.85,0.85,1409,qwen3.6:latest
Math-1-0156,Math,1,156,ROR,relational,org.apache.commons.math3.fraction.BigFraction,281,1,0.85,0.85,1373,qwen3.6:latest
Math-1-0157,Math,1,157,ROR,relational,org.apache.commons.math3.fraction.BigFraction,281,0,0.85,0.85,1407,qwen3.6:latest
Math-1-0158,Math,1,158,ROR,relational,org.apache.commons.math3.fraction.BigFraction,281,1,0.75,0.75,1437,qwen3.6:latest
Math-1-0159,Math,1,159,LVR,arithmetic,org.apache.commons.math3.fraction.BigFraction,287,1,0.75,0.75,1401,qwen3.6:latest
Math-1-0160,Math,1,160,LVR,arithmetic,org.apache.commons.math3.fraction.BigFraction,287,1,0.75,0.75,1384,qwen3.6:latest
Math-1-0161,Math,1,161,LVR,arithmetic,org.apache.commons.math3.fraction.BigFraction,288,1,0.85,0.85,1366,qwen3.6:latest
Math-1-0162,Math,1,162,LVR,arithmetic,org.apache.commons.math3.fraction.BigFraction,288,1,0.85,0.85,1388,qwen3.6:latest
Math-1-0163,Math,1,163,LVR,arithmetic,org.apache.commons.math3.fraction.BigFraction,290,1,0.85,0.85,1382,qwen3.6:latest
Math-1-0164,Math,1,164,LVR,arithmetic,org.apache.commons.math3.fraction.BigFraction,290,1,0.15,0.15,1360,qwen3.6:latest
Math-1-0165,Math,1,165,LVR,arithmetic,org.apache.commons.math3.fraction.BigFraction,295,0,0.85,0.85,1445,qwen3.6:latest
Math-1-0166,Math,1,166,LVR,arithmetic,org.apache.commons.math3.fraction.BigFraction,295,0,0.85,0.85,1406,qwen3.6:latest
Math-1-0167,Math,1,167,LVR,arithmetic,org.apache.commons.math3.fraction.BigFraction,296,1,0.75,0.75,1420,qwen3.6:latest
Math-1-0168,Math,1,168,STD,statement_deletion,org.apache.commons.math3.fraction.BigFraction,298,1,0.15,0.15,1501,qwen3.6:latest
Math-1-0169,Math,1,169,LVR,arithmetic,org.apache.commons.math3.fraction.BigFraction,299,1,0.85,0.85,1487,qwen3.6:latest
Math-1-0170,Math,1,170,LVR,arithmetic,org.apache.commons.math3.fraction.BigFraction,299,1,0.15,0.15,1491,qwen3.6:latest
Math-1-0171,Math,1,171,AOR,arithmetic,org.apache.commons.math3.fraction.BigFraction,299,1,0.75,0.75,1491,qwen3.6:latest
Math-1-0172,Math,1,172,AOR,arithmetic,org.apache.commons.math3.fraction.BigFraction,299,1,0.85,0.85,1508,qwen3.6:latest
Math-1-0173,Math,1,173,AOR,arithmetic,org.apache.commons.math3.fraction.BigFraction,299,1,0.85,0.85,1497,qwen3.6:latest
Math-1-0174,Math,1,174,AOR,arithmetic,org.apache.commons.math3.fraction.BigFraction,299,1,0.75,0.75,1523,qwen3.6:latest
Math-1-0175,Math,1,175,AOR,arithmetic,org.apache.commons.math3.fraction.BigFraction,299,1,0.75,0.75,1526,qwen3.6:latest
Math-1-0176,Math,1,176,AOR,arithmetic,org.apache.commons.math3.fraction.BigFraction,299,1,0.85,0.85,1515,qwen3.6:latest
Math-1-0177,Math,1,177,AOR,arithmetic,org.apache.commons.math3.fraction.BigFraction,299,1,0.75,0.75,1506,qwen3.6:latest
Math-1-0178,Math,1,178,AOR,arithmetic,org.apache.commons.math3.fraction.BigFraction,299,1,0.75,0.75,1517,qwen3.6:latest
Math-1-0179,Math,1,179,AOR,arithmetic,org.apache.commons.math3.fraction.BigFraction,301,1,0.75,0.75,1543,qwen3.6:latest
Math-1-0180,Math,1,180,AOR,arithmetic,org.apache.commons.math3.fraction.BigFraction,301,1,0.85,0.85,1548,qwen3.6:latest
Math-1-0181,Math,1,181,AOR,arithmetic,org.apache.commons.math3.fraction.BigFraction,301,1,0.75,0.75,1516,qwen3.6:latest
Math-1-0182,Math,1,182,AOR,arithmetic,org.apache.commons.math3.fraction.BigFraction,301,1,0.75,0.75,1526,qwen3.6:latest
Math-1-0183,Math,1,183,AOR,arithmetic,org.apache.commons.math3.fraction.BigFraction,301,1,0.75,0.75,1548,qwen3.6:latest
Math-1-0184,Math,1,184,AOR,arithmetic,org.apache.commons.math3.fraction.BigFraction,301,1,0.85,0.85,1508,qwen3.6:latest
Math-1-0185,Math,1,185,AOR,arithmetic,org.apache.commons.math3.fraction.BigFraction,301,1,0.85,0.85,1568,qwen3.6:latest
Math-1-0186,Math,1,186,AOR,arithmetic,org.apache.commons.math3.fraction.BigFraction,301,1,0.85,0.85,1547,qwen3.6:latest
Math-1-0187,Math,1,187,STD,statement_deletion,org.apache.commons.math3.fraction.BigFraction,301,1,0.15,0.15,1518,qwen3.6:latest
Math-1-0188,Math,1,188,AOR,arithmetic,org.apache.commons.math3.fraction.BigFraction,302,1,0.75,0.75,1560,qwen3.6:latest
Math-1-0189,Math,1,189,AOR,arithmetic,org.apache.commons.math3.fraction.BigFraction,302,1,0.85,0.85,1546,qwen3.6:latest
Math-1-0190,Math,1,190,AOR,arithmetic,org.apache.commons.math3.fraction.BigFraction,302,1,0.85,0.85,1526,qwen3.6:latest
Math-1-0191,Math,1,191,AOR,arithmetic,org.apache.commons.math3.fraction.BigFraction,302,1,0.75,0.75,1537,qwen3.6:latest
Math-1-0192,Math,1,192,AOR,arithmetic,org.apache.commons.math3.fraction.BigFraction,302,1,0.75,0.75,1532,qwen3.6:latest
Math-1-0193,Math,1,193,AOR,arithmetic,org.apache.commons.math3.fraction.BigFraction,302,1,0.75,0.75,1485,qwen3.6:latest
Math-1-0194,Math,1,194,AOR,arithmetic,org.apache.commons.math3.fraction.BigFraction,302,1,0.85,0.85,1522,qwen3.6:latest
Math-1-0195,Math,1,195,AOR,arithmetic,org.apache.commons.math3.fraction.BigFraction,302,1,0.75,0.75,1503,qwen3.6:latest
Math-1-0196,Math,1,196,STD,statement_deletion,org.apache.commons.math3.fraction.BigFraction,302,1,0.15,0.15,1500,qwen3.6:latest
Math-1-0197,Math,1,197,ROR,relational,org.apache.commons.math3.fraction.BigFraction,303,1,0.85,0.85,1512,qwen3.6:latest
Math-1-0198,Math,1,198,ROR,relational,org.apache.commons.math3.fraction.BigFraction,303,0,0.85,0.85,1569,qwen3.6:latest
Math-1-0199,Math,1,199,ROR,relational,org.apache.commons.math3.fraction.BigFraction,303,0,0.85,0.85,1501,qwen3.6:latest
Math-1-0200,Math,1,200,ROR,relational,org.apache.commons.math3.fraction.BigFraction,303,1,0.85,0.85,1523,qwen3.6:latest
Math-1-0201,Math,1,201,ROR,relational,org.apache.commons.math3.fraction.BigFraction,303,0,0.85,0.85,1496,qwen3.6:latest
Math-1-0202,Math,1,202,ROR,relational,org.apache.commons.math3.fraction.BigFraction,303,0,0.85,0.85,1524,qwen3.6:latest
Math-1-0203,Math,1,203,COR,logical,org.apache.commons.math3.fraction.BigFraction,303,0,0.85,0.85,1512,qwen3.6:latest
Math-1-0204,Math,1,204,COR,logical,org.apache.commons.math3.fraction.BigFraction,303,0,0.85,0.85,1507,qwen3.6:latest
Math-1-0205,Math,1,205,COR,logical,org.apache.commons.math3.fraction.BigFraction,303,0,0.95,0.95,1486,qwen3.6:latest
Math-1-0206,Math,1,206,COR,logical,org.apache.commons.math3.fraction.BigFraction,303,1,0.95,0.95,1512,qwen3.6:latest
Math-1-0207,Math,1,207,LVR,arithmetic,org.apache.commons.math3.fraction.BigFraction,306,1,0.15,0.15,1501,qwen3.6:latest
Math-1-0208,Math,1,208,LVR,arithmetic,org.apache.commons.math3.fraction.BigFraction,306,1,0.15,0.15,1510,qwen3.6:latest
Math-1-0209,Math,1,209,ROR,relational,org.apache.commons.math3.fraction.BigFraction,306,0,0.75,0.75,1515,qwen3.6:latest
Math-1-0210,Math,1,210,ROR,relational,org.apache.commons.math3.fraction.BigFraction,306,0,0.75,0.75,1518,qwen3.6:latest
Math-1-0211,Math,1,211,ROR,relational,org.apache.commons.math3.fraction.BigFraction,306,1,0.85,0.85,1528,qwen3.6:latest
Math-1-0212,Math,1,212,ROR,relational,org.apache.commons.math3.fraction.BigFraction,306,0,0.85,0.85,1512,qwen3.6:latest
Math-1-0213,Math,1,213,ROR,relational,org.apache.commons.math3.fraction.BigFraction,306,0,0.85,0.85,1535,qwen3.6:latest
Math-1-0214,Math,1,214,ROR,relational,org.apache.commons.math3.fraction.BigFraction,306,1,0.85,0.85,1537,qwen3.6:latest
Math-1-0215,Math,1,215,COR,logical,org.apache.commons.math3.fraction.BigFraction,306,0,0.75,0.75,1532,qwen3.6:latest
Math-1-0216,Math,1,216,COR,logical,org.apache.commons.math3.fraction.BigFraction,306,1,0.85,0.85,1553,qwen3.6:latest
Math-1-0217,Math,1,217,COR,logical,org.apache.commons.math3.fraction.BigFraction,306,0,0.15,0.15,1537,qwen3.6:latest
Math-1-0218,Math,1,218,COR,logical,org.apache.commons.math3.fraction.BigFraction,306,0,0.15,0.15,1555,qwen3.6:latest
Math-1-0219,Math,1,219,AOR,arithmetic,org.apache.commons.math3.fraction.BigFraction,312,1,0.85,0.85,1523,qwen3.6:latest
Math-1-0220,Math,1,220,AOR,arithmetic,org.apache.commons.math3.fraction.BigFraction,312,1,0.85,0.85,1502,qwen3.6:latest
Math-1-0221,Math,1,221,AOR,arithmetic,org.apache.commons.math3.fraction.BigFraction,312,1,0.85,0.85,1540,qwen3.6:latest
Math-1-0222,Math,1,222,AOR,arithmetic,org.apache.commons.math3.fraction.BigFraction,312,1,0.85,0.85,1543,qwen3.6:latest
Math-1-0223,Math,1,223,ROR,relational,org.apache.commons.math3.fraction.BigFraction,313,0,0.75,0.75,1428,qwen3.6:latest
Math-1-0224,Math,1,224,ROR,relational,org.apache.commons.math3.fraction.BigFraction,313,0,0.75,0.75,1432,qwen3.6:latest
Math-1-0225,Math,1,225,ROR,relational,org.apache.commons.math3.fraction.BigFraction,313,1,0.75,0.75,1442,qwen3.6:latest
Math-1-0226,Math,1,226,AOR,arithmetic,org.apache.commons.math3.fraction.BigFraction,314,1,0.75,0.75,1437,qwen3.6:latest
Math-1-0227,Math,1,227,AOR,arithmetic,org.apache.commons.math3.fraction.BigFraction,314,1,0.75,0.75,1463,qwen3.6:latest
Math-1-0228,Math,1,228,AOR,arithmetic,org.apache.commons.math3.fraction.BigFraction,314,1,0.85,0.85,1440,qwen3.6:latest
Math-1-0229,Math,1,229,AOR,arithmetic,org.apache.commons.math3.fraction.BigFraction,314,1,0.85,0.85,1437,qwen3.6:latest
Math-1-0230,Math,1,230,ROR,relational,org.apache.commons.math3.fraction.BigFraction,314,1,0.75,0.75,1440,qwen3.6:latest
Math-1-0231,Math,1,231,ROR,relational,org.apache.commons.math3.fraction.BigFraction,314,0,0.85,0.85,1424,qwen3.6:latest
Math-1-0232,Math,1,232,ROR,relational,org.apache.commons.math3.fraction.BigFraction,314,1,0.85,0.85,1447,qwen3.6:latest
Math-1-0233,Math,1,233,COR,logical,org.apache.commons.math3.fraction.BigFraction,313,0,0.75,0.75,1442,qwen3.6:latest
Math-1-0234,Math,1,234,COR,logical,org.apache.commons.math3.fraction.BigFraction,313,1,0.85,0.85,1432,qwen3.6:latest
Math-1-0235,Math,1,235,COR,logical,org.apache.commons.math3.fraction.BigFraction,313,1,0.75,0.75,1460,qwen3.6:latest
Math-1-0236,Math,1,236,COR,logical,org.apache.commons.math3.fraction.BigFraction,314,0,0.75,0.75,1436,qwen3.6:latest
Math-1-0237,Math,1,237,ROR,relational,org.apache.commons.math3.fraction.BigFraction,315,1,0.75,0.75,1425,qwen3.6:latest
Math-1-0238,Math,1,238,ROR,relational,org.apache.commons.math3.fraction.BigFraction,315,0,0.85,0.85,1440,qwen3.6:latest
Math-1-0239,Math,1,239,ROR,relational,org.apache.commons.math3.fraction.BigFraction,315,1,0.85,0.85,1454,qwen3.6:latest
Math-1-0240,Math,1,240,COR,logical,org.apache.commons.math3.fraction.BigFraction,313,1,0.75,0.75,1434,qwen3.6:latest
Math-1-0241,Math,1,241,COR,logical,org.apache.commons.math3.fraction.BigFraction,314,1,0.75,0.75,1468,qwen3.6:latest
Math-1-0242,Math,1,242,COR,logical,org.apache.commons.math3.fraction.BigFraction,313,1,0.75,0.75,1418,qwen3.6:latest
Math-1-0243,Math,1,243,COR,logical,org.apache.commons.math3.fraction.BigFraction,315,1,0.85,0.85,1463,qwen3.6:latest
Math-1-0244,Math,1,244,STD,statement_deletion,org.apache.commons.math3.fraction.BigFraction,316,1,0.15,0.15,1446,qwen3.6:latest
Math-1-0245,Math,1,245,STD,statement_deletion,org.apache.commons.math3.fraction.BigFraction,317,1,0.85,0.85,1489,qwen3.6:latest
Math-1-0246,Math,1,246,STD,statement_deletion,org.apache.commons.math3.fraction.BigFraction,318,1,0.15,0.15,1440,qwen3.6:latest
Math-1-0247,Math,1,247,STD,statement_deletion,org.apache.commons.math3.fraction.BigFraction,319,1,0.15,0.15,1427,qwen3.6:latest
Math-1-0248,Math,1,248,STD,statement_deletion,org.apache.commons.math3.fraction.BigFraction,320,1,0.15,0.15,1437,qwen3.6:latest
Math-1-0249,Math,1,249,STD,statement_deletion,org.apache.commons.math3.fraction.BigFraction,321,1,0.15,0.15,1430,qwen3.6:latest
Math-1-0250,Math,1,250,LVR,arithmetic,org.apache.commons.math3.fraction.BigFraction,323,1,0.85,0.85,1406,qwen3.6:latest
Math-1-0251,Math,1,251,STD,statement_deletion,org.apache.commons.math3.fraction.BigFraction,323,1,0.15,0.15,1389,qwen3.6:latest
Math-1-0252,Math,1,252,ROR,relational,org.apache.commons.math3.fraction.BigFraction,327,0,0.75,0.75,1448,qwen3.6:latest
Math-1-0253,Math,1,253,ROR,relational,org.apache.commons.math3.fraction.BigFraction,327,1,0.75,0.75,1412,qwen3.6:latest
Math-1-0254,Math,1,254,ROR,relational,org.apache.commons.math3.fraction.BigFraction,327,1,0.75,0.75,1410,qwen3.6:latest
Math-1-0255,Math,1,255,ROR,relational,org.apache.commons.math3.fraction.BigFraction,331,1,0.75,0.75,1435,qwen3.6:latest
Math-1-0256,Math,1,256,ROR,relational,org.apache.commons.math3.fraction.BigFraction,331,0,0.75,0.75,1417,qwen3.6:latest
Math-1-0257,Math,1,257,ROR,relational,org.apache.commons.math3.fraction.BigFraction,331,1,0.75,0.75,1411,qwen3.6:latest
Math-1-0258,Math,1,258,LVR,arithmetic,org.apache.commons.math3.fraction.BigFraction,359,1,0.85,0.85,1414,qwen3.6:latest
Math-1-0259,Math,1,259,LVR,arithmetic,org.apache.commons.math3.fraction.BigFraction,359,1,0.85,0.85,1520,qwen3.6:latest
Math-1-0260,Math,1,260,LVR,arithmetic,org.apache.commons.math3.fraction.BigFraction,359,1,0.85,0.85,1416,qwen3.6:latest
Math-1-0261,Math,1,261,LVR,arithmetic,org.apache.commons.math3.fraction.BigFraction,359,1,0.85,0.85,1411,qwen3.6:latest
Math-1-0262,Math,1,262,LVR,arithmetic,org.apache.commons.math3.fraction.BigFraction,438,1,0.85,0.85,1407,qwen3.6:latest
Math-1-0263,Math,1,263,LVR,arithmetic,org.apache.commons.math3.fraction.BigFraction,438,0,0.85,0.85,1414,qwen3.6:latest
Math-1-0264,Math,1,264,ROR,relational,org.apache.commons.math3.fraction.BigFraction,438,0,0.85,0.85,1457,qwen3.6:latest
Math-1-0265,Math,1,265,ROR,relational,org.apache.commons.math3.fraction.BigFraction,438,1,0.85,0.85,1437,qwen3.6:latest
Math-1-0266,Math,1,266,ROR,relational,org.apache.commons.math3.fraction.BigFraction,438,0,0.85,0.85,1453,qwen3.6:latest
Math-1-0267,Math,1,267,LVR,arithmetic,org.apache.commons.math3.fraction.BigFraction,453,1,0.85,0.85,1430,qwen3.6:latest
Math-1-0268,Math,1,268,LVR,arithmetic,org.apache.commons.math3.fraction.BigFraction,453,0,0.85,0.85,1445,qwen3.6:latest
Math-1-0269,Math,1,269,ROR,relational,org.apache.commons.math3.fraction.BigFraction,453,0,0.85,0.85,1456,qwen3.6:latest
Math-1-0270,Math,1,270,ROR,relational,org.apache.commons.math3.fraction.BigFraction,453,1,0.85,0.85,1443,qwen3.6:latest
Math-1-0271,Math,1,271,ROR,relational,org.apache.commons.math3.fraction.BigFraction,453,1,0.85,0.85,1444,qwen3.6:latest
Math-1-0272,Math,1,272,STD,statement_deletion,org.apache.commons.math3.fraction.BigFraction,469,0,0.15,0.15,1498,qwen3.6:latest
Math-1-0273,Math,1,273,ROR,relational,org.apache.commons.math3.fraction.BigFraction,513,1,0.85,0.85,1533,qwen3.6:latest
Math-1-0274,Math,1,274,COR,logical,org.apache.commons.math3.fraction.BigFraction,516,0,0.95,0.95,1426,qwen3.6:latest
Math-1-0275,Math,1,275,COR,logical,org.apache.commons.math3.fraction.BigFraction,516,1,0.95,0.95,1410,qwen3.6:latest
Math-1-0276,Math,1,276,COR,logical,org.apache.commons.math3.fraction.BigFraction,523,0,0.85,0.85,1454,qwen3.6:latest
Math-1-0277,Math,1,277,COR,logical,org.apache.commons.math3.fraction.BigFraction,523,1,0.85,0.85,1438,qwen3.6:latest
Math-1-0278,Math,1,278,STD,statement_deletion,org.apache.commons.math3.fraction.BigFraction,524,1,0.15,0.15,1449,qwen3.6:latest
Math-1-0279,Math,1,279,STD,statement_deletion,org.apache.commons.math3.fraction.BigFraction,525,1,0.85,0.85,1459,qwen3.6:latest
Math-1-0280,Math,1,280,STD,statement_deletion,org.apache.commons.math3.fraction.BigFraction,527,1,0.15,0.15,1450,qwen3.6:latest
Math-1-0281,Math,1,281,STD,statement_deletion,org.apache.commons.math3.fraction.BigFraction,528,1,0.15,0.15,1413,qwen3.6:latest
Math-1-0282,Math,1,282,ROR,relational,org.apache.commons.math3.fraction.BigFraction,617,0,0.95,0.95,1542,qwen3.6:latest
Math-1-0283,Math,1,283,COR,logical,org.apache.commons.math3.fraction.BigFraction,620,0,0.95,0.95,1437,qwen3.6:latest
Math-1-0284,Math,1,284,COR,logical,org.apache.commons.math3.fraction.BigFraction,620,1,0.95,0.95,1435,qwen3.6:latest
Math-1-0285,Math,1,285,ROR,relational,org.apache.commons.math3.fraction.BigFraction,666,1,0.95,0.95,1509,qwen3.6:latest
Math-1-0286,Math,1,286,COR,logical,org.apache.commons.math3.fraction.BigFraction,669,1,0.95,0.95,1429,qwen3.6:latest
Math-1-0287,Math,1,287,COR,logical,org.apache.commons.math3.fraction.BigFraction,669,1,0.95,0.95,1442,qwen3.6:latest
Math-1-0288,Math,1,288,AOR,arithmetic,org.apache.commons.math3.fraction.BigFraction,687,1,0.85,0.85,1512,qwen3.6:latest
Math-1-0289,Math,1,289,AOR,arithmetic,org.apache.commons.math3.fraction.BigFraction,687,1,0.85,0.85,1523,qwen3.6:latest
Math-1-0290,Math,1,290,AOR,arithmetic,org.apache.commons.math3.fraction.BigFraction,687,1,0.85,0.85,1513,qwen3.6:latest
Math-1-0291,Math,1,291,AOR,arithmetic,org.apache.commons.math3.fraction.BigFraction,687,1,0.85,0.85,1542,qwen3.6:latest
Math-1-0292,Math,1,292,COR,logical,org.apache.commons.math3.fraction.BigFraction,688,1,0.85,0.85,1540,qwen3.6:latest
Math-1-0293,Math,1,293,COR,logical,org.apache.commons.math3.fraction.BigFraction,688,0,0.85,0.85,1560,qwen3.6:latest
Math-1-0294,Math,1,294,AOR,arithmetic,org.apache.commons.math3.fraction.BigFraction,691,0,0.85,0.85,1469,qwen3.6:latest
Math-1-0295,Math,1,295,AOR,arithmetic,org.apache.commons.math3.fraction.BigFraction,691,1,0.85,0.85,1467,qwen3.6:latest
Math-1-0296,Math,1,296,AOR,arithmetic,org.apache.commons.math3.fraction.BigFraction,691,1,0.85,0.85,1464,qwen3.6:latest
Math-1-0297,Math,1,297,AOR,arithmetic,org.apache.commons.math3.fraction.BigFraction,691,1,0.85,0.85,1467,qwen3.6:latest
Math-1-0298,Math,1,298,AOR,arithmetic,org.apache.commons.math3.fraction.BigFraction,693,1,0.85,0.85,1468,qwen3.6:latest
Math-1-0299,Math,1,299,AOR,arithmetic,org.apache.commons.math3.fraction.BigFraction,693,1,0.85,0.85,1451,qwen3.6:latest
Math-1-0300,Math,1,300,AOR,arithmetic,org.apache.commons.math3.fraction.BigFraction,693,1,0.85,0.85,1529,qwen3.6:latest
Math-1-0301,Math,1,301,AOR,arithmetic,org.apache.commons.math3.fraction.BigFraction,693,1,0.85,0.85,1428,qwen3.6:latest
Math-1-0302,Math,1,302,STD,statement_deletion,org.apache.commons.math3.fraction.BigFraction,693,1,0.15,0.15,1427,qwen3.6:latest
Math-1-0303,Math,1,303,LVR,arithmetic,org.apache.commons.math3.fraction.BigFraction,716,1,0.95,0.95,1436,qwen3.6:latest
Math-1-0304,Math,1,304,ROR,relational,org.apache.commons.math3.fraction.BigFraction,718,0,0.95,0.95,1449,qwen3.6:latest
Math-1-0305,Math,1,305,LVR,arithmetic,org.apache.commons.math3.fraction.BigFraction,719,1,0.95,0.95,1454,qwen3.6:latest
Math-1-0306,Math,1,306,STD,statement_deletion,org.apache.commons.math3.fraction.BigFraction,719,1,0.95,0.95,1428,qwen3.6:latest
Math-1-0307,Math,1,307,COR,logical,org.apache.commons.math3.fraction.BigFraction,723,1,0.95,0.95,1463,qwen3.6:latest
Math-1-0308,Math,1,308,COR,logical,org.apache.commons.math3.fraction.BigFraction,723,1,0.95,0.95,1420,qwen3.6:latest
Math-1-0309,Math,1,309,COR,logical,org.apache.commons.math3.fraction.BigFraction,723,0,0.95,0.95,1452,qwen3.6:latest
Math-1-0310,Math,1,310,COR,logical,org.apache.commons.math3.fraction.BigFraction,723,1,0.95,0.95,1431,qwen3.6:latest
Math-1-0311,Math,1,311,STD,statement_deletion,org.apache.commons.math3.fraction.BigFraction,723,1,0.15,0.15,1409,qwen3.6:latest
Math-1-0312,Math,1,312,AOR,arithmetic,org.apache.commons.math3.fraction.BigFraction,740,1,0.85,0.85,1558,qwen3.6:latest
Math-1-0313,Math,1,313,AOR,arithmetic,org.apache.commons.math3.fraction.BigFraction,740,1,0.85,0.85,1525,qwen3.6:latest
Math-1-0314,Math,1,314,AOR,arithmetic,org.apache.commons.math3.fraction.BigFraction,740,1,0.85,0.85,1554,qwen3.6:latest
Math-1-0315,Math,1,315,AOR,arithmetic,org.apache.commons.math3.fraction.BigFraction,740,1,0.85,0.85,1538,qwen3.6:latest
Math-1-0316,Math,1,316,COR,logical,org.apache.commons.math3.fraction.BigFraction,741,1,0.85,0.85,1503,qwen3.6:latest
Math-1-0317,Math,1,317,COR,logical,org.apache.commons.math3.fraction.BigFraction,741,0,0.85,0.85,1539,qwen3.6:latest
Math-1-0318,Math,1,318,AOR,arithmetic,org.apache.commons.math3.fraction.BigFraction,744,1,0.85,0.85,1456,qwen3.6:latest
Math-1-0319,Math,1,319,AOR,arithmetic,org.apache.commons.math3.fraction.BigFraction,744,1,0.85,0.85,1446,qwen3.6:latest
Math-1-0320,Math,1,320,AOR,arithmetic,org.apache.commons.math3.fraction.BigFraction,744,1,0.85,0.85,1455,qwen3.6:latest
Math-1-0321,Math,1,321,AOR,arithmetic,org.apache.commons.math3.fraction.BigFraction,744,1,0.85,0.85,1443,qwen3.6:latest
Math-1-0322,Math,1,322,AOR,arithmetic,org.apache.commons.math3.fraction.BigFraction,746,1,0.85,0.85,1444,qwen3.6:latest
Math-1-0323,Math,1,323,AOR,arithmetic,org.apache.commons.math3.fraction.BigFraction,746,1,0.85,0.85,1442,qwen3.6:latest
Math-1-0324,Math,1,324,AOR,arithmetic,org.apache.commons.math3.fraction.BigFraction,746,1,0.85,0.85,1446,qwen3.6:latest
Math-1-0325,Math,1,325,AOR,arithmetic,org.apache.commons.math3.fraction.BigFraction,746,1,0.85,0.85,1439,qwen3.6:latest
Math-1-0326,Math,1,326,STD,statement_deletion,org.apache.commons.math3.fraction.BigFraction,746,1,0.15,0.15,1448,qwen3.6:latest
Math-1-0327,Math,1,327,LVR,arithmetic,org.apache.commons.math3.fraction.BigFraction,828,0,0.85,0.85,1454,qwen3.6:latest
Math-1-0328,Math,1,328,LVR,arithmetic,org.apache.commons.math3.fraction.BigFraction,828,0,0.85,0.85,1424,qwen3.6:latest
Math-1-0329,Math,1,329,LVR,arithmetic,org.apache.commons.math3.fraction.BigFraction,828,0,0.85,0.85,1421,qwen3.6:latest
Math-1-0330,Math,1,330,LVR,arithmetic,org.apache.commons.math3.fraction.BigFraction,828,0,0.85,0.85,1428,qwen3.6:latest
Math-1-0331,Math,1,331,LVR,arithmetic,org.apache.commons.math3.fraction.BigFraction,828,0,0.85,0.85,1455,qwen3.6:latest
Math-1-0332,Math,1,332,LVR,arithmetic,org.apache.commons.math3.fraction.BigFraction,828,0,0.85,0.85,1439,qwen3.6:latest
Math-1-0333,Math,1,333,AOR,arithmetic,org.apache.commons.math3.fraction.BigFraction,828,0,0.85,0.85,1444,qwen3.6:latest
Math-1-0334,Math,1,334,AOR,arithmetic,org.apache.commons.math3.fraction.BigFraction,828,0,0.85,0.85,1453,qwen3.6:latest
Math-1-0335,Math,1,335,AOR,arithmetic,org.apache.commons.math3.fraction.BigFraction,828,0,0.85,0.85,1427,qwen3.6:latest
Math-1-0336,Math,1,336,AOR,arithmetic,org.apache.commons.math3.fraction.BigFraction,828,0,0.85,0.85,1439,qwen3.6:latest
Math-1-0337,Math,1,337,AOR,arithmetic,org.apache.commons.math3.fraction.BigFraction,828,1,0.85,0.85,1432,qwen3.6:latest
Math-1-0338,Math,1,338,AOR,arithmetic,org.apache.commons.math3.fraction.BigFraction,828,0,0.85,0.85,1436,qwen3.6:latest
Math-1-0339,Math,1,339,AOR,arithmetic,org.apache.commons.math3.fraction.BigFraction,828,0,0.85,0.85,1460,qwen3.6:latest
Math-1-0340,Math,1,340,AOR,arithmetic,org.apache.commons.math3.fraction.BigFraction,828,1,0.85,0.85,1438,qwen3.6:latest
Math-1-0341,Math,1,341,AOR,arithmetic,org.apache.commons.math3.fraction.BigFraction,828,0,0.85,0.85,1499,qwen3.6:latest
Math-1-0342,Math,1,342,AOR,arithmetic,org.apache.commons.math3.fraction.BigFraction,828,0,0.85,0.85,1423,qwen3.6:latest
Math-1-0343,Math,1,343,AOR,arithmetic,org.apache.commons.math3.fraction.BigFraction,828,0,0.85,0.85,1441,qwen3.6:latest
Math-1-0344,Math,1,344,AOR,arithmetic,org.apache.commons.math3.fraction.BigFraction,828,0,0.85,0.85,1447,qwen3.6:latest
Math-1-0345,Math,1,345,AOR,arithmetic,org.apache.commons.math3.fraction.BigFraction,828,0,0.85,0.85,1438,qwen3.6:latest
Math-1-0346,Math,1,346,AOR,arithmetic,org.apache.commons.math3.fraction.BigFraction,828,0,0.85,0.85,1455,qwen3.6:latest
Math-1-0347,Math,1,347,AOR,arithmetic,org.apache.commons.math3.fraction.BigFraction,828,0,0.85,0.85,1426,qwen3.6:latest
Math-1-0348,Math,1,348,AOR,arithmetic,org.apache.commons.math3.fraction.BigFraction,828,0,0.85,0.85,1472,qwen3.6:latest
Math-1-0349,Math,1,349,ROR,relational,org.apache.commons.math3.fraction.BigFraction,870,0,0.95,0.95,1460,qwen3.6:latest
Math-1-0350,Math,1,350,ROR,relational,org.apache.commons.math3.fraction.BigFraction,915,1,0.85,0.85,1514,qwen3.6:latest
Math-1-0351,Math,1,351,COR,logical,org.apache.commons.math3.fraction.BigFraction,918,0,0.95,0.95,1479,qwen3.6:latest
Math-1-0352,Math,1,352,COR,logical,org.apache.commons.math3.fraction.BigFraction,918,0,0.95,0.95,1444,qwen3.6:latest
Math-1-0353,Math,1,353,COR,logical,org.apache.commons.math3.fraction.BigFraction,919,1,0.85,0.85,1460,qwen3.6:latest
Math-1-0354,Math,1,354,COR,logical,org.apache.commons.math3.fraction.BigFraction,918,1,0.95,0.95,1454,qwen3.6:latest
Math-1-0355,Math,1,355,LVR,arithmetic,org.apache.commons.math3.fraction.BigFraction,962,0,0.85,0.85,1497,qwen3.6:latest
Math-1-0356,Math,1,356,LVR,arithmetic,org.apache.commons.math3.fraction.BigFraction,962,0,0.85,0.85,1435,qwen3.6:latest
Math-1-0357,Math,1,357,ROR,relational,org.apache.commons.math3.fraction.BigFraction,962,1,0.85,0.85,1454,qwen3.6:latest
Math-1-0358,Math,1,358,ROR,relational,org.apache.commons.math3.fraction.BigFraction,962,0,0.85,0.85,1454,qwen3.6:latest
Math-1-0359,Math,1,359,ROR,relational,org.apache.commons.math3.fraction.BigFraction,962,1,0.85,0.85,1474,qwen3.6:latest
Math-1-0360,Math,1,360,ORU,return_value,org.apache.commons.math3.fraction.BigFraction,963,1,0.85,0.85,1448,qwen3.6:latest
Math-1-0361,Math,1,361,ORU,return_value,org.apache.commons.math3.fraction.BigFraction,963,1,0.85,0.85,1435,qwen3.6:latest
Math-1-0362,Math,1,362,ORU,return_value,org.apache.commons.math3.fraction.BigFraction,963,1,0.85,0.85,1476,qwen3.6:latest
Math-1-0363,Math,1,363,ORU,return_value,org.apache.commons.math3.fraction.BigFraction,963,1,0.85,0.85,1447,qwen3.6:latest
Math-1-0364,Math,1,364,LVR,arithmetic,org.apache.commons.math3.fraction.BigFraction,979,0,0.85,0.85,1523,qwen3.6:latest
Math-1-0365,Math,1,365,LVR,arithmetic,org.apache.commons.math3.fraction.BigFraction,979,0,0.85,0.85,1528,qwen3.6:latest
Math-1-0366,Math,1,366,ROR,relational,org.apache.commons.math3.fraction.BigFraction,979,1,0.85,0.85,1512,qwen3.6:latest
Math-1-0367,Math,1,367,ROR,relational,org.apache.commons.math3.fraction.BigFraction,979,0,0.85,0.85,1512,qwen3.6:latest
Math-1-0368,Math,1,368,ROR,relational,org.apache.commons.math3.fraction.BigFraction,979,1,0.85,0.85,1531,qwen3.6:latest
Math-1-0369,Math,1,369,ORU,return_value,org.apache.commons.math3.fraction.BigFraction,980,1,0.85,0.85,1540,qwen3.6:latest
Math-1-0370,Math,1,370,ORU,return_value,org.apache.commons.math3.fraction.BigFraction,980,1,0.85,0.85,1535,qwen3.6:latest
Math-1-0371,Math,1,371,ORU,return_value,org.apache.commons.math3.fraction.BigFraction,981,1,0.85,0.85,1490,qwen3.6:latest
Math-1-0372,Math,1,372,ORU,return_value,org.apache.commons.math3.fraction.BigFraction,981,1,0.85,0.85,1523,qwen3.6:latest
Math-1-0373,Math,1,373,LVR,arithmetic,org.apache.commons.math3.fraction.BigFraction,998,0,0.85,0.85,1534,qwen3.6:latest
Math-1-0374,Math,1,374,LVR,arithmetic,org.apache.commons.math3.fraction.BigFraction,998,1,0.85,0.85,1526,qwen3.6:latest
Math-1-0375,Math,1,375,ROR,relational,org.apache.commons.math3.fraction.BigFraction,998,1,0.85,0.85,1565,qwen3.6:latest
Math-1-0376,Math,1,376,ROR,relational,org.apache.commons.math3.fraction.BigFraction,998,0,0.85,0.85,1538,qwen3.6:latest
Math-1-0377,Math,1,377,ROR,relational,org.apache.commons.math3.fraction.BigFraction,998,1,0.85,0.85,1521,qwen3.6:latest
Math-1-0378,Math,1,378,AOR,arithmetic,org.apache.commons.math3.fraction.BigFraction,1018,0,0.85,0.85,1429,qwen3.6:latest
Math-1-0379,Math,1,379,AOR,arithmetic,org.apache.commons.math3.fraction.BigFraction,1018,0,0.85,0.85,1412,qwen3.6:latest
Math-1-0380,Math,1,380,AOR,arithmetic,org.apache.commons.math3.fraction.BigFraction,1018,0,0.85,0.85,1427,qwen3.6:latest
Math-1-0381,Math,1,381,AOR,arithmetic,org.apache.commons.math3.fraction.BigFraction,1018,0,0.85,0.85,1435,qwen3.6:latest
Math-1-0382,Math,1,382,ROR,relational,org.apache.commons.math3.fraction.BigFraction,1057,0,0.15,0.15,1506,qwen3.6:latest
Math-1-0383,Math,1,383,ROR,relational,org.apache.commons.math3.fraction.BigFraction,1100,1,0.85,0.85,1438,qwen3.6:latest
Math-1-0384,Math,1,384,COR,logical,org.apache.commons.math3.fraction.BigFraction,1103,0,0.85,0.85,1437,qwen3.6:latest
Math-1-0385,Math,1,385,COR,logical,org.apache.commons.math3.fraction.BigFraction,1103,1,0.85,0.85,1408,qwen3.6:latest
Math-1-0386,Math,1,386,COR,logical,org.apache.commons.math3.fraction.BigFraction,1109,0,0.85,0.85,1416,qwen3.6:latest
Math-1-0387,Math,1,387,COR,logical,org.apache.commons.math3.fraction.BigFraction,1109,1,0.85,0.85,1445,qwen3.6:latest
Math-1-0388,Math,1,388,STD,statement_deletion,org.apache.commons.math3.fraction.BigFraction,1110,1,0.15,0.15,1456,qwen3.6:latest
Math-1-0389,Math,1,389,STD,statement_deletion,org.apache.commons.math3.fraction.BigFraction,1111,1,0.15,0.15,1465,qwen3.6:latest
Math-1-0390,Math,1,390,STD,statement_deletion,org.apache.commons.math3.fraction.BigFraction,1113,1,0.15,0.15,1445,qwen3.6:latest
Math-1-0391,Math,1,391,STD,statement_deletion,org.apache.commons.math3.fraction.BigFraction,1114,1,0.15,0.15,1452,qwen3.6:latest
Math-1-0392,Math,1,392,COR,logical,org.apache.commons.math3.fraction.BigFraction,1132,0,0.95,0.95,1448,qwen3.6:latest
Math-1-0393,Math,1,393,COR,logical,org.apache.commons.math3.fraction.BigFraction,1132,0,0.95,0.95,1430,qwen3.6:latest
Math-1-0394,Math,1,394,STD,statement_deletion,org.apache.commons.math3.fraction.BigFraction,1133,0,0.15,0.15,1426,qwen3.6:latest
Math-1-0395,Math,1,395,COR,logical,org.apache.commons.math3.fraction.BigFraction,1134,0,0.95,0.95,1417,qwen3.6:latest
Math-1-0396,Math,1,396,COR,logical,org.apache.commons.math3.fraction.BigFraction,1134,0,0.95,0.95,1426,qwen3.6:latest
Math-1-0397,Math,1,397,STD,statement_deletion,org.apache.commons.math3.fraction.BigFraction,1135,0,0.15,0.15,1445,qwen3.6:latest
Math-1-0398,Math,1,398,STD,statement_deletion,org.apache.commons.math3.fraction.BigFraction,1137,0,0.15,0.15,1411,qwen3.6:latest
Math-1-0399,Math,1,399,LVR,arithmetic,org.apache.commons.math3.fraction.Fraction,42,0,0.15,0.15,1419,qwen3.6:latest
Math-1-0400,Math,1,400,LVR,arithmetic,org.apache.commons.math3.fraction.Fraction,42,0,0.15,0.15,1434,qwen3.6:latest
Math-1-0401,Math,1,401,LVR,arithmetic,org.apache.commons.math3.fraction.Fraction,42,1,0.15,0.15,1424,qwen3.6:latest
Math-1-0402,Math,1,402,LVR,arithmetic,org.apache.commons.math3.fraction.Fraction,42,0,0.15,0.15,1424,qwen3.6:latest
Math-1-0403,Math,1,403,LVR,arithmetic,org.apache.commons.math3.fraction.Fraction,45,1,0.9,0.9,1411,qwen3.6:latest
Math-1-0404,Math,1,404,LVR,arithmetic,org.apache.commons.math3.fraction.Fraction,45,1,0.9,0.9,1432,qwen3.6:latest
Math-1-0405,Math,1,405,LVR,arithmetic,org.apache.commons.math3.fraction.Fraction,45,1,0.9,0.9,1426,qwen3.6:latest
Math-1-0406,Math,1,406,LVR,arithmetic,org.apache.commons.math3.fraction.Fraction,45,1,0.9,0.9,1420,qwen3.6:latest
Math-1-0407,Math,1,407,LVR,arithmetic,org.apache.commons.math3.fraction.Fraction,48,1,0.1,0.1,1429,qwen3.6:latest
Math-1-0408,Math,1,408,LVR,arithmetic,org.apache.commons.math3.fraction.Fraction,48,1,0.1,0.1,1429,qwen3.6:latest
Math-1-0409,Math,1,409,LVR,arithmetic,org.apache.commons.math3.fraction.Fraction,48,1,0.9,0.9,1449,qwen3.6:latest
Math-1-0410,Math,1,410,LVR,arithmetic,org.apache.commons.math3.fraction.Fraction,48,0,0.1,0.1,1456,qwen3.6:latest
Math-1-0411,Math,1,411,LVR,arithmetic,org.apache.commons.math3.fraction.Fraction,51,0,0.9,0.9,1491,qwen3.6:latest
Math-1-0412,Math,1,412,LVR,arithmetic,org.apache.commons.math3.fraction.Fraction,51,0,0.1,0.1,1482,qwen3.6:latest
Math-1-0413,Math,1,413,LVR,arithmetic,org.apache.commons.math3.fraction.Fraction,51,1,0.9,0.9,1490,qwen3.6:latest
Math-1-0414,Math,1,414,LVR,arithmetic,org.apache.commons.math3.fraction.Fraction,51,0,0.1,0.1,1495,qwen3.6:latest
Math-1-0415,Math,1,415,LVR,arithmetic,org.apache.commons.math3.fraction.Fraction,54,0,0.95,0.95,1514,qwen3.6:latest
Math-1-0416,Math,1,416,LVR,arithmetic,org.apache.commons.math3.fraction.Fraction,54,0,0.15,0.15,1534,qwen3.6:latest
Math-1-0417,Math,1,417,LVR,arithmetic,org.apache.commons.math3.fraction.Fraction,54,1,0.95,0.95,1514,qwen3.6:latest
Math-1-0418,Math,1,418,LVR,arithmetic,org.apache.commons.math3.fraction.Fraction,54,0,0.15,0.15,1526,qwen3.6:latest
Math-1-0419,Math,1,419,LVR,arithmetic,org.apache.commons.math3.fraction.Fraction,57,0,0.15,0.15,1536,qwen3.6:latest
Math-1-0420,Math,1,420,LVR,arithmetic,org.apache.commons.math3.fraction.Fraction,57,0,0.15,0.15,1504,qwen3.6:latest
Math-1-0421,Math,1,421,LVR,arithmetic,org.apache.commons.math3.fraction.Fraction,57,1,0.15,0.15,1554,qwen3.6:latest
Math-1-0422,Math,1,422,LVR,arithmetic,org.apache.commons.math3.fraction.Fraction,57,0,0.15,0.15,1518,qwen3.6:latest
Math-1-0423,Math,1,423,LVR,arithmetic,org.apache.commons.math3.fraction.Fraction,60,0,0.9,0.9,1581,qwen3.6:latest
Math-1-0424,Math,1,424,LVR,arithmetic,org.apache.commons.math3.fraction.Fraction,60,0,0.1,0.1,1491,qwen3.6:latest
Math-1-0425,Math,1,425,LVR,arithmetic,org.apache.commons.math3.fraction.Fraction,60,1,0.9,0.9,1518,qwen3.6:latest
Math-1-0426,Math,1,426,LVR,arithmetic,org.apache.commons.math3.fraction.Fraction,60,0,0.1,0.1,1523,qwen3.6:latest
Math-1-0427,Math,1,427,LVR,arithmetic,org.apache.commons.math3.fraction.Fraction,63,0,0.1,0.1,1507,qwen3.6:latest
Math-1-0428,Math,1,428,LVR,arithmetic,org.apache.commons.math3.fraction.Fraction,63,0,0.1,0.1,1520,qwen3.6:latest
Math-1-0429,Math,1,429,LVR,arithmetic,org.apache.commons.math3.fraction.Fraction,63,1,0.1,0.1,1500,qwen3.6:latest
Math-1-0430,Math,1,430,LVR,arithmetic,org.apache.commons.math3.fraction.Fraction,63,0,0.1,0.1,1490,qwen3.6:latest
Math-1-0431,Math,1,431,LVR,arithmetic,org.apache.commons.math3.fraction.Fraction,66,0,0.1,0.1,1513,qwen3.6:latest
Math-1-0432,Math,1,432,LVR,arithmetic,org.apache.commons.math3.fraction.Fraction,66,0,0.1,0.1,1506,qwen3.6:latest
Math-1-0433,Math,1,433,LVR,arithmetic,org.apache.commons.math3.fraction.Fraction,66,1,0.1,0.1,1509,qwen3.6:latest
Math-1-0434,Math,1,434,LVR,arithmetic,org.apache.commons.math3.fraction.Fraction,66,0,0.1,0.1,1504,qwen3.6:latest
Math-1-0435,Math,1,435,LVR,arithmetic,org.apache.commons.math3.fraction.Fraction,69,0,0.1,0.1,1489,qwen3.6:latest
Math-1-0436,Math,1,436,LVR,arithmetic,org.apache.commons.math3.fraction.Fraction,69,0,0.1,0.1,1550,qwen3.6:latest
Math-1-0437,Math,1,437,LVR,arithmetic,org.apache.commons.math3.fraction.Fraction,69,1,0.1,0.1,1498,qwen3.6:latest
Math-1-0438,Math,1,438,LVR,arithmetic,org.apache.commons.math3.fraction.Fraction,69,0,0.1,0.1,1501,qwen3.6:latest
Math-1-0439,Math,1,439,LVR,arithmetic,org.apache.commons.math3.fraction.Fraction,72,0,0.15,0.15,1528,qwen3.6:latest
Math-1-0440,Math,1,440,LVR,arithmetic,org.apache.commons.math3.fraction.Fraction,72,0,0.1,0.1,1509,qwen3.6:latest
Math-1-0441,Math,1,441,LVR,arithmetic,org.apache.commons.math3.fraction.Fraction,72,1,0.15,0.15,1528,qwen3.6:latest
Math-1-0442,Math,1,442,LVR,arithmetic,org.apache.commons.math3.fraction.Fraction,72,0,0.1,0.1,1514,qwen3.6:latest
Math-1-0443,Math,1,443,LVR,arithmetic,org.apache.commons.math3.fraction.Fraction,75,0,0.15,0.15,1579,qwen3.6:latest
Math-1-0444,Math,1,444,LVR,arithmetic,org.apache.commons.math3.fraction.Fraction,75,0,0.15,0.15,1516,qwen3.6:latest
Math-1-0445,Math,1,445,LVR,arithmetic,org.apache.commons.math3.fraction.Fraction,75,1,0.15,0.15,1531,qwen3.6:latest
Math-1-0446,Math,1,446,LVR,arithmetic,org.apache.commons.math3.fraction.Fraction,75,0,0.15,0.15,1546,qwen3.6:latest
Math-1-0447,Math,1,447,LVR,arithmetic,org.apache.commons.math3.fraction.Fraction,78,0,0.1,0.1,1504,qwen3.6:latest
Math-1-0448,Math,1,448,LVR,arithmetic,org.apache.commons.math3.fraction.Fraction,78,0,0.1,0.1,1505,qwen3.6:latest
Math-1-0449,Math,1,449,LVR,arithmetic,org.apache.commons.math3.fraction.Fraction,78,1,0.1,0.1,1528,qwen3.6:latest
Math-1-0450,Math,1,450,LVR,arithmetic,org.apache.commons.math3.fraction.Fraction,78,0,0.1,0.1,1503,qwen3.6:latest
Math-1-0451,Math,1,451,LVR,arithmetic,org.apache.commons.math3.fraction.Fraction,81,0,0.1,0.1,1498,qwen3.6:latest
Math-1-0452,Math,1,452,LVR,arithmetic,org.apache.commons.math3.fraction.Fraction,81,0,0.1,0.1,1510,qwen3.6:latest
Math-1-0453,Math,1,453,LVR,arithmetic,org.apache.commons.math3.fraction.Fraction,81,1,0.1,0.1,1508,qwen3.6:latest
Math-1-0454,Math,1,454,LVR,arithmetic,org.apache.commons.math3.fraction.Fraction,81,0,0.1,0.1,1507,qwen3.6:latest
Math-1-0455,Math,1,455,LVR,arithmetic,org.apache.commons.math3.fraction.Fraction,102,1,0.85,0.85,1420,qwen3.6:latest
Math-1-0456,Math,1,456,LVR,arithmetic,org.apache.commons.math3.fraction.Fraction,102,1,0.75,0.75,1471,qwen3.6:latest
Math-1-0457,Math,1,457,LVR,arithmetic,org.apache.commons.math3.fraction.Fraction,144,1,0.85,0.85,1434,qwen3.6:latest
Math-1-0458,Math,1,458,LVR,arithmetic,org.apache.commons.math3.fraction.Fraction,144,1,0.85,0.85,1429,qwen3.6:latest
Math-1-0459,Math,1,459,LVR,arithmetic,org.apache.commons.math3.fraction.Fraction,144,1,0.85,0.85,1417,qwen3.6:latest
Math-1-0460,Math,1,460,LVR,arithmetic,org.apache.commons.math3.fraction.Fraction,144,1,0.85,0.85,1422,qwen3.6:latest
Math-1-0461,Math,1,461,ROR,relational,org.apache.commons.math3.fraction.Fraction,184,1,0.85,0.85,1515,qwen3.6:latest
Math-1-0462,Math,1,462,ROR,relational,org.apache.commons.math3.fraction.Fraction,184,0,0.85,0.85,1517,qwen3.6:latest
Math-1-0463,Math,1,463,ROR,relational,org.apache.commons.math3.fraction.Fraction,184,1,0.85,0.85,1558,qwen3.6:latest
Math-1-0464,Math,1,464,LVR,arithmetic,org.apache.commons.math3.fraction.Fraction,185,0,0.85,0.85,1466,qwen3.6:latest
Math-1-0465,Math,1,465,LVR,arithmetic,org.apache.commons.math3.fraction.Fraction,185,0,0.85,0.85,1473,qwen3.6:latest
Math-1-0466,Math,1,466,AOR,arithmetic,org.apache.commons.math3.fraction.Fraction,189,1,0.75,0.75,1461,qwen3.6:latest
Math-1-0467,Math,1,467,AOR,arithmetic,org.apache.commons.math3.fraction.Fraction,189,1,0.85,0.85,1447,qwen3.6:latest
Math-1-0468,Math,1,468,AOR,arithmetic,org.apache.commons.math3.fraction.Fraction,189,1,0.85,0.85,1433,qwen3.6:latest
Math-1-0469,Math,1,469,AOR,arithmetic,org.apache.commons.math3.fraction.Fraction,189,1,0.85,0.85,1444,qwen3.6:latest
Math-1-0470,Math,1,470,ROR,relational,org.apache.commons.math3.fraction.Fraction,189,1,0.85,0.85,1458,qwen3.6:latest
Math-1-0471,Math,1,471,ROR,relational,org.apache.commons.math3.fraction.Fraction,189,0,0.75,0.75,1460,qwen3.6:latest
Math-1-0472,Math,1,472,ROR,relational,org.apache.commons.math3.fraction.Fraction,189,1,0.85,0.85,1434,qwen3.6:latest
Math-1-0473,Math,1,473,LVR,arithmetic,org.apache.commons.math3.fraction.Fraction,191,1,0.85,0.85,1444,qwen3.6:latest
Math-1-0474,Math,1,474,LVR,arithmetic,org.apache.commons.math3.fraction.Fraction,191,1,0.75,0.75,1436,qwen3.6:latest
Math-1-0475,Math,1,475,LVR,arithmetic,org.apache.commons.math3.fraction.Fraction,195,1,0.75,0.75,1429,qwen3.6:latest
Math-1-0476,Math,1,476,LVR,arithmetic,org.apache.commons.math3.fraction.Fraction,195,1,0.75,0.75,1428,qwen3.6:latest
Math-1-0477,Math,1,477,LVR,arithmetic,org.apache.commons.math3.fraction.Fraction,196,1,0.85,0.85,1403,qwen3.6:latest
Math-1-0478,Math,1,478,LVR,arithmetic,org.apache.commons.math3.fraction.Fraction,196,1,0.85,0.85,1414,qwen3.6:latest
Math-1-0479,Math,1,479,LVR,arithmetic,org.apache.commons.math3.fraction.Fraction,198,1,0.85,0.85,1396,qwen3.6:latest
Math-1-0480,Math,1,480,LVR,arithmetic,org.apache.commons.math3.fraction.Fraction,198,1,0.85,0.85,1410,qwen3.6:latest
Math-1-0481,Math,1,481,LVR,arithmetic,org.apache.commons.math3.fraction.Fraction,203,0,0.85,0.85,1418,qwen3.6:latest
Math-1-0482,Math,1,482,LVR,arithmetic,org.apache.commons.math3.fraction.Fraction,203,0,0.85,0.85,1424,qwen3.6:latest
Math-1-0483,Math,1,483,LVR,arithmetic,org.apache.commons.math3.fraction.Fraction,204,1,0.85,0.85,1434,qwen3.6:latest
Math-1-0484,Math,1,484,STD,statement_deletion,org.apache.commons.math3.fraction.Fraction,206,1,0.15,0.15,1521,qwen3.6:latest
Math-1-0485,Math,1,485,LVR,arithmetic,org.apache.commons.math3.fraction.Fraction,207,1,0.15,0.15,1535,qwen3.6:latest
Math-1-0486,Math,1,486,LVR,arithmetic,org.apache.commons.math3.fraction.Fraction,207,1,0.15,0.15,1510,qwen3.6:latest
Math-1-0487,Math,1,487,AOR,arithmetic,org.apache.commons.math3.fraction.Fraction,207,1,0.15,0.15,1512,qwen3.6:latest
Math-1-0488,Math,1,488,AOR,arithmetic,org.apache.commons.math3.fraction.Fraction,207,1,0.75,0.75,1544,qwen3.6:latest
Math-1-0489,Math,1,489,AOR,arithmetic,org.apache.commons.math3.fraction.Fraction,207,1,0.75,0.75,1530,qwen3.6:latest
Math-1-0490,Math,1,490,AOR,arithmetic,org.apache.commons.math3.fraction.Fraction,207,1,0.75,0.75,1546,qwen3.6:latest
Math-1-0491,Math,1,491,AOR,arithmetic,org.apache.commons.math3.fraction.Fraction,207,1,0.75,0.75,1550,qwen3.6:latest
Math-1-0492,Math,1,492,AOR,arithmetic,org.apache.commons.math3.fraction.Fraction,207,1,0.75,0.75,1521,qwen3.6:latest
Math-1-0493,Math,1,493,AOR,arithmetic,org.apache.commons.math3.fraction.Fraction,207,1,0.75,0.75,1517,qwen3.6:latest
Math-1-0494,Math,1,494,AOR,arithmetic,org.apache.commons.math3.fraction.Fraction,207,1,0.75,0.75,1514,qwen3.6:latest
Math-1-0495,Math,1,495,AOR,arithmetic,org.apache.commons.math3.fraction.Fraction,209,1,0.75,0.75,1545,qwen3.6:latest
Math-1-0496,Math,1,496,AOR,arithmetic,org.apache.commons.math3.fraction.Fraction,209,1,0.85,0.85,1535,qwen3.6:latest
Math-1-0497,Math,1,497,AOR,arithmetic,org.apache.commons.math3.fraction.Fraction,209,1,0.75,0.75,1540,qwen3.6:latest
Math-1-0498,Math,1,498,AOR,arithmetic,org.apache.commons.math3.fraction.Fraction,209,1,0.75,0.75,1526,qwen3.6:latest
Math-1-0499,Math,1,499,AOR,arithmetic,org.apache.commons.math3.fraction.Fraction,209,1,0.75,0.75,1548,qwen3.6:latest
Math-1-0500,Math,1,500,AOR,arithmetic,org.apache.commons.math3.fraction.Fraction,209,1,0.75,0.75,1535,qwen3.6:latest
Math-1-0501,Math,1,501,AOR,arithmetic,org.apache.commons.math3.fraction.Fraction,209,1,0.85,0.85,1537,qwen3.6:latest
Math-1-0502,Math,1,502,AOR,arithmetic,org.apache.commons.math3.fraction.Fraction,209,1,0.75,0.75,1541,qwen3.6:latest
Math-1-0503,Math,1,503,STD,statement_deletion,org.apache.commons.math3.fraction.Fraction,209,1,0.85,0.85,1637,qwen3.6:latest
Math-1-0504,Math,1,504,AOR,arithmetic,org.apache.commons.math3.fraction.Fraction,210,1,0.75,0.75,1550,qwen3.6:latest
Math-1-0505,Math,1,505,AOR,arithmetic,org.apache.commons.math3.fraction.Fraction,210,1,0.85,0.85,1567,qwen3.6:latest
Math-1-0506,Math,1,506,AOR,arithmetic,org.apache.commons.math3.fraction.Fraction,210,1,0.85,0.85,1546,qwen3.6:latest
Math-1-0507,Math,1,507,AOR,arithmetic,org.apache.commons.math3.fraction.Fraction,210,1,0.85,0.85,1554,qwen3.6:latest
Math-1-0508,Math,1,508,AOR,arithmetic,org.apache.commons.math3.fraction.Fraction,210,1,0.75,0.75,1546,qwen3.6:latest
Math-1-0509,Math,1,509,AOR,arithmetic,org.apache.commons.math3.fraction.Fraction,210,1,0.85,0.85,1558,qwen3.6:latest
Math-1-0510,Math,1,510,AOR,arithmetic,org.apache.commons.math3.fraction.Fraction,210,1,0.85,0.85,1557,qwen3.6:latest
Math-1-0511,Math,1,511,AOR,arithmetic,org.apache.commons.math3.fraction.Fraction,210,1,0.75,0.75,1570,qwen3.6:latest
Math-1-0512,Math,1,512,STD,statement_deletion,org.apache.commons.math3.fraction.Fraction,210,1,0.15,0.15,1526,qwen3.6:latest
Math-1-0513,Math,1,513,ROR,relational,org.apache.commons.math3.fraction.Fraction,212,1,0.75,0.75,1538,qwen3.6:latest
Math-1-0514,Math,1,514,ROR,relational,org.apache.commons.math3.fraction.Fraction,212,0,0.85,0.85,1548,qwen3.6:latest
Math-1-0515,Math,1,515,ROR,relational,org.apache.commons.math3.fraction.Fraction,212,1,0.85,0.85,1531,qwen3.6:latest
Math-1-0516,Math,1,516,ROR,relational,org.apache.commons.math3.fraction.Fraction,212,1,0.75,0.75,1564,qwen3.6:latest
Math-1-0517,Math,1,517,ROR,relational,org.apache.commons.math3.fraction.Fraction,212,0,0.85,0.85,1548,qwen3.6:latest
Math-1-0518,Math,1,518,ROR,relational,org.apache.commons.math3.fraction.Fraction,212,0,0.85,0.85,1547,qwen3.6:latest
Math-1-0519,Math,1,519,COR,logical,org.apache.commons.math3.fraction.Fraction,212,1,0.85,0.85,1549,qwen3.6:latest
Math-1-0520,Math,1,520,COR,logical,org.apache.commons.math3.fraction.Fraction,212,0,0.85,0.85,1539,qwen3.6:latest
Math-1-0521,Math,1,521,COR,logical,org.apache.commons.math3.fraction.Fraction,212,1,0.85,0.85,1532,qwen3.6:latest
Math-1-0522,Math,1,522,COR,logical,org.apache.commons.math3.fraction.Fraction,212,1,0.95,0.95,1534,qwen3.6:latest
Math-1-0523,Math,1,523,LVR,arithmetic,org.apache.commons.math3.fraction.Fraction,215,1,0.85,0.85,1526,qwen3.6:latest
Math-1-0524,Math,1,524,LVR,arithmetic,org.apache.commons.math3.fraction.Fraction,215,1,0.85,0.85,1526,qwen3.6:latest
Math-1-0525,Math,1,525,ROR,relational,org.apache.commons.math3.fraction.Fraction,215,0,0.85,0.85,1523,qwen3.6:latest
Math-1-0526,Math,1,526,ROR,relational,org.apache.commons.math3.fraction.Fraction,215,1,0.75,0.75,1540,qwen3.6:latest
Math-1-0527,Math,1,527,ROR,relational,org.apache.commons.math3.fraction.Fraction,215,1,0.85,0.85,1547,qwen3.6:latest
Math-1-0528,Math,1,528,ROR,relational,org.apache.commons.math3.fraction.Fraction,215,0,0.85,0.85,1533,qwen3.6:latest
Math-1-0529,Math,1,529,ROR,relational,org.apache.commons.math3.fraction.Fraction,215,0,0.75,0.75,1578,qwen3.6:latest
Math-1-0530,Math,1,530,ROR,relational,org.apache.commons.math3.fraction.Fraction,215,1,0.85,0.85,1497,qwen3.6:latest
Math-1-0531,Math,1,531,COR,logical,org.apache.commons.math3.fraction.Fraction,215,0,0.75,0.75,1567,qwen3.6:latest
Math-1-0532,Math,1,532,COR,logical,org.apache.commons.math3.fraction.Fraction,215,1,0.75,0.75,1550,qwen3.6:latest
Math-1-0533,Math,1,533,COR,logical,org.apache.commons.math3.fraction.Fraction,215,0,0.75,0.75,1548,qwen3.6:latest
Math-1-0534,Math,1,534,COR,logical,org.apache.commons.math3.fraction.Fraction,215,1,0.85,0.85,1511,qwen3.6:latest
Math-1-0535,Math,1,535,AOR,arithmetic,org.apache.commons.math3.fraction.Fraction,221,1,0.85,0.85,1516,qwen3.6:latest
Math-1-0536,Math,1,536,AOR,arithmetic,org.apache.commons.math3.fraction.Fraction,221,1,0.85,0.85,1519,qwen3.6:latest
Math-1-0537,Math,1,537,AOR,arithmetic,org.apache.commons.math3.fraction.Fraction,221,1,0.85,0.85,1509,qwen3.6:latest
Math-1-0538,Math,1,538,AOR,arithmetic,org.apache.commons.math3.fraction.Fraction,221,1,0.85,0.85,1502,qwen3.6:latest
Math-1-0539,Math,1,539,ROR,relational,org.apache.commons.math3.fraction.Fraction,222,0,0.85,0.85,1446,qwen3.6:latest
Math-1-0540,Math,1,540,ROR,relational,org.apache.commons.math3.fraction.Fraction,222,0,0.85,0.85,1448,qwen3.6:latest
Math-1-0541,Math,1,541,ROR,relational,org.apache.commons.math3.fraction.Fraction,222,1,0.85,0.85,1451,qwen3.6:latest
Math-1-0542,Math,1,542,AOR,arithmetic,org.apache.commons.math3.fraction.Fraction,222,1,0.75,0.75,1489,qwen3.6:latest
Math-1-0543,Math,1,543,AOR,arithmetic,org.apache.commons.math3.fraction.Fraction,222,1,0.85,0.85,1449,qwen3.6:latest
Math-1-0544,Math,1,544,AOR,arithmetic,org.apache.commons.math3.fraction.Fraction,222,1,0.85,0.85,1452,qwen3.6:latest
Math-1-0545,Math,1,545,AOR,arithmetic,org.apache.commons.math3.fraction.Fraction,222,1,0.75,0.75,1453,qwen3.6:latest
Math-1-0546,Math,1,546,ROR,relational,org.apache.commons.math3.fraction.Fraction,222,1,0.85,0.85,1431,qwen3.6:latest
Math-1-0547,Math,1,547,ROR,relational,org.apache.commons.math3.fraction.Fraction,222,0,0.85,0.85,1437,qwen3.6:latest
Math-1-0548,Math,1,548,ROR,relational,org.apache.commons.math3.fraction.Fraction,222,1,0.85,0.85,1420,qwen3.6:latest
Math-1-0549,Math,1,549,COR,logical,org.apache.commons.math3.fraction.Fraction,222,0,0.85,0.85,1511,qwen3.6:latest
Math-1-0550,Math,1,550,COR,logical,org.apache.commons.math3.fraction.Fraction,222,1,0.85,0.85,1443,qwen3.6:latest
Math-1-0551,Math,1,551,COR,logical,org.apache.commons.math3.fraction.Fraction,222,1,0.85,0.85,1431,qwen3.6:latest
Math-1-0552,Math,1,552,COR,logical,org.apache.commons.math3.fraction.Fraction,222,0,0.75,0.75,1447,qwen3.6:latest
Math-1-0553,Math,1,553,ROR,relational,org.apache.commons.math3.fraction.Fraction,222,1,0.75,0.75,1462,qwen3.6:latest
Math-1-0554,Math,1,554,ROR,relational,org.apache.commons.math3.fraction.Fraction,222,0,0.85,0.85,1460,qwen3.6:latest
Math-1-0555,Math,1,555,ROR,relational,org.apache.commons.math3.fraction.Fraction,222,1,0.85,0.85,1442,qwen3.6:latest
Math-1-0556,Math,1,556,COR,logical,org.apache.commons.math3.fraction.Fraction,222,1,0.85,0.85,1478,qwen3.6:latest
Math-1-0557,Math,1,557,COR,logical,org.apache.commons.math3.fraction.Fraction,222,1,0.85,0.85,1429,qwen3.6:latest
Math-1-0558,Math,1,558,COR,logical,org.apache.commons.math3.fraction.Fraction,222,1,0.85,0.85,1434,qwen3.6:latest
Math-1-0559,Math,1,559,COR,logical,org.apache.commons.math3.fraction.Fraction,222,1,0.75,0.75,1441,qwen3.6:latest
Math-1-0560,Math,1,560,STD,statement_deletion,org.apache.commons.math3.fraction.Fraction,223,1,0.15,0.15,1427,qwen3.6:latest
Math-1-0561,Math,1,561,STD,statement_deletion,org.apache.commons.math3.fraction.Fraction,224,1,0.15,0.15,1437,qwen3.6:latest
Math-1-0562,Math,1,562,STD,statement_deletion,org.apache.commons.math3.fraction.Fraction,225,1,0.15,0.15,1435,qwen3.6:latest
Math-1-0563,Math,1,563,STD,statement_deletion,org.apache.commons.math3.fraction.Fraction,226,1,0.15,0.15,1490,qwen3.6:latest
Math-1-0564,Math,1,564,STD,statement_deletion,org.apache.commons.math3.fraction.Fraction,227,1,0.15,0.15,1435,qwen3.6:latest
Math-1-0565,Math,1,565,STD,statement_deletion,org.apache.commons.math3.fraction.Fraction,228,1,0.15,0.15,1422,qwen3.6:latest
Math-1-0566,Math,1,566,LVR,arithmetic,org.apache.commons.math3.fraction.Fraction,230,1,0.85,0.85,1424,qwen3.6:latest
Math-1-0567,Math,1,567,STD,statement_deletion,org.apache.commons.math3.fraction.Fraction,230,1,0.2,0.2,1392,qwen3.6:latest
Math-1-0568,Math,1,568,ROR,relational,org.apache.commons.math3.fraction.Fraction,234,0,0.75,0.75,1410,qwen3.6:latest
Math-1-0569,Math,1,569,ROR,relational,org.apache.commons.math3.fraction.Fraction,234,1,0.75,0.75,1437,qwen3.6:latest
Math-1-0570,Math,1,570,ROR,relational,org.apache.commons.math3.fraction.Fraction,234,1,0.75,0.75,1459,qwen3.6:latest
Math-1-0571,Math,1,571,ROR,relational,org.apache.commons.math3.fraction.Fraction,238,1,0.85,0.85,1451,qwen3.6:latest
Math-1-0572,Math,1,572,ROR,relational,org.apache.commons.math3.fraction.Fraction,238,0,0.85,0.85,1418,qwen3.6:latest
Math-1-0573,Math,1,573,ROR,relational,org.apache.commons.math3.fraction.Fraction,238,1,0.75,0.75,1437,qwen3.6:latest
Math-1-0574,Math,1,574,LVR,arithmetic,org.apache.commons.math3.fraction.Fraction,254,1,0.85,0.85,1414,qwen3.6:latest
Math-1-0575,Math,1,575,LVR,arithmetic,org.apache.commons.math3.fraction.Fraction,254,1,0.85,0.85,1424,qwen3.6:latest
Math-1-0576,Math,1,576,LVR,arithmetic,org.apache.commons.math3.fraction.Fraction,265,1,0.15,0.15,1485,qwen3.6:latest
Math-1-0577,Math,1,577,LVR,arithmetic,org.apache.commons.math3.fraction.Fraction,265,1,0.15,0.15,1490,qwen3.6:latest
Math-1-0578,Math,1,578,ROR,relational,org.apache.commons.math3.fraction.Fraction,265,1,0.95,0.95,1446,qwen3.6:latest
Math-1-0579,Math,1,579,ROR,relational,org.apache.commons.math3.fraction.Fraction,265,1,0.95,0.95,1464,qwen3.6:latest
Math-1-0580,Math,1,580,ROR,relational,org.apache.commons.math3.fraction.Fraction,265,1,0.95,0.95,1454,qwen3.6:latest
Math-1-0581,Math,1,581,LVR,arithmetic,org.apache.commons.math3.fraction.Fraction,269,0,0.85,0.85,1425,qwen3.6:latest
Math-1-0582,Math,1,582,LVR,arithmetic,org.apache.commons.math3.fraction.Fraction,269,1,0.15,0.15,1441,qwen3.6:latest
Math-1-0583,Math,1,583,ROR,relational,org.apache.commons.math3.fraction.Fraction,269,1,0.85,0.85,1454,qwen3.6:latest
Math-1-0584,Math,1,584,ROR,relational,org.apache.commons.math3.fraction.Fraction,269,0,0.85,0.85,1485,qwen3.6:latest
Math-1-0585,Math,1,585,ROR,relational,org.apache.commons.math3.fraction.Fraction,269,1,0.85,0.85,1451,qwen3.6:latest
Math-1-0586,Math,1,586,ROR,relational,org.apache.commons.math3.fraction.Fraction,270,1,0.95,0.95,1444,qwen3.6:latest
Math-1-0587,Math,1,587,ROR,relational,org.apache.commons.math3.fraction.Fraction,270,1,0.95,0.95,1450,qwen3.6:latest
Math-1-0588,Math,1,588,ROR,relational,org.apache.commons.math3.fraction.Fraction,271,1,0.95,0.95,1451,qwen3.6:latest
Math-1-0589,Math,1,589,ROR,relational,org.apache.commons.math3.fraction.Fraction,271,1,0.95,0.95,1438,qwen3.6:latest
Math-1-0590,Math,1,590,COR,logical,org.apache.commons.math3.fraction.Fraction,270,0,0.95,0.95,1468,qwen3.6:latest
Math-1-0591,Math,1,591,COR,logical,org.apache.commons.math3.fraction.Fraction,270,1,0.15,0.15,1445,qwen3.6:latest
Math-1-0592,Math,1,592,COR,logical,org.apache.commons.math3.fraction.Fraction,271,1,0.85,0.85,1453,qwen3.6:latest
Math-1-0593,Math,1,593,COR,logical,org.apache.commons.math3.fraction.Fraction,270,1,0.15,0.15,1463,qwen3.6:latest
Math-1-0594,Math,1,594,ORU,return_value,org.apache.commons.math3.fraction.Fraction,275,1,0.85,0.85,1471,qwen3.6:latest
Math-1-0595,Math,1,595,ORU,return_value,org.apache.commons.math3.fraction.Fraction,275,1,0.85,0.85,1452,qwen3.6:latest
Math-1-0596,Math,1,596,STD,statement_deletion,org.apache.commons.math3.fraction.Fraction,275,1,0.85,0.85,1429,qwen3.6:latest
Math-1-0597,Math,1,597,ORU,return_value,org.apache.commons.math3.fraction.Fraction,276,1,0.85,0.85,1433,qwen3.6:latest
Math-1-0598,Math,1,598,ORU,return_value,org.apache.commons.math3.fraction.Fraction,276,1,0.85,0.85,1427,qwen3.6:latest
Math-1-0599,Math,1,599,STD,statement_deletion,org.apache.commons.math3.fraction.Fraction,276,1,0.85,0.85,1443,qwen3.6:latest
Math-1-0600,Math,1,600,LVR,arithmetic,org.apache.commons.math3.fraction.Fraction,280,0,0.85,0.85,1416,qwen3.6:latest
Math-1-0601,Math,1,601,LVR,arithmetic,org.apache.commons.math3.fraction.Fraction,280,0,0.85,0.85,1433,qwen3.6:latest
Math-1-0602,Math,1,602,ROR,relational,org.apache.commons.math3.fraction.Fraction,280,0,0.85,0.85,1423,qwen3.6:latest
Math-1-0603,Math,1,603,ROR,relational,org.apache.commons.math3.fraction.Fraction,280,0,0.85,0.85,1431,qwen3.6:latest
Math-1-0604,Math,1,604,ROR,relational,org.apache.commons.math3.fraction.Fraction,280,1,0.85,0.85,1424,qwen3.6:latest
Math-1-0605,Math,1,605,STD,statement_deletion,org.apache.commons.math3.fraction.Fraction,281,1,0.15,0.15,1414,qwen3.6:latest
Math-1-0606,Math,1,606,STD,statement_deletion,org.apache.commons.math3.fraction.Fraction,282,1,0.85,0.85,1422,qwen3.6:latest
Math-1-0607,Math,1,607,LVR,arithmetic,org.apache.commons.math3.fraction.Fraction,286,0,0.15,0.15,1417,qwen3.6:latest
Math-1-0608,Math,1,608,LVR,arithmetic,org.apache.commons.math3.fraction.Fraction,286,0,0.15,0.15,1406,qwen3.6:latest
Math-1-0609,Math,1,609,ROR,relational,org.apache.commons.math3.fraction.Fraction,286,1,0.85,0.85,1408,qwen3.6:latest
Math-1-0610,Math,1,610,ROR,relational,org.apache.commons.math3.fraction.Fraction,286,0,0.85,0.85,1414,qwen3.6:latest
Math-1-0611,Math,1,611,ROR,relational,org.apache.commons.math3.fraction.Fraction,286,0,0.85,0.85,1405,qwen3.6:latest
Math-1-0612,Math,1,612,ORU,return_value,org.apache.commons.math3.fraction.Fraction,287,0,0.85,0.85,1439,qwen3.6:latest
Math-1-0613,Math,1,613,ORU,return_value,org.apache.commons.math3.fraction.Fraction,287,0,0.85,0.85,1413,qwen3.6:latest
Math-1-0614,Math,1,614,STD,statement_deletion,org.apache.commons.math3.fraction.Fraction,287,0,0.15,0.15,1404,qwen3.6:latest
Math-1-0615,Math,1,615,ORU,return_value,org.apache.commons.math3.fraction.Fraction,288,0,0.85,0.85,1401,qwen3.6:latest
Math-1-0616,Math,1,616,ORU,return_value,org.apache.commons.math3.fraction.Fraction,288,0,0.75,0.75,1411,qwen3.6:latest
Math-1-0617,Math,1,617,STD,statement_deletion,org.apache.commons.math3.fraction.Fraction,288,0,0.15,0.15,1385,qwen3.6:latest
Math-1-0618,Math,1,618,LVR,arithmetic,org.apache.commons.math3.fraction.Fraction,300,0,0.85,0.85,1414,qwen3.6:latest
Math-1-0619,Math,1,619,LVR,arithmetic,org.apache.commons.math3.fraction.Fraction,300,0,0.85,0.85,1417,qwen3.6:latest
Math-1-0620,Math,1,620,ROR,relational,org.apache.commons.math3.fraction.Fraction,300,1,0.85,0.85,1422,qwen3.6:latest
Math-1-0621,Math,1,621,ROR,relational,org.apache.commons.math3.fraction.Fraction,300,0,0.95,0.95,1413,qwen3.6:latest
Math-1-0622,Math,1,622,ROR,relational,org.apache.commons.math3.fraction.Fraction,300,1,0.95,0.95,1428,qwen3.6:latest
Math-1-0623,Math,1,623,AOR,arithmetic,org.apache.commons.math3.fraction.Fraction,315,1,0.95,0.95,1537,qwen3.6:latest
Math-1-0624,Math,1,624,AOR,arithmetic,org.apache.commons.math3.fraction.Fraction,315,1,0.85,0.85,1540,qwen3.6:latest
Math-1-0625,Math,1,625,AOR,arithmetic,org.apache.commons.math3.fraction.Fraction,315,1,0.85,0.85,1545,qwen3.6:latest
Math-1-0626,Math,1,626,AOR,arithmetic,org.apache.commons.math3.fraction.Fraction,315,1,0.85,0.85,1535,qwen3.6:latest
Math-1-0627,Math,1,627,AOR,arithmetic,org.apache.commons.math3.fraction.Fraction,316,1,0.95,0.95,1544,qwen3.6:latest
Math-1-0628,Math,1,628,AOR,arithmetic,org.apache.commons.math3.fraction.Fraction,316,1,0.85,0.85,1531,qwen3.6:latest
Math-1-0629,Math,1,629,AOR,arithmetic,org.apache.commons.math3.fraction.Fraction,316,1,0.85,0.85,1534,qwen3.6:latest
Math-1-0630,Math,1,630,AOR,arithmetic,org.apache.commons.math3.fraction.Fraction,316,1,0.85,0.85,1537,qwen3.6:latest
Math-1-0631,Math,1,631,ROR,relational,org.apache.commons.math3.fraction.Fraction,317,1,0.95,0.95,1529,qwen3.6:latest
Math-1-0632,Math,1,632,ROR,relational,org.apache.commons.math3.fraction.Fraction,317,1,0.95,0.95,1576,qwen3.6:latest
Math-1-0633,Math,1,633,ROR,relational,org.apache.commons.math3.fraction.Fraction,317,1,0.95,0.95,1536,qwen3.6:latest
Math-1-0634,Math,1,634,LVR,arithmetic,org.apache.commons.math3.fraction.Fraction,317,1,0.85,0.85,1534,qwen3.6:latest
Math-1-0635,Math,1,635,LVR,arithmetic,org.apache.commons.math3.fraction.Fraction,317,1,0.85,0.85,1557,qwen3.6:latest
Math-1-0636,Math,1,636,ROR,relational,org.apache.commons.math3.fraction.Fraction,317,0,0.85,0.85,1553,qwen3.6:latest
Math-1-0637,Math,1,637,ROR,relational,org.apache.commons.math3.fraction.Fraction,317,1,0.95,0.95,1529,qwen3.6:latest
Math-1-0638,Math,1,638,ROR,relational,org.apache.commons.math3.fraction.Fraction,317,1,0.85,0.85,1546,qwen3.6:latest
Math-1-0639,Math,1,639,ORU,return_value,org.apache.commons.math3.fraction.Fraction,317,1,0.85,0.85,1561,qwen3.6:latest
Math-1-0640,Math,1,640,ORU,return_value,org.apache.commons.math3.fraction.Fraction,317,1,0.15,0.15,1554,qwen3.6:latest
Math-1-0641,Math,1,641,LVR,arithmetic,org.apache.commons.math3.fraction.Fraction,317,1,0.85,0.85,1533,qwen3.6:latest
Math-1-0642,Math,1,642,LVR,arithmetic,org.apache.commons.math3.fraction.Fraction,317,1,0.85,0.85,1556,qwen3.6:latest
Math-1-0643,Math,1,643,LVR,arithmetic,org.apache.commons.math3.fraction.Fraction,317,1,0.15,0.15,1540,qwen3.6:latest
Math-1-0644,Math,1,644,LVR,arithmetic,org.apache.commons.math3.fraction.Fraction,317,1,0.85,0.85,1529,qwen3.6:latest
Math-1-0645,Math,1,645,AOR,arithmetic,org.apache.commons.math3.fraction.Fraction,327,1,0.95,0.95,1501,qwen3.6:latest
Math-1-0646,Math,1,646,AOR,arithmetic,org.apache.commons.math3.fraction.Fraction,327,1,0.95,0.95,1453,qwen3.6:latest
Math-1-0647,Math,1,647,AOR,arithmetic,org.apache.commons.math3.fraction.Fraction,327,1,0.95,0.95,1444,qwen3.6:latest
Math-1-0648,Math,1,648,AOR,arithmetic,org.apache.commons.math3.fraction.Fraction,327,1,0.95,0.95,1434,qwen3.6:latest
Math-1-0649,Math,1,649,LVR,arithmetic,org.apache.commons.math3.fraction.Fraction,342,1,0.95,0.95,1442,qwen3.6:latest
Math-1-0650,Math,1,650,ROR,relational,org.apache.commons.math3.fraction.Fraction,348,1,0.95,0.95,1414,qwen3.6:latest
Math-1-0651,Math,1,651,ROR,relational,org.apache.commons.math3.fraction.Fraction,348,1,0.95,0.95,1418,qwen3.6:latest
Math-1-0652,Math,1,652,ROR,relational,org.apache.commons.math3.fraction.Fraction,348,1,0.95,0.95,1445,qwen3.6:latest
Math-1-0653,Math,1,653,ROR,relational,org.apache.commons.math3.fraction.Fraction,349,0,0.85,0.85,1430,qwen3.6:latest
Math-1-0654,Math,1,654,ROR,relational,org.apache.commons.math3.fraction.Fraction,349,0,0.85,0.85,1434,qwen3.6:latest
Math-1-0655,Math,1,655,ROR,relational,org.apache.commons.math3.fraction.Fraction,349,1,0.95,0.95,1444,qwen3.6:latest
Math-1-0656,Math,1,656,COR,logical,org.apache.commons.math3.fraction.Fraction,348,1,0.95,0.95,1421,qwen3.6:latest
Math-1-0657,Math,1,657,COR,logical,org.apache.commons.math3.fraction.Fraction,348,1,0.95,0.95,1448,qwen3.6:latest
Math-1-0658,Math,1,658,COR,logical,org.apache.commons.math3.fraction.Fraction,348,0,0.95,0.95,1439,qwen3.6:latest
Math-1-0659,Math,1,659,COR,logical,org.apache.commons.math3.fraction.Fraction,349,1,0.85,0.85,1452,qwen3.6:latest
Math-1-0660,Math,1,660,LVR,arithmetic,org.apache.commons.math3.fraction.Fraction,351,1,0.95,0.95,1424,qwen3.6:latest
Math-1-0661,Math,1,661,LVR,arithmetic,org.apache.commons.math3.fraction.Fraction,386,1,0.85,0.85,1419,qwen3.6:latest
Math-1-0662,Math,1,662,LVR,arithmetic,org.apache.commons.math3.fraction.Fraction,386,0,0.15,0.15,1426,qwen3.6:latest
Math-1-0663,Math,1,663,LVR,arithmetic,org.apache.commons.math3.fraction.Fraction,386,0,0.85,0.85,1416,qwen3.6:latest
Math-1-0664,Math,1,664,LVR,arithmetic,org.apache.commons.math3.fraction.Fraction,386,0,0.15,0.15,1436,qwen3.6:latest
Math-1-0665,Math,1,665,LVR,arithmetic,org.apache.commons.math3.fraction.Fraction,386,0,0.85,0.85,1434,qwen3.6:latest
Math-1-0666,Math,1,666,LVR,arithmetic,org.apache.commons.math3.fraction.Fraction,386,0,0.15,0.15,1486,qwen3.6:latest
Math-1-0667,Math,1,667,AOR,arithmetic,org.apache.commons.math3.fraction.Fraction,386,0,0.75,0.75,1418,qwen3.6:latest
Math-1-0668,Math,1,668,AOR,arithmetic,org.apache.commons.math3.fraction.Fraction,386,0,0.75,0.75,1446,qwen3.6:latest
Math-1-0669,Math,1,669,AOR,arithmetic,org.apache.commons.math3.fraction.Fraction,386,0,0.75,0.75,1474,qwen3.6:latest
Math-1-0670,Math,1,670,AOR,arithmetic,org.apache.commons.math3.fraction.Fraction,386,0,0.15,0.15,1430,qwen3.6:latest
Math-1-0671,Math,1,671,AOR,arithmetic,org.apache.commons.math3.fraction.Fraction,386,1,0.75,0.75,1418,qwen3.6:latest
Math-1-0672,Math,1,672,AOR,arithmetic,org.apache.commons.math3.fraction.Fraction,386,0,0.95,0.95,1431,qwen3.6:latest
Math-1-0673,Math,1,673,AOR,arithmetic,org.apache.commons.math3.fraction.Fraction,386,0,0.75,0.75,1452,qwen3.6:latest
Math-1-0674,Math,1,674,AOR,arithmetic,org.apache.commons.math3.fraction.Fraction,386,1,0.15,0.15,1458,qwen3.6:latest
Math-1-0675,Math,1,675,AOR,arithmetic,org.apache.commons.math3.fraction.Fraction,386,1,0.75,0.75,1457,qwen3.6:latest
Math-1-0676,Math,1,676,AOR,arithmetic,org.apache.commons.math3.fraction.Fraction,386,0,0.75,0.75,1450,qwen3.6:latest
Math-1-0677,Math,1,677,AOR,arithmetic,org.apache.commons.math3.fraction.Fraction,386,0,0.75,0.75,1449,qwen3.6:latest
Math-1-0678,Math,1,678,AOR,arithmetic,org.apache.commons.math3.fraction.Fraction,386,1,0.15,0.15,1440,qwen3.6:latest
Math-1-0679,Math,1,679,AOR,arithmetic,org.apache.commons.math3.fraction.Fraction,386,1,0.75,0.75,1434,qwen3.6:latest
Math-1-0680,Math,1,680,AOR,arithmetic,org.apache.commons.math3.fraction.Fraction,386,0,0.95,0.95,1436,qwen3.6:latest
Math-1-0681,Math,1,681,AOR,arithmetic,org.apache.commons.math3.fraction.Fraction,386,0,0.75,0.75,1448,qwen3.6:latest
Math-1-0682,Math,1,682,AOR,arithmetic,org.apache.commons.math3.fraction.Fraction,386,0,0.15,0.15,1428,qwen3.6:latest
Math-1-0683,Math,1,683,ROR,relational,org.apache.commons.math3.fraction.Fraction,414,1,0.85,0.85,1421,qwen3.6:latest
Math-1-0684,Math,1,684,ROR,relational,org.apache.commons.math3.fraction.Fraction,414,1,0.85,0.85,1415,qwen3.6:latest
Math-1-0685,Math,1,685,ORU,return_value,org.apache.commons.math3.fraction.Fraction,417,1,0.85,0.85,1420,qwen3.6:latest
Math-1-0686,Math,1,686,ORU,return_value,org.apache.commons.math3.fraction.Fraction,417,1,0.85,0.85,1429,qwen3.6:latest
Math-1-0687,Math,1,687,LVR,arithmetic,org.apache.commons.math3.fraction.Fraction,439,1,0.85,0.85,1459,qwen3.6:latest
Math-1-0688,Math,1,688,AOR,arithmetic,org.apache.commons.math3.fraction.Fraction,448,1,0.85,0.85,1436,qwen3.6:latest
Math-1-0689,Math,1,689,AOR,arithmetic,org.apache.commons.math3.fraction.Fraction,448,1,0.85,0.85,1456,qwen3.6:latest
Math-1-0690,Math,1,690,AOR,arithmetic,org.apache.commons.math3.fraction.Fraction,448,1,0.85,0.85,1439,qwen3.6:latest
Math-1-0691,Math,1,691,AOR,arithmetic,org.apache.commons.math3.fraction.Fraction,448,0,0.85,0.85,1433,qwen3.6:latest
Math-1-0692,Math,1,692,AOR,arithmetic,org.apache.commons.math3.fraction.Fraction,448,1,0.85,0.85,1431,qwen3.6:latest
Math-1-0693,Math,1,693,AOR,arithmetic,org.apache.commons.math3.fraction.Fraction,448,1,0.85,0.85,1423,qwen3.6:latest
Math-1-0694,Math,1,694,AOR,arithmetic,org.apache.commons.math3.fraction.Fraction,448,1,0.85,0.85,1433,qwen3.6:latest
Math-1-0695,Math,1,695,AOR,arithmetic,org.apache.commons.math3.fraction.Fraction,448,1,0.85,0.85,1435,qwen3.6:latest
Math-1-0696,Math,1,696,LVR,arithmetic,org.apache.commons.math3.fraction.Fraction,462,1,0.85,0.85,1472,qwen3.6:latest
Math-1-0697,Math,1,697,AOR,arithmetic,org.apache.commons.math3.fraction.Fraction,471,1,0.85,0.85,1453,qwen3.6:latest
Math-1-0698,Math,1,698,AOR,arithmetic,org.apache.commons.math3.fraction.Fraction,471,1,0.85,0.85,1441,qwen3.6:latest
Math-1-0699,Math,1,699,AOR,arithmetic,org.apache.commons.math3.fraction.Fraction,471,1,0.85,0.85,1448,qwen3.6:latest
Math-1-0700,Math,1,700,AOR,arithmetic,org.apache.commons.math3.fraction.Fraction,471,0,0.85,0.85,1463,qwen3.6:latest
Math-1-0701,Math,1,701,AOR,arithmetic,org.apache.commons.math3.fraction.Fraction,471,1,0.85,0.85,1457,qwen3.6:latest
Math-1-0702,Math,1,702,AOR,arithmetic,org.apache.commons.math3.fraction.Fraction,471,1,0.85,0.85,1450,qwen3.6:latest
Math-1-0703,Math,1,703,AOR,arithmetic,org.apache.commons.math3.fraction.Fraction,471,1,0.85,0.85,1463,qwen3.6:latest
Math-1-0704,Math,1,704,AOR,arithmetic,org.apache.commons.math3.fraction.Fraction,471,1,0.85,0.85,1448,qwen3.6:latest
Math-1-0705,Math,1,705,ROR,relational,org.apache.commons.math3.fraction.Fraction,485,1,0.85,0.85,1516,qwen3.6:latest
Math-1-0706,Math,1,706,LVR,arithmetic,org.apache.commons.math3.fraction.Fraction,489,1,0.85,0.85,1450,qwen3.6:latest
Math-1-0707,Math,1,707,LVR,arithmetic,org.apache.commons.math3.fraction.Fraction,489,1,0.85,0.85,1494,qwen3.6:latest
Math-1-0708,Math,1,708,ROR,relational,org.apache.commons.math3.fraction.Fraction,489,1,0.85,0.85,1428,qwen3.6:latest
Math-1-0709,Math,1,709,ROR,relational,org.apache.commons.math3.fraction.Fraction,489,1,0.85,0.85,1447,qwen3.6:latest
Math-1-0710,Math,1,710,ROR,relational,org.apache.commons.math3.fraction.Fraction,489,0,0.85,0.85,1442,qwen3.6:latest
Math-1-0711,Math,1,711,COR,logical,org.apache.commons.math3.fraction.Fraction,490,1,0.85,0.85,1460,qwen3.6:latest
Math-1-0712,Math,1,712,COR,logical,org.apache.commons.math3.fraction.Fraction,490,1,0.85,0.85,1455,qwen3.6:latest
Math-1-0713,Math,1,713,LVR,arithmetic,org.apache.commons.math3.fraction.Fraction,492,1,0.85,0.85,1452,qwen3.6:latest
Math-1-0714,Math,1,714,LVR,arithmetic,org.apache.commons.math3.fraction.Fraction,492,1,0.85,0.85,1488,qwen3.6:latest
Math-1-0715,Math,1,715,ROR,relational,org.apache.commons.math3.fraction.Fraction,492,1,0.85,0.85,1496,qwen3.6:latest
Math-1-0716,Math,1,716,ROR,relational,org.apache.commons.math3.fraction.Fraction,492,1,0.75,0.75,1504,qwen3.6:latest
Math-1-0717,Math,1,717,ROR,relational,org.apache.commons.math3.fraction.Fraction,492,0,0.75,0.75,1444,qwen3.6:latest
Math-1-0718,Math,1,718,LVR,arithmetic,org.apache.commons.math3.fraction.Fraction,498,0,0.85,0.85,1543,qwen3.6:latest
Math-1-0719,Math,1,719,LVR,arithmetic,org.apache.commons.math3.fraction.Fraction,498,0,0.85,0.85,1526,qwen3.6:latest
Math-1-0720,Math,1,720,ROR,relational,org.apache.commons.math3.fraction.Fraction,498,0,0.85,0.85,1531,qwen3.6:latest
Math-1-0721,Math,1,721,ROR,relational,org.apache.commons.math3.fraction.Fraction,498,1,0.85,0.85,1564,qwen3.6:latest
Math-1-0722,Math,1,722,ROR,relational,org.apache.commons.math3.fraction.Fraction,498,0,0.85,0.85,1549,qwen3.6:latest
Math-1-0723,Math,1,723,COR,logical,org.apache.commons.math3.fraction.Fraction,503,1,0.85,0.85,1558,qwen3.6:latest
Math-1-0724,Math,1,724,COR,logical,org.apache.commons.math3.fraction.Fraction,503,1,0.85,0.85,1569,qwen3.6:latest
Math-1-0725,Math,1,725,AOR,arithmetic,org.apache.commons.math3.fraction.Fraction,511,1,0.85,0.85,1575,qwen3.6:latest
Math-1-0726,Math,1,726,AOR,arithmetic,org.apache.commons.math3.fraction.Fraction,511,1,0.85,0.85,1573,qwen3.6:latest
Math-1-0727,Math,1,727,AOR,arithmetic,org.apache.commons.math3.fraction.Fraction,511,1,0.85,0.85,1589,qwen3.6:latest
Math-1-0728,Math,1,728,AOR,arithmetic,org.apache.commons.math3.fraction.Fraction,511,1,0.85,0.85,1574,qwen3.6:latest
Math-1-0729,Math,1,729,AOR,arithmetic,org.apache.commons.math3.fraction.Fraction,513,1,0.85,0.85,1582,qwen3.6:latest
Math-1-0730,Math,1,730,AOR,arithmetic,org.apache.commons.math3.fraction.Fraction,513,1,0.85,0.85,1590,qwen3.6:latest
Math-1-0731,Math,1,731,AOR,arithmetic,org.apache.commons.math3.fraction.Fraction,513,1,0.85,0.85,1603,qwen3.6:latest
Math-1-0732,Math,1,732,AOR,arithmetic,org.apache.commons.math3.fraction.Fraction,513,1,0.85,0.85,1596,qwen3.6:latest
Math-1-0733,Math,1,733,COR,logical,org.apache.commons.math3.fraction.Fraction,514,1,0.85,0.85,1626,qwen3.6:latest
Math-1-0734,Math,1,734,COR,logical,org.apache.commons.math3.fraction.Fraction,514,1,0.85,0.85,1596,qwen3.6:latest
Math-1-0735,Math,1,735,LVR,arithmetic,org.apache.commons.math3.fraction.Fraction,518,1,0.85,0.85,1563,qwen3.6:latest
Math-1-0736,Math,1,736,LVR,arithmetic,org.apache.commons.math3.fraction.Fraction,518,0,0.85,0.85,1579,qwen3.6:latest
Math-1-0737,Math,1,737,ROR,relational,org.apache.commons.math3.fraction.Fraction,518,0,0.75,0.75,1588,qwen3.6:latest
Math-1-0738,Math,1,738,ROR,relational,org.apache.commons.math3.fraction.Fraction,518,1,0.75,0.75,1587,qwen3.6:latest
Math-1-0739,Math,1,739,ROR,relational,org.apache.commons.math3.fraction.Fraction,518,0,0.75,0.75,1563,qwen3.6:latest
Math-1-0740,Math,1,740,LVR,arithmetic,org.apache.commons.math3.fraction.Fraction,522,1,0.75,0.75,1549,qwen3.6:latest
Math-1-0741,Math,1,741,LVR,arithmetic,org.apache.commons.math3.fraction.Fraction,522,1,0.85,0.85,1540,qwen3.6:latest
Math-1-0742,Math,1,742,ROR,relational,org.apache.commons.math3.fraction.Fraction,522,1,0.85,0.85,1541,qwen3.6:latest
Math-1-0743,Math,1,743,ROR,relational,org.apache.commons.math3.fraction.Fraction,522,1,0.75,0.75,1530,qwen3.6:latest
Math-1-0744,Math,1,744,ROR,relational,org.apache.commons.math3.fraction.Fraction,522,1,0.85,0.85,1513,qwen3.6:latest
Math-1-0745,Math,1,745,AOR,arithmetic,org.apache.commons.math3.fraction.Fraction,527,1,0.85,0.85,1457,qwen3.6:latest
Math-1-0746,Math,1,746,AOR,arithmetic,org.apache.commons.math3.fraction.Fraction,527,1,0.85,0.85,1439,qwen3.6:latest
Math-1-0747,Math,1,747,AOR,arithmetic,org.apache.commons.math3.fraction.Fraction,527,1,0.85,0.85,1432,qwen3.6:latest
Math-1-0748,Math,1,748,AOR,arithmetic,org.apache.commons.math3.fraction.Fraction,527,1,0.85,0.85,1436,qwen3.6:latest
Math-1-0749,Math,1,749,AOR,arithmetic,org.apache.commons.math3.fraction.Fraction,528,1,0.85,0.85,1421,qwen3.6:latest
Math-1-0750,Math,1,750,AOR,arithmetic,org.apache.commons.math3.fraction.Fraction,528,1,0.85,0.85,1430,qwen3.6:latest
Math-1-0751,Math,1,751,AOR,arithmetic,org.apache.commons.math3.fraction.Fraction,528,1,0.85,0.85,1423,qwen3.6:latest
Math-1-0752,Math,1,752,AOR,arithmetic,org.apache.commons.math3.fraction.Fraction,528,1,0.85,0.85,1454,qwen3.6:latest
Math-1-0753,Math,1,753,ROR,relational,org.apache.commons.math3.fraction.Fraction,542,1,0.85,0.85,1568,qwen3.6:latest
Math-1-0754,Math,1,754,LVR,arithmetic,org.apache.commons.math3.fraction.Fraction,545,1,0.85,0.85,1512,qwen3.6:latest
Math-1-0755,Math,1,755,LVR,arithmetic,org.apache.commons.math3.fraction.Fraction,545,1,0.85,0.85,1511,qwen3.6:latest
Math-1-0756,Math,1,756,ROR,relational,org.apache.commons.math3.fraction.Fraction,545,1,0.85,0.85,1492,qwen3.6:latest
Math-1-0757,Math,1,757,ROR,relational,org.apache.commons.math3.fraction.Fraction,545,1,0.85,0.85,1506,qwen3.6:latest
Math-1-0758,Math,1,758,ROR,relational,org.apache.commons.math3.fraction.Fraction,545,0,0.85,0.85,1492,qwen3.6:latest
Math-1-0759,Math,1,759,LVR,arithmetic,org.apache.commons.math3.fraction.Fraction,545,1,0.85,0.85,1504,qwen3.6:latest
Math-1-0760,Math,1,760,LVR,arithmetic,org.apache.commons.math3.fraction.Fraction,545,1,0.85,0.85,1542,qwen3.6:latest
Math-1-0761,Math,1,761,ROR,relational,org.apache.commons.math3.fraction.Fraction,545,1,0.85,0.85,1520,qwen3.6:latest
Math-1-0762,Math,1,762,ROR,relational,org.apache.commons.math3.fraction.Fraction,545,1,0.85,0.85,1512,qwen3.6:latest
Math-1-0763,Math,1,763,ROR,relational,org.apache.commons.math3.fraction.Fraction,545,0,0.85,0.85,1505,qwen3.6:latest
Math-1-0764,Math,1,764,COR,logical,org.apache.commons.math3.fraction.Fraction,545,0,0.85,0.85,1507,qwen3.6:latest
Math-1-0765,Math,1,765,COR,logical,org.apache.commons.math3.fraction.Fraction,545,0,0.85,0.85,1495,qwen3.6:latest
Math-1-0766,Math,1,766,COR,logical,org.apache.commons.math3.fraction.Fraction,545,0,0.85,0.85,1509,qwen3.6:latest
Math-1-0767,Math,1,767,COR,logical,org.apache.commons.math3.fraction.Fraction,545,1,0.85,0.85,1510,qwen3.6:latest
Math-1-0768,Math,1,768,AOR,arithmetic,org.apache.commons.math3.fraction.Fraction,553,1,0.85,0.85,1507,qwen3.6:latest
Math-1-0769,Math,1,769,AOR,arithmetic,org.apache.commons.math3.fraction.Fraction,553,1,0.85,0.85,1496,qwen3.6:latest
Math-1-0770,Math,1,770,AOR,arithmetic,org.apache.commons.math3.fraction.Fraction,553,1,0.85,0.85,1505,qwen3.6:latest
Math-1-0771,Math,1,771,AOR,arithmetic,org.apache.commons.math3.fraction.Fraction,553,1,0.85,0.85,1509,qwen3.6:latest
Math-1-0772,Math,1,772,AOR,arithmetic,org.apache.commons.math3.fraction.Fraction,553,1,0.85,0.85,1507,qwen3.6:latest
Math-1-0773,Math,1,773,AOR,arithmetic,org.apache.commons.math3.fraction.Fraction,553,1,0.85,0.85,1540,qwen3.6:latest
Math-1-0774,Math,1,774,AOR,arithmetic,org.apache.commons.math3.fraction.Fraction,553,1,0.85,0.85,1520,qwen3.6:latest
Math-1-0775,Math,1,775,AOR,arithmetic,org.apache.commons.math3.fraction.Fraction,553,1,0.85,0.85,1553,qwen3.6:latest
Math-1-0776,Math,1,776,AOR,arithmetic,org.apache.commons.math3.fraction.Fraction,554,1,0.85,0.85,1537,qwen3.6:latest
Math-1-0777,Math,1,777,AOR,arithmetic,org.apache.commons.math3.fraction.Fraction,554,1,0.85,0.85,1504,qwen3.6:latest
Math-1-0778,Math,1,778,AOR,arithmetic,org.apache.commons.math3.fraction.Fraction,554,1,0.85,0.85,1501,qwen3.6:latest
Math-1-0779,Math,1,779,AOR,arithmetic,org.apache.commons.math3.fraction.Fraction,554,1,0.85,0.85,1513,qwen3.6:latest
Math-1-0780,Math,1,780,AOR,arithmetic,org.apache.commons.math3.fraction.Fraction,554,1,0.85,0.85,1526,qwen3.6:latest
Math-1-0781,Math,1,781,AOR,arithmetic,org.apache.commons.math3.fraction.Fraction,554,1,0.85,0.85,1507,qwen3.6:latest
Math-1-0782,Math,1,782,AOR,arithmetic,org.apache.commons.math3.fraction.Fraction,554,1,0.85,0.85,1537,qwen3.6:latest
Math-1-0783,Math,1,783,AOR,arithmetic,org.apache.commons.math3.fraction.Fraction,554,1,0.85,0.85,1501,qwen3.6:latest
Math-1-0784,Math,1,784,AOR,arithmetic,org.apache.commons.math3.fraction.Fraction,563,1,0.85,0.85,1426,qwen3.6:latest
Math-1-0785,Math,1,785,AOR,arithmetic,org.apache.commons.math3.fraction.Fraction,563,1,0.95,0.95,1435,qwen3.6:latest
Math-1-0786,Math,1,786,AOR,arithmetic,org.apache.commons.math3.fraction.Fraction,563,1,0.85,0.85,1448,qwen3.6:latest
Math-1-0787,Math,1,787,AOR,arithmetic,org.apache.commons.math3.fraction.Fraction,563,1,0.85,0.85,1434,qwen3.6:latest
Math-1-0788,Math,1,788,ROR,relational,org.apache.commons.math3.fraction.Fraction,577,1,0.95,0.95,1507,qwen3.6:latest
Math-1-0789,Math,1,789,LVR,arithmetic,org.apache.commons.math3.fraction.Fraction,580,1,0.85,0.85,1421,qwen3.6:latest
Math-1-0790,Math,1,790,LVR,arithmetic,org.apache.commons.math3.fraction.Fraction,580,1,0.85,0.85,1416,qwen3.6:latest
Math-1-0791,Math,1,791,ROR,relational,org.apache.commons.math3.fraction.Fraction,580,1,0.85,0.85,1430,qwen3.6:latest
Math-1-0792,Math,1,792,ROR,relational,org.apache.commons.math3.fraction.Fraction,580,1,0.85,0.85,1431,qwen3.6:latest
Math-1-0793,Math,1,793,ROR,relational,org.apache.commons.math3.fraction.Fraction,580,0,0.85,0.85,1433,qwen3.6:latest
Math-1-0794,Math,1,794,AOR,arithmetic,org.apache.commons.math3.fraction.Fraction,593,1,0.85,0.85,1441,qwen3.6:latest
Math-1-0795,Math,1,795,AOR,arithmetic,org.apache.commons.math3.fraction.Fraction,593,1,0.85,0.85,1449,qwen3.6:latest
Math-1-0796,Math,1,796,AOR,arithmetic,org.apache.commons.math3.fraction.Fraction,593,1,0.85,0.85,1449,qwen3.6:latest
Math-1-0797,Math,1,797,AOR,arithmetic,org.apache.commons.math3.fraction.Fraction,593,1,0.85,0.85,1449,qwen3.6:latest
Math-1-0798,Math,1,798,LVR,arithmetic,org.apache.commons.math3.fraction.Fraction,605,1,0.85,0.85,1425,qwen3.6:latest
Math-1-0799,Math,1,799,LVR,arithmetic,org.apache.commons.math3.fraction.Fraction,605,1,0.85,0.85,1426,qwen3.6:latest
Math-1-0800,Math,1,800,AOR,arithmetic,org.apache.commons.math3.fraction.Fraction,605,1,0.85,0.85,1431,qwen3.6:latest
Math-1-0801,Math,1,801,AOR,arithmetic,org.apache.commons.math3.fraction.Fraction,605,1,0.85,0.85,1429,qwen3.6:latest
Math-1-0802,Math,1,802,AOR,arithmetic,org.apache.commons.math3.fraction.Fraction,605,1,0.85,0.85,1426,qwen3.6:latest
Math-1-0803,Math,1,803,AOR,arithmetic,org.apache.commons.math3.fraction.Fraction,605,1,0.85,0.85,1447,qwen3.6:latest
Math-1-0804,Math,1,804,LVR,arithmetic,org.apache.commons.math3.fraction.Fraction,620,1,0.85,0.85,1530,qwen3.6:latest
Math-1-0805,Math,1,805,LVR,arithmetic,org.apache.commons.math3.fraction.Fraction,620,1,0.85,0.85,1550,qwen3.6:latest
Math-1-0806,Math,1,806,ROR,relational,org.apache.commons.math3.fraction.Fraction,620,1,0.95,0.95,1545,qwen3.6:latest
Math-1-0807,Math,1,807,ROR,relational,org.apache.commons.math3.fraction.Fraction,620,1,0.95,0.95,1587,qwen3.6:latest
Math-1-0808,Math,1,808,ROR,relational,org.apache.commons.math3.fraction.Fraction,620,0,0.95,0.95,1521,qwen3.6:latest
Math-1-0809,Math,1,809,LVR,arithmetic,org.apache.commons.math3.fraction.Fraction,624,1,0.85,0.85,1530,qwen3.6:latest
Math-1-0810,Math,1,810,LVR,arithmetic,org.apache.commons.math3.fraction.Fraction,624,1,0.85,0.85,1526,qwen3.6:latest
Math-1-0811,Math,1,811,ROR,relational,org.apache.commons.math3.fraction.Fraction,624,1,0.85,0.85,1529,qwen3.6:latest
Math-1-0812,Math,1,812,ROR,relational,org.apache.commons.math3.fraction.Fraction,624,1,0.85,0.85,1512,qwen3.6:latest
Math-1-0813,Math,1,813,ROR,relational,org.apache.commons.math3.fraction.Fraction,624,0,0.85,0.85,1508,qwen3.6:latest
Math-1-0814,Math,1,814,ROR,relational,org.apache.commons.math3.fraction.Fraction,628,1,0.85,0.85,1508,qwen3.6:latest
Math-1-0815,Math,1,815,ROR,relational,org.apache.commons.math3.fraction.Fraction,628,1,0.85,0.85,1506,qwen3.6:latest
Math-1-0816,Math,1,816,LVR,arithmetic,org.apache.commons.math3.fraction.Fraction,628,0,0.85,0.85,1512,qwen3.6:latest
Math-1-0817,Math,1,817,LVR,arithmetic,org.apache.commons.math3.fraction.Fraction,628,1,0.85,0.85,1508,qwen3.6:latest
Math-1-0818,Math,1,818,LOR,logical,org.apache.commons.math3.fraction.Fraction,628,1,0.85,0.85,1507,qwen3.6:latest
Math-1-0819,Math,1,819,LOR,logical,org.apache.commons.math3.fraction.Fraction,628,1,0.85,0.85,1511,qwen3.6:latest
Math-1-0820,Math,1,820,LVR,arithmetic,org.apache.commons.math3.fraction.Fraction,628,1,0.85,0.85,1506,qwen3.6:latest
Math-1-0821,Math,1,821,LVR,arithmetic,org.apache.commons.math3.fraction.Fraction,628,1,0.85,0.85,1508,qwen3.6:latest
Math-1-0822,Math,1,822,ROR,relational,org.apache.commons.math3.fraction.Fraction,628,0,0.85,0.85,1526,qwen3.6:latest
Math-1-0823,Math,1,823,ROR,relational,org.apache.commons.math3.fraction.Fraction,628,0,0.85,0.85,1511,qwen3.6:latest
Math-1-0824,Math,1,824,ROR,relational,org.apache.commons.math3.fraction.Fraction,628,1,0.85,0.85,1529,qwen3.6:latest
Math-1-0825,Math,1,825,COR,logical,org.apache.commons.math3.fraction.Fraction,628,1,0.85,0.85,1524,qwen3.6:latest
Math-1-0826,Math,1,826,COR,logical,org.apache.commons.math3.fraction.Fraction,628,1,0.85,0.85,1521,qwen3.6:latest
Math-1-0827,Math,1,827,COR,logical,org.apache.commons.math3.fraction.Fraction,628,0,0.85,0.85,1564,qwen3.6:latest
Math-1-0828,Math,1,828,COR,logical,org.apache.commons.math3.fraction.Fraction,628,1,0.85,0.85,1513,qwen3.6:latest
Math-1-0829,Math,1,829,LVR,arithmetic,org.apache.commons.math3.fraction.Fraction,629,1,0.85,0.85,1512,qwen3.6:latest
Math-1-0830,Math,1,830,LVR,arithmetic,org.apache.commons.math3.fraction.Fraction,629,1,0.15,0.15,1530,qwen3.6:latest
Math-1-0831,Math,1,831,STD,statement_deletion,org.apache.commons.math3.fraction.Fraction,629,0,0.15,0.15,1525,qwen3.6:latest
Math-1-0832,Math,1,832,LVR,arithmetic,org.apache.commons.math3.fraction.Fraction,629,1,0.85,0.85,1499,qwen3.6:latest
Math-1-0833,Math,1,833,LVR,arithmetic,org.apache.commons.math3.fraction.Fraction,629,1,0.15,0.15,1508,qwen3.6:latest
Math-1-0834,Math,1,834,STD,statement_deletion,org.apache.commons.math3.fraction.Fraction,629,1,0.15,0.15,1507,qwen3.6:latest
Math-1-0835,Math,1,835,LVR,arithmetic,org.apache.commons.math3.fraction.Fraction,631,0,0.15,0.15,1500,qwen3.6:latest
Math-1-0836,Math,1,836,LVR,arithmetic,org.apache.commons.math3.fraction.Fraction,631,0,0.15,0.15,1501,qwen3.6:latest
Math-1-0837,Math,1,837,ROR,relational,org.apache.commons.math3.fraction.Fraction,631,1,0.85,0.85,1507,qwen3.6:latest
Math-1-0838,Math,1,838,ROR,relational,org.apache.commons.math3.fraction.Fraction,631,0,0.85,0.85,1525,qwen3.6:latest
Math-1-0839,Math,1,839,ROR,relational,org.apache.commons.math3.fraction.Fraction,631,0,0.85,0.85,1523,qwen3.6:latest
Math-1-0840,Math,1,840,ROR,relational,org.apache.commons.math3.fraction.Fraction,632,1,0.85,0.85,1555,qwen3.6:latest
Math-1-0841,Math,1,841,ROR,relational,org.apache.commons.math3.fraction.Fraction,632,0,0.85,0.85,1536,qwen3.6:latest
Math-1-0842,Math,1,842,ROR,relational,org.apache.commons.math3.fraction.Fraction,633,1,0.85,0.85,1501,qwen3.6:latest
Math-1-0843,Math,1,843,ROR,relational,org.apache.commons.math3.fraction.Fraction,633,0,0.85,0.85,1517,qwen3.6:latest
Math-1-0844,Math,1,844,COR,logical,org.apache.commons.math3.fraction.Fraction,632,0,0.15,0.15,1505,qwen3.6:latest
Math-1-0845,Math,1,845,COR,logical,org.apache.commons.math3.fraction.Fraction,632,0,0.85,0.85,1490,qwen3.6:latest
Math-1-0846,Math,1,846,COR,logical,org.apache.commons.math3.fraction.Fraction,633,0,0.85,0.85,1496,qwen3.6:latest
Math-1-0847,Math,1,847,COR,logical,org.apache.commons.math3.fraction.Fraction,632,1,0.85,0.85,1489,qwen3.6:latest
Math-1-0848,Math,1,848,ORU,return_value,org.apache.commons.math3.fraction.Fraction,637,1,0.85,0.85,1424,qwen3.6:latest
Math-1-0849,Math,1,849,ORU,return_value,org.apache.commons.math3.fraction.Fraction,637,1,0.85,0.85,1429,qwen3.6:latest
Math-1-0850,Math,1,850,STD,statement_deletion,org.apache.commons.math3.fraction.Fraction,637,1,0.15,0.15,1425,qwen3.6:latest
Math-1-0851,Math,1,851,ORU,return_value,org.apache.commons.math3.fraction.Fraction,638,1,0.85,0.85,1428,qwen3.6:latest
Math-1-0852,Math,1,852,ORU,return_value,org.apache.commons.math3.fraction.Fraction,638,1,0.85,0.85,1422,qwen3.6:latest
Math-1-0853,Math,1,853,STD,statement_deletion,org.apache.commons.math3.fraction.Fraction,638,1,0.15,0.15,1423,qwen3.6:latest
Math-1-0854,Math,1,854,STD,statement_deletion,org.apache.commons.math3.fraction.Fraction,642,1,0.15,0.15,1402,qwen3.6:latest
Math-1-0855,Math,1,855,STD,statement_deletion,org.apache.commons.math3.fraction.Fraction,643,1,0.15,0.15,1402,qwen3.6:latest
Math-1-0856,Math,1,856,LVR,arithmetic,org.apache.commons.math3.fraction.Fraction,659,1,0.85,0.85,1431,qwen3.6:latest
Math-1-0857,Math,1,857,LVR,arithmetic,org.apache.commons.math3.fraction.Fraction,659,1,0.85,0.85,1438,qwen3.6:latest
Math-1-0858,Math,1,858,ROR,relational,org.apache.commons.math3.fraction.Fraction,659,0,0.95,0.95,1449,qwen3.6:latest
Math-1-0859,Math,1,859,ROR,relational,org.apache.commons.math3.fraction.Fraction,659,1,0.95,0.95,1424,qwen3.6:latest
Math-1-0860,Math,1,860,ROR,relational,org.apache.commons.math3.fraction.Fraction,659,1,0.95,0.95,1434,qwen3.6:latest
Math-1-0861,Math,1,861,STD,statement_deletion,org.apache.commons.math3.fraction.Fraction,660,1,0.15,0.15,1437,qwen3.6:latest
Math-1-0862,Math,1,862,LVR,arithmetic,org.apache.commons.math3.fraction.Fraction,661,0,0.85,0.85,1427,qwen3.6:latest
Math-1-0863,Math,1,863,LVR,arithmetic,org.apache.commons.math3.fraction.Fraction,661,0,0.85,0.85,1423,qwen3.6:latest
Math-1-0864,Math,1,864,ROR,relational,org.apache.commons.math3.fraction.Fraction,661,0,0.85,0.85,1489,qwen3.6:latest
Math-1-0865,Math,1,865,ROR,relational,org.apache.commons.math3.fraction.Fraction,661,1,0.85,0.85,1434,qwen3.6:latest
Math-1-0866,Math,1,866,ROR,relational,org.apache.commons.math3.fraction.Fraction,661,0,0.95,0.95,1426,qwen3.6:latest
Math-1-0867,Math,1,867,STD,statement_deletion,org.apache.commons.math3.fraction.Fraction,662,0,0.15,0.15,1444,qwen3.6:latest
Math-1-0868,Math,1,868,STD,statement_deletion,org.apache.commons.math3.fraction.Fraction,664,1,0.15,0.15,1411,qwen3.6:latest
Math-101-0001,Math,101,1,STD,statement_deletion,org.apache.commons.math.complex.ComplexFormat,111,1,0.15,0.15,1455,qwen3.6:latest
Math-101-0002,Math,101,2,STD,statement_deletion,org.apache.commons.math.complex.ComplexFormat,112,1,0.15,0.15,1430,qwen3.6:latest
Math-101-0003,Math,101,3,STD,statement_deletion,org.apache.commons.math.complex.ComplexFormat,113,1,0.15,0.15,1421,qwen3.6:latest
Math-101-0004,Math,101,4,LVR,arithmetic,org.apache.commons.math.complex.ComplexFormat,139,0,0.15,0.15,1441,qwen3.6:latest
Math-101-0005,Math,101,5,LVR,arithmetic,org.apache.commons.math.complex.ComplexFormat,139,0,0.15,0.15,1433,qwen3.6:latest
Math-101-0006,Math,101,6,STD,statement_deletion,org.apache.commons.math.complex.ComplexFormat,139,0,0.1,0.1,1410,qwen3.6:latest
Math-101-0007,Math,101,7,LVR,arithmetic,org.apache.commons.math.complex.ComplexFormat,140,0,0.15,0.15,1424,qwen3.6:latest
Math-101-0008,Math,101,8,LVR,arithmetic,org.apache.commons.math.complex.ComplexFormat,140,0,0.15,0.15,1436,qwen3.6:latest
Math-101-0009,Math,101,9,STD,statement_deletion,org.apache.commons.math.complex.ComplexFormat,140,0,0.15,0.15,1416,qwen3.6:latest
Math-101-0010,Math,101,10,STD,statement_deletion,org.apache.commons.math.complex.ComplexFormat,144,1,0.15,0.15,1459,qwen3.6:latest
Math-101-0011,Math,101,11,LVR,arithmetic,org.apache.commons.math.complex.ComplexFormat,148,1,0.15,0.15,1540,qwen3.6:latest
Math-101-0012,Math,101,12,LVR,arithmetic,org.apache.commons.math.complex.ComplexFormat,148,0,0.15,0.15,1536,qwen3.6:latest
Math-101-0013,Math,101,13,ROR,relational,org.apache.commons.math.complex.ComplexFormat,148,1,0.15,0.15,1543,qwen3.6:latest
Math-101-0014,Math,101,14,ROR,relational,org.apache.commons.math.complex.ComplexFormat,148,1,0.85,0.85,1525,qwen3.6:latest
Math-101-0015,Math,101,15,ROR,relational,org.apache.commons.math.complex.ComplexFormat,148,1,0.85,0.85,1522,qwen3.6:latest
Math-101-0016,Math,101,16,STD,statement_deletion,org.apache.commons.math.complex.ComplexFormat,149,1,0.15,0.15,1555,qwen3.6:latest
Math-101-0017,Math,101,17,ORU,return_value,org.apache.commons.math.complex.ComplexFormat,150,1,0.85,0.85,1527,qwen3.6:latest
Math-101-0018,Math,101,18,STD,statement_deletion,org.apache.commons.math.complex.ComplexFormat,150,1,0.1,0.1,1537,qwen3.6:latest
Math-101-0019,Math,101,19,STD,statement_deletion,org.apache.commons.math.complex.ComplexFormat,151,1,0.15,0.15,1533,qwen3.6:latest
Math-101-0020,Math,101,20,LVR,arithmetic,org.apache.commons.math.complex.ComplexFormat,152,1,0.15,0.15,1551,qwen3.6:latest
Math-101-0021,Math,101,21,LVR,arithmetic,org.apache.commons.math.complex.ComplexFormat,152,1,0.85,0.85,1511,qwen3.6:latest
Math-101-0022,Math,101,22,ROR,relational,org.apache.commons.math.complex.ComplexFormat,152,0,0.85,0.85,1493,qwen3.6:latest
Math-101-0023,Math,101,23,ROR,relational,org.apache.commons.math.complex.ComplexFormat,152,1,0.85,0.85,1501,qwen3.6:latest
Math-101-0024,Math,101,24,ROR,relational,org.apache.commons.math.complex.ComplexFormat,152,1,0.85,0.85,1508,qwen3.6:latest
Math-101-0025,Math,101,25,COR,logical,org.apache.commons.math.complex.ComplexFormat,152,0,0.85,0.85,1520,qwen3.6:latest
Math-101-0026,Math,101,26,COR,logical,org.apache.commons.math.complex.ComplexFormat,152,1,0.85,0.85,1536,qwen3.6:latest
Math-101-0027,Math,101,27,COR,logical,org.apache.commons.math.complex.ComplexFormat,152,1,0.75,0.75,1530,qwen3.6:latest
Math-101-0028,Math,101,28,COR,logical,org.apache.commons.math.complex.ComplexFormat,152,1,0.85,0.85,1513,qwen3.6:latest
Math-101-0029,Math,101,29,STD,statement_deletion,org.apache.commons.math.complex.ComplexFormat,153,1,0.15,0.15,1521,qwen3.6:latest
Math-101-0030,Math,101,30,STD,statement_deletion,org.apache.commons.math.complex.ComplexFormat,154,1,0.15,0.15,1458,qwen3.6:latest
Math-101-0031,Math,101,31,STD,statement_deletion,org.apache.commons.math.complex.ComplexFormat,155,1,0.1,0.1,1421,qwen3.6:latest
Math-101-0032,Math,101,32,STD,statement_deletion,org.apache.commons.math.complex.ComplexFormat,180,1,0.15,0.15,1445,qwen3.6:latest
Math-101-0033,Math,101,33,LVR,arithmetic,org.apache.commons.math.complex.ComplexFormat,182,1,0.15,0.15,1472,qwen3.6:latest
Math-101-0034,Math,101,34,LVR,arithmetic,org.apache.commons.math.complex.ComplexFormat,182,1,0.15,0.15,1420,qwen3.6:latest
Math-101-0035,Math,101,35,STD,statement_deletion,org.apache.commons.math.complex.ComplexFormat,182,1,0.15,0.15,1418,qwen3.6:latest
Math-101-0036,Math,101,36,COR,logical,org.apache.commons.math.complex.ComplexFormat,211,0,0.85,0.85,1521,qwen3.6:latest
Math-101-0037,Math,101,37,COR,logical,org.apache.commons.math.complex.ComplexFormat,211,1,0.85,0.85,1505,qwen3.6:latest
Math-101-0038,Math,101,38,COR,logical,org.apache.commons.math.complex.ComplexFormat,211,1,0.85,0.85,1511,qwen3.6:latest
Math-101-0039,Math,101,39,COR,logical,org.apache.commons.math.complex.ComplexFormat,211,1,0.85,0.85,1506,qwen3.6:latest
Math-101-0040,Math,101,40,STD,statement_deletion,org.apache.commons.math.complex.ComplexFormat,212,1,0.15,0.15,1507,qwen3.6:latest
Math-101-0041,Math,101,41,STD,statement_deletion,org.apache.commons.math.complex.ComplexFormat,213,1,0.15,0.15,1430,qwen3.6:latest
Math-101-0042,Math,101,42,STD,statement_deletion,org.apache.commons.math.complex.ComplexFormat,214,1,0.15,0.15,1431,qwen3.6:latest
Math-101-0043,Math,101,43,STD,statement_deletion,org.apache.commons.math.complex.ComplexFormat,216,1,0.15,0.15,1450,qwen3.6:latest
Math-101-0044,Math,101,44,LVR,arithmetic,org.apache.commons.math.complex.ComplexFormat,249,1,0.85,0.85,1454,qwen3.6:latest
Math-101-0045,Math,101,45,LVR,arithmetic,org.apache.commons.math.complex.ComplexFormat,249,1,0.15,0.15,1419,qwen3.6:latest
Math-101-0046,Math,101,46,STD,statement_deletion,org.apache.commons.math.complex.ComplexFormat,249,1,0.1,0.1,1418,qwen3.6:latest
Math-101-0047,Math,101,47,LVR,arithmetic,org.apache.commons.math.complex.ComplexFormat,304,0,0.15,0.15,1479,qwen3.6:latest
Math-101-0048,Math,101,48,LVR,arithmetic,org.apache.commons.math.complex.ComplexFormat,304,0,0.15,0.15,1439,qwen3.6:latest
Math-101-0049,Math,101,49,LVR,arithmetic,org.apache.commons.math.complex.ComplexFormat,306,0,0.15,0.15,1436,qwen3.6:latest
Math-101-0050,Math,101,50,LVR,arithmetic,org.apache.commons.math.complex.ComplexFormat,306,0,0.15,0.15,1437,qwen3.6:latest
Math-101-0051,Math,101,51,ROR,relational,org.apache.commons.math.complex.ComplexFormat,306,0,0.85,0.85,1428,qwen3.6:latest
Math-101-0052,Math,101,52,ROR,relational,org.apache.commons.math.complex.ComplexFormat,306,0,0.85,0.85,1429,qwen3.6:latest
Math-101-0053,Math,101,53,ROR,relational,org.apache.commons.math.complex.ComplexFormat,306,0,0.85,0.85,1459,qwen3.6:latest
Math-101-0054,Math,101,54,STD,statement_deletion,org.apache.commons.math.complex.ComplexFormat,324,0,0.15,0.15,1438,qwen3.6:latest
Math-101-0055,Math,101,55,ROR,relational,org.apache.commons.math.complex.ComplexFormat,328,0,0.15,0.15,1437,qwen3.6:latest
Math-101-0056,Math,101,56,STD,statement_deletion,org.apache.commons.math.complex.ComplexFormat,332,0,0.15,0.15,1422,qwen3.6:latest
Math-101-0057,Math,101,57,LVR,arithmetic,org.apache.commons.math.complex.ComplexFormat,344,1,0.25,0.25,1416,qwen3.6:latest
Math-101-0058,Math,101,58,LVR,arithmetic,org.apache.commons.math.complex.ComplexFormat,344,1,0.85,0.85,1421,qwen3.6:latest
Math-101-0059,Math,101,59,LVR,arithmetic,org.apache.commons.math.complex.ComplexFormat,346,1,0.85,0.85,1403,qwen3.6:latest
Math-101-0060,Math,101,60,LVR,arithmetic,org.apache.commons.math.complex.ComplexFormat,346,1,0.85,0.85,1434,qwen3.6:latest
Math-101-0061,Math,101,61,STD,statement_deletion,org.apache.commons.math.complex.ComplexFormat,346,1,0.15,0.15,1420,qwen3.6:latest
Math-101-0062,Math,101,62,LVR,arithmetic,org.apache.commons.math.complex.ComplexFormat,349,1,0.85,0.85,1417,qwen3.6:latest
Math-101-0063,Math,101,63,LVR,arithmetic,org.apache.commons.math.complex.ComplexFormat,349,1,0.2,0.2,1407,qwen3.6:latest
Math-101-0064,Math,101,64,STD,statement_deletion,org.apache.commons.math.complex.ComplexFormat,349,1,0.15,0.15,1433,qwen3.6:latest
Math-101-0065,Math,101,65,STD,statement_deletion,org.apache.commons.math.complex.ComplexFormat,355,0,0.1,0.1,1382,qwen3.6:latest
Math-101-0066,Math,101,66,STD,statement_deletion,org.apache.commons.math.complex.ComplexFormat,356,0,0.1,0.1,1397,qwen3.6:latest
Math-101-0067,Math,101,67,STD,statement_deletion,org.apache.commons.math.complex.ComplexFormat,361,1,0.15,0.15,1413,qwen3.6:latest
Math-101-0068,Math,101,68,ROR,relational,org.apache.commons.math.complex.ComplexFormat,365,0,0.15,0.15,1447,qwen3.6:latest
Math-101-0069,Math,101,69,STD,statement_deletion,org.apache.commons.math.complex.ComplexFormat,369,0,0.15,0.15,1430,qwen3.6:latest
Math-101-0070,Math,101,70,STD,statement_deletion,org.apache.commons.math.complex.ComplexFormat,375,1,0.15,0.15,1449,qwen3.6:latest
Math-101-0071,Math,101,71,AOR,arithmetic,org.apache.commons.math.complex.ComplexFormat,376,1,0.85,0.85,1439,qwen3.6:latest
Math-101-0072,Math,101,72,AOR,arithmetic,org.apache.commons.math.complex.ComplexFormat,376,1,0.75,0.75,1434,qwen3.6:latest
Math-101-0073,Math,101,73,AOR,arithmetic,org.apache.commons.math.complex.ComplexFormat,376,1,0.85,0.85,1422,qwen3.6:latest
Math-101-0074,Math,101,74,AOR,arithmetic,org.apache.commons.math.complex.ComplexFormat,376,1,0.15,0.15,1425,qwen3.6:latest
Math-101-0075,Math,101,75,ROR,relational,org.apache.commons.math.complex.ComplexFormat,377,0,0.75,0.75,1449,qwen3.6:latest
Math-101-0076,Math,101,76,ROR,relational,org.apache.commons.math.complex.ComplexFormat,377,0,0.85,0.85,1454,qwen3.6:latest
Math-101-0077,Math,101,77,ROR,relational,org.apache.commons.math.complex.ComplexFormat,377,1,0.75,0.75,1434,qwen3.6:latest
Math-101-0078,Math,101,78,ROR,relational,org.apache.commons.math.complex.ComplexFormat,378,0,0.85,0.85,1445,qwen3.6:latest
Math-101-0079,Math,101,79,ROR,relational,org.apache.commons.math.complex.ComplexFormat,378,1,0.85,0.85,1456,qwen3.6:latest
Math-101-0080,Math,101,80,ROR,relational,org.apache.commons.math.complex.ComplexFormat,378,0,0.85,0.85,1439,qwen3.6:latest
Math-101-0081,Math,101,81,COR,logical,org.apache.commons.math.complex.ComplexFormat,377,1,0.75,0.75,1451,qwen3.6:latest
Math-101-0082,Math,101,82,COR,logical,org.apache.commons.math.complex.ComplexFormat,377,0,0.75,0.75,1422,qwen3.6:latest
Math-101-0083,Math,101,83,COR,logical,org.apache.commons.math.complex.ComplexFormat,378,0,0.85,0.85,1439,qwen3.6:latest
Math-101-0084,Math,101,84,COR,logical,org.apache.commons.math.complex.ComplexFormat,377,1,0.85,0.85,1443,qwen3.6:latest
Math-101-0085,Math,101,85,LVR,arithmetic,org.apache.commons.math.complex.ComplexFormat,380,1,0.15,0.15,1453,qwen3.6:latest
Math-101-0086,Math,101,86,LVR,arithmetic,org.apache.commons.math.complex.ComplexFormat,380,1,0.85,0.85,1443,qwen3.6:latest
Math-101-0087,Math,101,87,ROR,relational,org.apache.commons.math.complex.ComplexFormat,379,0,0.75,0.75,1429,qwen3.6:latest
Math-101-0088,Math,101,88,ROR,relational,org.apache.commons.math.complex.ComplexFormat,379,0,0.85,0.85,1442,qwen3.6:latest
Math-101-0089,Math,101,89,ROR,relational,org.apache.commons.math.complex.ComplexFormat,380,1,0.85,0.85,1426,qwen3.6:latest
Math-101-0090,Math,101,90,COR,logical,org.apache.commons.math.complex.ComplexFormat,377,1,0.75,0.75,1434,qwen3.6:latest
Math-101-0091,Math,101,91,COR,logical,org.apache.commons.math.complex.ComplexFormat,377,0,0.75,0.75,1435,qwen3.6:latest
Math-101-0092,Math,101,92,COR,logical,org.apache.commons.math.complex.ComplexFormat,379,1,0.85,0.85,1451,qwen3.6:latest
Math-101-0093,Math,101,93,COR,logical,org.apache.commons.math.complex.ComplexFormat,378,1,0.85,0.85,1425,qwen3.6:latest
Math-101-0094,Math,101,94,STD,statement_deletion,org.apache.commons.math.complex.ComplexFormat,383,0,0.15,0.15,1423,qwen3.6:latest
Math-101-0095,Math,101,95,STD,statement_deletion,org.apache.commons.math.complex.ComplexFormat,384,1,0.15,0.15,1426,qwen3.6:latest
Math-101-0096,Math,101,96,STD,statement_deletion,org.apache.commons.math.complex.ComplexFormat,387,0,0.15,0.15,1421,qwen3.6:latest
Math-101-0097,Math,101,97,AOR,arithmetic,org.apache.commons.math.complex.ComplexFormat,389,1,0.15,0.15,1432,qwen3.6:latest
Math-101-0098,Math,101,98,AOR,arithmetic,org.apache.commons.math.complex.ComplexFormat,389,1,0.85,0.85,1421,qwen3.6:latest
Math-101-0099,Math,101,99,AOR,arithmetic,org.apache.commons.math.complex.ComplexFormat,389,1,0.85,0.85,1402,qwen3.6:latest
Math-101-0100,Math,101,100,AOR,arithmetic,org.apache.commons.math.complex.ComplexFormat,389,0,0.85,0.85,1395,qwen3.6:latest
Math-101-0101,Math,101,101,STD,statement_deletion,org.apache.commons.math.complex.ComplexFormat,400,1,0.15,0.15,1425,qwen3.6:latest
Math-101-0102,Math,101,102,LVR,arithmetic,org.apache.commons.math.complex.ComplexFormat,401,1,0.85,0.85,1442,qwen3.6:latest
Math-101-0103,Math,101,103,LVR,arithmetic,org.apache.commons.math.complex.ComplexFormat,401,1,0.85,0.85,1446,qwen3.6:latest
Math-101-0104,Math,101,104,AOR,arithmetic,org.apache.commons.math.complex.ComplexFormat,401,1,0.85,0.85,1497,qwen3.6:latest
Math-101-0105,Math,101,105,AOR,arithmetic,org.apache.commons.math.complex.ComplexFormat,401,1,0.85,0.85,1492,qwen3.6:latest
Math-101-0106,Math,101,106,AOR,arithmetic,org.apache.commons.math.complex.ComplexFormat,401,1,0.85,0.85,1492,qwen3.6:latest
Math-101-0107,Math,101,107,AOR,arithmetic,org.apache.commons.math.complex.ComplexFormat,401,1,0.85,0.85,1514,qwen3.6:latest
Math-101-0108,Math,101,108,STD,statement_deletion,org.apache.commons.math.complex.ComplexFormat,401,1,0.15,0.15,1459,qwen3.6:latest
Math-101-0109,Math,101,109,LVR,arithmetic,org.apache.commons.math.complex.ComplexFormat,414,1,0.85,0.85,1459,qwen3.6:latest
Math-101-0110,Math,101,110,LVR,arithmetic,org.apache.commons.math.complex.ComplexFormat,414,1,0.85,0.85,1448,qwen3.6:latest
Math-101-0111,Math,101,111,ROR,relational,org.apache.commons.math.complex.ComplexFormat,416,0,0.85,0.85,1437,qwen3.6:latest
Math-101-0112,Math,101,112,ROR,relational,org.apache.commons.math.complex.ComplexFormat,416,1,0.85,0.85,1427,qwen3.6:latest
Math-101-0113,Math,101,113,ROR,relational,org.apache.commons.math.complex.ComplexFormat,416,1,0.85,0.85,1434,qwen3.6:latest
Math-101-0114,Math,101,114,ROR,relational,org.apache.commons.math.complex.ComplexFormat,420,0,0.85,0.85,1421,qwen3.6:latest
Math-101-0115,Math,101,115,ROR,relational,org.apache.commons.math.complex.ComplexFormat,420,0,0.85,0.85,1416,qwen3.6:latest
Math-101-0116,Math,101,116,ROR,relational,org.apache.commons.math.complex.ComplexFormat,420,1,0.85,0.85,1424,qwen3.6:latest
Math-101-0117,Math,101,117,COR,logical,org.apache.commons.math.complex.ComplexFormat,420,1,0.75,0.75,1434,qwen3.6:latest
Math-101-0118,Math,101,118,COR,logical,org.apache.commons.math.complex.ComplexFormat,420,1,0.85,0.85,1414,qwen3.6:latest
Math-101-0119,Math,101,119,COR,logical,org.apache.commons.math.complex.ComplexFormat,420,0,0.85,0.85,1394,qwen3.6:latest
Math-101-0120,Math,101,120,COR,logical,org.apache.commons.math.complex.ComplexFormat,420,1,0.85,0.85,1418,qwen3.6:latest
Math-101-0121,Math,101,121,STD,statement_deletion,org.apache.commons.math.complex.ComplexFormat,421,1,0.15,0.15,1401,qwen3.6:latest
Math-101-0122,Math,101,122,ROR,relational,org.apache.commons.math.complex.ComplexFormat,423,0,0.85,0.85,1445,qwen3.6:latest
Math-101-0123,Math,101,123,ROR,relational,org.apache.commons.math.complex.ComplexFormat,423,0,0.85,0.85,1464,qwen3.6:latest
Math-101-0124,Math,101,124,ROR,relational,org.apache.commons.math.complex.ComplexFormat,423,1,0.85,0.85,1407,qwen3.6:latest
Math-101-0125,Math,101,125,STD,statement_deletion,org.apache.commons.math.complex.ComplexFormat,424,1,0.1,0.1,1376,qwen3.6:latest
Math-101-0126,Math,101,126,STD,statement_deletion,org.apache.commons.math.complex.ComplexFormat,444,1,0.1,0.1,1403,qwen3.6:latest
Math-101-0127,Math,101,127,STD,statement_deletion,org.apache.commons.math.complex.ComplexFormat,445,1,0.15,0.15,1441,qwen3.6:latest
Math-101-0128,Math,101,128,STD,statement_deletion,org.apache.commons.math.complex.ComplexFormat,446,1,0.15,0.15,1467,qwen3.6:latest
Math-101-0129,Math,101,129,AOR,arithmetic,org.apache.commons.math.complex.ComplexFormat,450,1,0.85,0.85,1439,qwen3.6:latest
Math-101-0130,Math,101,130,AOR,arithmetic,org.apache.commons.math.complex.ComplexFormat,450,1,0.85,0.85,1460,qwen3.6:latest
Math-101-0131,Math,101,131,AOR,arithmetic,org.apache.commons.math.complex.ComplexFormat,450,1,0.85,0.85,1423,qwen3.6:latest
Math-101-0132,Math,101,132,AOR,arithmetic,org.apache.commons.math.complex.ComplexFormat,450,1,0.85,0.85,1443,qwen3.6:latest
Math-101-0133,Math,101,133,ROR,relational,org.apache.commons.math.complex.ComplexFormat,451,0,0.85,0.85,1415,qwen3.6:latest
Math-101-0134,Math,101,134,ROR,relational,org.apache.commons.math.complex.ComplexFormat,451,0,0.85,0.85,1430,qwen3.6:latest
Math-101-0135,Math,101,135,ROR,relational,org.apache.commons.math.complex.ComplexFormat,451,1,0.85,0.85,1414,qwen3.6:latest
Math-101-0136,Math,101,136,LVR,arithmetic,org.apache.commons.math.complex.ComplexFormat,452,1,0.15,0.15,1415,qwen3.6:latest
Math-101-0137,Math,101,137,LVR,arithmetic,org.apache.commons.math.complex.ComplexFormat,452,1,0.15,0.15,1421,qwen3.6:latest
Math-101-0138,Math,101,138,ROR,relational,org.apache.commons.math.complex.ComplexFormat,452,1,0.85,0.85,1406,qwen3.6:latest
Math-101-0139,Math,101,139,ROR,relational,org.apache.commons.math.complex.ComplexFormat,452,0,0.85,0.85,1410,qwen3.6:latest
Math-101-0140,Math,101,140,ROR,relational,org.apache.commons.math.complex.ComplexFormat,452,1,0.85,0.85,1430,qwen3.6:latest
Math-101-0141,Math,101,141,STD,statement_deletion,org.apache.commons.math.complex.ComplexFormat,453,1,0.15,0.15,1419,qwen3.6:latest
Math-101-0142,Math,101,142,STD,statement_deletion,org.apache.commons.math.complex.ComplexFormat,454,1,0.15,0.15,1426,qwen3.6:latest
Math-101-0143,Math,101,143,ROR,relational,org.apache.commons.math.complex.ComplexFormat,477,1,0.85,0.85,1532,qwen3.6:latest
Math-101-0144,Math,101,144,ROR,relational,org.apache.commons.math.complex.ComplexFormat,477,0,0.85,0.85,1533,qwen3.6:latest
Math-101-0145,Math,101,145,ROR,relational,org.apache.commons.math.complex.ComplexFormat,477,1,0.85,0.85,1502,qwen3.6:latest
Math-101-0146,Math,101,146,LVR,arithmetic,org.apache.commons.math.complex.ComplexFormat,480,1,0.15,0.15,1423,qwen3.6:latest
Math-101-0147,Math,101,147,LVR,arithmetic,org.apache.commons.math.complex.ComplexFormat,480,1,0.85,0.85,1434,qwen3.6:latest
Math-101-0148,Math,101,148,ROR,relational,org.apache.commons.math.complex.ComplexFormat,480,0,0.85,0.85,1442,qwen3.6:latest
Math-101-0149,Math,101,149,ROR,relational,org.apache.commons.math.complex.ComplexFormat,480,1,0.85,0.85,1432,qwen3.6:latest
Math-101-0150,Math,101,150,STD,statement_deletion,org.apache.commons.math.complex.ComplexFormat,481,1,0.15,0.15,1415,qwen3.6:latest
Math-101-0151,Math,101,151,ROR,relational,org.apache.commons.math.complex.ComplexFormat,482,1,0.85,0.85,1494,qwen3.6:latest
Math-101-0152,Math,101,152,ROR,relational,org.apache.commons.math.complex.ComplexFormat,509,1,0.95,0.95,1541,qwen3.6:latest
Math-101-0153,Math,101,153,LVR,arithmetic,org.apache.commons.math.complex.ComplexFormat,509,1,0.15,0.15,1487,qwen3.6:latest
Math-101-0154,Math,101,154,LVR,arithmetic,org.apache.commons.math.complex.ComplexFormat,509,1,0.15,0.15,1467,qwen3.6:latest
Math-101-0155,Math,101,155,ROR,relational,org.apache.commons.math.complex.ComplexFormat,509,1,0.85,0.85,1476,qwen3.6:latest
Math-101-0156,Math,101,156,ROR,relational,org.apache.commons.math.complex.ComplexFormat,509,1,0.85,0.85,1456,qwen3.6:latest
Math-101-0157,Math,101,157,COR,logical,org.apache.commons.math.complex.ComplexFormat,509,1,0.85,0.85,1511,qwen3.6:latest
Math-101-0158,Math,101,158,COR,logical,org.apache.commons.math.complex.ComplexFormat,509,1,0.85,0.85,1553,qwen3.6:latest
Math-101-0159,Math,101,159,COR,logical,org.apache.commons.math.complex.ComplexFormat,509,1,0.85,0.85,1441,qwen3.6:latest
Math-101-0160,Math,101,160,COR,logical,org.apache.commons.math.complex.ComplexFormat,509,1,0.95,0.95,1458,qwen3.6:latest
Math-101-0161,Math,101,161,STD,statement_deletion,org.apache.commons.math.complex.ComplexFormat,513,1,0.15,0.15,1438,qwen3.6:latest
Math-101-0162,Math,101,162,ROR,relational,org.apache.commons.math.complex.ComplexFormat,523,1,0.95,0.95,1443,qwen3.6:latest
Math-101-0163,Math,101,163,STD,statement_deletion,org.apache.commons.math.complex.ComplexFormat,527,1,0.15,0.15,1450,qwen3.6:latest
Math-101-0164,Math,101,164,ROR,relational,org.apache.commons.math.complex.ComplexFormat,537,1,0.95,0.95,1448,qwen3.6:latest
Math-101-0165,Math,101,165,STD,statement_deletion,org.apache.commons.math.complex.ComplexFormat,541,1,0.15,0.15,1412,qwen3.6:latest
Math-105-0001,Math,105,1,LVR,arithmetic,org.apache.commons.math.stat.regression.SimpleRegression,60,1,0.15,0.15,1525,qwen3.6:latest
Math-105-0002,Math,105,2,LVR,arithmetic,org.apache.commons.math.stat.regression.SimpleRegression,60,1,0.15,0.15,1466,qwen3.6:latest
Math-105-0003,Math,105,3,LVR,arithmetic,org.apache.commons.math.stat.regression.SimpleRegression,63,1,0.15,0.15,1469,qwen3.6:latest
Math-105-0004,Math,105,4,LVR,arithmetic,org.apache.commons.math.stat.regression.SimpleRegression,63,1,0.15,0.15,1447,qwen3.6:latest
Math-105-0005,Math,105,5,LVR,arithmetic,org.apache.commons.math.stat.regression.SimpleRegression,66,1,0.15,0.15,1423,qwen3.6:latest
Math-105-0006,Math,105,6,LVR,arithmetic,org.apache.commons.math.stat.regression.SimpleRegression,66,1,0.15,0.15,1436,qwen3.6:latest
Math-105-0007,Math,105,7,LVR,arithmetic,org.apache.commons.math.stat.regression.SimpleRegression,69,1,0.15,0.15,1443,qwen3.6:latest
Math-105-0008,Math,105,8,LVR,arithmetic,org.apache.commons.math.stat.regression.SimpleRegression,69,1,0.15,0.15,1405,qwen3.6:latest
Math-105-0009,Math,105,9,LVR,arithmetic,org.apache.commons.math.stat.regression.SimpleRegression,72,1,0.15,0.15,1444,qwen3.6:latest
Math-105-0010,Math,105,10,LVR,arithmetic,org.apache.commons.math.stat.regression.SimpleRegression,72,1,0.15,0.15,1473,qwen3.6:latest
Math-105-0011,Math,105,11,LVR,arithmetic,org.apache.commons.math.stat.regression.SimpleRegression,75,1,0.15,0.15,1421,qwen3.6:latest
Math-105-0012,Math,105,12,LVR,arithmetic,org.apache.commons.math.stat.regression.SimpleRegression,75,1,0.15,0.15,1409,qwen3.6:latest
Math-105-0013,Math,105,13,LVR,arithmetic,org.apache.commons.math.stat.regression.SimpleRegression,78,0,0.15,0.15,1394,qwen3.6:latest
Math-105-0014,Math,105,14,LVR,arithmetic,org.apache.commons.math.stat.regression.SimpleRegression,78,0,0.15,0.15,1436,qwen3.6:latest
Math-105-0015,Math,105,15,LVR,arithmetic,org.apache.commons.math.stat.regression.SimpleRegression,81,0,0.15,0.15,1474,qwen3.6:latest
Math-105-0016,Math,105,16,LVR,arithmetic,org.apache.commons.math.stat.regression.SimpleRegression,81,0,0.15,0.15,1490,qwen3.6:latest
Math-105-0017,Math,105,17,LVR,arithmetic,org.apache.commons.math.stat.regression.SimpleRegression,106,1,0.85,0.85,1489,qwen3.6:latest
Math-105-0018,Math,105,18,LVR,arithmetic,org.apache.commons.math.stat.regression.SimpleRegression,106,0,0.85,0.85,1459,qwen3.6:latest
Math-105-0019,Math,105,19,ROR,relational,org.apache.commons.math.stat.regression.SimpleRegression,106,0,0.85,0.85,1500,qwen3.6:latest
Math-105-0020,Math,105,20,ROR,relational,org.apache.commons.math.stat.regression.SimpleRegression,106,1,0.75,0.75,1460,qwen3.6:latest
Math-105-0021,Math,105,21,ROR,relational,org.apache.commons.math.stat.regression.SimpleRegression,106,0,0.85,0.85,1476,qwen3.6:latest
Math-105-0022,Math,105,22,STD,statement_deletion,org.apache.commons.math.stat.regression.SimpleRegression,107,1,0.85,0.85,1540,qwen3.6:latest
Math-105-0023,Math,105,23,STD,statement_deletion,org.apache.commons.math.stat.regression.SimpleRegression,108,1,0.85,0.85,1572,qwen3.6:latest
Math-105-0024,Math,105,24,AOR,arithmetic,org.apache.commons.math.stat.regression.SimpleRegression,110,1,0.85,0.85,1598,qwen3.6:latest
Math-105-0025,Math,105,25,AOR,arithmetic,org.apache.commons.math.stat.regression.SimpleRegression,110,1,0.85,0.85,1574,qwen3.6:latest
Math-105-0026,Math,105,26,AOR,arithmetic,org.apache.commons.math.stat.regression.SimpleRegression,110,1,0.85,0.85,1593,qwen3.6:latest
Math-105-0027,Math,105,27,AOR,arithmetic,org.apache.commons.math.stat.regression.SimpleRegression,110,1,0.85,0.85,1612,qwen3.6:latest
Math-105-0028,Math,105,28,AOR,arithmetic,org.apache.commons.math.stat.regression.SimpleRegression,111,1,0.85,0.85,1583,qwen3.6:latest
Math-105-0029,Math,105,29,AOR,arithmetic,org.apache.commons.math.stat.regression.SimpleRegression,111,1,0.85,0.85,1561,qwen3.6:latest
Math-105-0030,Math,105,30,AOR,arithmetic,org.apache.commons.math.stat.regression.SimpleRegression,111,1,0.85,0.85,1602,qwen3.6:latest
Math-105-0031,Math,105,31,AOR,arithmetic,org.apache.commons.math.stat.regression.SimpleRegression,111,1,0.85,0.85,1596,qwen3.6:latest
Math-105-0032,Math,105,32,AOR,arithmetic,org.apache.commons.math.stat.regression.SimpleRegression,112,1,0.85,0.85,1577,qwen3.6:latest
Math-105-0033,Math,105,33,AOR,arithmetic,org.apache.commons.math.stat.regression.SimpleRegression,112,1,0.85,0.85,1630,qwen3.6:latest
Math-105-0034,Math,105,34,AOR,arithmetic,org.apache.commons.math.stat.regression.SimpleRegression,112,1,0.85,0.85,1568,qwen3.6:latest
Math-105-0035,Math,105,35,AOR,arithmetic,org.apache.commons.math.stat.regression.SimpleRegression,112,1,0.85,0.85,1591,qwen3.6:latest
Math-105-0036,Math,105,36,AOR,arithmetic,org.apache.commons.math.stat.regression.SimpleRegression,112,1,0.85,0.85,1591,qwen3.6:latest
Math-105-0037,Math,105,37,AOR,arithmetic,org.apache.commons.math.stat.regression.SimpleRegression,112,1,0.85,0.85,1587,qwen3.6:latest
Math-105-0038,Math,105,38,AOR,arithmetic,org.apache.commons.math.stat.regression.SimpleRegression,112,1,0.85,0.85,1606,qwen3.6:latest
Math-105-0039,Math,105,39,AOR,arithmetic,org.apache.commons.math.stat.regression.SimpleRegression,112,1,0.85,0.85,1627,qwen3.6:latest
Math-105-0040,Math,105,40,LVR,arithmetic,org.apache.commons.math.stat.regression.SimpleRegression,112,1,0.85,0.85,1611,qwen3.6:latest
Math-105-0041,Math,105,41,LVR,arithmetic,org.apache.commons.math.stat.regression.SimpleRegression,112,1,0.75,0.75,1599,qwen3.6:latest
Math-105-0042,Math,105,42,AOR,arithmetic,org.apache.commons.math.stat.regression.SimpleRegression,112,1,0.85,0.85,1600,qwen3.6:latest
Math-105-0043,Math,105,43,AOR,arithmetic,org.apache.commons.math.stat.regression.SimpleRegression,112,1,0.85,0.85,1599,qwen3.6:latest
Math-105-0044,Math,105,44,AOR,arithmetic,org.apache.commons.math.stat.regression.SimpleRegression,112,1,0.85,0.85,1605,qwen3.6:latest
Math-105-0045,Math,105,45,AOR,arithmetic,org.apache.commons.math.stat.regression.SimpleRegression,112,1,0.85,0.85,1590,qwen3.6:latest
Math-105-0046,Math,105,46,AOR,arithmetic,org.apache.commons.math.stat.regression.SimpleRegression,112,1,0.85,0.85,1629,qwen3.6:latest
Math-105-0047,Math,105,47,AOR,arithmetic,org.apache.commons.math.stat.regression.SimpleRegression,112,1,0.85,0.85,1608,qwen3.6:latest
Math-105-0048,Math,105,48,AOR,arithmetic,org.apache.commons.math.stat.regression.SimpleRegression,112,1,0.85,0.85,1628,qwen3.6:latest
Math-105-0049,Math,105,49,AOR,arithmetic,org.apache.commons.math.stat.regression.SimpleRegression,112,1,0.85,0.85,1607,qwen3.6:latest
Math-105-0050,Math,105,50,STD,statement_deletion,org.apache.commons.math.stat.regression.SimpleRegression,112,1,0.85,0.85,1615,qwen3.6:latest
Math-105-0051,Math,105,51,AOR,arithmetic,org.apache.commons.math.stat.regression.SimpleRegression,113,1,0.75,0.75,1603,qwen3.6:latest
Math-105-0052,Math,105,52,AOR,arithmetic,org.apache.commons.math.stat.regression.SimpleRegression,113,1,0.85,0.85,1630,qwen3.6:latest
Math-105-0053,Math,105,53,AOR,arithmetic,org.apache.commons.math.stat.regression.SimpleRegression,113,1,0.85,0.85,1592,qwen3.6:latest
Math-105-0054,Math,105,54,AOR,arithmetic,org.apache.commons.math.stat.regression.SimpleRegression,113,1,0.85,0.85,1600,qwen3.6:latest
Math-105-0055,Math,105,55,AOR,arithmetic,org.apache.commons.math.stat.regression.SimpleRegression,113,1,0.75,0.75,1590,qwen3.6:latest
Math-105-0056,Math,105,56,AOR,arithmetic,org.apache.commons.math.stat.regression.SimpleRegression,113,1,0.85,0.85,1586,qwen3.6:latest
Math-105-0057,Math,105,57,AOR,arithmetic,org.apache.commons.math.stat.regression.SimpleRegression,113,1,0.85,0.85,1571,qwen3.6:latest
Math-105-0058,Math,105,58,AOR,arithmetic,org.apache.commons.math.stat.regression.SimpleRegression,113,1,0.85,0.85,1608,qwen3.6:latest
Math-105-0059,Math,105,59,LVR,arithmetic,org.apache.commons.math.stat.regression.SimpleRegression,113,1,0.75,0.75,1556,qwen3.6:latest
Math-105-0060,Math,105,60,LVR,arithmetic,org.apache.commons.math.stat.regression.SimpleRegression,113,1,0.75,0.75,1589,qwen3.6:latest
Math-105-0061,Math,105,61,AOR,arithmetic,org.apache.commons.math.stat.regression.SimpleRegression,113,1,0.85,0.85,1593,qwen3.6:latest
Math-105-0062,Math,105,62,AOR,arithmetic,org.apache.commons.math.stat.regression.SimpleRegression,113,1,0.85,0.85,1591,qwen3.6:latest
Math-105-0063,Math,105,63,AOR,arithmetic,org.apache.commons.math.stat.regression.SimpleRegression,113,1,0.85,0.85,1556,qwen3.6:latest
Math-105-0064,Math,105,64,AOR,arithmetic,org.apache.commons.math.stat.regression.SimpleRegression,113,1,0.75,0.75,1551,qwen3.6:latest
Math-105-0065,Math,105,65,AOR,arithmetic,org.apache.commons.math.stat.regression.SimpleRegression,113,1,0.75,0.75,1550,qwen3.6:latest
Math-105-0066,Math,105,66,AOR,arithmetic,org.apache.commons.math.stat.regression.SimpleRegression,113,1,0.75,0.75,1543,qwen3.6:latest
Math-105-0067,Math,105,67,AOR,arithmetic,org.apache.commons.math.stat.regression.SimpleRegression,113,1,0.75,0.75,1586,qwen3.6:latest
Math-105-0068,Math,105,68,AOR,arithmetic,org.apache.commons.math.stat.regression.SimpleRegression,113,1,0.85,0.85,1610,qwen3.6:latest
Math-105-0069,Math,105,69,STD,statement_deletion,org.apache.commons.math.stat.regression.SimpleRegression,113,1,0.75,0.75,1598,qwen3.6:latest
Math-105-0070,Math,105,70,AOR,arithmetic,org.apache.commons.math.stat.regression.SimpleRegression,114,1,0.85,0.85,1594,qwen3.6:latest
Math-105-0071,Math,105,71,AOR,arithmetic,org.apache.commons.math.stat.regression.SimpleRegression,114,1,0.85,0.85,1606,qwen3.6:latest
Math-105-0072,Math,105,72,AOR,arithmetic,org.apache.commons.math.stat.regression.SimpleRegression,114,1,0.85,0.85,1586,qwen3.6:latest
Math-105-0073,Math,105,73,AOR,arithmetic,org.apache.commons.math.stat.regression.SimpleRegression,114,1,0.85,0.85,1610,qwen3.6:latest
Math-105-0074,Math,105,74,AOR,arithmetic,org.apache.commons.math.stat.regression.SimpleRegression,114,1,0.85,0.85,1607,qwen3.6:latest
Math-105-0075,Math,105,75,AOR,arithmetic,org.apache.commons.math.stat.regression.SimpleRegression,114,1,0.85,0.85,1590,qwen3.6:latest
Math-105-0076,Math,105,76,AOR,arithmetic,org.apache.commons.math.stat.regression.SimpleRegression,114,1,0.85,0.85,1596,qwen3.6:latest
Math-105-0077,Math,105,77,AOR,arithmetic,org.apache.commons.math.stat.regression.SimpleRegression,114,1,0.85,0.85,1670,qwen3.6:latest
Math-105-0078,Math,105,78,LVR,arithmetic,org.apache.commons.math.stat.regression.SimpleRegression,114,1,0.85,0.85,1576,qwen3.6:latest
Math-105-0079,Math,105,79,LVR,arithmetic,org.apache.commons.math.stat.regression.SimpleRegression,114,1,0.85,0.85,1596,qwen3.6:latest
Math-105-0080,Math,105,80,AOR,arithmetic,org.apache.commons.math.stat.regression.SimpleRegression,114,1,0.85,0.85,1603,qwen3.6:latest
Math-105-0081,Math,105,81,AOR,arithmetic,org.apache.commons.math.stat.regression.SimpleRegression,114,1,0.85,0.85,1576,qwen3.6:latest
Math-105-0082,Math,105,82,AOR,arithmetic,org.apache.commons.math.stat.regression.SimpleRegression,114,1,0.85,0.85,1590,qwen3.6:latest
Math-105-0083,Math,105,83,AOR,arithmetic,org.apache.commons.math.stat.regression.SimpleRegression,114,1,0.85,0.85,1602,qwen3.6:latest
Math-105-0084,Math,105,84,AOR,arithmetic,org.apache.commons.math.stat.regression.SimpleRegression,114,1,0.85,0.85,1590,qwen3.6:latest
Math-105-0085,Math,105,85,AOR,arithmetic,org.apache.commons.math.stat.regression.SimpleRegression,114,1,0.85,0.85,1594,qwen3.6:latest
Math-105-0086,Math,105,86,AOR,arithmetic,org.apache.commons.math.stat.regression.SimpleRegression,114,1,0.85,0.85,1609,qwen3.6:latest
Math-105-0087,Math,105,87,AOR,arithmetic,org.apache.commons.math.stat.regression.SimpleRegression,114,1,0.85,0.85,1614,qwen3.6:latest
Math-105-0088,Math,105,88,STD,statement_deletion,org.apache.commons.math.stat.regression.SimpleRegression,114,1,0.75,0.75,1582,qwen3.6:latest
Math-105-0089,Math,105,89,LVR,arithmetic,org.apache.commons.math.stat.regression.SimpleRegression,115,1,0.85,0.85,1577,qwen3.6:latest
Math-105-0090,Math,105,90,LVR,arithmetic,org.apache.commons.math.stat.regression.SimpleRegression,115,1,0.85,0.85,1588,qwen3.6:latest
Math-105-0091,Math,105,91,AOR,arithmetic,org.apache.commons.math.stat.regression.SimpleRegression,115,1,0.75,0.75,1583,qwen3.6:latest
Math-105-0092,Math,105,92,AOR,arithmetic,org.apache.commons.math.stat.regression.SimpleRegression,115,1,0.85,0.85,1573,qwen3.6:latest
Math-105-0093,Math,105,93,AOR,arithmetic,org.apache.commons.math.stat.regression.SimpleRegression,115,1,0.85,0.85,1581,qwen3.6:latest
Math-105-0094,Math,105,94,AOR,arithmetic,org.apache.commons.math.stat.regression.SimpleRegression,115,1,0.75,0.75,1590,qwen3.6:latest
Math-105-0095,Math,105,95,AOR,arithmetic,org.apache.commons.math.stat.regression.SimpleRegression,115,1,0.75,0.75,1586,qwen3.6:latest
Math-105-0096,Math,105,96,AOR,arithmetic,org.apache.commons.math.stat.regression.SimpleRegression,115,1,0.75,0.75,1651,qwen3.6:latest
Math-105-0097,Math,105,97,AOR,arithmetic,org.apache.commons.math.stat.regression.SimpleRegression,115,1,0.75,0.75,1605,qwen3.6:latest
Math-105-0098,Math,105,98,AOR,arithmetic,org.apache.commons.math.stat.regression.SimpleRegression,115,1,0.85,0.85,1653,qwen3.6:latest
Math-105-0099,Math,105,99,STD,statement_deletion,org.apache.commons.math.stat.regression.SimpleRegression,115,1,0.75,0.75,1607,qwen3.6:latest
Math-105-0100,Math,105,100,LVR,arithmetic,org.apache.commons.math.stat.regression.SimpleRegression,116,1,0.75,0.75,1563,qwen3.6:latest
Math-105-0101,Math,105,101,LVR,arithmetic,org.apache.commons.math.stat.regression.SimpleRegression,116,1,0.75,0.75,1606,qwen3.6:latest
Math-105-0102,Math,105,102,AOR,arithmetic,org.apache.commons.math.stat.regression.SimpleRegression,116,1,0.85,0.85,1636,qwen3.6:latest
Math-105-0103,Math,105,103,AOR,arithmetic,org.apache.commons.math.stat.regression.SimpleRegression,116,1,0.85,0.85,1621,qwen3.6:latest
Math-105-0104,Math,105,104,AOR,arithmetic,org.apache.commons.math.stat.regression.SimpleRegression,116,1,0.85,0.85,1574,qwen3.6:latest
Math-105-0105,Math,105,105,AOR,arithmetic,org.apache.commons.math.stat.regression.SimpleRegression,116,1,0.75,0.75,1606,qwen3.6:latest
Math-105-0106,Math,105,106,AOR,arithmetic,org.apache.commons.math.stat.regression.SimpleRegression,116,1,0.75,0.75,1597,qwen3.6:latest
Math-105-0107,Math,105,107,AOR,arithmetic,org.apache.commons.math.stat.regression.SimpleRegression,116,1,0.75,0.75,1582,qwen3.6:latest
Math-105-0108,Math,105,108,AOR,arithmetic,org.apache.commons.math.stat.regression.SimpleRegression,116,1,0.75,0.75,1593,qwen3.6:latest
Math-105-0109,Math,105,109,AOR,arithmetic,org.apache.commons.math.stat.regression.SimpleRegression,116,1,0.85,0.85,1578,qwen3.6:latest
Math-105-0110,Math,105,110,STD,statement_deletion,org.apache.commons.math.stat.regression.SimpleRegression,116,1,0.25,0.25,1578,qwen3.6:latest
Math-105-0111,Math,105,111,STD,statement_deletion,org.apache.commons.math.stat.regression.SimpleRegression,118,1,0.95,0.95,1584,qwen3.6:latest
Math-105-0112,Math,105,112,STD,statement_deletion,org.apache.commons.math.stat.regression.SimpleRegression,119,1,0.15,0.15,1538,qwen3.6:latest
Math-105-0113,Math,105,113,STD,statement_deletion,org.apache.commons.math.stat.regression.SimpleRegression,120,1,0.15,0.15,1496,qwen3.6:latest
Math-105-0114,Math,105,114,LVR,arithmetic,org.apache.commons.math.stat.regression.SimpleRegression,140,1,0.85,0.85,1468,qwen3.6:latest
Math-105-0115,Math,105,115,LVR,arithmetic,org.apache.commons.math.stat.regression.SimpleRegression,140,1,0.85,0.85,1503,qwen3.6:latest
Math-105-0116,Math,105,116,ROR,relational,org.apache.commons.math.stat.regression.SimpleRegression,140,1,0.85,0.85,1520,qwen3.6:latest
Math-105-0117,Math,105,117,ROR,relational,org.apache.commons.math.stat.regression.SimpleRegression,140,1,0.85,0.85,1490,qwen3.6:latest
Math-105-0118,Math,105,118,LVR,arithmetic,org.apache.commons.math.stat.regression.SimpleRegression,141,1,0.85,0.85,1470,qwen3.6:latest
Math-105-0119,Math,105,119,LVR,arithmetic,org.apache.commons.math.stat.regression.SimpleRegression,141,1,0.85,0.85,1463,qwen3.6:latest
Math-105-0120,Math,105,120,LVR,arithmetic,org.apache.commons.math.stat.regression.SimpleRegression,141,1,0.85,0.85,1458,qwen3.6:latest
Math-105-0121,Math,105,121,LVR,arithmetic,org.apache.commons.math.stat.regression.SimpleRegression,141,1,0.85,0.85,1470,qwen3.6:latest
Math-105-0122,Math,105,122,STD,statement_deletion,org.apache.commons.math.stat.regression.SimpleRegression,141,1,0.85,0.85,1464,qwen3.6:latest
Math-105-0123,Math,105,123,LVR,arithmetic,org.apache.commons.math.stat.regression.SimpleRegression,149,0,0.85,0.85,1459,qwen3.6:latest
Math-105-0124,Math,105,124,LVR,arithmetic,org.apache.commons.math.stat.regression.SimpleRegression,149,0,0.85,0.85,1447,qwen3.6:latest
Math-105-0125,Math,105,125,STD,statement_deletion,org.apache.commons.math.stat.regression.SimpleRegression,149,0,0.1,0.1,1430,qwen3.6:latest
Math-105-0126,Math,105,126,LVR,arithmetic,org.apache.commons.math.stat.regression.SimpleRegression,150,1,0.85,0.85,1445,qwen3.6:latest
Math-105-0127,Math,105,127,LVR,arithmetic,org.apache.commons.math.stat.regression.SimpleRegression,150,1,0.85,0.85,1441,qwen3.6:latest
Math-105-0128,Math,105,128,STD,statement_deletion,org.apache.commons.math.stat.regression.SimpleRegression,150,1,0.15,0.15,1438,qwen3.6:latest
Math-105-0129,Math,105,129,LVR,arithmetic,org.apache.commons.math.stat.regression.SimpleRegression,151,0,0.85,0.85,1445,qwen3.6:latest
Math-105-0130,Math,105,130,LVR,arithmetic,org.apache.commons.math.stat.regression.SimpleRegression,151,0,0.85,0.85,1456,qwen3.6:latest
Math-105-0131,Math,105,131,STD,statement_deletion,org.apache.commons.math.stat.regression.SimpleRegression,151,0,0.15,0.15,1451,qwen3.6:latest
Math-105-0132,Math,105,132,LVR,arithmetic,org.apache.commons.math.stat.regression.SimpleRegression,152,1,0.85,0.85,1455,qwen3.6:latest
Math-105-0133,Math,105,133,LVR,arithmetic,org.apache.commons.math.stat.regression.SimpleRegression,152,1,0.85,0.85,1447,qwen3.6:latest
Math-105-0134,Math,105,134,STD,statement_deletion,org.apache.commons.math.stat.regression.SimpleRegression,152,1,0.85,0.85,1452,qwen3.6:latest
Math-105-0135,Math,105,135,LVR,arithmetic,org.apache.commons.math.stat.regression.SimpleRegression,153,1,0.75,0.75,1493,qwen3.6:latest
Math-105-0136,Math,105,136,LVR,arithmetic,org.apache.commons.math.stat.regression.SimpleRegression,153,1,0.85,0.85,1473,qwen3.6:latest
Math-105-0137,Math,105,137,STD,statement_deletion,org.apache.commons.math.stat.regression.SimpleRegression,153,1,0.15,0.15,1452,qwen3.6:latest
Math-105-0138,Math,105,138,LVR,arithmetic,org.apache.commons.math.stat.regression.SimpleRegression,154,1,0.85,0.85,1486,qwen3.6:latest
Math-105-0139,Math,105,139,LVR,arithmetic,org.apache.commons.math.stat.regression.SimpleRegression,154,1,0.85,0.85,1454,qwen3.6:latest
Math-105-0140,Math,105,140,STD,statement_deletion,org.apache.commons.math.stat.regression.SimpleRegression,154,1,0.15,0.15,1473,qwen3.6:latest
Math-105-0141,Math,105,141,AOR,arithmetic,org.apache.commons.math.stat.regression.SimpleRegression,185,1,0.85,0.85,1473,qwen3.6:latest
Math-105-0142,Math,105,142,AOR,arithmetic,org.apache.commons.math.stat.regression.SimpleRegression,185,1,0.85,0.85,1527,qwen3.6:latest
Math-105-0143,Math,105,143,AOR,arithmetic,org.apache.commons.math.stat.regression.SimpleRegression,185,1,0.85,0.85,1452,qwen3.6:latest
Math-105-0144,Math,105,144,AOR,arithmetic,org.apache.commons.math.stat.regression.SimpleRegression,185,1,0.85,0.85,1464,qwen3.6:latest
Math-105-0145,Math,105,145,AOR,arithmetic,org.apache.commons.math.stat.regression.SimpleRegression,185,1,0.85,0.85,1476,qwen3.6:latest
Math-105-0146,Math,105,146,AOR,arithmetic,org.apache.commons.math.stat.regression.SimpleRegression,185,1,0.85,0.85,1489,qwen3.6:latest
Math-105-0147,Math,105,147,AOR,arithmetic,org.apache.commons.math.stat.regression.SimpleRegression,185,1,0.85,0.85,1467,qwen3.6:latest
Math-105-0148,Math,105,148,AOR,arithmetic,org.apache.commons.math.stat.regression.SimpleRegression,185,1,0.85,0.85,1469,qwen3.6:latest
Math-105-0149,Math,105,149,LVR,arithmetic,org.apache.commons.math.stat.regression.SimpleRegression,225,0,0.85,0.85,1485,qwen3.6:latest
Math-105-0150,Math,105,150,LVR,arithmetic,org.apache.commons.math.stat.regression.SimpleRegression,225,0,0.85,0.85,1472,qwen3.6:latest
Math-105-0151,Math,105,151,ROR,relational,org.apache.commons.math.stat.regression.SimpleRegression,225,1,0.85,0.85,1467,qwen3.6:latest
Math-105-0152,Math,105,152,ROR,relational,org.apache.commons.math.stat.regression.SimpleRegression,225,1,0.85,0.85,1448,qwen3.6:latest
Math-105-0153,Math,105,153,ROR,relational,org.apache.commons.math.stat.regression.SimpleRegression,225,0,0.85,0.85,1450,qwen3.6:latest
Math-105-0154,Math,105,154,LVR,arithmetic,org.apache.commons.math.stat.regression.SimpleRegression,228,0,0.85,0.85,1442,qwen3.6:latest
Math-105-0155,Math,105,155,LVR,arithmetic,org.apache.commons.math.stat.regression.SimpleRegression,228,0,0.85,0.85,1472,qwen3.6:latest
Math-105-0156,Math,105,156,AOR,arithmetic,org.apache.commons.math.stat.regression.SimpleRegression,228,0,0.85,0.85,1488,qwen3.6:latest
Math-105-0157,Math,105,157,AOR,arithmetic,org.apache.commons.math.stat.regression.SimpleRegression,228,1,0.85,0.85,1445,qwen3.6:latest
Math-105-0158,Math,105,158,AOR,arithmetic,org.apache.commons.math.stat.regression.SimpleRegression,228,1,0.85,0.85,1458,qwen3.6:latest
Math-105-0159,Math,105,159,AOR,arithmetic,org.apache.commons.math.stat.regression.SimpleRegression,228,1,0.85,0.85,1457,qwen3.6:latest
Math-105-0160,Math,105,160,ROR,relational,org.apache.commons.math.stat.regression.SimpleRegression,228,1,0.85,0.85,1468,qwen3.6:latest
Math-105-0161,Math,105,161,ROR,relational,org.apache.commons.math.stat.regression.SimpleRegression,228,0,0.85,0.85,1447,qwen3.6:latest
Math-105-0162,Math,105,162,ROR,relational,org.apache.commons.math.stat.regression.SimpleRegression,228,0,0.85,0.85,1448,qwen3.6:latest
Math-105-0163,Math,105,163,AOR,arithmetic,org.apache.commons.math.stat.regression.SimpleRegression,231,1,0.85,0.85,1488,qwen3.6:latest
Math-105-0164,Math,105,164,AOR,arithmetic,org.apache.commons.math.stat.regression.SimpleRegression,231,1,0.85,0.85,1490,qwen3.6:latest
Math-105-0165,Math,105,165,AOR,arithmetic,org.apache.commons.math.stat.regression.SimpleRegression,231,1,0.85,0.85,1467,qwen3.6:latest
Math-105-0166,Math,105,166,AOR,arithmetic,org.apache.commons.math.stat.regression.SimpleRegression,231,1,0.85,0.85,1500,qwen3.6:latest
Math-105-0167,Math,105,167,LVR,arithmetic,org.apache.commons.math.stat.regression.SimpleRegression,264,1,0.75,0.75,1483,qwen3.6:latest
Math-105-0168,Math,105,168,LVR,arithmetic,org.apache.commons.math.stat.regression.SimpleRegression,264,1,0.75,0.75,1462,qwen3.6:latest
Math-105-0169,Math,105,169,AOR,arithmetic,org.apache.commons.math.stat.regression.SimpleRegression,264,1,0.85,0.85,1503,qwen3.6:latest
Math-105-0170,Math,105,170,AOR,arithmetic,org.apache.commons.math.stat.regression.SimpleRegression,264,1,0.85,0.85,1463,qwen3.6:latest
Math-105-0171,Math,105,171,AOR,arithmetic,org.apache.commons.math.stat.regression.SimpleRegression,264,1,0.85,0.85,1507,qwen3.6:latest
Math-105-0172,Math,105,172,AOR,arithmetic,org.apache.commons.math.stat.regression.SimpleRegression,264,1,0.85,0.85,1483,qwen3.6:latest
Math-105-0173,Math,105,173,AOR,arithmetic,org.apache.commons.math.stat.regression.SimpleRegression,264,1,0.85,0.85,1463,qwen3.6:latest
Math-105-0174,Math,105,174,AOR,arithmetic,org.apache.commons.math.stat.regression.SimpleRegression,264,1,0.85,0.85,1463,qwen3.6:latest
Math-105-0175,Math,105,175,AOR,arithmetic,org.apache.commons.math.stat.regression.SimpleRegression,264,1,0.85,0.85,1470,qwen3.6:latest
Math-105-0176,Math,105,176,AOR,arithmetic,org.apache.commons.math.stat.regression.SimpleRegression,264,1,0.85,0.85,1535,qwen3.6:latest
Math-105-0177,Math,105,177,AOR,arithmetic,org.apache.commons.math.stat.regression.SimpleRegression,264,1,0.85,0.85,1483,qwen3.6:latest
Math-105-0178,Math,105,178,AOR,arithmetic,org.apache.commons.math.stat.regression.SimpleRegression,264,1,0.85,0.85,1476,qwen3.6:latest
Math-105-0179,Math,105,179,AOR,arithmetic,org.apache.commons.math.stat.regression.SimpleRegression,264,1,0.85,0.85,1468,qwen3.6:latest
Math-105-0180,Math,105,180,AOR,arithmetic,org.apache.commons.math.stat.regression.SimpleRegression,264,1,0.85,0.85,1469,qwen3.6:latest
Math-105-0181,Math,105,181,LVR,arithmetic,org.apache.commons.math.stat.regression.SimpleRegression,278,1,0.85,0.85,1456,qwen3.6:latest
Math-105-0182,Math,105,182,LVR,arithmetic,org.apache.commons.math.stat.regression.SimpleRegression,278,1,0.85,0.85,1442,qwen3.6:latest
Math-105-0183,Math,105,183,ROR,relational,org.apache.commons.math.stat.regression.SimpleRegression,278,1,0.85,0.85,1459,qwen3.6:latest
Math-105-0184,Math,105,184,ROR,relational,org.apache.commons.math.stat.regression.SimpleRegression,278,1,0.85,0.85,1462,qwen3.6:latest
Math-105-0185,Math,105,185,ROR,relational,org.apache.commons.math.stat.regression.SimpleRegression,278,1,0.85,0.85,1438,qwen3.6:latest
Math-105-0186,Math,105,186,LVR,arithmetic,org.apache.commons.math.stat.regression.SimpleRegression,315,0,0.85,0.85,1433,qwen3.6:latest
Math-105-0187,Math,105,187,LVR,arithmetic,org.apache.commons.math.stat.regression.SimpleRegression,315,0,0.15,0.15,1442,qwen3.6:latest
Math-105-0188,Math,105,188,ROR,relational,org.apache.commons.math.stat.regression.SimpleRegression,315,1,0.85,0.85,1434,qwen3.6:latest
Math-105-0189,Math,105,189,ROR,relational,org.apache.commons.math.stat.regression.SimpleRegression,315,1,0.85,0.85,1439,qwen3.6:latest
Math-105-0190,Math,105,190,ROR,relational,org.apache.commons.math.stat.regression.SimpleRegression,315,0,0.85,0.85,1448,qwen3.6:latest
Math-105-0191,Math,105,191,LVR,arithmetic,org.apache.commons.math.stat.regression.SimpleRegression,318,1,0.85,0.85,1441,qwen3.6:latest
Math-105-0192,Math,105,192,LVR,arithmetic,org.apache.commons.math.stat.regression.SimpleRegression,318,1,0.15,0.15,1467,qwen3.6:latest
Math-105-0193,Math,105,193,AOR,arithmetic,org.apache.commons.math.stat.regression.SimpleRegression,318,1,0.85,0.85,1482,qwen3.6:latest
Math-105-0194,Math,105,194,AOR,arithmetic,org.apache.commons.math.stat.regression.SimpleRegression,318,1,0.85,0.85,1453,qwen3.6:latest
Math-105-0195,Math,105,195,AOR,arithmetic,org.apache.commons.math.stat.regression.SimpleRegression,318,1,0.85,0.85,1447,qwen3.6:latest
Math-105-0196,Math,105,196,AOR,arithmetic,org.apache.commons.math.stat.regression.SimpleRegression,318,1,0.85,0.85,1467,qwen3.6:latest
Math-105-0197,Math,105,197,AOR,arithmetic,org.apache.commons.math.stat.regression.SimpleRegression,318,1,0.85,0.85,1472,qwen3.6:latest
Math-105-0198,Math,105,198,AOR,arithmetic,org.apache.commons.math.stat.regression.SimpleRegression,318,1,0.85,0.85,1464,qwen3.6:latest
Math-105-0199,Math,105,199,AOR,arithmetic,org.apache.commons.math.stat.regression.SimpleRegression,318,1,0.85,0.85,1440,qwen3.6:latest
Math-105-0200,Math,105,200,AOR,arithmetic,org.apache.commons.math.stat.regression.SimpleRegression,318,1,0.85,0.85,1457,qwen3.6:latest
Math-105-0201,Math,105,201,LVR,arithmetic,org.apache.commons.math.stat.regression.SimpleRegression,338,0,0.85,0.85,1418,qwen3.6:latest
Math-105-0202,Math,105,202,LVR,arithmetic,org.apache.commons.math.stat.regression.SimpleRegression,338,0,0.85,0.85,1454,qwen3.6:latest
Math-105-0203,Math,105,203,ROR,relational,org.apache.commons.math.stat.regression.SimpleRegression,338,0,0.75,0.75,1420,qwen3.6:latest
Math-105-0204,Math,105,204,ROR,relational,org.apache.commons.math.stat.regression.SimpleRegression,338,0,0.85,0.85,1399,qwen3.6:latest
Math-105-0205,Math,105,205,ROR,relational,org.apache.commons.math.stat.regression.SimpleRegression,338,1,0.85,0.85,1424,qwen3.6:latest
Math-105-0206,Math,105,206,ORU,return_value,org.apache.commons.math.stat.regression.SimpleRegression,339,1,0.85,0.85,1430,qwen3.6:latest
Math-105-0207,Math,105,207,STD,statement_deletion,org.apache.commons.math.stat.regression.SimpleRegression,339,1,0.85,0.85,1432,qwen3.6:latest
Math-105-0208,Math,105,208,AOR,arithmetic,org.apache.commons.math.stat.regression.SimpleRegression,360,1,0.85,0.85,1435,qwen3.6:latest
Math-105-0209,Math,105,209,AOR,arithmetic,org.apache.commons.math.stat.regression.SimpleRegression,360,1,0.85,0.85,1447,qwen3.6:latest
Math-105-0210,Math,105,210,AOR,arithmetic,org.apache.commons.math.stat.regression.SimpleRegression,360,1,0.85,0.85,1462,qwen3.6:latest
Math-105-0211,Math,105,211,AOR,arithmetic,org.apache.commons.math.stat.regression.SimpleRegression,360,1,0.85,0.85,1419,qwen3.6:latest
Math-105-0212,Math,105,212,AOR,arithmetic,org.apache.commons.math.stat.regression.SimpleRegression,360,1,0.85,0.85,1443,qwen3.6:latest
Math-105-0213,Math,105,213,AOR,arithmetic,org.apache.commons.math.stat.regression.SimpleRegression,360,1,0.85,0.85,1437,qwen3.6:latest
Math-105-0214,Math,105,214,AOR,arithmetic,org.apache.commons.math.stat.regression.SimpleRegression,360,1,0.85,0.85,1437,qwen3.6:latest
Math-105-0215,Math,105,215,AOR,arithmetic,org.apache.commons.math.stat.regression.SimpleRegression,360,1,0.85,0.85,1427,qwen3.6:latest
Math-105-0216,Math,105,216,LVR,arithmetic,org.apache.commons.math.stat.regression.SimpleRegression,376,1,0.85,0.85,1464,qwen3.6:latest
Math-105-0217,Math,105,217,LVR,arithmetic,org.apache.commons.math.stat.regression.SimpleRegression,376,1,0.75,0.75,1476,qwen3.6:latest
Math-105-0218,Math,105,218,AOR,arithmetic,org.apache.commons.math.stat.regression.SimpleRegression,376,1,0.85,0.85,1464,qwen3.6:latest
Math-105-0219,Math,105,219,AOR,arithmetic,org.apache.commons.math.stat.regression.SimpleRegression,376,1,0.85,0.85,1456,qwen3.6:latest
Math-105-0220,Math,105,220,AOR,arithmetic,org.apache.commons.math.stat.regression.SimpleRegression,376,1,0.85,0.85,1457,qwen3.6:latest
Math-105-0221,Math,105,221,AOR,arithmetic,org.apache.commons.math.stat.regression.SimpleRegression,376,1,0.85,0.85,1454,qwen3.6:latest
Math-105-0222,Math,105,222,AOR,arithmetic,org.apache.commons.math.stat.regression.SimpleRegression,376,1,0.85,0.85,1454,qwen3.6:latest
Math-105-0223,Math,105,223,AOR,arithmetic,org.apache.commons.math.stat.regression.SimpleRegression,376,1,0.85,0.85,1436,qwen3.6:latest
Math-105-0224,Math,105,224,AOR,arithmetic,org.apache.commons.math.stat.regression.SimpleRegression,376,1,0.85,0.85,1507,qwen3.6:latest
Math-105-0225,Math,105,225,AOR,arithmetic,org.apache.commons.math.stat.regression.SimpleRegression,376,1,0.85,0.85,1445,qwen3.6:latest
Math-105-0226,Math,105,226,AOR,arithmetic,org.apache.commons.math.stat.regression.SimpleRegression,376,1,0.85,0.85,1484,qwen3.6:latest
Math-105-0227,Math,105,227,AOR,arithmetic,org.apache.commons.math.stat.regression.SimpleRegression,376,1,0.85,0.85,1455,qwen3.6:latest
Math-105-0228,Math,105,228,AOR,arithmetic,org.apache.commons.math.stat.regression.SimpleRegression,376,1,0.85,0.85,1481,qwen3.6:latest
Math-105-0229,Math,105,229,AOR,arithmetic,org.apache.commons.math.stat.regression.SimpleRegression,376,1,0.85,0.85,1458,qwen3.6:latest
Math-105-0230,Math,105,230,AOR,arithmetic,org.apache.commons.math.stat.regression.SimpleRegression,376,1,0.85,0.85,1445,qwen3.6:latest
Math-105-0231,Math,105,231,AOR,arithmetic,org.apache.commons.math.stat.regression.SimpleRegression,376,1,0.85,0.85,1511,qwen3.6:latest
Math-105-0232,Math,105,232,AOR,arithmetic,org.apache.commons.math.stat.regression.SimpleRegression,376,1,0.85,0.85,1459,qwen3.6:latest
Math-105-0233,Math,105,233,AOR,arithmetic,org.apache.commons.math.stat.regression.SimpleRegression,376,1,0.85,0.85,1466,qwen3.6:latest
Math-105-0234,Math,105,234,AOR,arithmetic,org.apache.commons.math.stat.regression.SimpleRegression,376,1,0.85,0.85,1480,qwen3.6:latest
Math-105-0235,Math,105,235,AOR,arithmetic,org.apache.commons.math.stat.regression.SimpleRegression,376,1,0.85,0.85,1458,qwen3.6:latest
Math-105-0236,Math,105,236,AOR,arithmetic,org.apache.commons.math.stat.regression.SimpleRegression,376,1,0.85,0.85,1464,qwen3.6:latest
Math-105-0237,Math,105,237,AOR,arithmetic,org.apache.commons.math.stat.regression.SimpleRegression,376,1,0.85,0.85,1462,qwen3.6:latest
Math-105-0238,Math,105,238,AOR,arithmetic,org.apache.commons.math.stat.regression.SimpleRegression,390,1,0.85,0.85,1469,qwen3.6:latest
Math-105-0239,Math,105,239,AOR,arithmetic,org.apache.commons.math.stat.regression.SimpleRegression,390,1,0.85,0.85,1452,qwen3.6:latest
Math-105-0240,Math,105,240,AOR,arithmetic,org.apache.commons.math.stat.regression.SimpleRegression,390,1,0.85,0.85,1444,qwen3.6:latest
Math-105-0241,Math,105,241,AOR,arithmetic,org.apache.commons.math.stat.regression.SimpleRegression,390,1,0.85,0.85,1423,qwen3.6:latest
Math-105-0242,Math,105,242,LVR,arithmetic,org.apache.commons.math.stat.regression.SimpleRegression,417,1,0.8,0.8,1451,qwen3.6:latest
Math-105-0243,Math,105,243,LVR,arithmetic,org.apache.commons.math.stat.regression.SimpleRegression,417,1,0.85,0.85,1413,qwen3.6:latest
Math-105-0244,Math,105,244,LVR,arithmetic,org.apache.commons.math.stat.regression.SimpleRegression,453,1,0.85,0.85,1410,qwen3.6:latest
Math-105-0245,Math,105,245,LVR,arithmetic,org.apache.commons.math.stat.regression.SimpleRegression,453,1,0.85,0.85,1419,qwen3.6:latest
Math-105-0246,Math,105,246,ROR,relational,org.apache.commons.math.stat.regression.SimpleRegression,453,0,0.85,0.85,1449,qwen3.6:latest
Math-105-0247,Math,105,247,ROR,relational,org.apache.commons.math.stat.regression.SimpleRegression,453,1,0.85,0.85,1432,qwen3.6:latest
Math-105-0248,Math,105,248,ROR,relational,org.apache.commons.math.stat.regression.SimpleRegression,453,1,0.85,0.85,1444,qwen3.6:latest
Math-105-0249,Math,105,249,LVR,arithmetic,org.apache.commons.math.stat.regression.SimpleRegression,453,1,0.85,0.85,1446,qwen3.6:latest
Math-105-0250,Math,105,250,LVR,arithmetic,org.apache.commons.math.stat.regression.SimpleRegression,453,0,0.85,0.85,1450,qwen3.6:latest
Math-105-0251,Math,105,251,ROR,relational,org.apache.commons.math.stat.regression.SimpleRegression,453,0,0.85,0.85,1444,qwen3.6:latest
Math-105-0252,Math,105,252,ROR,relational,org.apache.commons.math.stat.regression.SimpleRegression,453,0,0.85,0.85,1462,qwen3.6:latest
Math-105-0253,Math,105,253,ROR,relational,org.apache.commons.math.stat.regression.SimpleRegression,453,1,0.85,0.85,1459,qwen3.6:latest
Math-105-0254,Math,105,254,COR,logical,org.apache.commons.math.stat.regression.SimpleRegression,453,0,0.85,0.85,1462,qwen3.6:latest
Math-105-0255,Math,105,255,COR,logical,org.apache.commons.math.stat.regression.SimpleRegression,453,1,0.85,0.85,1441,qwen3.6:latest
Math-105-0256,Math,105,256,COR,logical,org.apache.commons.math.stat.regression.SimpleRegression,453,1,0.85,0.85,1414,qwen3.6:latest
Math-105-0257,Math,105,257,LVR,arithmetic,org.apache.commons.math.stat.regression.SimpleRegression,457,1,0.85,0.85,1409,qwen3.6:latest
Math-105-0258,Math,105,258,LVR,arithmetic,org.apache.commons.math.stat.regression.SimpleRegression,457,1,0.15,0.15,1401,qwen3.6:latest
Math-105-0259,Math,105,259,LVR,arithmetic,org.apache.commons.math.stat.regression.SimpleRegression,457,1,0.85,0.85,1449,qwen3.6:latest
Math-105-0260,Math,105,260,LVR,arithmetic,org.apache.commons.math.stat.regression.SimpleRegression,457,1,0.15,0.15,1475,qwen3.6:latest
Math-105-0261,Math,105,261,AOR,arithmetic,org.apache.commons.math.stat.regression.SimpleRegression,457,1,0.75,0.75,1409,qwen3.6:latest
Math-105-0262,Math,105,262,AOR,arithmetic,org.apache.commons.math.stat.regression.SimpleRegression,457,1,0.85,0.85,1431,qwen3.6:latest
Math-105-0263,Math,105,263,AOR,arithmetic,org.apache.commons.math.stat.regression.SimpleRegression,457,1,0.85,0.85,1427,qwen3.6:latest
Math-105-0264,Math,105,264,AOR,arithmetic,org.apache.commons.math.stat.regression.SimpleRegression,457,1,0.85,0.85,1448,qwen3.6:latest
Math-105-0265,Math,105,265,AOR,arithmetic,org.apache.commons.math.stat.regression.SimpleRegression,457,1,0.85,0.85,1462,qwen3.6:latest
Math-105-0266,Math,105,266,AOR,arithmetic,org.apache.commons.math.stat.regression.SimpleRegression,457,1,0.85,0.85,1454,qwen3.6:latest
Math-105-0267,Math,105,267,AOR,arithmetic,org.apache.commons.math.stat.regression.SimpleRegression,457,1,0.85,0.85,1442,qwen3.6:latest
Math-105-0268,Math,105,268,AOR,arithmetic,org.apache.commons.math.stat.regression.SimpleRegression,457,1,0.85,0.85,1464,qwen3.6:latest
Math-105-0269,Math,105,269,AOR,arithmetic,org.apache.commons.math.stat.regression.SimpleRegression,456,1,0.85,0.85,1469,qwen3.6:latest
Math-105-0270,Math,105,270,AOR,arithmetic,org.apache.commons.math.stat.regression.SimpleRegression,456,1,0.85,0.85,1480,qwen3.6:latest
Math-105-0271,Math,105,271,AOR,arithmetic,org.apache.commons.math.stat.regression.SimpleRegression,456,1,0.85,0.85,1443,qwen3.6:latest
Math-105-0272,Math,105,272,AOR,arithmetic,org.apache.commons.math.stat.regression.SimpleRegression,456,1,0.85,0.85,1455,qwen3.6:latest
Math-105-0273,Math,105,273,LVR,arithmetic,org.apache.commons.math.stat.regression.SimpleRegression,482,1,0.75,0.75,1425,qwen3.6:latest
Math-105-0274,Math,105,274,LVR,arithmetic,org.apache.commons.math.stat.regression.SimpleRegression,482,1,0.75,0.75,1448,qwen3.6:latest
Math-105-0275,Math,105,275,LVR,arithmetic,org.apache.commons.math.stat.regression.SimpleRegression,482,1,0.75,0.75,1432,qwen3.6:latest
Math-105-0276,Math,105,276,LVR,arithmetic,org.apache.commons.math.stat.regression.SimpleRegression,482,1,0.75,0.75,1440,qwen3.6:latest
Math-105-0277,Math,105,277,AOR,arithmetic,org.apache.commons.math.stat.regression.SimpleRegression,483,1,0.75,0.75,1417,qwen3.6:latest
Math-105-0278,Math,105,278,AOR,arithmetic,org.apache.commons.math.stat.regression.SimpleRegression,483,1,0.75,0.75,1439,qwen3.6:latest
Math-105-0279,Math,105,279,AOR,arithmetic,org.apache.commons.math.stat.regression.SimpleRegression,483,1,0.75,0.75,1487,qwen3.6:latest
Math-105-0280,Math,105,280,AOR,arithmetic,org.apache.commons.math.stat.regression.SimpleRegression,483,1,0.75,0.75,1439,qwen3.6:latest
Math-105-0281,Math,105,281,AOR,arithmetic,org.apache.commons.math.stat.regression.SimpleRegression,482,0,0.85,0.85,1480,qwen3.6:latest
Math-105-0282,Math,105,282,AOR,arithmetic,org.apache.commons.math.stat.regression.SimpleRegression,482,1,0.85,0.85,1447,qwen3.6:latest
Math-105-0283,Math,105,283,AOR,arithmetic,org.apache.commons.math.stat.regression.SimpleRegression,482,1,0.85,0.85,1456,qwen3.6:latest
Math-105-0284,Math,105,284,AOR,arithmetic,org.apache.commons.math.stat.regression.SimpleRegression,482,1,0.75,0.75,1468,qwen3.6:latest
Math-105-0285,Math,105,285,AOR,arithmetic,org.apache.commons.math.stat.regression.SimpleRegression,482,1,0.75,0.75,1432,qwen3.6:latest
Math-105-0286,Math,105,286,AOR,arithmetic,org.apache.commons.math.stat.regression.SimpleRegression,482,1,0.85,0.85,1429,qwen3.6:latest
Math-105-0287,Math,105,287,AOR,arithmetic,org.apache.commons.math.stat.regression.SimpleRegression,482,1,0.75,0.75,1413,qwen3.6:latest
Math-105-0288,Math,105,288,AOR,arithmetic,org.apache.commons.math.stat.regression.SimpleRegression,482,1,0.75,0.75,1426,qwen3.6:latest
Math-105-0289,Math,105,289,AOR,arithmetic,org.apache.commons.math.stat.regression.SimpleRegression,497,1,0.85,0.85,1452,qwen3.6:latest
Math-105-0290,Math,105,290,AOR,arithmetic,org.apache.commons.math.stat.regression.SimpleRegression,497,1,0.85,0.85,1442,qwen3.6:latest
Math-105-0291,Math,105,291,AOR,arithmetic,org.apache.commons.math.stat.regression.SimpleRegression,497,1,0.85,0.85,1429,qwen3.6:latest
Math-105-0292,Math,105,292,AOR,arithmetic,org.apache.commons.math.stat.regression.SimpleRegression,497,1,0.85,0.85,1439,qwen3.6:latest
Math-105-0293,Math,105,293,AOR,arithmetic,org.apache.commons.math.stat.regression.SimpleRegression,497,1,0.85,0.85,1435,qwen3.6:latest
Math-105-0294,Math,105,294,AOR,arithmetic,org.apache.commons.math.stat.regression.SimpleRegression,497,1,0.85,0.85,1406,qwen3.6:latest
Math-105-0295,Math,105,295,AOR,arithmetic,org.apache.commons.math.stat.regression.SimpleRegression,497,1,0.85,0.85,1394,qwen3.6:latest
Math-105-0296,Math,105,296,AOR,arithmetic,org.apache.commons.math.stat.regression.SimpleRegression,497,1,0.85,0.85,1383,qwen3.6:latest
Math-105-0297,Math,105,297,AOR,arithmetic,org.apache.commons.math.stat.regression.SimpleRegression,497,1,0.85,0.85,1409,qwen3.6:latest
Math-105-0298,Math,105,298,AOR,arithmetic,org.apache.commons.math.stat.regression.SimpleRegression,497,1,0.85,0.85,1391,qwen3.6:latest
Math-105-0299,Math,105,299,AOR,arithmetic,org.apache.commons.math.stat.regression.SimpleRegression,497,1,0.85,0.85,1418,qwen3.6:latest
Math-105-0300,Math,105,300,AOR,arithmetic,org.apache.commons.math.stat.regression.SimpleRegression,497,1,0.85,0.85,1435,qwen3.6:latest
Math-105-0301,Math,105,301,AOR,arithmetic,org.apache.commons.math.stat.regression.SimpleRegression,507,1,0.85,0.85,1385,qwen3.6:latest
Math-105-0302,Math,105,302,AOR,arithmetic,org.apache.commons.math.stat.regression.SimpleRegression,507,1,0.85,0.85,1389,qwen3.6:latest
Math-105-0303,Math,105,303,AOR,arithmetic,org.apache.commons.math.stat.regression.SimpleRegression,507,1,0.85,0.85,1360,qwen3.6:latest
Math-105-0304,Math,105,304,AOR,arithmetic,org.apache.commons.math.stat.regression.SimpleRegression,507,1,0.85,0.85,1379,qwen3.6:latest
Math-105-0305,Math,105,305,AOR,arithmetic,org.apache.commons.math.stat.regression.SimpleRegression,507,1,0.85,0.85,1410,qwen3.6:latest
Math-105-0306,Math,105,306,AOR,arithmetic,org.apache.commons.math.stat.regression.SimpleRegression,507,1,0.85,0.85,1403,qwen3.6:latest
Math-105-0307,Math,105,307,AOR,arithmetic,org.apache.commons.math.stat.regression.SimpleRegression,507,1,0.85,0.85,1403,qwen3.6:latest
Math-105-0308,Math,105,308,AOR,arithmetic,org.apache.commons.math.stat.regression.SimpleRegression,507,1,0.85,0.85,1378,qwen3.6:latest
Math-105-0309,Math,105,309,LVR,arithmetic,org.apache.commons.math.stat.regression.SimpleRegression,517,1,0.85,0.85,1377,qwen3.6:latest
Math-105-0310,Math,105,310,LVR,arithmetic,org.apache.commons.math.stat.regression.SimpleRegression,517,1,0.15,0.15,1402,qwen3.6:latest
Math-105-0311,Math,105,311,AOR,arithmetic,org.apache.commons.math.stat.regression.SimpleRegression,517,1,0.15,0.15,1374,qwen3.6:latest
Math-105-0312,Math,105,312,AOR,arithmetic,org.apache.commons.math.stat.regression.SimpleRegression,517,1,0.85,0.85,1389,qwen3.6:latest
Math-105-0313,Math,105,313,AOR,arithmetic,org.apache.commons.math.stat.regression.SimpleRegression,517,1,0.85,0.85,1370,qwen3.6:latest
Math-105-0314,Math,105,314,AOR,arithmetic,org.apache.commons.math.stat.regression.SimpleRegression,517,1,0.85,0.85,1406,qwen3.6:latest
Math-12-0001,Math,12,1,STD,statement_deletion,org.apache.commons.math3.random.BitsStreamGenerator,41,0,0.15,0.15,1381,qwen3.6:latest
Math-12-0002,Math,12,2,LVR,arithmetic,org.apache.commons.math3.random.BitsStreamGenerator,66,0,0.85,0.85,1409,qwen3.6:latest
Math-12-0003,Math,12,3,LVR,arithmetic,org.apache.commons.math3.random.BitsStreamGenerator,66,0,0.85,0.85,1440,qwen3.6:latest
Math-12-0004,Math,12,4,LVR,arithmetic,org.apache.commons.math3.random.BitsStreamGenerator,66,0,0.85,0.85,1423,qwen3.6:latest
Math-12-0005,Math,12,5,LVR,arithmetic,org.apache.commons.math3.random.BitsStreamGenerator,66,0,0.85,0.85,1395,qwen3.6:latest
Math-12-0006,Math,12,6,ROR,relational,org.apache.commons.math3.random.BitsStreamGenerator,66,0,0.85,0.85,1394,qwen3.6:latest
Math-12-0007,Math,12,7,ROR,relational,org.apache.commons.math3.random.BitsStreamGenerator,66,0,0.85,0.85,1392,qwen3.6:latest
Math-12-0008,Math,12,8,ROR,relational,org.apache.commons.math3.random.BitsStreamGenerator,66,0,0.85,0.85,1425,qwen3.6:latest
Math-12-0009,Math,12,9,LVR,arithmetic,org.apache.commons.math3.random.BitsStreamGenerator,71,0,0.75,0.75,1504,qwen3.6:latest
Math-12-0010,Math,12,10,LVR,arithmetic,org.apache.commons.math3.random.BitsStreamGenerator,71,0,0.75,0.75,1584,qwen3.6:latest
Math-12-0011,Math,12,11,LVR,arithmetic,org.apache.commons.math3.random.BitsStreamGenerator,72,0,0.85,0.85,1496,qwen3.6:latest
Math-12-0012,Math,12,12,LVR,arithmetic,org.apache.commons.math3.random.BitsStreamGenerator,72,0,0.85,0.85,1499,qwen3.6:latest
Math-12-0013,Math,12,13,AOR,arithmetic,org.apache.commons.math3.random.BitsStreamGenerator,72,0,0.85,0.85,1508,qwen3.6:latest
Math-12-0014,Math,12,14,AOR,arithmetic,org.apache.commons.math3.random.BitsStreamGenerator,72,0,0.85,0.85,1504,qwen3.6:latest
Math-12-0015,Math,12,15,AOR,arithmetic,org.apache.commons.math3.random.BitsStreamGenerator,72,0,0.85,0.85,1505,qwen3.6:latest
Math-12-0016,Math,12,16,AOR,arithmetic,org.apache.commons.math3.random.BitsStreamGenerator,72,0,0.85,0.85,1526,qwen3.6:latest
Math-12-0017,Math,12,17,ROR,relational,org.apache.commons.math3.random.BitsStreamGenerator,73,0,0.85,0.85,1496,qwen3.6:latest
Math-12-0018,Math,12,18,ROR,relational,org.apache.commons.math3.random.BitsStreamGenerator,73,0,0.85,0.85,1522,qwen3.6:latest
Math-12-0019,Math,12,19,ROR,relational,org.apache.commons.math3.random.BitsStreamGenerator,73,0,0.85,0.85,1507,qwen3.6:latest
Math-12-0020,Math,12,20,LVR,arithmetic,org.apache.commons.math3.random.BitsStreamGenerator,74,0,0.85,0.85,1531,qwen3.6:latest
Math-12-0021,Math,12,21,LVR,arithmetic,org.apache.commons.math3.random.BitsStreamGenerator,74,0,0.85,0.85,1530,qwen3.6:latest
Math-12-0022,Math,12,22,LVR,arithmetic,org.apache.commons.math3.random.BitsStreamGenerator,75,0,0.85,0.85,1501,qwen3.6:latest
Math-12-0023,Math,12,23,LVR,arithmetic,org.apache.commons.math3.random.BitsStreamGenerator,75,0,0.85,0.85,1516,qwen3.6:latest
Math-12-0024,Math,12,24,LOR,logical,org.apache.commons.math3.random.BitsStreamGenerator,75,0,0.85,0.85,1530,qwen3.6:latest
Math-12-0025,Math,12,25,LOR,logical,org.apache.commons.math3.random.BitsStreamGenerator,75,0,0.85,0.85,1566,qwen3.6:latest
Math-12-0026,Math,12,26,STD,statement_deletion,org.apache.commons.math3.random.BitsStreamGenerator,75,0,0.15,0.15,1499,qwen3.6:latest
Math-12-0027,Math,12,27,LVR,arithmetic,org.apache.commons.math3.random.BitsStreamGenerator,76,0,0.85,0.85,1517,qwen3.6:latest
Math-12-0028,Math,12,28,LVR,arithmetic,org.apache.commons.math3.random.BitsStreamGenerator,76,0,0.85,0.85,1537,qwen3.6:latest
Math-12-0029,Math,12,29,AOR,arithmetic,org.apache.commons.math3.random.BitsStreamGenerator,76,0,0.85,0.85,1522,qwen3.6:latest
Math-12-0030,Math,12,30,AOR,arithmetic,org.apache.commons.math3.random.BitsStreamGenerator,76,0,0.85,0.85,1519,qwen3.6:latest
Math-12-0031,Math,12,31,AOR,arithmetic,org.apache.commons.math3.random.BitsStreamGenerator,76,0,0.85,0.85,1550,qwen3.6:latest
Math-12-0032,Math,12,32,AOR,arithmetic,org.apache.commons.math3.random.BitsStreamGenerator,76,0,0.85,0.85,1528,qwen3.6:latest
Math-12-0033,Math,12,33,LVR,arithmetic,org.apache.commons.math3.random.BitsStreamGenerator,76,0,0.85,0.85,1495,qwen3.6:latest
Math-12-0034,Math,12,34,LVR,arithmetic,org.apache.commons.math3.random.BitsStreamGenerator,76,0,0.85,0.85,1503,qwen3.6:latest
Math-12-0035,Math,12,35,SOR,arithmetic,org.apache.commons.math3.random.BitsStreamGenerator,76,0,0.85,0.85,1511,qwen3.6:latest
Math-12-0036,Math,12,36,SOR,arithmetic,org.apache.commons.math3.random.BitsStreamGenerator,76,0,0.85,0.85,1528,qwen3.6:latest
Math-12-0037,Math,12,37,LVR,arithmetic,org.apache.commons.math3.random.BitsStreamGenerator,76,0,0.85,0.85,1510,qwen3.6:latest
Math-12-0038,Math,12,38,LVR,arithmetic,org.apache.commons.math3.random.BitsStreamGenerator,76,0,0.85,0.85,1523,qwen3.6:latest
Math-12-0039,Math,12,39,LOR,logical,org.apache.commons.math3.random.BitsStreamGenerator,76,0,0.85,0.85,1544,qwen3.6:latest
Math-12-0040,Math,12,40,LOR,logical,org.apache.commons.math3.random.BitsStreamGenerator,76,0,0.85,0.85,1538,qwen3.6:latest
Math-12-0041,Math,12,41,STD,statement_deletion,org.apache.commons.math3.random.BitsStreamGenerator,76,0,0.15,0.15,1528,qwen3.6:latest
Math-12-0042,Math,12,42,LVR,arithmetic,org.apache.commons.math3.random.BitsStreamGenerator,77,0,0.85,0.85,1530,qwen3.6:latest
Math-12-0043,Math,12,43,LVR,arithmetic,org.apache.commons.math3.random.BitsStreamGenerator,77,0,0.15,0.15,1530,qwen3.6:latest
Math-12-0044,Math,12,44,AOR,arithmetic,org.apache.commons.math3.random.BitsStreamGenerator,77,0,0.85,0.85,1534,qwen3.6:latest
Math-12-0045,Math,12,45,AOR,arithmetic,org.apache.commons.math3.random.BitsStreamGenerator,77,0,0.85,0.85,1550,qwen3.6:latest
Math-12-0046,Math,12,46,AOR,arithmetic,org.apache.commons.math3.random.BitsStreamGenerator,77,0,0.85,0.85,1532,qwen3.6:latest
Math-12-0047,Math,12,47,AOR,arithmetic,org.apache.commons.math3.random.BitsStreamGenerator,77,0,0.85,0.85,1596,qwen3.6:latest
Math-12-0048,Math,12,48,LVR,arithmetic,org.apache.commons.math3.random.BitsStreamGenerator,77,0,0.85,0.85,1549,qwen3.6:latest
Math-12-0049,Math,12,49,SOR,arithmetic,org.apache.commons.math3.random.BitsStreamGenerator,77,0,0.85,0.85,1547,qwen3.6:latest
Math-12-0050,Math,12,50,SOR,arithmetic,org.apache.commons.math3.random.BitsStreamGenerator,77,0,0.75,0.75,1561,qwen3.6:latest
Math-12-0051,Math,12,51,LVR,arithmetic,org.apache.commons.math3.random.BitsStreamGenerator,77,0,0.85,0.85,1546,qwen3.6:latest
Math-12-0052,Math,12,52,LVR,arithmetic,org.apache.commons.math3.random.BitsStreamGenerator,77,0,0.15,0.15,1539,qwen3.6:latest
Math-12-0053,Math,12,53,LOR,logical,org.apache.commons.math3.random.BitsStreamGenerator,77,0,0.85,0.85,1519,qwen3.6:latest
Math-12-0054,Math,12,54,LOR,logical,org.apache.commons.math3.random.BitsStreamGenerator,77,0,0.85,0.85,1535,qwen3.6:latest
Math-12-0055,Math,12,55,STD,statement_deletion,org.apache.commons.math3.random.BitsStreamGenerator,77,0,0.15,0.15,1524,qwen3.6:latest
Math-12-0056,Math,12,56,LVR,arithmetic,org.apache.commons.math3.random.BitsStreamGenerator,78,0,0.75,0.75,1535,qwen3.6:latest
Math-12-0057,Math,12,57,LVR,arithmetic,org.apache.commons.math3.random.BitsStreamGenerator,78,0,0.15,0.15,1552,qwen3.6:latest
Math-12-0058,Math,12,58,AOR,arithmetic,org.apache.commons.math3.random.BitsStreamGenerator,78,0,0.75,0.75,1561,qwen3.6:latest
Math-12-0059,Math,12,59,AOR,arithmetic,org.apache.commons.math3.random.BitsStreamGenerator,78,0,0.75,0.75,1544,qwen3.6:latest
Math-12-0060,Math,12,60,AOR,arithmetic,org.apache.commons.math3.random.BitsStreamGenerator,78,0,0.75,0.75,1531,qwen3.6:latest
Math-12-0061,Math,12,61,AOR,arithmetic,org.apache.commons.math3.random.BitsStreamGenerator,78,0,0.75,0.75,1568,qwen3.6:latest
Math-12-0062,Math,12,62,LVR,arithmetic,org.apache.commons.math3.random.BitsStreamGenerator,78,0,0.75,0.75,1526,qwen3.6:latest
Math-12-0063,Math,12,63,LVR,arithmetic,org.apache.commons.math3.random.BitsStreamGenerator,78,0,0.15,0.15,1566,qwen3.6:latest
Math-12-0064,Math,12,64,SOR,arithmetic,org.apache.commons.math3.random.BitsStreamGenerator,78,0,0.75,0.75,1558,qwen3.6:latest
Math-12-0065,Math,12,65,SOR,arithmetic,org.apache.commons.math3.random.BitsStreamGenerator,78,0,0.75,0.75,1553,qwen3.6:latest
Math-12-0066,Math,12,66,LVR,arithmetic,org.apache.commons.math3.random.BitsStreamGenerator,78,0,0.75,0.75,1548,qwen3.6:latest
Math-12-0067,Math,12,67,LVR,arithmetic,org.apache.commons.math3.random.BitsStreamGenerator,78,0,0.15,0.15,1598,qwen3.6:latest
Math-12-0068,Math,12,68,LOR,logical,org.apache.commons.math3.random.BitsStreamGenerator,78,0,0.75,0.75,1544,qwen3.6:latest
Math-12-0069,Math,12,69,LOR,logical,org.apache.commons.math3.random.BitsStreamGenerator,78,0,0.75,0.75,1550,qwen3.6:latest
Math-12-0070,Math,12,70,STD,statement_deletion,org.apache.commons.math3.random.BitsStreamGenerator,78,0,0.15,0.15,1526,qwen3.6:latest
Math-12-0071,Math,12,71,LVR,arithmetic,org.apache.commons.math3.random.BitsStreamGenerator,79,0,0.75,0.75,1535,qwen3.6:latest
Math-12-0072,Math,12,72,LVR,arithmetic,org.apache.commons.math3.random.BitsStreamGenerator,79,0,0.75,0.75,1522,qwen3.6:latest
Math-12-0073,Math,12,73,STD,statement_deletion,org.apache.commons.math3.random.BitsStreamGenerator,79,0,0.15,0.15,1566,qwen3.6:latest
Math-12-0074,Math,12,74,LVR,arithmetic,org.apache.commons.math3.random.BitsStreamGenerator,81,0,0.75,0.75,1533,qwen3.6:latest
Math-12-0075,Math,12,75,LVR,arithmetic,org.apache.commons.math3.random.BitsStreamGenerator,81,0,0.15,0.15,1495,qwen3.6:latest
Math-12-0076,Math,12,76,ROR,relational,org.apache.commons.math3.random.BitsStreamGenerator,82,0,0.75,0.75,1522,qwen3.6:latest
Math-12-0077,Math,12,77,ROR,relational,org.apache.commons.math3.random.BitsStreamGenerator,82,0,0.75,0.75,1510,qwen3.6:latest
Math-12-0078,Math,12,78,ROR,relational,org.apache.commons.math3.random.BitsStreamGenerator,82,0,0.75,0.75,1513,qwen3.6:latest
Math-12-0079,Math,12,79,LVR,arithmetic,org.apache.commons.math3.random.BitsStreamGenerator,83,0,0.75,0.75,1431,qwen3.6:latest
Math-12-0080,Math,12,80,LVR,arithmetic,org.apache.commons.math3.random.BitsStreamGenerator,83,0,0.15,0.15,1432,qwen3.6:latest
Math-12-0081,Math,12,81,LOR,logical,org.apache.commons.math3.random.BitsStreamGenerator,83,0,0.75,0.75,1431,qwen3.6:latest
Math-12-0082,Math,12,82,LOR,logical,org.apache.commons.math3.random.BitsStreamGenerator,83,0,0.75,0.75,1458,qwen3.6:latest
Math-12-0083,Math,12,83,STD,statement_deletion,org.apache.commons.math3.random.BitsStreamGenerator,83,0,0.15,0.15,1467,qwen3.6:latest
Math-12-0084,Math,12,84,LVR,arithmetic,org.apache.commons.math3.random.BitsStreamGenerator,84,0,0.75,0.75,1439,qwen3.6:latest
Math-12-0085,Math,12,85,LVR,arithmetic,org.apache.commons.math3.random.BitsStreamGenerator,84,0,0.15,0.15,1446,qwen3.6:latest
Math-12-0086,Math,12,86,SOR,arithmetic,org.apache.commons.math3.random.BitsStreamGenerator,84,0,0.75,0.75,1451,qwen3.6:latest
Math-12-0087,Math,12,87,SOR,arithmetic,org.apache.commons.math3.random.BitsStreamGenerator,84,0,0.75,0.75,1448,qwen3.6:latest
Math-12-0088,Math,12,88,STD,statement_deletion,org.apache.commons.math3.random.BitsStreamGenerator,84,0,0.15,0.15,1448,qwen3.6:latest
Math-12-0089,Math,12,89,LVR,arithmetic,org.apache.commons.math3.random.BitsStreamGenerator,90,1,0.85,0.85,1463,qwen3.6:latest
Math-12-0090,Math,12,90,LVR,arithmetic,org.apache.commons.math3.random.BitsStreamGenerator,90,1,0.85,0.85,1434,qwen3.6:latest
Math-12-0091,Math,12,91,LVR,arithmetic,org.apache.commons.math3.random.BitsStreamGenerator,90,1,0.85,0.85,1442,qwen3.6:latest
Math-12-0092,Math,12,92,LVR,arithmetic,org.apache.commons.math3.random.BitsStreamGenerator,90,1,0.85,0.85,1420,qwen3.6:latest
Math-12-0093,Math,12,93,SOR,arithmetic,org.apache.commons.math3.random.BitsStreamGenerator,90,1,0.75,0.75,1419,qwen3.6:latest
Math-12-0094,Math,12,94,SOR,arithmetic,org.apache.commons.math3.random.BitsStreamGenerator,90,1,0.75,0.75,1417,qwen3.6:latest
Math-12-0095,Math,12,95,LVR,arithmetic,org.apache.commons.math3.random.BitsStreamGenerator,91,1,0.85,0.85,1440,qwen3.6:latest
Math-12-0096,Math,12,96,LVR,arithmetic,org.apache.commons.math3.random.BitsStreamGenerator,91,1,0.85,0.85,1425,qwen3.6:latest
Math-12-0097,Math,12,97,LOR,logical,org.apache.commons.math3.random.BitsStreamGenerator,92,1,0.85,0.85,1433,qwen3.6:latest
Math-12-0098,Math,12,98,LOR,logical,org.apache.commons.math3.random.BitsStreamGenerator,92,0,0.85,0.85,1448,qwen3.6:latest
Math-12-0099,Math,12,99,LVR,arithmetic,org.apache.commons.math3.random.BitsStreamGenerator,92,1,0.8,0.8,1409,qwen3.6:latest
Math-12-0100,Math,12,100,LVR,arithmetic,org.apache.commons.math3.random.BitsStreamGenerator,92,1,0.85,0.85,1452,qwen3.6:latest
Math-12-0101,Math,12,101,AOR,arithmetic,org.apache.commons.math3.random.BitsStreamGenerator,92,1,0.85,0.85,1432,qwen3.6:latest
Math-12-0102,Math,12,102,AOR,arithmetic,org.apache.commons.math3.random.BitsStreamGenerator,92,1,0.85,0.85,1463,qwen3.6:latest
Math-12-0103,Math,12,103,AOR,arithmetic,org.apache.commons.math3.random.BitsStreamGenerator,92,1,0.85,0.85,1448,qwen3.6:latest
Math-12-0104,Math,12,104,AOR,arithmetic,org.apache.commons.math3.random.BitsStreamGenerator,92,1,0.85,0.85,1438,qwen3.6:latest
Math-12-0105,Math,12,105,LVR,arithmetic,org.apache.commons.math3.random.BitsStreamGenerator,97,0,0.85,0.85,1423,qwen3.6:latest
Math-12-0106,Math,12,106,LVR,arithmetic,org.apache.commons.math3.random.BitsStreamGenerator,97,0,0.85,0.85,1412,qwen3.6:latest
Math-12-0107,Math,12,107,LVR,arithmetic,org.apache.commons.math3.random.BitsStreamGenerator,97,0,0.85,0.85,1430,qwen3.6:latest
Math-12-0108,Math,12,108,LVR,arithmetic,org.apache.commons.math3.random.BitsStreamGenerator,97,0,0.85,0.85,1422,qwen3.6:latest
Math-12-0109,Math,12,109,AOR,arithmetic,org.apache.commons.math3.random.BitsStreamGenerator,97,0,0.85,0.85,1431,qwen3.6:latest
Math-12-0110,Math,12,110,AOR,arithmetic,org.apache.commons.math3.random.BitsStreamGenerator,97,0,0.85,0.85,1406,qwen3.6:latest
Math-12-0111,Math,12,111,AOR,arithmetic,org.apache.commons.math3.random.BitsStreamGenerator,97,0,0.85,0.85,1417,qwen3.6:latest
Math-12-0112,Math,12,112,AOR,arithmetic,org.apache.commons.math3.random.BitsStreamGenerator,97,0,0.85,0.85,1459,qwen3.6:latest
Math-12-0113,Math,12,113,COR,logical,org.apache.commons.math3.random.BitsStreamGenerator,104,1,0.85,0.85,1423,qwen3.6:latest
Math-12-0114,Math,12,114,COR,logical,org.apache.commons.math3.random.BitsStreamGenerator,104,1,0.85,0.85,1451,qwen3.6:latest
Math-12-0115,Math,12,115,LVR,arithmetic,org.apache.commons.math3.random.BitsStreamGenerator,108,1,0.85,0.85,1441,qwen3.6:latest
Math-12-0116,Math,12,116,LVR,arithmetic,org.apache.commons.math3.random.BitsStreamGenerator,108,1,0.85,0.85,1516,qwen3.6:latest
Math-12-0117,Math,12,117,AOR,arithmetic,org.apache.commons.math3.random.BitsStreamGenerator,108,1,0.85,0.85,1546,qwen3.6:latest
Math-12-0118,Math,12,118,AOR,arithmetic,org.apache.commons.math3.random.BitsStreamGenerator,108,1,0.85,0.85,1510,qwen3.6:latest
Math-12-0119,Math,12,119,AOR,arithmetic,org.apache.commons.math3.random.BitsStreamGenerator,108,1,0.85,0.85,1516,qwen3.6:latest
Math-12-0120,Math,12,120,AOR,arithmetic,org.apache.commons.math3.random.BitsStreamGenerator,108,1,0.85,0.85,1522,qwen3.6:latest
Math-12-0121,Math,12,121,AOR,arithmetic,org.apache.commons.math3.random.BitsStreamGenerator,108,1,0.85,0.85,1549,qwen3.6:latest
Math-12-0122,Math,12,122,AOR,arithmetic,org.apache.commons.math3.random.BitsStreamGenerator,108,1,0.85,0.85,1525,qwen3.6:latest
Math-12-0123,Math,12,123,AOR,arithmetic,org.apache.commons.math3.random.BitsStreamGenerator,108,1,0.85,0.85,1525,qwen3.6:latest
Math-12-0124,Math,12,124,AOR,arithmetic,org.apache.commons.math3.random.BitsStreamGenerator,108,1,0.85,0.85,1536,qwen3.6:latest
Math-12-0125,Math,12,125,LVR,arithmetic,org.apache.commons.math3.random.BitsStreamGenerator,109,1,0.85,0.85,1494,qwen3.6:latest
Math-12-0126,Math,12,126,LVR,arithmetic,org.apache.commons.math3.random.BitsStreamGenerator,109,1,0.85,0.85,1519,qwen3.6:latest
Math-12-0127,Math,12,127,AOR,arithmetic,org.apache.commons.math3.random.BitsStreamGenerator,109,1,0.85,0.85,1524,qwen3.6:latest
Math-12-0128,Math,12,128,AOR,arithmetic,org.apache.commons.math3.random.BitsStreamGenerator,109,1,0.85,0.85,1519,qwen3.6:latest
Math-12-0129,Math,12,129,AOR,arithmetic,org.apache.commons.math3.random.BitsStreamGenerator,109,1,0.85,0.85,1534,qwen3.6:latest
Math-12-0130,Math,12,130,AOR,arithmetic,org.apache.commons.math3.random.BitsStreamGenerator,109,1,0.85,0.85,1532,qwen3.6:latest
Math-12-0131,Math,12,131,AOR,arithmetic,org.apache.commons.math3.random.BitsStreamGenerator,110,1,0.85,0.85,1595,qwen3.6:latest
Math-12-0132,Math,12,132,AOR,arithmetic,org.apache.commons.math3.random.BitsStreamGenerator,110,1,0.85,0.85,1695,qwen3.6:latest
Math-12-0133,Math,12,133,AOR,arithmetic,org.apache.commons.math3.random.BitsStreamGenerator,110,1,0.85,0.85,1551,qwen3.6:latest
Math-12-0134,Math,12,134,AOR,arithmetic,org.apache.commons.math3.random.BitsStreamGenerator,110,1,0.85,0.85,1590,qwen3.6:latest
Math-12-0135,Math,12,135,AOR,arithmetic,org.apache.commons.math3.random.BitsStreamGenerator,111,1,0.85,0.85,1475,qwen3.6:latest
Math-12-0136,Math,12,136,AOR,arithmetic,org.apache.commons.math3.random.BitsStreamGenerator,111,1,0.85,0.85,1494,qwen3.6:latest
Math-12-0137,Math,12,137,AOR,arithmetic,org.apache.commons.math3.random.BitsStreamGenerator,111,1,0.85,0.85,1482,qwen3.6:latest
Math-12-0138,Math,12,138,AOR,arithmetic,org.apache.commons.math3.random.BitsStreamGenerator,111,1,0.85,0.85,1442,qwen3.6:latest
Math-12-0139,Math,12,139,STD,statement_deletion,org.apache.commons.math3.random.BitsStreamGenerator,111,1,0.15,0.15,1444,qwen3.6:latest
Math-12-0140,Math,12,140,STD,statement_deletion,org.apache.commons.math3.random.BitsStreamGenerator,115,1,0.15,0.15,1437,qwen3.6:latest
Math-12-0141,Math,12,141,LVR,arithmetic,org.apache.commons.math3.random.BitsStreamGenerator,124,0,0.8,0.8,1499,qwen3.6:latest
Math-12-0142,Math,12,142,LVR,arithmetic,org.apache.commons.math3.random.BitsStreamGenerator,124,0,0.15,0.15,1467,qwen3.6:latest
Math-12-0143,Math,12,143,LVR,arithmetic,org.apache.commons.math3.random.BitsStreamGenerator,143,0,0.85,0.85,1545,qwen3.6:latest
Math-12-0144,Math,12,144,LVR,arithmetic,org.apache.commons.math3.random.BitsStreamGenerator,143,0,0.85,0.85,1558,qwen3.6:latest
Math-12-0145,Math,12,145,ROR,relational,org.apache.commons.math3.random.BitsStreamGenerator,143,0,0.75,0.75,1529,qwen3.6:latest
Math-12-0146,Math,12,146,ROR,relational,org.apache.commons.math3.random.BitsStreamGenerator,143,0,0.85,0.85,1552,qwen3.6:latest
Math-12-0147,Math,12,147,ROR,relational,org.apache.commons.math3.random.BitsStreamGenerator,143,0,0.85,0.85,1563,qwen3.6:latest
Math-12-0148,Math,12,148,ORU,return_value,org.apache.commons.math3.random.BitsStreamGenerator,144,0,0.75,0.75,1533,qwen3.6:latest
Math-12-0149,Math,12,149,ORU,return_value,org.apache.commons.math3.random.BitsStreamGenerator,144,0,0.75,0.75,1546,qwen3.6:latest
Math-12-0150,Math,12,150,LOR,logical,org.apache.commons.math3.random.BitsStreamGenerator,144,0,0.75,0.75,1521,qwen3.6:latest
Math-12-0151,Math,12,151,LOR,logical,org.apache.commons.math3.random.BitsStreamGenerator,144,0,0.75,0.75,1541,qwen3.6:latest
Math-12-0152,Math,12,152,ROR,relational,org.apache.commons.math3.random.BitsStreamGenerator,144,0,0.75,0.75,1575,qwen3.6:latest
Math-12-0153,Math,12,153,ROR,relational,org.apache.commons.math3.random.BitsStreamGenerator,144,0,0.75,0.75,1554,qwen3.6:latest
Math-12-0154,Math,12,154,ROR,relational,org.apache.commons.math3.random.BitsStreamGenerator,144,0,0.85,0.85,1558,qwen3.6:latest
Math-12-0155,Math,12,155,LVR,arithmetic,org.apache.commons.math3.random.BitsStreamGenerator,145,0,0.85,0.85,1501,qwen3.6:latest
Math-12-0156,Math,12,156,LVR,arithmetic,org.apache.commons.math3.random.BitsStreamGenerator,145,0,0.85,0.85,1476,qwen3.6:latest
Math-12-0157,Math,12,157,AOR,arithmetic,org.apache.commons.math3.random.BitsStreamGenerator,145,0,0.85,0.85,1496,qwen3.6:latest
Math-12-0158,Math,12,158,AOR,arithmetic,org.apache.commons.math3.random.BitsStreamGenerator,145,0,0.85,0.85,1487,qwen3.6:latest
Math-12-0159,Math,12,159,AOR,arithmetic,org.apache.commons.math3.random.BitsStreamGenerator,145,0,0.85,0.85,1491,qwen3.6:latest
Math-12-0160,Math,12,160,AOR,arithmetic,org.apache.commons.math3.random.BitsStreamGenerator,145,0,0.85,0.85,1490,qwen3.6:latest
Math-12-0161,Math,12,161,LVR,arithmetic,org.apache.commons.math3.random.BitsStreamGenerator,145,0,0.85,0.85,1467,qwen3.6:latest
Math-12-0162,Math,12,162,LVR,arithmetic,org.apache.commons.math3.random.BitsStreamGenerator,145,0,0.85,0.85,1506,qwen3.6:latest
Math-12-0163,Math,12,163,SOR,arithmetic,org.apache.commons.math3.random.BitsStreamGenerator,145,0,0.85,0.85,1468,qwen3.6:latest
Math-12-0164,Math,12,164,SOR,arithmetic,org.apache.commons.math3.random.BitsStreamGenerator,145,0,0.75,0.75,1485,qwen3.6:latest
Math-12-0165,Math,12,165,LVR,arithmetic,org.apache.commons.math3.random.BitsStreamGenerator,150,0,0.85,0.85,1497,qwen3.6:latest
Math-12-0166,Math,12,166,LVR,arithmetic,org.apache.commons.math3.random.BitsStreamGenerator,150,0,0.85,0.85,1443,qwen3.6:latest
Math-12-0167,Math,12,167,AOR,arithmetic,org.apache.commons.math3.random.BitsStreamGenerator,151,0,0.85,0.85,1553,qwen3.6:latest
Math-12-0168,Math,12,168,AOR,arithmetic,org.apache.commons.math3.random.BitsStreamGenerator,151,0,0.85,0.85,1436,qwen3.6:latest
Math-12-0169,Math,12,169,AOR,arithmetic,org.apache.commons.math3.random.BitsStreamGenerator,151,0,0.85,0.85,1439,qwen3.6:latest
Math-12-0170,Math,12,170,AOR,arithmetic,org.apache.commons.math3.random.BitsStreamGenerator,151,0,0.85,0.85,1429,qwen3.6:latest
Math-12-0171,Math,12,171,AOR,arithmetic,org.apache.commons.math3.random.BitsStreamGenerator,152,0,0.85,0.85,1438,qwen3.6:latest
Math-12-0172,Math,12,172,AOR,arithmetic,org.apache.commons.math3.random.BitsStreamGenerator,152,0,0.85,0.85,1429,qwen3.6:latest
Math-12-0173,Math,12,173,AOR,arithmetic,org.apache.commons.math3.random.BitsStreamGenerator,152,0,0.85,0.85,1426,qwen3.6:latest
Math-12-0174,Math,12,174,AOR,arithmetic,org.apache.commons.math3.random.BitsStreamGenerator,152,0,0.85,0.85,1491,qwen3.6:latest
Math-12-0175,Math,12,175,LVR,arithmetic,org.apache.commons.math3.random.BitsStreamGenerator,152,0,0.85,0.85,1455,qwen3.6:latest
Math-12-0176,Math,12,176,LVR,arithmetic,org.apache.commons.math3.random.BitsStreamGenerator,152,0,0.85,0.85,1455,qwen3.6:latest
Math-12-0177,Math,12,177,AOR,arithmetic,org.apache.commons.math3.random.BitsStreamGenerator,152,0,0.85,0.85,1451,qwen3.6:latest
Math-12-0178,Math,12,178,AOR,arithmetic,org.apache.commons.math3.random.BitsStreamGenerator,152,0,0.85,0.85,1467,qwen3.6:latest
Math-12-0179,Math,12,179,AOR,arithmetic,org.apache.commons.math3.random.BitsStreamGenerator,152,0,0.85,0.85,1454,qwen3.6:latest
Math-12-0180,Math,12,180,AOR,arithmetic,org.apache.commons.math3.random.BitsStreamGenerator,152,0,0.85,0.85,1443,qwen3.6:latest
Math-12-0181,Math,12,181,AOR,arithmetic,org.apache.commons.math3.random.BitsStreamGenerator,152,0,0.85,0.85,1481,qwen3.6:latest
Math-12-0182,Math,12,182,AOR,arithmetic,org.apache.commons.math3.random.BitsStreamGenerator,152,0,0.85,0.85,1444,qwen3.6:latest
Math-12-0183,Math,12,183,AOR,arithmetic,org.apache.commons.math3.random.BitsStreamGenerator,152,0,0.85,0.85,1439,qwen3.6:latest
Math-12-0184,Math,12,184,AOR,arithmetic,org.apache.commons.math3.random.BitsStreamGenerator,152,0,0.85,0.85,1448,qwen3.6:latest
Math-12-0185,Math,12,185,LVR,arithmetic,org.apache.commons.math3.random.BitsStreamGenerator,152,0,0.85,0.85,1455,qwen3.6:latest
Math-12-0186,Math,12,186,LVR,arithmetic,org.apache.commons.math3.random.BitsStreamGenerator,152,0,0.85,0.85,1462,qwen3.6:latest
Math-12-0187,Math,12,187,ROR,relational,org.apache.commons.math3.random.BitsStreamGenerator,152,0,0.85,0.85,1439,qwen3.6:latest
Math-12-0188,Math,12,188,ROR,relational,org.apache.commons.math3.random.BitsStreamGenerator,152,0,0.75,0.75,1455,qwen3.6:latest
Math-12-0189,Math,12,189,ROR,relational,org.apache.commons.math3.random.BitsStreamGenerator,152,0,0.85,0.85,1433,qwen3.6:latest
Math-12-0190,Math,12,190,LVR,arithmetic,org.apache.commons.math3.random.BitsStreamGenerator,160,0,0.15,0.15,1469,qwen3.6:latest
Math-12-0191,Math,12,191,LVR,arithmetic,org.apache.commons.math3.random.BitsStreamGenerator,160,0,0.15,0.15,1457,qwen3.6:latest
Math-12-0192,Math,12,192,LVR,arithmetic,org.apache.commons.math3.random.BitsStreamGenerator,160,0,0.15,0.15,1454,qwen3.6:latest
Math-12-0193,Math,12,193,LVR,arithmetic,org.apache.commons.math3.random.BitsStreamGenerator,160,0,0.15,0.15,1450,qwen3.6:latest
Math-12-0194,Math,12,194,SOR,arithmetic,org.apache.commons.math3.random.BitsStreamGenerator,160,0,0.85,0.85,1455,qwen3.6:latest
Math-12-0195,Math,12,195,SOR,arithmetic,org.apache.commons.math3.random.BitsStreamGenerator,160,0,0.85,0.85,1448,qwen3.6:latest
Math-12-0196,Math,12,196,LVR,arithmetic,org.apache.commons.math3.random.BitsStreamGenerator,161,0,0.15,0.15,1489,qwen3.6:latest
Math-12-0197,Math,12,197,LVR,arithmetic,org.apache.commons.math3.random.BitsStreamGenerator,161,0,0.15,0.15,1483,qwen3.6:latest
Math-12-0198,Math,12,198,LVR,arithmetic,org.apache.commons.math3.random.BitsStreamGenerator,161,0,0.15,0.15,1487,qwen3.6:latest
Math-12-0199,Math,12,199,LVR,arithmetic,org.apache.commons.math3.random.BitsStreamGenerator,161,0,0.15,0.15,1489,qwen3.6:latest
Math-12-0200,Math,12,200,LOR,logical,org.apache.commons.math3.random.BitsStreamGenerator,161,0,0.85,0.85,1475,qwen3.6:latest
Math-12-0201,Math,12,201,LOR,logical,org.apache.commons.math3.random.BitsStreamGenerator,161,0,0.85,0.85,1487,qwen3.6:latest
Math-12-0202,Math,12,202,LOR,logical,org.apache.commons.math3.random.BitsStreamGenerator,162,0,0.85,0.85,1456,qwen3.6:latest
Math-12-0203,Math,12,203,LOR,logical,org.apache.commons.math3.random.BitsStreamGenerator,162,0,0.85,0.85,1491,qwen3.6:latest
Math-12-0204,Math,12,204,STD,statement_deletion,org.apache.commons.math3.random.BitsStreamGenerator,170,0,0.15,0.15,1480,qwen3.6:latest
Math-13-0001,Math,13,1,LVR,arithmetic,org.apache.commons.math3.optimization.general.AbstractLeastSquaresOptimizer,155,0,0.85,0.85,1501,qwen3.6:latest
Math-13-0002,Math,13,2,LVR,arithmetic,org.apache.commons.math3.optimization.general.AbstractLeastSquaresOptimizer,155,0,0.85,0.85,1510,qwen3.6:latest
Math-13-0003,Math,13,3,STD,statement_deletion,org.apache.commons.math3.optimization.general.AbstractLeastSquaresOptimizer,155,0,0.15,0.15,1502,qwen3.6:latest
Math-13-0004,Math,13,4,STD,statement_deletion,org.apache.commons.math3.optimization.general.AbstractLeastSquaresOptimizer,168,0,0.15,0.15,1686,qwen3.6:latest
Math-13-0005,Math,13,5,LVR,arithmetic,org.apache.commons.math3.optimization.general.AbstractLeastSquaresOptimizer,172,1,0.15,0.15,1574,qwen3.6:latest
Math-13-0006,Math,13,6,LVR,arithmetic,org.apache.commons.math3.optimization.general.AbstractLeastSquaresOptimizer,172,1,0.15,0.15,1590,qwen3.6:latest
Math-13-0007,Math,13,7,ROR,relational,org.apache.commons.math3.optimization.general.AbstractLeastSquaresOptimizer,172,0,0.85,0.85,1590,qwen3.6:latest
Math-13-0008,Math,13,8,ROR,relational,org.apache.commons.math3.optimization.general.AbstractLeastSquaresOptimizer,172,1,0.85,0.85,1574,qwen3.6:latest
Math-13-0009,Math,13,9,ROR,relational,org.apache.commons.math3.optimization.general.AbstractLeastSquaresOptimizer,172,1,0.85,0.85,1587,qwen3.6:latest
Math-13-0010,Math,13,10,LVR,arithmetic,org.apache.commons.math3.optimization.general.AbstractLeastSquaresOptimizer,173,1,0.85,0.85,1592,qwen3.6:latest
Math-13-0011,Math,13,11,LVR,arithmetic,org.apache.commons.math3.optimization.general.AbstractLeastSquaresOptimizer,173,1,0.15,0.15,1574,qwen3.6:latest
Math-13-0012,Math,13,12,STD,statement_deletion,org.apache.commons.math3.optimization.general.AbstractLeastSquaresOptimizer,173,1,0.15,0.15,1585,qwen3.6:latest
Math-13-0013,Math,13,13,ROR,relational,org.apache.commons.math3.optimization.general.AbstractLeastSquaresOptimizer,177,0,0.85,0.85,1595,qwen3.6:latest
Math-13-0014,Math,13,14,ROR,relational,org.apache.commons.math3.optimization.general.AbstractLeastSquaresOptimizer,177,0,0.85,0.85,1585,qwen3.6:latest
Math-13-0015,Math,13,15,ROR,relational,org.apache.commons.math3.optimization.general.AbstractLeastSquaresOptimizer,177,1,0.85,0.85,1588,qwen3.6:latest
Math-13-0016,Math,13,16,LVR,arithmetic,org.apache.commons.math3.optimization.general.AbstractLeastSquaresOptimizer,181,1,0.85,0.85,1572,qwen3.6:latest
Math-13-0017,Math,13,17,LVR,arithmetic,org.apache.commons.math3.optimization.general.AbstractLeastSquaresOptimizer,181,1,0.85,0.85,1586,qwen3.6:latest
Math-13-0018,Math,13,18,ROR,relational,org.apache.commons.math3.optimization.general.AbstractLeastSquaresOptimizer,181,0,0.85,0.85,1589,qwen3.6:latest
Math-13-0019,Math,13,19,ROR,relational,org.apache.commons.math3.optimization.general.AbstractLeastSquaresOptimizer,181,1,0.85,0.85,1568,qwen3.6:latest
Math-13-0020,Math,13,20,ROR,relational,org.apache.commons.math3.optimization.general.AbstractLeastSquaresOptimizer,181,1,0.85,0.85,1566,qwen3.6:latest
Math-13-0021,Math,13,21,LVR,arithmetic,org.apache.commons.math3.optimization.general.AbstractLeastSquaresOptimizer,183,1,0.85,0.85,1547,qwen3.6:latest
Math-13-0022,Math,13,22,LVR,arithmetic,org.apache.commons.math3.optimization.general.AbstractLeastSquaresOptimizer,183,1,0.85,0.85,1536,qwen3.6:latest
Math-13-0023,Math,13,23,ROR,relational,org.apache.commons.math3.optimization.general.AbstractLeastSquaresOptimizer,183,0,0.95,0.95,1593,qwen3.6:latest
Math-13-0024,Math,13,24,ROR,relational,org.apache.commons.math3.optimization.general.AbstractLeastSquaresOptimizer,183,1,0.85,0.85,1548,qwen3.6:latest
Math-13-0025,Math,13,25,ROR,relational,org.apache.commons.math3.optimization.general.AbstractLeastSquaresOptimizer,183,1,0.85,0.85,1548,qwen3.6:latest
Math-13-0026,Math,13,26,LVR,arithmetic,org.apache.commons.math3.optimization.general.AbstractLeastSquaresOptimizer,184,1,0.15,0.15,1546,qwen3.6:latest
Math-13-0027,Math,13,27,LVR,arithmetic,org.apache.commons.math3.optimization.general.AbstractLeastSquaresOptimizer,184,1,0.15,0.15,1547,qwen3.6:latest
Math-13-0028,Math,13,28,STD,statement_deletion,org.apache.commons.math3.optimization.general.AbstractLeastSquaresOptimizer,184,1,0.15,0.15,1548,qwen3.6:latest
Math-13-0029,Math,13,29,STD,statement_deletion,org.apache.commons.math3.optimization.general.AbstractLeastSquaresOptimizer,185,1,0.15,0.15,1549,qwen3.6:latest
Math-13-0030,Math,13,30,LVR,arithmetic,org.apache.commons.math3.optimization.general.AbstractLeastSquaresOptimizer,186,1,0.85,0.85,1528,qwen3.6:latest
Math-13-0031,Math,13,31,LVR,arithmetic,org.apache.commons.math3.optimization.general.AbstractLeastSquaresOptimizer,186,0,0.85,0.85,1561,qwen3.6:latest
Math-13-0032,Math,13,32,STD,statement_deletion,org.apache.commons.math3.optimization.general.AbstractLeastSquaresOptimizer,186,1,0.15,0.15,1556,qwen3.6:latest
Math-13-0033,Math,13,33,STD,statement_deletion,org.apache.commons.math3.optimization.general.AbstractLeastSquaresOptimizer,205,0,0.15,0.15,1486,qwen3.6:latest
Math-13-0034,Math,13,34,STD,statement_deletion,org.apache.commons.math3.optimization.general.AbstractLeastSquaresOptimizer,209,0,0.15,0.15,1457,qwen3.6:latest
Math-13-0035,Math,13,35,STD,statement_deletion,org.apache.commons.math3.optimization.general.AbstractLeastSquaresOptimizer,213,0,0.15,0.15,1421,qwen3.6:latest
Math-13-0036,Math,13,36,AOR,arithmetic,org.apache.commons.math3.optimization.general.AbstractLeastSquaresOptimizer,240,1,0.85,0.85,1548,qwen3.6:latest
Math-13-0037,Math,13,37,AOR,arithmetic,org.apache.commons.math3.optimization.general.AbstractLeastSquaresOptimizer,240,1,0.85,0.85,1524,qwen3.6:latest
Math-13-0038,Math,13,38,AOR,arithmetic,org.apache.commons.math3.optimization.general.AbstractLeastSquaresOptimizer,240,1,0.85,0.85,1541,qwen3.6:latest
Math-13-0039,Math,13,39,AOR,arithmetic,org.apache.commons.math3.optimization.general.AbstractLeastSquaresOptimizer,240,1,0.85,0.85,1525,qwen3.6:latest
Math-13-0040,Math,13,40,AOR,arithmetic,org.apache.commons.math3.optimization.general.AbstractLeastSquaresOptimizer,250,1,0.85,0.85,1451,qwen3.6:latest
Math-13-0041,Math,13,41,AOR,arithmetic,org.apache.commons.math3.optimization.general.AbstractLeastSquaresOptimizer,250,1,0.85,0.85,1463,qwen3.6:latest
Math-13-0042,Math,13,42,AOR,arithmetic,org.apache.commons.math3.optimization.general.AbstractLeastSquaresOptimizer,250,1,0.85,0.85,1453,qwen3.6:latest
Math-13-0043,Math,13,43,AOR,arithmetic,org.apache.commons.math3.optimization.general.AbstractLeastSquaresOptimizer,250,1,0.85,0.85,1506,qwen3.6:latest
Math-13-0044,Math,13,44,STD,statement_deletion,org.apache.commons.math3.optimization.general.AbstractLeastSquaresOptimizer,270,1,0.15,0.15,1441,qwen3.6:latest
Math-13-0045,Math,13,45,ROR,relational,org.apache.commons.math3.optimization.general.AbstractLeastSquaresOptimizer,372,1,0.85,0.85,1573,qwen3.6:latest
Math-13-0046,Math,13,46,ROR,relational,org.apache.commons.math3.optimization.general.AbstractLeastSquaresOptimizer,372,0,0.85,0.85,1595,qwen3.6:latest
Math-13-0047,Math,13,47,ROR,relational,org.apache.commons.math3.optimization.general.AbstractLeastSquaresOptimizer,372,1,0.85,0.85,1580,qwen3.6:latest
Math-13-0048,Math,13,48,LVR,arithmetic,org.apache.commons.math3.optimization.general.AbstractLeastSquaresOptimizer,374,0,0.85,0.85,1575,qwen3.6:latest
Math-13-0049,Math,13,49,AOR,arithmetic,org.apache.commons.math3.optimization.general.AbstractLeastSquaresOptimizer,377,0,0.85,0.85,1566,qwen3.6:latest
Math-13-0050,Math,13,50,AOR,arithmetic,org.apache.commons.math3.optimization.general.AbstractLeastSquaresOptimizer,377,1,0.85,0.85,1558,qwen3.6:latest
Math-13-0051,Math,13,51,AOR,arithmetic,org.apache.commons.math3.optimization.general.AbstractLeastSquaresOptimizer,377,0,0.85,0.85,1559,qwen3.6:latest
Math-13-0052,Math,13,52,AOR,arithmetic,org.apache.commons.math3.optimization.general.AbstractLeastSquaresOptimizer,377,0,0.85,0.85,1568,qwen3.6:latest
Math-13-0053,Math,13,53,AOR,arithmetic,org.apache.commons.math3.optimization.general.AbstractLeastSquaresOptimizer,377,0,0.85,0.85,1578,qwen3.6:latest
Math-13-0054,Math,13,54,AOR,arithmetic,org.apache.commons.math3.optimization.general.AbstractLeastSquaresOptimizer,377,0,0.85,0.85,1568,qwen3.6:latest
Math-13-0055,Math,13,55,AOR,arithmetic,org.apache.commons.math3.optimization.general.AbstractLeastSquaresOptimizer,377,0,0.85,0.85,1551,qwen3.6:latest
Math-13-0056,Math,13,56,AOR,arithmetic,org.apache.commons.math3.optimization.general.AbstractLeastSquaresOptimizer,377,1,0.85,0.85,1556,qwen3.6:latest
Math-13-0057,Math,13,57,LVR,arithmetic,org.apache.commons.math3.optimization.general.AbstractLeastSquaresOptimizer,378,0,0.85,0.85,1548,qwen3.6:latest
Math-13-0058,Math,13,58,LVR,arithmetic,org.apache.commons.math3.optimization.general.AbstractLeastSquaresOptimizer,378,0,0.15,0.15,1554,qwen3.6:latest
Math-13-0059,Math,13,59,LVR,arithmetic,org.apache.commons.math3.optimization.general.AbstractLeastSquaresOptimizer,379,1,0.15,0.15,1536,qwen3.6:latest
Math-13-0060,Math,13,60,LVR,arithmetic,org.apache.commons.math3.optimization.general.AbstractLeastSquaresOptimizer,379,1,0.85,0.85,1537,qwen3.6:latest
Math-13-0061,Math,13,61,ROR,relational,org.apache.commons.math3.optimization.general.AbstractLeastSquaresOptimizer,379,1,0.85,0.85,1532,qwen3.6:latest
Math-13-0062,Math,13,62,ROR,relational,org.apache.commons.math3.optimization.general.AbstractLeastSquaresOptimizer,379,1,0.15,0.15,1574,qwen3.6:latest
Math-13-0063,Math,13,63,AOR,arithmetic,org.apache.commons.math3.optimization.general.AbstractLeastSquaresOptimizer,380,1,0.75,0.75,1541,qwen3.6:latest
Math-13-0064,Math,13,64,AOR,arithmetic,org.apache.commons.math3.optimization.general.AbstractLeastSquaresOptimizer,380,0,0.85,0.85,1529,qwen3.6:latest
Math-13-0065,Math,13,65,AOR,arithmetic,org.apache.commons.math3.optimization.general.AbstractLeastSquaresOptimizer,380,0,0.85,0.85,1527,qwen3.6:latest
Math-13-0066,Math,13,66,AOR,arithmetic,org.apache.commons.math3.optimization.general.AbstractLeastSquaresOptimizer,380,0,0.85,0.85,1529,qwen3.6:latest
Math-13-0067,Math,13,67,STD,statement_deletion,org.apache.commons.math3.optimization.general.AbstractLeastSquaresOptimizer,380,1,0.15,0.15,1544,qwen3.6:latest
Math-13-0068,Math,13,68,LVR,arithmetic,org.apache.commons.math3.optimization.general.AbstractLeastSquaresOptimizer,405,0,0.85,0.85,1478,qwen3.6:latest
Math-13-0069,Math,13,69,LVR,arithmetic,org.apache.commons.math3.optimization.general.AbstractLeastSquaresOptimizer,405,0,0.85,0.85,1472,qwen3.6:latest
Math-13-0070,Math,13,70,ROR,relational,org.apache.commons.math3.optimization.general.AbstractLeastSquaresOptimizer,405,0,0.85,0.85,1480,qwen3.6:latest
Math-13-0071,Math,13,71,ROR,relational,org.apache.commons.math3.optimization.general.AbstractLeastSquaresOptimizer,405,0,0.15,0.15,1509,qwen3.6:latest
Math-13-0072,Math,13,72,ROR,relational,org.apache.commons.math3.optimization.general.AbstractLeastSquaresOptimizer,405,0,0.15,0.15,1509,qwen3.6:latest
Math-13-0073,Math,13,73,STD,statement_deletion,org.apache.commons.math3.optimization.general.AbstractLeastSquaresOptimizer,406,0,0.25,0.25,1571,qwen3.6:latest
Math-13-0074,Math,13,74,STD,statement_deletion,org.apache.commons.math3.optimization.general.AbstractLeastSquaresOptimizer,502,0,0.15,0.15,1482,qwen3.6:latest
Math-13-0075,Math,13,75,LVR,arithmetic,org.apache.commons.math3.optimization.general.AbstractLeastSquaresOptimizer,505,0,0.15,0.15,1486,qwen3.6:latest
Math-13-0076,Math,13,76,LVR,arithmetic,org.apache.commons.math3.optimization.general.AbstractLeastSquaresOptimizer,505,0,0.15,0.15,1456,qwen3.6:latest
Math-13-0077,Math,13,77,STD,statement_deletion,org.apache.commons.math3.optimization.general.AbstractLeastSquaresOptimizer,505,0,0.15,0.15,1493,qwen3.6:latest
Math-13-0078,Math,13,78,STD,statement_deletion,org.apache.commons.math3.optimization.general.AbstractLeastSquaresOptimizer,508,1,0.1,0.1,1473,qwen3.6:latest
Math-13-0079,Math,13,79,STD,statement_deletion,org.apache.commons.math3.optimization.general.AbstractLeastSquaresOptimizer,516,1,0.15,0.15,1566,qwen3.6:latest
Math-13-0080,Math,13,80,STD,statement_deletion,org.apache.commons.math3.optimization.general.AbstractLeastSquaresOptimizer,519,1,0.15,0.15,1500,qwen3.6:latest
Math-13-0081,Math,13,81,STD,statement_deletion,org.apache.commons.math3.optimization.general.AbstractLeastSquaresOptimizer,520,1,0.15,0.15,1500,qwen3.6:latest
Math-13-0082,Math,13,82,STD,statement_deletion,org.apache.commons.math3.optimization.general.AbstractLeastSquaresOptimizer,521,1,0.15,0.15,1573,qwen3.6:latest
Math-13-0083,Math,13,83,ROR,relational,org.apache.commons.math3.optimization.general.AbstractLeastSquaresOptimizer,542,0,0.85,0.85,1490,qwen3.6:latest
Math-13-0084,Math,13,84,ROR,relational,org.apache.commons.math3.optimization.general.AbstractLeastSquaresOptimizer,542,0,0.85,0.85,1489,qwen3.6:latest
Math-13-0085,Math,13,85,ROR,relational,org.apache.commons.math3.optimization.general.AbstractLeastSquaresOptimizer,542,1,0.85,0.85,1496,qwen3.6:latest
Math-13-0086,Math,13,86,LVR,arithmetic,org.apache.commons.math3.optimization.general.AbstractLeastSquaresOptimizer,548,1,0.95,0.95,1451,qwen3.6:latest
Math-13-0087,Math,13,87,LVR,arithmetic,org.apache.commons.math3.optimization.general.AbstractLeastSquaresOptimizer,548,1,0.15,0.15,1451,qwen3.6:latest
Math-13-0088,Math,13,88,ROR,relational,org.apache.commons.math3.optimization.general.AbstractLeastSquaresOptimizer,548,1,0.95,0.95,1467,qwen3.6:latest
Math-13-0089,Math,13,89,ROR,relational,org.apache.commons.math3.optimization.general.AbstractLeastSquaresOptimizer,548,1,0.95,0.95,1467,qwen3.6:latest
Math-13-0090,Math,13,90,AOR,arithmetic,org.apache.commons.math3.optimization.general.AbstractLeastSquaresOptimizer,549,1,0.85,0.85,1473,qwen3.6:latest
Math-13-0091,Math,13,91,AOR,arithmetic,org.apache.commons.math3.optimization.general.AbstractLeastSquaresOptimizer,549,1,0.85,0.85,1471,qwen3.6:latest
Math-13-0092,Math,13,92,AOR,arithmetic,org.apache.commons.math3.optimization.general.AbstractLeastSquaresOptimizer,549,1,0.85,0.85,1465,qwen3.6:latest
Math-13-0093,Math,13,93,AOR,arithmetic,org.apache.commons.math3.optimization.general.AbstractLeastSquaresOptimizer,549,1,0.85,0.85,1463,qwen3.6:latest
Math-13-0094,Math,13,94,STD,statement_deletion,org.apache.commons.math3.optimization.general.AbstractLeastSquaresOptimizer,549,1,0.1,0.1,1436,qwen3.6:latest
Math-13-0095,Math,13,95,LVR,arithmetic,org.apache.commons.math3.optimization.general.AbstractLeastSquaresOptimizer,565,1,0.75,0.75,1574,qwen3.6:latest
Math-13-0096,Math,13,96,LVR,arithmetic,org.apache.commons.math3.optimization.general.AbstractLeastSquaresOptimizer,565,1,0.15,0.15,1558,qwen3.6:latest
Math-13-0097,Math,13,97,ROR,relational,org.apache.commons.math3.optimization.general.AbstractLeastSquaresOptimizer,565,0,0.75,0.75,1569,qwen3.6:latest
Math-13-0098,Math,13,98,ROR,relational,org.apache.commons.math3.optimization.general.AbstractLeastSquaresOptimizer,565,1,0.75,0.75,1562,qwen3.6:latest
Math-13-0099,Math,13,99,ROR,relational,org.apache.commons.math3.optimization.general.AbstractLeastSquaresOptimizer,565,1,0.75,0.75,1574,qwen3.6:latest
Math-13-0100,Math,13,100,STD,statement_deletion,org.apache.commons.math3.optimization.general.AbstractLeastSquaresOptimizer,566,1,0.15,0.15,1557,qwen3.6:latest
Math-37-0001,Math,37,1,LVR,arithmetic,org.apache.commons.math.complex.Complex,59,1,0.15,0.15,1587,qwen3.6:latest
Math-37-0002,Math,37,2,LVR,arithmetic,org.apache.commons.math.complex.Complex,59,1,0.15,0.15,1609,qwen3.6:latest
Math-37-0003,Math,37,3,LVR,arithmetic,org.apache.commons.math.complex.Complex,59,1,0.15,0.15,1584,qwen3.6:latest
Math-37-0004,Math,37,4,LVR,arithmetic,org.apache.commons.math.complex.Complex,59,1,0.15,0.15,1567,qwen3.6:latest
Math-37-0005,Math,37,5,LVR,arithmetic,org.apache.commons.math.complex.Complex,67,1,0.1,0.1,1572,qwen3.6:latest
Math-37-0006,Math,37,6,LVR,arithmetic,org.apache.commons.math.complex.Complex,67,1,0.1,0.1,1588,qwen3.6:latest
Math-37-0007,Math,37,7,LVR,arithmetic,org.apache.commons.math.complex.Complex,67,1,0.1,0.1,1573,qwen3.6:latest
Math-37-0008,Math,37,8,LVR,arithmetic,org.apache.commons.math.complex.Complex,67,1,0.1,0.1,1565,qwen3.6:latest
Math-37-0009,Math,37,9,LVR,arithmetic,org.apache.commons.math.complex.Complex,69,1,0.1,0.1,1559,qwen3.6:latest
Math-37-0010,Math,37,10,LVR,arithmetic,org.apache.commons.math.complex.Complex,69,1,0.1,0.1,1531,qwen3.6:latest
Math-37-0011,Math,37,11,LVR,arithmetic,org.apache.commons.math.complex.Complex,69,1,0.1,0.1,1570,qwen3.6:latest
Math-37-0012,Math,37,12,LVR,arithmetic,org.apache.commons.math.complex.Complex,69,1,0.1,0.1,1599,qwen3.6:latest
Math-37-0013,Math,37,13,LVR,arithmetic,org.apache.commons.math.complex.Complex,89,1,0.85,0.85,1465,qwen3.6:latest
Math-37-0014,Math,37,14,LVR,arithmetic,org.apache.commons.math.complex.Complex,89,1,0.85,0.85,1447,qwen3.6:latest
Math-37-0015,Math,37,15,COR,logical,org.apache.commons.math.complex.Complex,102,1,0.85,0.85,1462,qwen3.6:latest
Math-37-0016,Math,37,16,COR,logical,org.apache.commons.math.complex.Complex,102,1,0.85,0.85,1483,qwen3.6:latest
Math-37-0017,Math,37,17,COR,logical,org.apache.commons.math.complex.Complex,102,1,0.85,0.85,1486,qwen3.6:latest
Math-37-0018,Math,37,18,COR,logical,org.apache.commons.math.complex.Complex,102,1,0.95,0.95,1459,qwen3.6:latest
Math-37-0019,Math,37,19,COR,logical,org.apache.commons.math.complex.Complex,104,1,0.85,0.85,1478,qwen3.6:latest
Math-37-0020,Math,37,20,COR,logical,org.apache.commons.math.complex.Complex,104,1,0.85,0.85,1465,qwen3.6:latest
Math-37-0021,Math,37,21,COR,logical,org.apache.commons.math.complex.Complex,104,0,0.85,0.85,1507,qwen3.6:latest
Math-37-0022,Math,37,22,COR,logical,org.apache.commons.math.complex.Complex,104,1,0.85,0.85,1503,qwen3.6:latest
Math-37-0023,Math,37,23,COR,logical,org.apache.commons.math.complex.Complex,103,0,0.75,0.75,1502,qwen3.6:latest
Math-37-0024,Math,37,24,COR,logical,org.apache.commons.math.complex.Complex,103,1,0.75,0.75,1472,qwen3.6:latest
Math-37-0025,Math,37,25,COR,logical,org.apache.commons.math.complex.Complex,103,1,0.75,0.75,1484,qwen3.6:latest
Math-37-0026,Math,37,26,COR,logical,org.apache.commons.math.complex.Complex,104,0,0.75,0.75,1499,qwen3.6:latest
Math-37-0027,Math,37,27,COR,logical,org.apache.commons.math.complex.Complex,116,0,0.85,0.85,1489,qwen3.6:latest
Math-37-0028,Math,37,28,COR,logical,org.apache.commons.math.complex.Complex,116,1,0.85,0.85,1512,qwen3.6:latest
Math-37-0029,Math,37,29,COR,logical,org.apache.commons.math.complex.Complex,119,1,0.85,0.85,1495,qwen3.6:latest
Math-37-0030,Math,37,30,COR,logical,org.apache.commons.math.complex.Complex,119,1,0.85,0.85,1450,qwen3.6:latest
Math-37-0031,Math,37,31,ROR,relational,org.apache.commons.math.complex.Complex,122,0,0.85,0.85,1494,qwen3.6:latest
Math-37-0032,Math,37,32,ROR,relational,org.apache.commons.math.complex.Complex,122,0,0.85,0.85,1495,qwen3.6:latest
Math-37-0033,Math,37,33,ROR,relational,org.apache.commons.math.complex.Complex,122,0,0.85,0.85,1497,qwen3.6:latest
Math-37-0034,Math,37,34,LVR,arithmetic,org.apache.commons.math.complex.Complex,123,1,0.85,0.85,1477,qwen3.6:latest
Math-37-0035,Math,37,35,LVR,arithmetic,org.apache.commons.math.complex.Complex,123,0,0.85,0.85,1513,qwen3.6:latest
Math-37-0036,Math,37,36,ROR,relational,org.apache.commons.math.complex.Complex,123,1,0.85,0.85,1514,qwen3.6:latest
Math-37-0037,Math,37,37,ROR,relational,org.apache.commons.math.complex.Complex,123,1,0.85,0.85,1463,qwen3.6:latest
Math-37-0038,Math,37,38,ROR,relational,org.apache.commons.math.complex.Complex,123,0,0.85,0.85,1498,qwen3.6:latest
Math-37-0039,Math,37,39,AOR,arithmetic,org.apache.commons.math.complex.Complex,126,1,0.85,0.85,1498,qwen3.6:latest
Math-37-0040,Math,37,40,AOR,arithmetic,org.apache.commons.math.complex.Complex,126,1,0.85,0.85,1492,qwen3.6:latest
Math-37-0041,Math,37,41,AOR,arithmetic,org.apache.commons.math.complex.Complex,126,1,0.85,0.85,1483,qwen3.6:latest
Math-37-0042,Math,37,42,AOR,arithmetic,org.apache.commons.math.complex.Complex,126,1,0.85,0.85,1493,qwen3.6:latest
Math-37-0043,Math,37,43,LVR,arithmetic,org.apache.commons.math.complex.Complex,127,1,0.85,0.85,1550,qwen3.6:latest
Math-37-0044,Math,37,44,LVR,arithmetic,org.apache.commons.math.complex.Complex,127,1,0.75,0.75,1509,qwen3.6:latest
Math-37-0045,Math,37,45,AOR,arithmetic,org.apache.commons.math.complex.Complex,127,1,0.85,0.85,1573,qwen3.6:latest
Math-37-0046,Math,37,46,AOR,arithmetic,org.apache.commons.math.complex.Complex,127,1,0.85,0.85,1569,qwen3.6:latest
Math-37-0047,Math,37,47,AOR,arithmetic,org.apache.commons.math.complex.Complex,127,1,0.85,0.85,1572,qwen3.6:latest
Math-37-0048,Math,37,48,AOR,arithmetic,org.apache.commons.math.complex.Complex,127,1,0.85,0.85,1625,qwen3.6:latest
Math-37-0049,Math,37,49,AOR,arithmetic,org.apache.commons.math.complex.Complex,127,1,0.85,0.85,1566,qwen3.6:latest
Math-37-0050,Math,37,50,AOR,arithmetic,org.apache.commons.math.complex.Complex,127,1,0.85,0.85,1554,qwen3.6:latest
Math-37-0051,Math,37,51,AOR,arithmetic,org.apache.commons.math.complex.Complex,127,1,0.85,0.85,1528,qwen3.6:latest
Math-37-0052,Math,37,52,AOR,arithmetic,org.apache.commons.math.complex.Complex,127,1,0.85,0.85,1574,qwen3.6:latest
Math-37-0053,Math,37,53,AOR,arithmetic,org.apache.commons.math.complex.Complex,127,1,0.85,0.85,1567,qwen3.6:latest
Math-37-0054,Math,37,54,AOR,arithmetic,org.apache.commons.math.complex.Complex,127,1,0.85,0.85,1576,qwen3.6:latest
Math-37-0055,Math,37,55,AOR,arithmetic,org.apache.commons.math.complex.Complex,127,1,0.85,0.85,1563,qwen3.6:latest
Math-37-0056,Math,37,56,AOR,arithmetic,org.apache.commons.math.complex.Complex,127,1,0.85,0.85,1579,qwen3.6:latest
Math-37-0057,Math,37,57,LVR,arithmetic,org.apache.commons.math.complex.Complex,129,1,0.85,0.85,1488,qwen3.6:latest
Math-37-0058,Math,37,58,LVR,arithmetic,org.apache.commons.math.complex.Complex,129,1,0.85,0.85,1501,qwen3.6:latest
Math-37-0059,Math,37,59,ROR,relational,org.apache.commons.math.complex.Complex,129,1,0.85,0.85,1487,qwen3.6:latest
Math-37-0060,Math,37,60,ROR,relational,org.apache.commons.math.complex.Complex,129,1,0.85,0.85,1496,qwen3.6:latest
Math-37-0061,Math,37,61,ROR,relational,org.apache.commons.math.complex.Complex,129,1,0.85,0.85,1586,qwen3.6:latest
Math-37-0062,Math,37,62,AOR,arithmetic,org.apache.commons.math.complex.Complex,132,1,0.85,0.85,1499,qwen3.6:latest
Math-37-0063,Math,37,63,AOR,arithmetic,org.apache.commons.math.complex.Complex,132,1,0.85,0.85,1483,qwen3.6:latest
Math-37-0064,Math,37,64,AOR,arithmetic,org.apache.commons.math.complex.Complex,132,1,0.85,0.85,1502,qwen3.6:latest
Math-37-0065,Math,37,65,AOR,arithmetic,org.apache.commons.math.complex.Complex,132,1,0.85,0.85,1494,qwen3.6:latest
Math-37-0066,Math,37,66,LVR,arithmetic,org.apache.commons.math.complex.Complex,133,1,0.85,0.85,1489,qwen3.6:latest
Math-37-0067,Math,37,67,LVR,arithmetic,org.apache.commons.math.complex.Complex,133,1,0.85,0.85,1496,qwen3.6:latest
Math-37-0068,Math,37,68,AOR,arithmetic,org.apache.commons.math.complex.Complex,133,1,0.85,0.85,1498,qwen3.6:latest
Math-37-0069,Math,37,69,AOR,arithmetic,org.apache.commons.math.complex.Complex,133,1,0.85,0.85,1499,qwen3.6:latest
Math-37-0070,Math,37,70,AOR,arithmetic,org.apache.commons.math.complex.Complex,133,1,0.85,0.85,1491,qwen3.6:latest
Math-37-0071,Math,37,71,AOR,arithmetic,org.apache.commons.math.complex.Complex,133,1,0.85,0.85,1506,qwen3.6:latest
Math-37-0072,Math,37,72,AOR,arithmetic,org.apache.commons.math.complex.Complex,133,1,0.85,0.85,1488,qwen3.6:latest
Math-37-0073,Math,37,73,AOR,arithmetic,org.apache.commons.math.complex.Complex,133,1,0.85,0.85,1492,qwen3.6:latest
Math-37-0074,Math,37,74,AOR,arithmetic,org.apache.commons.math.complex.Complex,133,1,0.85,0.85,1508,qwen3.6:latest
Math-37-0075,Math,37,75,AOR,arithmetic,org.apache.commons.math.complex.Complex,133,1,0.85,0.85,1488,qwen3.6:latest
Math-37-0076,Math,37,76,AOR,arithmetic,org.apache.commons.math.complex.Complex,133,1,0.85,0.85,1485,qwen3.6:latest
Math-37-0077,Math,37,77,AOR,arithmetic,org.apache.commons.math.complex.Complex,133,1,0.85,0.85,1479,qwen3.6:latest
Math-37-0078,Math,37,78,AOR,arithmetic,org.apache.commons.math.complex.Complex,133,1,0.85,0.85,1489,qwen3.6:latest
Math-37-0079,Math,37,79,AOR,arithmetic,org.apache.commons.math.complex.Complex,133,1,0.85,0.85,1480,qwen3.6:latest
Math-37-0080,Math,37,80,STD,statement_deletion,org.apache.commons.math.complex.Complex,157,0,0.85,0.85,1484,qwen3.6:latest
Math-37-0081,Math,37,81,COR,logical,org.apache.commons.math.complex.Complex,158,0,0.95,0.95,1550,qwen3.6:latest
Math-37-0082,Math,37,82,COR,logical,org.apache.commons.math.complex.Complex,158,1,0.95,0.95,1504,qwen3.6:latest
Math-37-0083,Math,37,83,COR,logical,org.apache.commons.math.complex.Complex,158,0,0.95,0.95,1491,qwen3.6:latest
Math-37-0084,Math,37,84,COR,logical,org.apache.commons.math.complex.Complex,158,1,0.95,0.95,1493,qwen3.6:latest
Math-37-0085,Math,37,85,AOR,arithmetic,org.apache.commons.math.complex.Complex,162,1,0.85,0.85,1458,qwen3.6:latest
Math-37-0086,Math,37,86,AOR,arithmetic,org.apache.commons.math.complex.Complex,162,1,0.95,0.95,1467,qwen3.6:latest
Math-37-0087,Math,37,87,AOR,arithmetic,org.apache.commons.math.complex.Complex,162,1,0.85,0.85,1495,qwen3.6:latest
Math-37-0088,Math,37,88,AOR,arithmetic,org.apache.commons.math.complex.Complex,162,1,0.85,0.85,1471,qwen3.6:latest
Math-37-0089,Math,37,89,AOR,arithmetic,org.apache.commons.math.complex.Complex,163,1,0.95,0.95,1466,qwen3.6:latest
Math-37-0090,Math,37,90,AOR,arithmetic,org.apache.commons.math.complex.Complex,163,1,0.95,0.95,1483,qwen3.6:latest
Math-37-0091,Math,37,91,AOR,arithmetic,org.apache.commons.math.complex.Complex,163,1,0.95,0.95,1488,qwen3.6:latest
Math-37-0092,Math,37,92,AOR,arithmetic,org.apache.commons.math.complex.Complex,163,1,0.95,0.95,1476,qwen3.6:latest
Math-37-0093,Math,37,93,COR,logical,org.apache.commons.math.complex.Complex,175,0,0.95,0.95,1469,qwen3.6:latest
Math-37-0094,Math,37,94,COR,logical,org.apache.commons.math.complex.Complex,175,0,0.15,0.15,1478,qwen3.6:latest
Math-37-0095,Math,37,95,COR,logical,org.apache.commons.math.complex.Complex,175,0,0.95,0.95,1463,qwen3.6:latest
Math-37-0096,Math,37,96,COR,logical,org.apache.commons.math.complex.Complex,175,1,0.15,0.15,1455,qwen3.6:latest
Math-37-0097,Math,37,97,AOR,arithmetic,org.apache.commons.math.complex.Complex,179,1,0.85,0.85,1466,qwen3.6:latest
Math-37-0098,Math,37,98,AOR,arithmetic,org.apache.commons.math.complex.Complex,179,1,0.85,0.85,1477,qwen3.6:latest
Math-37-0099,Math,37,99,AOR,arithmetic,org.apache.commons.math.complex.Complex,179,1,0.85,0.85,1456,qwen3.6:latest
Math-37-0100,Math,37,100,AOR,arithmetic,org.apache.commons.math.complex.Complex,179,1,0.95,0.95,1492,qwen3.6:latest
Math-37-0101,Math,37,101,COR,logical,org.apache.commons.math.complex.Complex,197,0,0.85,0.85,1502,qwen3.6:latest
Math-37-0102,Math,37,102,COR,logical,org.apache.commons.math.complex.Complex,197,1,0.85,0.85,1475,qwen3.6:latest
Math-37-0103,Math,37,103,ORU,return_value,org.apache.commons.math.complex.Complex,201,1,0.85,0.85,1458,qwen3.6:latest
Math-37-0104,Math,37,104,STD,statement_deletion,org.apache.commons.math.complex.Complex,248,0,0.15,0.15,1494,qwen3.6:latest
Math-37-0105,Math,37,105,COR,logical,org.apache.commons.math.complex.Complex,249,0,0.95,0.95,1452,qwen3.6:latest
Math-37-0106,Math,37,106,COR,logical,org.apache.commons.math.complex.Complex,249,0,0.85,0.85,1456,qwen3.6:latest
Math-37-0107,Math,37,107,COR,logical,org.apache.commons.math.complex.Complex,249,0,0.95,0.95,1488,qwen3.6:latest
Math-37-0108,Math,37,108,COR,logical,org.apache.commons.math.complex.Complex,249,1,0.95,0.95,1518,qwen3.6:latest
Math-37-0109,Math,37,109,LVR,arithmetic,org.apache.commons.math.complex.Complex,255,1,0.85,0.85,1467,qwen3.6:latest
Math-37-0110,Math,37,110,LVR,arithmetic,org.apache.commons.math.complex.Complex,255,0,0.85,0.85,1427,qwen3.6:latest
Math-37-0111,Math,37,111,ROR,relational,org.apache.commons.math.complex.Complex,255,1,0.95,0.95,1456,qwen3.6:latest
Math-37-0112,Math,37,112,ROR,relational,org.apache.commons.math.complex.Complex,255,1,0.85,0.85,1460,qwen3.6:latest
Math-37-0113,Math,37,113,ROR,relational,org.apache.commons.math.complex.Complex,255,0,0.85,0.85,1445,qwen3.6:latest
Math-37-0114,Math,37,114,LVR,arithmetic,org.apache.commons.math.complex.Complex,255,0,0.85,0.85,1440,qwen3.6:latest
Math-37-0115,Math,37,115,LVR,arithmetic,org.apache.commons.math.complex.Complex,255,0,0.85,0.85,1461,qwen3.6:latest
Math-37-0116,Math,37,116,ROR,relational,org.apache.commons.math.complex.Complex,255,0,0.95,0.95,1464,qwen3.6:latest
Math-37-0117,Math,37,117,ROR,relational,org.apache.commons.math.complex.Complex,255,1,0.85,0.85,1477,qwen3.6:latest
Math-37-0118,Math,37,118,ROR,relational,org.apache.commons.math.complex.Complex,255,0,0.85,0.85,1462,qwen3.6:latest
Math-37-0119,Math,37,119,COR,logical,org.apache.commons.math.complex.Complex,255,1,0.85,0.85,1471,qwen3.6:latest
Math-37-0120,Math,37,120,COR,logical,org.apache.commons.math.complex.Complex,255,0,0.85,0.85,1456,qwen3.6:latest
Math-37-0121,Math,37,121,COR,logical,org.apache.commons.math.complex.Complex,255,1,0.85,0.85,1421,qwen3.6:latest
Math-37-0122,Math,37,122,COR,logical,org.apache.commons.math.complex.Complex,255,1,0.85,0.85,1445,qwen3.6:latest
Math-37-0123,Math,37,123,COR,logical,org.apache.commons.math.complex.Complex,259,1,0.75,0.75,1424,qwen3.6:latest
Math-37-0124,Math,37,124,COR,logical,org.apache.commons.math.complex.Complex,259,1,0.85,0.85,1429,qwen3.6:latest
Math-37-0125,Math,37,125,COR,logical,org.apache.commons.math.complex.Complex,259,1,0.85,0.85,1443,qwen3.6:latest
Math-37-0126,Math,37,126,COR,logical,org.apache.commons.math.complex.Complex,259,1,0.15,0.15,1447,qwen3.6:latest
Math-37-0127,Math,37,127,ROR,relational,org.apache.commons.math.complex.Complex,263,1,0.75,0.75,1442,qwen3.6:latest
Math-37-0128,Math,37,128,ROR,relational,org.apache.commons.math.complex.Complex,263,0,0.75,0.75,1428,qwen3.6:latest
Math-37-0129,Math,37,129,ROR,relational,org.apache.commons.math.complex.Complex,263,1,0.75,0.75,1455,qwen3.6:latest
Math-37-0130,Math,37,130,AOR,arithmetic,org.apache.commons.math.complex.Complex,264,1,0.85,0.85,1427,qwen3.6:latest
Math-37-0131,Math,37,131,AOR,arithmetic,org.apache.commons.math.complex.Complex,264,1,0.85,0.85,1424,qwen3.6:latest
Math-37-0132,Math,37,132,AOR,arithmetic,org.apache.commons.math.complex.Complex,264,1,0.85,0.85,1432,qwen3.6:latest
Math-37-0133,Math,37,133,AOR,arithmetic,org.apache.commons.math.complex.Complex,264,1,0.85,0.85,1424,qwen3.6:latest
Math-37-0134,Math,37,134,AOR,arithmetic,org.apache.commons.math.complex.Complex,265,1,0.75,0.75,1486,qwen3.6:latest
Math-37-0135,Math,37,135,AOR,arithmetic,org.apache.commons.math.complex.Complex,265,1,0.85,0.85,1519,qwen3.6:latest
Math-37-0136,Math,37,136,AOR,arithmetic,org.apache.commons.math.complex.Complex,265,0,0.75,0.75,1514,qwen3.6:latest
Math-37-0137,Math,37,137,AOR,arithmetic,org.apache.commons.math.complex.Complex,265,1,0.85,0.85,1504,qwen3.6:latest
Math-37-0138,Math,37,138,AOR,arithmetic,org.apache.commons.math.complex.Complex,265,1,0.75,0.75,1485,qwen3.6:latest
Math-37-0139,Math,37,139,AOR,arithmetic,org.apache.commons.math.complex.Complex,265,1,0.85,0.85,1495,qwen3.6:latest
Math-37-0140,Math,37,140,AOR,arithmetic,org.apache.commons.math.complex.Complex,265,1,0.85,0.85,1487,qwen3.6:latest
Math-37-0141,Math,37,141,AOR,arithmetic,org.apache.commons.math.complex.Complex,265,1,0.85,0.85,1510,qwen3.6:latest
Math-37-0142,Math,37,142,AOR,arithmetic,org.apache.commons.math.complex.Complex,266,1,0.85,0.85,1510,qwen3.6:latest
Math-37-0143,Math,37,143,AOR,arithmetic,org.apache.commons.math.complex.Complex,266,1,0.85,0.85,1437,qwen3.6:latest
Math-37-0144,Math,37,144,AOR,arithmetic,org.apache.commons.math.complex.Complex,266,1,0.85,0.85,1432,qwen3.6:latest
Math-37-0145,Math,37,145,AOR,arithmetic,org.apache.commons.math.complex.Complex,266,1,0.85,0.85,1462,qwen3.6:latest
Math-37-0146,Math,37,146,AOR,arithmetic,org.apache.commons.math.complex.Complex,266,1,0.85,0.85,1469,qwen3.6:latest
Math-37-0147,Math,37,147,AOR,arithmetic,org.apache.commons.math.complex.Complex,266,1,0.85,0.85,1474,qwen3.6:latest
Math-37-0148,Math,37,148,AOR,arithmetic,org.apache.commons.math.complex.Complex,266,1,0.85,0.85,1451,qwen3.6:latest
Math-37-0149,Math,37,149,AOR,arithmetic,org.apache.commons.math.complex.Complex,266,1,0.85,0.85,1513,qwen3.6:latest
Math-37-0150,Math,37,150,AOR,arithmetic,org.apache.commons.math.complex.Complex,266,1,0.85,0.85,1478,qwen3.6:latest
Math-37-0151,Math,37,151,AOR,arithmetic,org.apache.commons.math.complex.Complex,266,1,0.85,0.85,1465,qwen3.6:latest
Math-37-0152,Math,37,152,AOR,arithmetic,org.apache.commons.math.complex.Complex,266,1,0.85,0.85,1460,qwen3.6:latest
Math-37-0153,Math,37,153,AOR,arithmetic,org.apache.commons.math.complex.Complex,266,1,0.85,0.85,1443,qwen3.6:latest
Math-37-0154,Math,37,154,AOR,arithmetic,org.apache.commons.math.complex.Complex,267,1,0.85,0.85,1472,qwen3.6:latest
Math-37-0155,Math,37,155,AOR,arithmetic,org.apache.commons.math.complex.Complex,267,1,0.75,0.75,1439,qwen3.6:latest
Math-37-0156,Math,37,156,AOR,arithmetic,org.apache.commons.math.complex.Complex,267,1,0.85,0.85,1492,qwen3.6:latest
Math-37-0157,Math,37,157,AOR,arithmetic,org.apache.commons.math.complex.Complex,267,1,0.85,0.85,1462,qwen3.6:latest
Math-37-0158,Math,37,158,AOR,arithmetic,org.apache.commons.math.complex.Complex,267,1,0.85,0.85,1454,qwen3.6:latest
Math-37-0159,Math,37,159,AOR,arithmetic,org.apache.commons.math.complex.Complex,267,1,0.85,0.85,1463,qwen3.6:latest
Math-37-0160,Math,37,160,AOR,arithmetic,org.apache.commons.math.complex.Complex,267,1,0.85,0.85,1457,qwen3.6:latest
Math-37-0161,Math,37,161,AOR,arithmetic,org.apache.commons.math.complex.Complex,267,1,0.85,0.85,1478,qwen3.6:latest
Math-37-0162,Math,37,162,AOR,arithmetic,org.apache.commons.math.complex.Complex,267,1,0.85,0.85,1454,qwen3.6:latest
Math-37-0163,Math,37,163,AOR,arithmetic,org.apache.commons.math.complex.Complex,267,1,0.85,0.85,1479,qwen3.6:latest
Math-37-0164,Math,37,164,AOR,arithmetic,org.apache.commons.math.complex.Complex,267,1,0.85,0.85,1456,qwen3.6:latest
Math-37-0165,Math,37,165,AOR,arithmetic,org.apache.commons.math.complex.Complex,267,1,0.85,0.85,1477,qwen3.6:latest
Math-37-0166,Math,37,166,AOR,arithmetic,org.apache.commons.math.complex.Complex,269,1,0.85,0.85,1465,qwen3.6:latest
Math-37-0167,Math,37,167,AOR,arithmetic,org.apache.commons.math.complex.Complex,269,1,0.85,0.85,1455,qwen3.6:latest
Math-37-0168,Math,37,168,AOR,arithmetic,org.apache.commons.math.complex.Complex,269,1,0.85,0.85,1477,qwen3.6:latest
Math-37-0169,Math,37,169,AOR,arithmetic,org.apache.commons.math.complex.Complex,269,1,0.85,0.85,1475,qwen3.6:latest
Math-37-0170,Math,37,170,AOR,arithmetic,org.apache.commons.math.complex.Complex,270,1,0.85,0.85,1455,qwen3.6:latest
Math-37-0171,Math,37,171,AOR,arithmetic,org.apache.commons.math.complex.Complex,270,1,0.85,0.85,1454,qwen3.6:latest
Math-37-0172,Math,37,172,AOR,arithmetic,org.apache.commons.math.complex.Complex,270,1,0.85,0.85,1466,qwen3.6:latest
Math-37-0173,Math,37,173,AOR,arithmetic,org.apache.commons.math.complex.Complex,270,1,0.85,0.85,1482,qwen3.6:latest
Math-37-0174,Math,37,174,AOR,arithmetic,org.apache.commons.math.complex.Complex,270,1,0.85,0.85,1467,qwen3.6:latest
Math-37-0175,Math,37,175,AOR,arithmetic,org.apache.commons.math.complex.Complex,270,1,0.85,0.85,1460,qwen3.6:latest
Math-37-0176,Math,37,176,AOR,arithmetic,org.apache.commons.math.complex.Complex,270,1,0.85,0.85,1456,qwen3.6:latest
Math-37-0177,Math,37,177,AOR,arithmetic,org.apache.commons.math.complex.Complex,270,1,0.85,0.85,1452,qwen3.6:latest
Math-37-0178,Math,37,178,AOR,arithmetic,org.apache.commons.math.complex.Complex,271,1,0.85,0.85,1458,qwen3.6:latest
Math-37-0179,Math,37,179,AOR,arithmetic,org.apache.commons.math.complex.Complex,271,1,0.85,0.85,1469,qwen3.6:latest
Math-37-0180,Math,37,180,AOR,arithmetic,org.apache.commons.math.complex.Complex,271,1,0.85,0.85,1479,qwen3.6:latest
Math-37-0181,Math,37,181,AOR,arithmetic,org.apache.commons.math.complex.Complex,271,1,0.85,0.85,1475,qwen3.6:latest
Math-37-0182,Math,37,182,AOR,arithmetic,org.apache.commons.math.complex.Complex,271,1,0.85,0.85,1494,qwen3.6:latest
Math-37-0183,Math,37,183,AOR,arithmetic,org.apache.commons.math.complex.Complex,271,1,0.85,0.85,1540,qwen3.6:latest
Math-37-0184,Math,37,184,AOR,arithmetic,org.apache.commons.math.complex.Complex,271,1,0.85,0.85,1468,qwen3.6:latest
Math-37-0185,Math,37,185,AOR,arithmetic,org.apache.commons.math.complex.Complex,271,1,0.85,0.85,1451,qwen3.6:latest
Math-37-0186,Math,37,186,AOR,arithmetic,org.apache.commons.math.complex.Complex,271,1,0.85,0.85,1474,qwen3.6:latest
Math-37-0187,Math,37,187,AOR,arithmetic,org.apache.commons.math.complex.Complex,271,1,0.85,0.85,1485,qwen3.6:latest
Math-37-0188,Math,37,188,AOR,arithmetic,org.apache.commons.math.complex.Complex,271,1,0.85,0.85,1477,qwen3.6:latest
Math-37-0189,Math,37,189,AOR,arithmetic,org.apache.commons.math.complex.Complex,271,1,0.85,0.85,1471,qwen3.6:latest
Math-37-0190,Math,37,190,AOR,arithmetic,org.apache.commons.math.complex.Complex,272,1,0.85,0.85,1522,qwen3.6:latest
Math-37-0191,Math,37,191,AOR,arithmetic,org.apache.commons.math.complex.Complex,272,1,0.85,0.85,1489,qwen3.6:latest
Math-37-0192,Math,37,192,AOR,arithmetic,org.apache.commons.math.complex.Complex,272,1,0.85,0.85,1491,qwen3.6:latest
Math-37-0193,Math,37,193,AOR,arithmetic,org.apache.commons.math.complex.Complex,272,1,0.85,0.85,1470,qwen3.6:latest
Math-37-0194,Math,37,194,AOR,arithmetic,org.apache.commons.math.complex.Complex,272,1,0.85,0.85,1452,qwen3.6:latest
Math-37-0195,Math,37,195,AOR,arithmetic,org.apache.commons.math.complex.Complex,272,1,0.85,0.85,1480,qwen3.6:latest
Math-37-0196,Math,37,196,AOR,arithmetic,org.apache.commons.math.complex.Complex,272,1,0.85,0.85,1446,qwen3.6:latest
Math-37-0197,Math,37,197,AOR,arithmetic,org.apache.commons.math.complex.Complex,272,1,0.85,0.85,1460,qwen3.6:latest
Math-37-0198,Math,37,198,AOR,arithmetic,org.apache.commons.math.complex.Complex,272,1,0.85,0.85,1472,qwen3.6:latest
Math-37-0199,Math,37,199,AOR,arithmetic,org.apache.commons.math.complex.Complex,272,1,0.85,0.85,1469,qwen3.6:latest
Math-37-0200,Math,37,200,AOR,arithmetic,org.apache.commons.math.complex.Complex,272,1,0.85,0.85,1451,qwen3.6:latest
Math-37-0201,Math,37,201,AOR,arithmetic,org.apache.commons.math.complex.Complex,272,1,0.85,0.85,1465,qwen3.6:latest
Math-37-0202,Math,37,202,COR,logical,org.apache.commons.math.complex.Complex,285,0,0.75,0.75,1461,qwen3.6:latest
Math-37-0203,Math,37,203,COR,logical,org.apache.commons.math.complex.Complex,285,0,0.75,0.75,1453,qwen3.6:latest
Math-37-0204,Math,37,204,COR,logical,org.apache.commons.math.complex.Complex,285,0,0.75,0.75,1466,qwen3.6:latest
Math-37-0205,Math,37,205,COR,logical,org.apache.commons.math.complex.Complex,285,1,0.85,0.85,1474,qwen3.6:latest
Math-37-0206,Math,37,206,LVR,arithmetic,org.apache.commons.math.complex.Complex,288,1,0.85,0.85,1438,qwen3.6:latest
Math-37-0207,Math,37,207,LVR,arithmetic,org.apache.commons.math.complex.Complex,288,1,0.85,0.85,1445,qwen3.6:latest
Math-37-0208,Math,37,208,ROR,relational,org.apache.commons.math.complex.Complex,288,1,0.85,0.85,1442,qwen3.6:latest
Math-37-0209,Math,37,209,ROR,relational,org.apache.commons.math.complex.Complex,288,1,0.85,0.85,1436,qwen3.6:latest
Math-37-0210,Math,37,210,ROR,relational,org.apache.commons.math.complex.Complex,288,1,0.85,0.85,1441,qwen3.6:latest
Math-37-0211,Math,37,211,COR,logical,org.apache.commons.math.complex.Complex,291,1,0.85,0.85,1438,qwen3.6:latest
Math-37-0212,Math,37,212,COR,logical,org.apache.commons.math.complex.Complex,291,1,0.85,0.85,1436,qwen3.6:latest
Math-37-0213,Math,37,213,AOR,arithmetic,org.apache.commons.math.complex.Complex,294,1,0.85,0.85,1430,qwen3.6:latest
Math-37-0214,Math,37,214,AOR,arithmetic,org.apache.commons.math.complex.Complex,294,1,0.85,0.85,1423,qwen3.6:latest
Math-37-0215,Math,37,215,AOR,arithmetic,org.apache.commons.math.complex.Complex,294,1,0.85,0.85,1423,qwen3.6:latest
Math-37-0216,Math,37,216,AOR,arithmetic,org.apache.commons.math.complex.Complex,294,1,0.85,0.85,1428,qwen3.6:latest
Math-37-0217,Math,37,217,AOR,arithmetic,org.apache.commons.math.complex.Complex,295,1,0.85,0.85,1414,qwen3.6:latest
Math-37-0218,Math,37,218,AOR,arithmetic,org.apache.commons.math.complex.Complex,295,1,0.85,0.85,1425,qwen3.6:latest
Math-37-0219,Math,37,219,AOR,arithmetic,org.apache.commons.math.complex.Complex,295,1,0.85,0.85,1434,qwen3.6:latest
Math-37-0220,Math,37,220,AOR,arithmetic,org.apache.commons.math.complex.Complex,295,0,0.85,0.85,1416,qwen3.6:latest
Math-37-0221,Math,37,221,COR,logical,org.apache.commons.math.complex.Complex,300,0,0.85,0.85,1410,qwen3.6:latest
Math-37-0222,Math,37,222,COR,logical,org.apache.commons.math.complex.Complex,300,1,0.85,0.85,1416,qwen3.6:latest
Math-37-0223,Math,37,223,LVR,arithmetic,org.apache.commons.math.complex.Complex,304,0,0.85,0.85,1420,qwen3.6:latest
Math-37-0224,Math,37,224,LVR,arithmetic,org.apache.commons.math.complex.Complex,304,0,0.85,0.85,1429,qwen3.6:latest
Math-37-0225,Math,37,225,ROR,relational,org.apache.commons.math.complex.Complex,304,1,0.85,0.85,1416,qwen3.6:latest
Math-37-0226,Math,37,226,ROR,relational,org.apache.commons.math.complex.Complex,304,0,0.85,0.85,1429,qwen3.6:latest
Math-37-0227,Math,37,227,ROR,relational,org.apache.commons.math.complex.Complex,304,0,0.85,0.85,1432,qwen3.6:latest
Math-37-0228,Math,37,228,LVR,arithmetic,org.apache.commons.math.complex.Complex,304,0,0.85,0.85,1401,qwen3.6:latest
Math-37-0229,Math,37,229,LVR,arithmetic,org.apache.commons.math.complex.Complex,304,0,0.85,0.85,1407,qwen3.6:latest
Math-37-0230,Math,37,230,ROR,relational,org.apache.commons.math.complex.Complex,304,1,0.85,0.85,1409,qwen3.6:latest
Math-37-0231,Math,37,231,ROR,relational,org.apache.commons.math.complex.Complex,304,0,0.85,0.85,1431,qwen3.6:latest
Math-37-0232,Math,37,232,ROR,relational,org.apache.commons.math.complex.Complex,304,0,0.85,0.85,1418,qwen3.6:latest
Math-37-0233,Math,37,233,COR,logical,org.apache.commons.math.complex.Complex,304,1,0.85,0.85,1416,qwen3.6:latest
Math-37-0234,Math,37,234,COR,logical,org.apache.commons.math.complex.Complex,304,0,0.85,0.85,1428,qwen3.6:latest
Math-37-0235,Math,37,235,COR,logical,org.apache.commons.math.complex.Complex,304,1,0.85,0.85,1426,qwen3.6:latest
Math-37-0236,Math,37,236,COR,logical,org.apache.commons.math.complex.Complex,304,1,0.85,0.85,1409,qwen3.6:latest
Math-37-0237,Math,37,237,COR,logical,org.apache.commons.math.complex.Complex,308,1,0.85,0.85,1437,qwen3.6:latest
Math-37-0238,Math,37,238,COR,logical,org.apache.commons.math.complex.Complex,308,1,0.75,0.75,1434,qwen3.6:latest
Math-37-0239,Math,37,239,ROR,relational,org.apache.commons.math.complex.Complex,312,1,0.85,0.85,1444,qwen3.6:latest
Math-37-0240,Math,37,240,ROR,relational,org.apache.commons.math.complex.Complex,312,0,0.75,0.75,1446,qwen3.6:latest
Math-37-0241,Math,37,241,ROR,relational,org.apache.commons.math.complex.Complex,312,1,0.85,0.85,1446,qwen3.6:latest
Math-37-0242,Math,37,242,AOR,arithmetic,org.apache.commons.math.complex.Complex,313,1,0.85,0.85,1462,qwen3.6:latest
Math-37-0243,Math,37,243,AOR,arithmetic,org.apache.commons.math.complex.Complex,313,1,0.85,0.85,1488,qwen3.6:latest
Math-37-0244,Math,37,244,AOR,arithmetic,org.apache.commons.math.complex.Complex,313,1,0.85,0.85,1460,qwen3.6:latest
Math-37-0245,Math,37,245,AOR,arithmetic,org.apache.commons.math.complex.Complex,313,1,0.85,0.85,1495,qwen3.6:latest
Math-37-0246,Math,37,246,LVR,arithmetic,org.apache.commons.math.complex.Complex,314,1,0.85,0.85,1490,qwen3.6:latest
Math-37-0247,Math,37,247,LVR,arithmetic,org.apache.commons.math.complex.Complex,314,1,0.75,0.75,1478,qwen3.6:latest
Math-37-0248,Math,37,248,AOR,arithmetic,org.apache.commons.math.complex.Complex,314,1,0.85,0.85,1499,qwen3.6:latest
Math-37-0249,Math,37,249,AOR,arithmetic,org.apache.commons.math.complex.Complex,314,1,0.85,0.85,1486,qwen3.6:latest
Math-37-0250,Math,37,250,AOR,arithmetic,org.apache.commons.math.complex.Complex,314,0,0.85,0.85,1507,qwen3.6:latest
Math-37-0251,Math,37,251,AOR,arithmetic,org.apache.commons.math.complex.Complex,314,1,0.85,0.85,1473,qwen3.6:latest
Math-37-0252,Math,37,252,AOR,arithmetic,org.apache.commons.math.complex.Complex,314,1,0.85,0.85,1528,qwen3.6:latest
Math-37-0253,Math,37,253,AOR,arithmetic,org.apache.commons.math.complex.Complex,314,1,0.85,0.85,1490,qwen3.6:latest
Math-37-0254,Math,37,254,AOR,arithmetic,org.apache.commons.math.complex.Complex,314,1,0.85,0.85,1493,qwen3.6:latest
Math-37-0255,Math,37,255,AOR,arithmetic,org.apache.commons.math.complex.Complex,314,1,0.85,0.85,1475,qwen3.6:latest
Math-37-0256,Math,37,256,AOR,arithmetic,org.apache.commons.math.complex.Complex,314,1,0.85,0.85,1489,qwen3.6:latest
Math-37-0257,Math,37,257,AOR,arithmetic,org.apache.commons.math.complex.Complex,314,1,0.85,0.85,1487,qwen3.6:latest
Math-37-0258,Math,37,258,AOR,arithmetic,org.apache.commons.math.complex.Complex,314,1,0.85,0.85,1512,qwen3.6:latest
Math-37-0259,Math,37,259,AOR,arithmetic,org.apache.commons.math.complex.Complex,314,1,0.85,0.85,1494,qwen3.6:latest
Math-37-0260,Math,37,260,AOR,arithmetic,org.apache.commons.math.complex.Complex,315,1,0.85,0.85,1481,qwen3.6:latest
Math-37-0261,Math,37,261,AOR,arithmetic,org.apache.commons.math.complex.Complex,315,1,0.85,0.85,1484,qwen3.6:latest
Math-37-0262,Math,37,262,AOR,arithmetic,org.apache.commons.math.complex.Complex,315,1,0.85,0.85,1504,qwen3.6:latest
Math-37-0263,Math,37,263,AOR,arithmetic,org.apache.commons.math.complex.Complex,315,1,0.85,0.85,1454,qwen3.6:latest
Math-37-0264,Math,37,264,ORU,return_value,org.apache.commons.math.complex.Complex,315,1,0.85,0.85,1467,qwen3.6:latest
Math-37-0265,Math,37,265,AOR,arithmetic,org.apache.commons.math.complex.Complex,317,0,0.85,0.85,1494,qwen3.6:latest
Math-37-0266,Math,37,266,AOR,arithmetic,org.apache.commons.math.complex.Complex,317,0,0.85,0.85,1504,qwen3.6:latest
Math-37-0267,Math,37,267,AOR,arithmetic,org.apache.commons.math.complex.Complex,317,1,0.85,0.85,1480,qwen3.6:latest
Math-37-0268,Math,37,268,AOR,arithmetic,org.apache.commons.math.complex.Complex,317,1,0.85,0.85,1482,qwen3.6:latest
Math-37-0269,Math,37,269,LVR,arithmetic,org.apache.commons.math.complex.Complex,318,1,0.85,0.85,1477,qwen3.6:latest
Math-37-0270,Math,37,270,LVR,arithmetic,org.apache.commons.math.complex.Complex,318,1,0.75,0.75,1472,qwen3.6:latest
Math-37-0271,Math,37,271,AOR,arithmetic,org.apache.commons.math.complex.Complex,318,1,0.85,0.85,1466,qwen3.6:latest
Math-37-0272,Math,37,272,AOR,arithmetic,org.apache.commons.math.complex.Complex,318,0,0.85,0.85,1488,qwen3.6:latest
Math-37-0273,Math,37,273,AOR,arithmetic,org.apache.commons.math.complex.Complex,318,0,0.85,0.85,1466,qwen3.6:latest
Math-37-0274,Math,37,274,AOR,arithmetic,org.apache.commons.math.complex.Complex,318,1,0.85,0.85,1466,qwen3.6:latest
Math-37-0275,Math,37,275,AOR,arithmetic,org.apache.commons.math.complex.Complex,318,1,0.85,0.85,1489,qwen3.6:latest
Math-37-0276,Math,37,276,AOR,arithmetic,org.apache.commons.math.complex.Complex,318,1,0.85,0.85,1491,qwen3.6:latest
Math-37-0277,Math,37,277,AOR,arithmetic,org.apache.commons.math.complex.Complex,318,1,0.85,0.85,1464,qwen3.6:latest
Math-37-0278,Math,37,278,AOR,arithmetic,org.apache.commons.math.complex.Complex,318,1,0.85,0.85,1447,qwen3.6:latest
Math-37-0279,Math,37,279,AOR,arithmetic,org.apache.commons.math.complex.Complex,318,1,0.85,0.85,1525,qwen3.6:latest
Math-37-0280,Math,37,280,AOR,arithmetic,org.apache.commons.math.complex.Complex,318,1,0.85,0.85,1503,qwen3.6:latest
Math-37-0281,Math,37,281,AOR,arithmetic,org.apache.commons.math.complex.Complex,318,1,0.85,0.85,1469,qwen3.6:latest
Math-37-0282,Math,37,282,AOR,arithmetic,org.apache.commons.math.complex.Complex,318,1,0.85,0.85,1487,qwen3.6:latest
Math-37-0283,Math,37,283,ORU,return_value,org.apache.commons.math.complex.Complex,319,0,0.85,0.85,1468,qwen3.6:latest
Math-37-0284,Math,37,284,AOR,arithmetic,org.apache.commons.math.complex.Complex,319,1,0.85,0.85,1459,qwen3.6:latest
Math-37-0285,Math,37,285,AOR,arithmetic,org.apache.commons.math.complex.Complex,319,1,0.85,0.85,1482,qwen3.6:latest
Math-37-0286,Math,37,286,AOR,arithmetic,org.apache.commons.math.complex.Complex,319,1,0.85,0.85,1498,qwen3.6:latest
Math-37-0287,Math,37,287,AOR,arithmetic,org.apache.commons.math.complex.Complex,319,1,0.85,0.85,1484,qwen3.6:latest
Math-37-0288,Math,37,288,LVR,arithmetic,org.apache.commons.math.complex.Complex,341,1,0.85,0.85,1467,qwen3.6:latest
Math-37-0289,Math,37,289,COR,logical,org.apache.commons.math.complex.Complex,345,1,0.85,0.85,1449,qwen3.6:latest
Math-37-0290,Math,37,290,COR,logical,org.apache.commons.math.complex.Complex,345,1,0.95,0.95,1452,qwen3.6:latest
Math-37-0291,Math,37,291,ROR,relational,org.apache.commons.math.complex.Complex,348,1,0.85,0.85,1406,qwen3.6:latest
Math-37-0292,Math,37,292,ROR,relational,org.apache.commons.math.complex.Complex,348,0,0.85,0.85,1438,qwen3.6:latest
Math-37-0293,Math,37,293,ROR,relational,org.apache.commons.math.complex.Complex,348,1,0.85,0.85,1482,qwen3.6:latest
Math-37-0294,Math,37,294,ROR,relational,org.apache.commons.math.complex.Complex,348,1,0.85,0.85,1469,qwen3.6:latest
Math-37-0295,Math,37,295,ROR,relational,org.apache.commons.math.complex.Complex,348,0,0.85,0.85,1452,qwen3.6:latest
Math-37-0296,Math,37,296,ROR,relational,org.apache.commons.math.complex.Complex,348,1,0.85,0.85,1440,qwen3.6:latest
Math-37-0297,Math,37,297,COR,logical,org.apache.commons.math.complex.Complex,348,0,0.85,0.85,1418,qwen3.6:latest
Math-37-0298,Math,37,298,COR,logical,org.apache.commons.math.complex.Complex,348,1,0.95,0.95,1418,qwen3.6:latest
Math-37-0299,Math,37,299,COR,logical,org.apache.commons.math.complex.Complex,348,1,0.85,0.85,1430,qwen3.6:latest
Math-37-0300,Math,37,300,COR,logical,org.apache.commons.math.complex.Complex,348,1,0.85,0.85,1458,qwen3.6:latest
Math-37-0301,Math,37,301,LVR,arithmetic,org.apache.commons.math.complex.Complex,351,1,0.85,0.85,1444,qwen3.6:latest
Math-37-0302,Math,37,302,COR,logical,org.apache.commons.math.complex.Complex,363,1,0.85,0.85,1427,qwen3.6:latest
Math-37-0303,Math,37,303,COR,logical,org.apache.commons.math.complex.Complex,363,1,0.85,0.85,1433,qwen3.6:latest
Math-37-0304,Math,37,304,LVR,arithmetic,org.apache.commons.math.complex.Complex,364,0,0.85,0.85,1422,qwen3.6:latest
Math-37-0305,Math,37,305,LVR,arithmetic,org.apache.commons.math.complex.Complex,364,0,0.85,0.85,1445,qwen3.6:latest
Math-37-0306,Math,37,306,LVR,arithmetic,org.apache.commons.math.complex.Complex,366,1,0.85,0.85,1441,qwen3.6:latest
Math-37-0307,Math,37,307,LVR,arithmetic,org.apache.commons.math.complex.Complex,366,0,0.85,0.85,1413,qwen3.6:latest
Math-37-0308,Math,37,308,LVR,arithmetic,org.apache.commons.math.complex.Complex,366,1,0.85,0.85,1426,qwen3.6:latest
Math-37-0309,Math,37,309,LVR,arithmetic,org.apache.commons.math.complex.Complex,366,0,0.85,0.85,1415,qwen3.6:latest
Math-37-0310,Math,37,310,AOR,arithmetic,org.apache.commons.math.complex.Complex,366,1,0.95,0.95,1419,qwen3.6:latest
Math-37-0311,Math,37,311,AOR,arithmetic,org.apache.commons.math.complex.Complex,366,0,0.85,0.85,1418,qwen3.6:latest
Math-37-0312,Math,37,312,AOR,arithmetic,org.apache.commons.math.complex.Complex,366,0,0.85,0.85,1448,qwen3.6:latest
Math-37-0313,Math,37,313,AOR,arithmetic,org.apache.commons.math.complex.Complex,366,1,0.95,0.95,1447,qwen3.6:latest
Math-37-0314,Math,37,314,AOR,arithmetic,org.apache.commons.math.complex.Complex,366,1,0.95,0.95,1419,qwen3.6:latest
Math-37-0315,Math,37,315,AOR,arithmetic,org.apache.commons.math.complex.Complex,366,1,0.85,0.85,1441,qwen3.6:latest
Math-37-0316,Math,37,316,AOR,arithmetic,org.apache.commons.math.complex.Complex,366,0,0.85,0.85,1437,qwen3.6:latest
Math-37-0317,Math,37,317,AOR,arithmetic,org.apache.commons.math.complex.Complex,366,1,0.85,0.85,1465,qwen3.6:latest
Math-37-0318,Math,37,318,AOR,arithmetic,org.apache.commons.math.complex.Complex,366,1,0.95,0.95,1442,qwen3.6:latest
Math-37-0319,Math,37,319,AOR,arithmetic,org.apache.commons.math.complex.Complex,366,0,0.85,0.85,1434,qwen3.6:latest
Math-37-0320,Math,37,320,AOR,arithmetic,org.apache.commons.math.complex.Complex,366,0,0.85,0.85,1452,qwen3.6:latest
Math-37-0321,Math,37,321,AOR,arithmetic,org.apache.commons.math.complex.Complex,366,1,0.95,0.95,1454,qwen3.6:latest
Math-37-0322,Math,37,322,STD,statement_deletion,org.apache.commons.math.complex.Complex,438,0,0.15,0.15,1476,qwen3.6:latest
Math-37-0323,Math,37,323,COR,logical,org.apache.commons.math.complex.Complex,439,0,0.85,0.85,1473,qwen3.6:latest
Math-37-0324,Math,37,324,COR,logical,org.apache.commons.math.complex.Complex,439,1,0.85,0.85,1496,qwen3.6:latest
Math-37-0325,Math,37,325,COR,logical,org.apache.commons.math.complex.Complex,439,1,0.85,0.85,1466,qwen3.6:latest
Math-37-0326,Math,37,326,COR,logical,org.apache.commons.math.complex.Complex,439,1,0.85,0.85,1476,qwen3.6:latest
Math-37-0327,Math,37,327,COR,logical,org.apache.commons.math.complex.Complex,442,0,0.85,0.85,1547,qwen3.6:latest
Math-37-0328,Math,37,328,COR,logical,org.apache.commons.math.complex.Complex,442,0,0.85,0.85,1456,qwen3.6:latest
Math-37-0329,Math,37,329,COR,logical,org.apache.commons.math.complex.Complex,443,0,0.75,0.75,1471,qwen3.6:latest
Math-37-0330,Math,37,330,COR,logical,org.apache.commons.math.complex.Complex,442,1,0.75,0.75,1466,qwen3.6:latest
Math-37-0331,Math,37,331,COR,logical,org.apache.commons.math.complex.Complex,442,0,0.85,0.85,1484,qwen3.6:latest
Math-37-0332,Math,37,332,COR,logical,org.apache.commons.math.complex.Complex,442,1,0.85,0.85,1488,qwen3.6:latest
Math-37-0333,Math,37,333,COR,logical,org.apache.commons.math.complex.Complex,444,0,0.85,0.85,1489,qwen3.6:latest
Math-37-0334,Math,37,334,COR,logical,org.apache.commons.math.complex.Complex,443,1,0.75,0.75,1507,qwen3.6:latest
Math-37-0335,Math,37,335,COR,logical,org.apache.commons.math.complex.Complex,442,1,0.85,0.85,1484,qwen3.6:latest
Math-37-0336,Math,37,336,COR,logical,org.apache.commons.math.complex.Complex,442,0,0.85,0.85,1490,qwen3.6:latest
Math-37-0337,Math,37,337,COR,logical,org.apache.commons.math.complex.Complex,445,1,0.85,0.85,1450,qwen3.6:latest
Math-37-0338,Math,37,338,COR,logical,org.apache.commons.math.complex.Complex,444,1,0.85,0.85,1486,qwen3.6:latest
Math-37-0339,Math,37,339,AOR,arithmetic,org.apache.commons.math.complex.Complex,449,1,0.85,0.85,1474,qwen3.6:latest
Math-37-0340,Math,37,340,AOR,arithmetic,org.apache.commons.math.complex.Complex,449,1,0.85,0.85,1478,qwen3.6:latest
Math-37-0341,Math,37,341,AOR,arithmetic,org.apache.commons.math.complex.Complex,449,1,0.85,0.85,1465,qwen3.6:latest
Math-37-0342,Math,37,342,AOR,arithmetic,org.apache.commons.math.complex.Complex,449,1,0.85,0.85,1499,qwen3.6:latest
Math-37-0343,Math,37,343,AOR,arithmetic,org.apache.commons.math.complex.Complex,449,1,0.85,0.85,1499,qwen3.6:latest
Math-37-0344,Math,37,344,AOR,arithmetic,org.apache.commons.math.complex.Complex,449,1,0.85,0.85,1480,qwen3.6:latest
Math-37-0345,Math,37,345,AOR,arithmetic,org.apache.commons.math.complex.Complex,449,1,0.85,0.85,1492,qwen3.6:latest
Math-37-0346,Math,37,346,AOR,arithmetic,org.apache.commons.math.complex.Complex,449,1,0.85,0.85,1486,qwen3.6:latest
Math-37-0347,Math,37,347,AOR,arithmetic,org.apache.commons.math.complex.Complex,449,1,0.85,0.85,1506,qwen3.6:latest
Math-37-0348,Math,37,348,AOR,arithmetic,org.apache.commons.math.complex.Complex,449,1,0.85,0.85,1486,qwen3.6:latest
Math-37-0349,Math,37,349,AOR,arithmetic,org.apache.commons.math.complex.Complex,449,1,0.85,0.85,1468,qwen3.6:latest
Math-37-0350,Math,37,350,AOR,arithmetic,org.apache.commons.math.complex.Complex,449,1,0.85,0.85,1487,qwen3.6:latest
Math-37-0351,Math,37,351,AOR,arithmetic,org.apache.commons.math.complex.Complex,450,1,0.85,0.85,1453,qwen3.6:latest
Math-37-0352,Math,37,352,AOR,arithmetic,org.apache.commons.math.complex.Complex,450,1,0.85,0.85,1476,qwen3.6:latest
Math-37-0353,Math,37,353,AOR,arithmetic,org.apache.commons.math.complex.Complex,450,1,0.85,0.85,1496,qwen3.6:latest
Math-37-0354,Math,37,354,AOR,arithmetic,org.apache.commons.math.complex.Complex,450,1,0.85,0.85,1534,qwen3.6:latest
Math-37-0355,Math,37,355,AOR,arithmetic,org.apache.commons.math.complex.Complex,450,1,0.85,0.85,1488,qwen3.6:latest
Math-37-0356,Math,37,356,AOR,arithmetic,org.apache.commons.math.complex.Complex,450,1,0.85,0.85,1488,qwen3.6:latest
Math-37-0357,Math,37,357,AOR,arithmetic,org.apache.commons.math.complex.Complex,450,1,0.85,0.85,1484,qwen3.6:latest
Math-37-0358,Math,37,358,AOR,arithmetic,org.apache.commons.math.complex.Complex,450,1,0.85,0.85,1469,qwen3.6:latest
Math-37-0359,Math,37,359,AOR,arithmetic,org.apache.commons.math.complex.Complex,450,1,0.85,0.85,1485,qwen3.6:latest
Math-37-0360,Math,37,360,AOR,arithmetic,org.apache.commons.math.complex.Complex,450,1,0.85,0.85,1454,qwen3.6:latest
Math-37-0361,Math,37,361,AOR,arithmetic,org.apache.commons.math.complex.Complex,450,1,0.85,0.85,1488,qwen3.6:latest
Math-37-0362,Math,37,362,AOR,arithmetic,org.apache.commons.math.complex.Complex,450,1,0.85,0.85,1465,qwen3.6:latest
Math-37-0363,Math,37,363,COR,logical,org.apache.commons.math.complex.Complex,462,1,0.85,0.85,1442,qwen3.6:latest
Math-37-0364,Math,37,364,COR,logical,org.apache.commons.math.complex.Complex,462,1,0.85,0.85,1468,qwen3.6:latest
Math-37-0365,Math,37,365,COR,logical,org.apache.commons.math.complex.Complex,465,0,0.85,0.85,1463,qwen3.6:latest
Math-37-0366,Math,37,366,COR,logical,org.apache.commons.math.complex.Complex,465,0,0.85,0.85,1437,qwen3.6:latest
Math-37-0367,Math,37,367,COR,logical,org.apache.commons.math.complex.Complex,466,0,0.85,0.85,1451,qwen3.6:latest
Math-37-0368,Math,37,368,COR,logical,org.apache.commons.math.complex.Complex,465,1,0.85,0.85,1473,qwen3.6:latest
Math-37-0369,Math,37,369,AOR,arithmetic,org.apache.commons.math.complex.Complex,469,1,0.85,0.85,1461,qwen3.6:latest
Math-37-0370,Math,37,370,AOR,arithmetic,org.apache.commons.math.complex.Complex,469,1,0.85,0.85,1463,qwen3.6:latest
Math-37-0371,Math,37,371,AOR,arithmetic,org.apache.commons.math.complex.Complex,469,1,0.85,0.85,1468,qwen3.6:latest
Math-37-0372,Math,37,372,AOR,arithmetic,org.apache.commons.math.complex.Complex,469,1,0.85,0.85,1471,qwen3.6:latest
Math-37-0373,Math,37,373,AOR,arithmetic,org.apache.commons.math.complex.Complex,469,1,0.85,0.85,1436,qwen3.6:latest
Math-37-0374,Math,37,374,AOR,arithmetic,org.apache.commons.math.complex.Complex,469,1,0.85,0.85,1448,qwen3.6:latest
Math-37-0375,Math,37,375,AOR,arithmetic,org.apache.commons.math.complex.Complex,469,1,0.85,0.85,1432,qwen3.6:latest
Math-37-0376,Math,37,376,AOR,arithmetic,org.apache.commons.math.complex.Complex,469,1,0.85,0.85,1446,qwen3.6:latest
Math-37-0377,Math,37,377,COR,logical,org.apache.commons.math.complex.Complex,481,0,0.85,0.85,1488,qwen3.6:latest
Math-37-0378,Math,37,378,COR,logical,org.apache.commons.math.complex.Complex,481,0,0.85,0.85,1484,qwen3.6:latest
Math-37-0379,Math,37,379,COR,logical,org.apache.commons.math.complex.Complex,481,0,0.15,0.15,1457,qwen3.6:latest
Math-37-0380,Math,37,380,COR,logical,org.apache.commons.math.complex.Complex,481,1,0.85,0.85,1483,qwen3.6:latest
Math-37-0381,Math,37,381,COR,logical,org.apache.commons.math.complex.Complex,484,0,0.85,0.85,1510,qwen3.6:latest
Math-37-0382,Math,37,382,COR,logical,org.apache.commons.math.complex.Complex,484,0,0.85,0.85,1469,qwen3.6:latest
Math-37-0383,Math,37,383,COR,logical,org.apache.commons.math.complex.Complex,485,1,0.85,0.85,1459,qwen3.6:latest
Math-37-0384,Math,37,384,COR,logical,org.apache.commons.math.complex.Complex,484,1,0.85,0.85,1475,qwen3.6:latest
Math-37-0385,Math,37,385,COR,logical,org.apache.commons.math.complex.Complex,484,0,0.85,0.85,1460,qwen3.6:latest
Math-37-0386,Math,37,386,COR,logical,org.apache.commons.math.complex.Complex,484,1,0.85,0.85,1468,qwen3.6:latest
Math-37-0387,Math,37,387,COR,logical,org.apache.commons.math.complex.Complex,486,1,0.85,0.85,1460,qwen3.6:latest
Math-37-0388,Math,37,388,COR,logical,org.apache.commons.math.complex.Complex,485,1,0.85,0.85,1570,qwen3.6:latest
Math-37-0389,Math,37,389,AOR,arithmetic,org.apache.commons.math.complex.Complex,490,1,0.85,0.85,1501,qwen3.6:latest
Math-37-0390,Math,37,390,AOR,arithmetic,org.apache.commons.math.complex.Complex,490,1,0.85,0.85,1503,qwen3.6:latest
Math-37-0391,Math,37,391,AOR,arithmetic,org.apache.commons.math.complex.Complex,490,1,0.85,0.85,1488,qwen3.6:latest
Math-37-0392,Math,37,392,AOR,arithmetic,org.apache.commons.math.complex.Complex,490,1,0.85,0.85,1479,qwen3.6:latest
Math-37-0393,Math,37,393,AOR,arithmetic,org.apache.commons.math.complex.Complex,490,1,0.85,0.85,1485,qwen3.6:latest
Math-37-0394,Math,37,394,AOR,arithmetic,org.apache.commons.math.complex.Complex,490,1,0.85,0.85,1472,qwen3.6:latest
Math-37-0395,Math,37,395,AOR,arithmetic,org.apache.commons.math.complex.Complex,490,1,0.85,0.85,1533,qwen3.6:latest
Math-37-0396,Math,37,396,AOR,arithmetic,org.apache.commons.math.complex.Complex,490,1,0.85,0.85,1479,qwen3.6:latest
Math-37-0397,Math,37,397,COR,logical,org.apache.commons.math.complex.Complex,501,0,0.85,0.85,1440,qwen3.6:latest
Math-37-0398,Math,37,398,COR,logical,org.apache.commons.math.complex.Complex,501,1,0.85,0.85,1433,qwen3.6:latest
Math-37-0399,Math,37,399,ORU,return_value,org.apache.commons.math.complex.Complex,505,1,0.85,0.85,1436,qwen3.6:latest
Math-37-0400,Math,37,400,ORU,return_value,org.apache.commons.math.complex.Complex,505,1,0.85,0.85,1416,qwen3.6:latest
Math-37-0401,Math,37,401,STD,statement_deletion,org.apache.commons.math.complex.Complex,528,0,0.15,0.15,1511,qwen3.6:latest
Math-37-0402,Math,37,402,COR,logical,org.apache.commons.math.complex.Complex,529,0,0.85,0.85,1479,qwen3.6:latest
Math-37-0403,Math,37,403,COR,logical,org.apache.commons.math.complex.Complex,529,1,0.85,0.85,1519,qwen3.6:latest
Math-37-0404,Math,37,404,COR,logical,org.apache.commons.math.complex.Complex,529,0,0.85,0.85,1465,qwen3.6:latest
Math-37-0405,Math,37,405,COR,logical,org.apache.commons.math.complex.Complex,529,1,0.95,0.95,1465,qwen3.6:latest
Math-37-0406,Math,37,406,AOR,arithmetic,org.apache.commons.math.complex.Complex,533,1,0.85,0.85,1454,qwen3.6:latest
Math-37-0407,Math,37,407,AOR,arithmetic,org.apache.commons.math.complex.Complex,533,1,0.85,0.85,1445,qwen3.6:latest
Math-37-0408,Math,37,408,AOR,arithmetic,org.apache.commons.math.complex.Complex,533,1,0.85,0.85,1458,qwen3.6:latest
Math-37-0409,Math,37,409,AOR,arithmetic,org.apache.commons.math.complex.Complex,533,1,0.85,0.85,1458,qwen3.6:latest
Math-37-0410,Math,37,410,AOR,arithmetic,org.apache.commons.math.complex.Complex,534,1,0.85,0.85,1451,qwen3.6:latest
Math-37-0411,Math,37,411,AOR,arithmetic,org.apache.commons.math.complex.Complex,534,1,0.85,0.85,1445,qwen3.6:latest
Math-37-0412,Math,37,412,AOR,arithmetic,org.apache.commons.math.complex.Complex,534,1,0.95,0.95,1437,qwen3.6:latest
Math-37-0413,Math,37,413,AOR,arithmetic,org.apache.commons.math.complex.Complex,534,1,0.85,0.85,1463,qwen3.6:latest
Math-37-0414,Math,37,414,COR,logical,org.apache.commons.math.complex.Complex,546,0,0.85,0.85,1442,qwen3.6:latest
Math-37-0415,Math,37,415,COR,logical,org.apache.commons.math.complex.Complex,546,0,0.85,0.85,1448,qwen3.6:latest
Math-37-0416,Math,37,416,COR,logical,org.apache.commons.math.complex.Complex,546,0,0.85,0.85,1476,qwen3.6:latest
Math-37-0417,Math,37,417,COR,logical,org.apache.commons.math.complex.Complex,546,1,0.85,0.85,1505,qwen3.6:latest
Math-37-0418,Math,37,418,AOR,arithmetic,org.apache.commons.math.complex.Complex,549,1,0.85,0.85,1479,qwen3.6:latest
Math-37-0419,Math,37,419,AOR,arithmetic,org.apache.commons.math.complex.Complex,549,1,0.85,0.85,1477,qwen3.6:latest
Math-37-0420,Math,37,420,AOR,arithmetic,org.apache.commons.math.complex.Complex,549,1,0.85,0.85,1472,qwen3.6:latest
Math-37-0421,Math,37,421,AOR,arithmetic,org.apache.commons.math.complex.Complex,549,1,0.85,0.85,1466,qwen3.6:latest
Math-37-0422,Math,37,422,COR,logical,org.apache.commons.math.complex.Complex,569,0,0.75,0.75,1504,qwen3.6:latest
Math-37-0423,Math,37,423,COR,logical,org.apache.commons.math.complex.Complex,569,1,0.75,0.75,1445,qwen3.6:latest
Math-37-0424,Math,37,424,COR,logical,org.apache.commons.math.complex.Complex,594,0,0.85,0.85,1445,qwen3.6:latest
Math-37-0425,Math,37,425,COR,logical,org.apache.commons.math.complex.Complex,594,1,0.85,0.85,1432,qwen3.6:latest
Math-37-0426,Math,37,426,COR,logical,org.apache.commons.math.complex.Complex,619,0,0.85,0.85,1437,qwen3.6:latest
Math-37-0427,Math,37,427,COR,logical,org.apache.commons.math.complex.Complex,619,1,0.75,0.75,1452,qwen3.6:latest
Math-37-0428,Math,37,428,LVR,arithmetic,org.apache.commons.math.complex.Complex,624,1,0.75,0.75,1447,qwen3.6:latest
Math-37-0429,Math,37,429,LVR,arithmetic,org.apache.commons.math.complex.Complex,624,1,0.15,0.15,1551,qwen3.6:latest
Math-37-0430,Math,37,430,LVR,arithmetic,org.apache.commons.math.complex.Complex,624,1,0.15,0.15,1443,qwen3.6:latest
Math-37-0431,Math,37,431,LVR,arithmetic,org.apache.commons.math.complex.Complex,624,1,0.15,0.15,1453,qwen3.6:latest
Math-37-0432,Math,37,432,COR,logical,org.apache.commons.math.complex.Complex,660,0,0.85,0.85,1444,qwen3.6:latest
Math-37-0433,Math,37,433,COR,logical,org.apache.commons.math.complex.Complex,660,1,0.85,0.85,1443,qwen3.6:latest
Math-37-0434,Math,37,434,AOR,arithmetic,org.apache.commons.math.complex.Complex,664,1,0.75,0.75,1479,qwen3.6:latest
Math-37-0435,Math,37,435,AOR,arithmetic,org.apache.commons.math.complex.Complex,664,1,0.75,0.75,1456,qwen3.6:latest
Math-37-0436,Math,37,436,AOR,arithmetic,org.apache.commons.math.complex.Complex,664,1,0.75,0.75,1504,qwen3.6:latest
Math-37-0437,Math,37,437,AOR,arithmetic,org.apache.commons.math.complex.Complex,664,1,0.75,0.75,1455,qwen3.6:latest
Math-37-0438,Math,37,438,ORU,return_value,org.apache.commons.math.complex.Complex,665,1,0.85,0.85,1466,qwen3.6:latest
Math-37-0439,Math,37,439,AOR,arithmetic,org.apache.commons.math.complex.Complex,665,1,0.85,0.85,1485,qwen3.6:latest
Math-37-0440,Math,37,440,AOR,arithmetic,org.apache.commons.math.complex.Complex,665,1,0.85,0.85,1489,qwen3.6:latest
Math-37-0441,Math,37,441,AOR,arithmetic,org.apache.commons.math.complex.Complex,665,1,0.85,0.85,1472,qwen3.6:latest
Math-37-0442,Math,37,442,AOR,arithmetic,org.apache.commons.math.complex.Complex,665,1,0.85,0.85,1462,qwen3.6:latest
Math-37-0443,Math,37,443,COR,logical,org.apache.commons.math.complex.Complex,700,0,0.85,0.85,1479,qwen3.6:latest
Math-37-0444,Math,37,444,COR,logical,org.apache.commons.math.complex.Complex,700,1,0.85,0.85,1472,qwen3.6:latest
Math-37-0445,Math,37,445,AOR,arithmetic,org.apache.commons.math.complex.Complex,704,1,0.85,0.85,1462,qwen3.6:latest
Math-37-0446,Math,37,446,AOR,arithmetic,org.apache.commons.math.complex.Complex,704,1,0.85,0.85,1469,qwen3.6:latest
Math-37-0447,Math,37,447,AOR,arithmetic,org.apache.commons.math.complex.Complex,704,1,0.75,0.75,1460,qwen3.6:latest
Math-37-0448,Math,37,448,AOR,arithmetic,org.apache.commons.math.complex.Complex,704,1,0.85,0.85,1463,qwen3.6:latest
Math-37-0449,Math,37,449,AOR,arithmetic,org.apache.commons.math.complex.Complex,705,1,0.85,0.85,1454,qwen3.6:latest
Math-37-0450,Math,37,450,AOR,arithmetic,org.apache.commons.math.complex.Complex,705,1,0.85,0.85,1474,qwen3.6:latest
Math-37-0451,Math,37,451,AOR,arithmetic,org.apache.commons.math.complex.Complex,705,1,0.85,0.85,1472,qwen3.6:latest
Math-37-0452,Math,37,452,AOR,arithmetic,org.apache.commons.math.complex.Complex,705,1,0.85,0.85,1471,qwen3.6:latest
Math-37-0453,Math,37,453,COR,logical,org.apache.commons.math.complex.Complex,741,0,0.85,0.85,1461,qwen3.6:latest
Math-37-0454,Math,37,454,COR,logical,org.apache.commons.math.complex.Complex,741,1,0.85,0.85,1457,qwen3.6:latest
Math-37-0455,Math,37,455,AOR,arithmetic,org.apache.commons.math.complex.Complex,746,1,0.75,0.75,1464,qwen3.6:latest
Math-37-0456,Math,37,456,AOR,arithmetic,org.apache.commons.math.complex.Complex,746,1,0.85,0.85,1512,qwen3.6:latest
Math-37-0457,Math,37,457,AOR,arithmetic,org.apache.commons.math.complex.Complex,746,1,0.85,0.85,1452,qwen3.6:latest
Math-37-0458,Math,37,458,AOR,arithmetic,org.apache.commons.math.complex.Complex,746,1,0.85,0.85,1471,qwen3.6:latest
Math-37-0459,Math,37,459,AOR,arithmetic,org.apache.commons.math.complex.Complex,747,1,0.85,0.85,1458,qwen3.6:latest
Math-37-0460,Math,37,460,AOR,arithmetic,org.apache.commons.math.complex.Complex,747,1,0.85,0.85,1478,qwen3.6:latest
Math-37-0461,Math,37,461,AOR,arithmetic,org.apache.commons.math.complex.Complex,747,1,0.85,0.85,1476,qwen3.6:latest
Math-37-0462,Math,37,462,AOR,arithmetic,org.apache.commons.math.complex.Complex,747,1,0.85,0.85,1483,qwen3.6:latest
Math-37-0463,Math,37,463,COR,logical,org.apache.commons.math.complex.Complex,786,0,0.85,0.85,1502,qwen3.6:latest
Math-37-0464,Math,37,464,COR,logical,org.apache.commons.math.complex.Complex,786,1,0.85,0.85,1485,qwen3.6:latest
Math-37-0465,Math,37,465,STD,statement_deletion,org.apache.commons.math.complex.Complex,816,0,0.15,0.15,1484,qwen3.6:latest
Math-37-0466,Math,37,466,COR,logical,org.apache.commons.math.complex.Complex,864,0,0.85,0.85,1461,qwen3.6:latest
Math-37-0467,Math,37,467,COR,logical,org.apache.commons.math.complex.Complex,864,1,0.95,0.95,1461,qwen3.6:latest
Math-37-0468,Math,37,468,AOR,arithmetic,org.apache.commons.math.complex.Complex,868,1,0.85,0.85,1493,qwen3.6:latest
Math-37-0469,Math,37,469,AOR,arithmetic,org.apache.commons.math.complex.Complex,868,1,0.85,0.85,1493,qwen3.6:latest
Math-37-0470,Math,37,470,AOR,arithmetic,org.apache.commons.math.complex.Complex,868,1,0.85,0.85,1484,qwen3.6:latest
Math-37-0471,Math,37,471,AOR,arithmetic,org.apache.commons.math.complex.Complex,868,1,0.85,0.85,1459,qwen3.6:latest
Math-37-0472,Math,37,472,AOR,arithmetic,org.apache.commons.math.complex.Complex,869,1,0.85,0.85,1506,qwen3.6:latest
Math-37-0473,Math,37,473,AOR,arithmetic,org.apache.commons.math.complex.Complex,869,1,0.85,0.85,1478,qwen3.6:latest
Math-37-0474,Math,37,474,AOR,arithmetic,org.apache.commons.math.complex.Complex,869,1,0.85,0.85,1490,qwen3.6:latest
Math-37-0475,Math,37,475,AOR,arithmetic,org.apache.commons.math.complex.Complex,869,1,0.85,0.85,1466,qwen3.6:latest
Math-37-0476,Math,37,476,COR,logical,org.apache.commons.math.complex.Complex,904,0,0.85,0.85,1475,qwen3.6:latest
Math-37-0477,Math,37,477,COR,logical,org.apache.commons.math.complex.Complex,904,1,0.85,0.85,1473,qwen3.6:latest
Math-37-0478,Math,37,478,AOR,arithmetic,org.apache.commons.math.complex.Complex,908,1,0.75,0.75,1468,qwen3.6:latest
Math-37-0479,Math,37,479,AOR,arithmetic,org.apache.commons.math.complex.Complex,908,1,0.75,0.75,1476,qwen3.6:latest
Math-37-0480,Math,37,480,AOR,arithmetic,org.apache.commons.math.complex.Complex,908,1,0.85,0.85,1450,qwen3.6:latest
Math-37-0481,Math,37,481,AOR,arithmetic,org.apache.commons.math.complex.Complex,908,1,0.75,0.75,1460,qwen3.6:latest
Math-37-0482,Math,37,482,AOR,arithmetic,org.apache.commons.math.complex.Complex,909,1,0.85,0.85,1452,qwen3.6:latest
Math-37-0483,Math,37,483,AOR,arithmetic,org.apache.commons.math.complex.Complex,909,1,0.85,0.85,1480,qwen3.6:latest
Math-37-0484,Math,37,484,AOR,arithmetic,org.apache.commons.math.complex.Complex,909,1,0.85,0.85,1454,qwen3.6:latest
Math-37-0485,Math,37,485,AOR,arithmetic,org.apache.commons.math.complex.Complex,909,1,0.85,0.85,1461,qwen3.6:latest
Math-37-0486,Math,37,486,COR,logical,org.apache.commons.math.complex.Complex,947,0,0.85,0.85,1439,qwen3.6:latest
Math-37-0487,Math,37,487,COR,logical,org.apache.commons.math.complex.Complex,947,1,0.85,0.85,1443,qwen3.6:latest
Math-37-0488,Math,37,488,LVR,arithmetic,org.apache.commons.math.complex.Complex,951,1,0.85,0.85,1469,qwen3.6:latest
Math-37-0489,Math,37,489,LVR,arithmetic,org.apache.commons.math.complex.Complex,951,0,0.85,0.85,1436,qwen3.6:latest
Math-37-0490,Math,37,490,ROR,relational,org.apache.commons.math.complex.Complex,951,1,0.85,0.85,1504,qwen3.6:latest
Math-37-0491,Math,37,491,ROR,relational,org.apache.commons.math.complex.Complex,951,1,0.85,0.85,1434,qwen3.6:latest
Math-37-0492,Math,37,492,ROR,relational,org.apache.commons.math.complex.Complex,951,0,0.85,0.85,1458,qwen3.6:latest
Math-37-0493,Math,37,493,LVR,arithmetic,org.apache.commons.math.complex.Complex,951,0,0.85,0.85,1474,qwen3.6:latest
Math-37-0494,Math,37,494,LVR,arithmetic,org.apache.commons.math.complex.Complex,951,0,0.85,0.85,1474,qwen3.6:latest
Math-37-0495,Math,37,495,ROR,relational,org.apache.commons.math.complex.Complex,951,0,0.85,0.85,1489,qwen3.6:latest
Math-37-0496,Math,37,496,ROR,relational,org.apache.commons.math.complex.Complex,951,1,0.85,0.85,1468,qwen3.6:latest
Math-37-0497,Math,37,497,ROR,relational,org.apache.commons.math.complex.Complex,951,0,0.85,0.85,1520,qwen3.6:latest
Math-37-0498,Math,37,498,COR,logical,org.apache.commons.math.complex.Complex,951,1,0.85,0.85,1476,qwen3.6:latest
Math-37-0499,Math,37,499,COR,logical,org.apache.commons.math.complex.Complex,951,0,0.85,0.85,1476,qwen3.6:latest
Math-37-0500,Math,37,500,COR,logical,org.apache.commons.math.complex.Complex,951,1,0.75,0.75,1461,qwen3.6:latest
Math-37-0501,Math,37,501,COR,logical,org.apache.commons.math.complex.Complex,951,1,0.75,0.75,1478,qwen3.6:latest
Math-37-0502,Math,37,502,LVR,arithmetic,org.apache.commons.math.complex.Complex,952,0,0.75,0.75,1488,qwen3.6:latest
Math-37-0503,Math,37,503,LVR,arithmetic,org.apache.commons.math.complex.Complex,952,0,0.85,0.85,1475,qwen3.6:latest
Math-37-0504,Math,37,504,LVR,arithmetic,org.apache.commons.math.complex.Complex,952,0,0.75,0.75,1482,qwen3.6:latest
Math-37-0505,Math,37,505,LVR,arithmetic,org.apache.commons.math.complex.Complex,952,0,0.85,0.85,1467,qwen3.6:latest
Math-37-0506,Math,37,506,AOR,arithmetic,org.apache.commons.math.complex.Complex,955,1,0.85,0.85,1538,qwen3.6:latest
Math-37-0507,Math,37,507,AOR,arithmetic,org.apache.commons.math.complex.Complex,955,1,0.75,0.75,1561,qwen3.6:latest
Math-37-0508,Math,37,508,AOR,arithmetic,org.apache.commons.math.complex.Complex,955,1,0.85,0.85,1539,qwen3.6:latest
Math-37-0509,Math,37,509,AOR,arithmetic,org.apache.commons.math.complex.Complex,955,1,0.85,0.85,1548,qwen3.6:latest
Math-37-0510,Math,37,510,LVR,arithmetic,org.apache.commons.math.complex.Complex,955,1,0.75,0.75,1595,qwen3.6:latest
Math-37-0511,Math,37,511,LVR,arithmetic,org.apache.commons.math.complex.Complex,955,1,0.75,0.75,1531,qwen3.6:latest
Math-37-0512,Math,37,512,AOR,arithmetic,org.apache.commons.math.complex.Complex,955,1,0.85,0.85,1521,qwen3.6:latest
Math-37-0513,Math,37,513,AOR,arithmetic,org.apache.commons.math.complex.Complex,955,1,0.85,0.85,1535,qwen3.6:latest
Math-37-0514,Math,37,514,AOR,arithmetic,org.apache.commons.math.complex.Complex,955,1,0.85,0.85,1570,qwen3.6:latest
Math-37-0515,Math,37,515,AOR,arithmetic,org.apache.commons.math.complex.Complex,955,1,0.85,0.85,1551,qwen3.6:latest
Math-37-0516,Math,37,516,LVR,arithmetic,org.apache.commons.math.complex.Complex,956,1,0.85,0.85,1534,qwen3.6:latest
Math-37-0517,Math,37,517,LVR,arithmetic,org.apache.commons.math.complex.Complex,956,1,0.85,0.85,1517,qwen3.6:latest
Math-37-0518,Math,37,518,ROR,relational,org.apache.commons.math.complex.Complex,956,1,0.85,0.85,1556,qwen3.6:latest
Math-37-0519,Math,37,519,ROR,relational,org.apache.commons.math.complex.Complex,956,0,0.85,0.85,1544,qwen3.6:latest
Math-37-0520,Math,37,520,ROR,relational,org.apache.commons.math.complex.Complex,956,1,0.85,0.85,1545,qwen3.6:latest
Math-37-0521,Math,37,521,LVR,arithmetic,org.apache.commons.math.complex.Complex,957,1,0.85,0.85,1535,qwen3.6:latest
Math-37-0522,Math,37,522,LVR,arithmetic,org.apache.commons.math.complex.Complex,957,1,0.75,0.75,1538,qwen3.6:latest
Math-37-0523,Math,37,523,AOR,arithmetic,org.apache.commons.math.complex.Complex,957,1,0.85,0.85,1551,qwen3.6:latest
Math-37-0524,Math,37,524,AOR,arithmetic,org.apache.commons.math.complex.Complex,957,1,0.85,0.85,1573,qwen3.6:latest
Math-37-0525,Math,37,525,AOR,arithmetic,org.apache.commons.math.complex.Complex,957,1,0.85,0.85,1549,qwen3.6:latest
Math-37-0526,Math,37,526,AOR,arithmetic,org.apache.commons.math.complex.Complex,957,1,0.85,0.85,1522,qwen3.6:latest
Math-37-0527,Math,37,527,AOR,arithmetic,org.apache.commons.math.complex.Complex,957,1,0.85,0.85,1574,qwen3.6:latest
Math-37-0528,Math,37,528,AOR,arithmetic,org.apache.commons.math.complex.Complex,957,1,0.85,0.85,1567,qwen3.6:latest
Math-37-0529,Math,37,529,AOR,arithmetic,org.apache.commons.math.complex.Complex,957,1,0.85,0.85,1526,qwen3.6:latest
Math-37-0530,Math,37,530,AOR,arithmetic,org.apache.commons.math.complex.Complex,957,1,0.85,0.85,1548,qwen3.6:latest
Math-37-0531,Math,37,531,LVR,arithmetic,org.apache.commons.math.complex.Complex,959,1,0.85,0.85,1492,qwen3.6:latest
Math-37-0532,Math,37,532,LVR,arithmetic,org.apache.commons.math.complex.Complex,959,1,0.85,0.85,1458,qwen3.6:latest
Math-37-0533,Math,37,533,AOR,arithmetic,org.apache.commons.math.complex.Complex,959,1,0.85,0.85,1488,qwen3.6:latest
Math-37-0534,Math,37,534,AOR,arithmetic,org.apache.commons.math.complex.Complex,959,1,0.85,0.85,1471,qwen3.6:latest
Math-37-0535,Math,37,535,AOR,arithmetic,org.apache.commons.math.complex.Complex,959,1,0.85,0.85,1464,qwen3.6:latest
Math-37-0536,Math,37,536,AOR,arithmetic,org.apache.commons.math.complex.Complex,959,1,0.85,0.85,1469,qwen3.6:latest
Math-37-0537,Math,37,537,AOR,arithmetic,org.apache.commons.math.complex.Complex,959,1,0.85,0.85,1469,qwen3.6:latest
Math-37-0538,Math,37,538,AOR,arithmetic,org.apache.commons.math.complex.Complex,959,1,0.85,0.85,1473,qwen3.6:latest
Math-37-0539,Math,37,539,AOR,arithmetic,org.apache.commons.math.complex.Complex,959,1,0.85,0.85,1442,qwen3.6:latest
Math-37-0540,Math,37,540,AOR,arithmetic,org.apache.commons.math.complex.Complex,959,1,0.85,0.85,1492,qwen3.6:latest
Math-37-0541,Math,37,541,LVR,arithmetic,org.apache.commons.math.complex.Complex,960,1,0.85,0.85,1525,qwen3.6:latest
Math-37-0542,Math,37,542,LVR,arithmetic,org.apache.commons.math.complex.Complex,960,0,0.85,0.85,1486,qwen3.6:latest
Math-37-0543,Math,37,543,AOR,arithmetic,org.apache.commons.math.complex.Complex,960,1,0.85,0.85,1580,qwen3.6:latest
Math-37-0544,Math,37,544,AOR,arithmetic,org.apache.commons.math.complex.Complex,960,1,0.85,0.85,1525,qwen3.6:latest
Math-37-0545,Math,37,545,AOR,arithmetic,org.apache.commons.math.complex.Complex,960,1,0.85,0.85,1565,qwen3.6:latest
Math-37-0546,Math,37,546,AOR,arithmetic,org.apache.commons.math.complex.Complex,960,1,0.85,0.85,1552,qwen3.6:latest
Math-37-0547,Math,37,547,LVR,arithmetic,org.apache.commons.math.complex.Complex,982,1,0.75,0.75,1483,qwen3.6:latest
Math-37-0548,Math,37,548,LVR,arithmetic,org.apache.commons.math.complex.Complex,982,1,0.75,0.75,1469,qwen3.6:latest
Math-37-0549,Math,37,549,LVR,arithmetic,org.apache.commons.math.complex.Complex,982,1,0.85,0.85,1470,qwen3.6:latest
Math-37-0550,Math,37,550,LVR,arithmetic,org.apache.commons.math.complex.Complex,982,1,0.85,0.85,1494,qwen3.6:latest
Math-37-0551,Math,37,551,COR,logical,org.apache.commons.math.complex.Complex,1018,0,0.75,0.75,1472,qwen3.6:latest
Math-37-0552,Math,37,552,COR,logical,org.apache.commons.math.complex.Complex,1018,1,0.75,0.75,1470,qwen3.6:latest
Math-37-0553,Math,37,553,COR,logical,org.apache.commons.math.complex.Complex,1018,0,0.75,0.75,1468,qwen3.6:latest
Math-37-0554,Math,37,554,COR,logical,org.apache.commons.math.complex.Complex,1018,1,0.75,0.75,1480,qwen3.6:latest
Math-37-0555,Math,37,555,LVR,arithmetic,org.apache.commons.math.complex.Complex,1021,1,0.85,0.85,1472,qwen3.6:latest
Math-37-0556,Math,37,556,LVR,arithmetic,org.apache.commons.math.complex.Complex,1021,1,0.85,0.85,1468,qwen3.6:latest
Math-37-0557,Math,37,557,ROR,relational,org.apache.commons.math.complex.Complex,1021,1,0.85,0.85,1468,qwen3.6:latest
Math-37-0558,Math,37,558,ROR,relational,org.apache.commons.math.complex.Complex,1021,0,0.75,0.75,1490,qwen3.6:latest
Math-37-0559,Math,37,559,ROR,relational,org.apache.commons.math.complex.Complex,1021,1,0.85,0.85,1494,qwen3.6:latest
Math-37-0560,Math,37,560,LVR,arithmetic,org.apache.commons.math.complex.Complex,1022,1,0.85,0.85,1506,qwen3.6:latest
Math-37-0561,Math,37,561,LVR,arithmetic,org.apache.commons.math.complex.Complex,1022,1,0.75,0.75,1444,qwen3.6:latest
Math-37-0562,Math,37,562,LVR,arithmetic,org.apache.commons.math.complex.Complex,1022,1,0.75,0.75,1449,qwen3.6:latest
Math-37-0563,Math,37,563,LVR,arithmetic,org.apache.commons.math.complex.Complex,1022,1,0.75,0.75,1441,qwen3.6:latest
Math-37-0564,Math,37,564,ORU,return_value,org.apache.commons.math.complex.Complex,1024,1,0.15,0.15,1511,qwen3.6:latest
Math-37-0565,Math,37,565,LVR,arithmetic,org.apache.commons.math.complex.Complex,1024,0,0.15,0.15,1510,qwen3.6:latest
Math-37-0566,Math,37,566,LVR,arithmetic,org.apache.commons.math.complex.Complex,1024,1,0.15,0.15,1464,qwen3.6:latest
Math-37-0567,Math,37,567,ROR,relational,org.apache.commons.math.complex.Complex,1024,1,0.75,0.75,1501,qwen3.6:latest
Math-37-0568,Math,37,568,ROR,relational,org.apache.commons.math.complex.Complex,1024,0,0.85,0.85,1523,qwen3.6:latest
Math-37-0569,Math,37,569,ROR,relational,org.apache.commons.math.complex.Complex,1024,1,0.75,0.75,1503,qwen3.6:latest
Math-37-0570,Math,37,570,LVR,arithmetic,org.apache.commons.math.complex.Complex,1025,1,0.15,0.15,1483,qwen3.6:latest
Math-37-0571,Math,37,571,LVR,arithmetic,org.apache.commons.math.complex.Complex,1025,1,0.15,0.15,1442,qwen3.6:latest
Math-37-0572,Math,37,572,ORU,return_value,org.apache.commons.math.complex.Complex,1025,1,0.75,0.75,1449,qwen3.6:latest
Math-37-0573,Math,37,573,LVR,arithmetic,org.apache.commons.math.complex.Complex,1025,1,0.15,0.15,1451,qwen3.6:latest
Math-37-0574,Math,37,574,LVR,arithmetic,org.apache.commons.math.complex.Complex,1025,1,0.15,0.15,1448,qwen3.6:latest
Math-37-0575,Math,37,575,LVR,arithmetic,org.apache.commons.math.complex.Complex,1028,1,0.85,0.85,1491,qwen3.6:latest
Math-37-0576,Math,37,576,LVR,arithmetic,org.apache.commons.math.complex.Complex,1028,1,0.15,0.15,1454,qwen3.6:latest
Math-37-0577,Math,37,577,AOR,arithmetic,org.apache.commons.math.complex.Complex,1028,1,0.85,0.85,1548,qwen3.6:latest
Math-37-0578,Math,37,578,AOR,arithmetic,org.apache.commons.math.complex.Complex,1028,1,0.85,0.85,1517,qwen3.6:latest
Math-37-0579,Math,37,579,AOR,arithmetic,org.apache.commons.math.complex.Complex,1028,1,0.85,0.85,1516,qwen3.6:latest
Math-37-0580,Math,37,580,AOR,arithmetic,org.apache.commons.math.complex.Complex,1028,1,0.85,0.85,1526,qwen3.6:latest
Math-37-0581,Math,37,581,LVR,arithmetic,org.apache.commons.math.complex.Complex,1029,1,0.15,0.15,1483,qwen3.6:latest
Math-37-0582,Math,37,582,LVR,arithmetic,org.apache.commons.math.complex.Complex,1029,1,0.15,0.15,1479,qwen3.6:latest
Math-37-0583,Math,37,583,AOR,arithmetic,org.apache.commons.math.complex.Complex,1029,1,0.85,0.85,1488,qwen3.6:latest
Math-37-0584,Math,37,584,AOR,arithmetic,org.apache.commons.math.complex.Complex,1029,1,0.85,0.85,1451,qwen3.6:latest
Math-37-0585,Math,37,585,AOR,arithmetic,org.apache.commons.math.complex.Complex,1029,1,0.85,0.85,1471,qwen3.6:latest
Math-37-0586,Math,37,586,AOR,arithmetic,org.apache.commons.math.complex.Complex,1029,1,0.85,0.85,1452,qwen3.6:latest
Math-37-0587,Math,37,587,AOR,arithmetic,org.apache.commons.math.complex.Complex,1030,1,0.85,0.85,1466,qwen3.6:latest
Math-37-0588,Math,37,588,AOR,arithmetic,org.apache.commons.math.complex.Complex,1030,1,0.85,0.85,1438,qwen3.6:latest
Math-37-0589,Math,37,589,AOR,arithmetic,org.apache.commons.math.complex.Complex,1030,1,0.85,0.85,1460,qwen3.6:latest
Math-37-0590,Math,37,590,AOR,arithmetic,org.apache.commons.math.complex.Complex,1030,1,0.85,0.85,1569,qwen3.6:latest
Math-37-0591,Math,37,591,AOR,arithmetic,org.apache.commons.math.complex.Complex,1032,1,0.85,0.85,1481,qwen3.6:latest
Math-37-0592,Math,37,592,AOR,arithmetic,org.apache.commons.math.complex.Complex,1032,1,0.85,0.85,1454,qwen3.6:latest
Math-37-0593,Math,37,593,AOR,arithmetic,org.apache.commons.math.complex.Complex,1032,1,0.85,0.85,1467,qwen3.6:latest
Math-37-0594,Math,37,594,AOR,arithmetic,org.apache.commons.math.complex.Complex,1032,1,0.85,0.85,1465,qwen3.6:latest
Math-37-0595,Math,37,595,AOR,arithmetic,org.apache.commons.math.complex.Complex,1033,1,0.85,0.85,1515,qwen3.6:latest
Math-37-0596,Math,37,596,AOR,arithmetic,org.apache.commons.math.complex.Complex,1033,1,0.85,0.85,1516,qwen3.6:latest
Math-37-0597,Math,37,597,AOR,arithmetic,org.apache.commons.math.complex.Complex,1033,1,0.85,0.85,1565,qwen3.6:latest
Math-37-0598,Math,37,598,AOR,arithmetic,org.apache.commons.math.complex.Complex,1033,1,0.85,0.85,1533,qwen3.6:latest
Math-37-0599,Math,37,599,COR,logical,org.apache.commons.math.complex.Complex,1069,0,0.75,0.75,1464,qwen3.6:latest
Math-37-0600,Math,37,600,COR,logical,org.apache.commons.math.complex.Complex,1069,1,0.75,0.75,1450,qwen3.6:latest
Math-37-0601,Math,37,601,COR,logical,org.apache.commons.math.complex.Complex,1069,0,0.75,0.75,1445,qwen3.6:latest
Math-37-0602,Math,37,602,COR,logical,org.apache.commons.math.complex.Complex,1069,1,0.75,0.75,1455,qwen3.6:latest
Math-37-0603,Math,37,603,LVR,arithmetic,org.apache.commons.math.complex.Complex,1072,1,0.85,0.85,1479,qwen3.6:latest
Math-37-0604,Math,37,604,LVR,arithmetic,org.apache.commons.math.complex.Complex,1072,1,0.85,0.85,1467,qwen3.6:latest
Math-37-0605,Math,37,605,ROR,relational,org.apache.commons.math.complex.Complex,1072,1,0.85,0.85,1476,qwen3.6:latest
Math-37-0606,Math,37,606,ROR,relational,org.apache.commons.math.complex.Complex,1072,0,0.85,0.85,1462,qwen3.6:latest
Math-37-0607,Math,37,607,ROR,relational,org.apache.commons.math.complex.Complex,1072,1,0.85,0.85,1471,qwen3.6:latest
Math-37-0608,Math,37,608,LVR,arithmetic,org.apache.commons.math.complex.Complex,1073,1,0.85,0.85,1470,qwen3.6:latest
Math-37-0609,Math,37,609,LVR,arithmetic,org.apache.commons.math.complex.Complex,1073,1,0.85,0.85,1445,qwen3.6:latest
Math-37-0610,Math,37,610,LVR,arithmetic,org.apache.commons.math.complex.Complex,1073,1,0.85,0.85,1476,qwen3.6:latest
Math-37-0611,Math,37,611,LVR,arithmetic,org.apache.commons.math.complex.Complex,1073,1,0.85,0.85,1484,qwen3.6:latest
Math-37-0612,Math,37,612,ORU,return_value,org.apache.commons.math.complex.Complex,1075,1,0.75,0.75,1519,qwen3.6:latest
Math-37-0613,Math,37,613,LVR,arithmetic,org.apache.commons.math.complex.Complex,1075,0,0.15,0.15,1515,qwen3.6:latest
Math-37-0614,Math,37,614,LVR,arithmetic,org.apache.commons.math.complex.Complex,1075,1,0.15,0.15,1455,qwen3.6:latest
Math-37-0615,Math,37,615,ROR,relational,org.apache.commons.math.complex.Complex,1075,1,0.75,0.75,1512,qwen3.6:latest
Math-37-0616,Math,37,616,ROR,relational,org.apache.commons.math.complex.Complex,1075,0,0.75,0.75,1544,qwen3.6:latest
Math-37-0617,Math,37,617,ROR,relational,org.apache.commons.math.complex.Complex,1075,1,0.85,0.85,1558,qwen3.6:latest
Math-37-0618,Math,37,618,ORU,return_value,org.apache.commons.math.complex.Complex,1076,1,0.75,0.75,1554,qwen3.6:latest
Math-37-0619,Math,37,619,LVR,arithmetic,org.apache.commons.math.complex.Complex,1076,1,0.85,0.85,1561,qwen3.6:latest
Math-37-0620,Math,37,620,LVR,arithmetic,org.apache.commons.math.complex.Complex,1076,1,0.15,0.15,1545,qwen3.6:latest
Math-37-0621,Math,37,621,LVR,arithmetic,org.apache.commons.math.complex.Complex,1076,1,0.15,0.15,1540,qwen3.6:latest
Math-37-0622,Math,37,622,LVR,arithmetic,org.apache.commons.math.complex.Complex,1076,1,0.15,0.15,1549,qwen3.6:latest
Math-37-0623,Math,37,623,LVR,arithmetic,org.apache.commons.math.complex.Complex,1078,1,0.15,0.15,1525,qwen3.6:latest
Math-37-0624,Math,37,624,LVR,arithmetic,org.apache.commons.math.complex.Complex,1078,1,0.15,0.15,1508,qwen3.6:latest
Math-37-0625,Math,37,625,AOR,arithmetic,org.apache.commons.math.complex.Complex,1078,1,0.85,0.85,1539,qwen3.6:latest
Math-37-0626,Math,37,626,AOR,arithmetic,org.apache.commons.math.complex.Complex,1078,1,0.85,0.85,1528,qwen3.6:latest
Math-37-0627,Math,37,627,AOR,arithmetic,org.apache.commons.math.complex.Complex,1078,1,0.85,0.85,1524,qwen3.6:latest
Math-37-0628,Math,37,628,AOR,arithmetic,org.apache.commons.math.complex.Complex,1078,1,0.85,0.85,1523,qwen3.6:latest
Math-37-0629,Math,37,629,LVR,arithmetic,org.apache.commons.math.complex.Complex,1079,1,0.15,0.15,1460,qwen3.6:latest
Math-37-0630,Math,37,630,LVR,arithmetic,org.apache.commons.math.complex.Complex,1079,1,0.15,0.15,1556,qwen3.6:latest
Math-37-0631,Math,37,631,AOR,arithmetic,org.apache.commons.math.complex.Complex,1079,1,0.75,0.75,1531,qwen3.6:latest
Math-37-0632,Math,37,632,AOR,arithmetic,org.apache.commons.math.complex.Complex,1079,1,0.85,0.85,1555,qwen3.6:latest
Math-37-0633,Math,37,633,AOR,arithmetic,org.apache.commons.math.complex.Complex,1079,1,0.85,0.85,1533,qwen3.6:latest
Math-37-0634,Math,37,634,AOR,arithmetic,org.apache.commons.math.complex.Complex,1079,1,0.85,0.85,1524,qwen3.6:latest
Math-37-0635,Math,37,635,AOR,arithmetic,org.apache.commons.math.complex.Complex,1080,1,0.75,0.75,1474,qwen3.6:latest
Math-37-0636,Math,37,636,AOR,arithmetic,org.apache.commons.math.complex.Complex,1080,1,0.85,0.85,1469,qwen3.6:latest
Math-37-0637,Math,37,637,AOR,arithmetic,org.apache.commons.math.complex.Complex,1080,1,0.85,0.85,1463,qwen3.6:latest
Math-37-0638,Math,37,638,AOR,arithmetic,org.apache.commons.math.complex.Complex,1080,1,0.85,0.85,1484,qwen3.6:latest
Math-37-0639,Math,37,639,AOR,arithmetic,org.apache.commons.math.complex.Complex,1082,1,0.85,0.85,1503,qwen3.6:latest
Math-37-0640,Math,37,640,AOR,arithmetic,org.apache.commons.math.complex.Complex,1082,1,0.85,0.85,1478,qwen3.6:latest
Math-37-0641,Math,37,641,AOR,arithmetic,org.apache.commons.math.complex.Complex,1082,1,0.85,0.85,1456,qwen3.6:latest
Math-37-0642,Math,37,642,AOR,arithmetic,org.apache.commons.math.complex.Complex,1082,1,0.85,0.85,1453,qwen3.6:latest
Math-37-0643,Math,37,643,AOR,arithmetic,org.apache.commons.math.complex.Complex,1083,1,0.85,0.85,1464,qwen3.6:latest
Math-37-0644,Math,37,644,AOR,arithmetic,org.apache.commons.math.complex.Complex,1083,1,0.85,0.85,1459,qwen3.6:latest
Math-37-0645,Math,37,645,AOR,arithmetic,org.apache.commons.math.complex.Complex,1083,1,0.85,0.85,1467,qwen3.6:latest
Math-37-0646,Math,37,646,AOR,arithmetic,org.apache.commons.math.complex.Complex,1083,1,0.85,0.85,1469,qwen3.6:latest
Math-37-0647,Math,37,647,LVR,arithmetic,org.apache.commons.math.complex.Complex,1133,0,0.15,0.15,1496,qwen3.6:latest
Math-37-0648,Math,37,648,LVR,arithmetic,org.apache.commons.math.complex.Complex,1133,0,0.15,0.15,1451,qwen3.6:latest
Math-37-0649,Math,37,649,ROR,relational,org.apache.commons.math.complex.Complex,1133,0,0.95,0.95,1472,qwen3.6:latest
Math-37-0650,Math,37,650,ROR,relational,org.apache.commons.math.complex.Complex,1133,0,0.95,0.95,1485,qwen3.6:latest
Math-37-0651,Math,37,651,ROR,relational,org.apache.commons.math.complex.Complex,1133,1,0.95,0.95,1445,qwen3.6:latest
Math-37-0652,Math,37,652,COR,logical,org.apache.commons.math.complex.Complex,1140,1,0.85,0.85,1445,qwen3.6:latest
Math-37-0653,Math,37,653,COR,logical,org.apache.commons.math.complex.Complex,1140,1,0.85,0.85,1482,qwen3.6:latest
Math-37-0654,Math,37,654,STD,statement_deletion,org.apache.commons.math.complex.Complex,1141,1,0.15,0.15,1465,qwen3.6:latest
Math-37-0655,Math,37,655,COR,logical,org.apache.commons.math.complex.Complex,1144,1,0.85,0.85,1468,qwen3.6:latest
Math-37-0656,Math,37,656,COR,logical,org.apache.commons.math.complex.Complex,1144,1,0.95,0.95,1478,qwen3.6:latest
Math-37-0657,Math,37,657,STD,statement_deletion,org.apache.commons.math.complex.Complex,1145,1,0.25,0.25,1511,qwen3.6:latest
Math-37-0658,Math,37,658,LVR,arithmetic,org.apache.commons.math.complex.Complex,1150,1,0.75,0.75,1565,qwen3.6:latest
Math-37-0659,Math,37,659,LVR,arithmetic,org.apache.commons.math.complex.Complex,1150,1,0.75,0.75,1543,qwen3.6:latest
Math-37-0660,Math,37,660,AOR,arithmetic,org.apache.commons.math.complex.Complex,1150,1,0.75,0.75,1563,qwen3.6:latest
Math-37-0661,Math,37,661,AOR,arithmetic,org.apache.commons.math.complex.Complex,1150,1,0.75,0.75,1568,qwen3.6:latest
Math-37-0662,Math,37,662,AOR,arithmetic,org.apache.commons.math.complex.Complex,1150,1,0.85,0.85,1545,qwen3.6:latest
Math-37-0663,Math,37,663,AOR,arithmetic,org.apache.commons.math.complex.Complex,1150,1,0.85,0.85,1547,qwen3.6:latest
Math-37-0664,Math,37,664,AOR,arithmetic,org.apache.commons.math.complex.Complex,1153,1,0.75,0.75,1539,qwen3.6:latest
Math-37-0665,Math,37,665,AOR,arithmetic,org.apache.commons.math.complex.Complex,1153,1,0.75,0.75,1543,qwen3.6:latest
Math-37-0666,Math,37,666,AOR,arithmetic,org.apache.commons.math.complex.Complex,1153,1,0.75,0.75,1586,qwen3.6:latest
Math-37-0667,Math,37,667,AOR,arithmetic,org.apache.commons.math.complex.Complex,1153,1,0.75,0.75,1596,qwen3.6:latest
Math-37-0668,Math,37,668,LVR,arithmetic,org.apache.commons.math.complex.Complex,1154,1,0.85,0.85,1562,qwen3.6:latest
Math-37-0669,Math,37,669,LVR,arithmetic,org.apache.commons.math.complex.Complex,1154,1,0.75,0.75,1573,qwen3.6:latest
Math-37-0670,Math,37,670,AOR,arithmetic,org.apache.commons.math.complex.Complex,1154,1,0.75,0.75,1644,qwen3.6:latest
Math-37-0671,Math,37,671,AOR,arithmetic,org.apache.commons.math.complex.Complex,1154,1,0.75,0.75,1554,qwen3.6:latest
Math-37-0672,Math,37,672,AOR,arithmetic,org.apache.commons.math.complex.Complex,1154,1,0.85,0.85,1527,qwen3.6:latest
Math-37-0673,Math,37,673,AOR,arithmetic,org.apache.commons.math.complex.Complex,1154,1,0.85,0.85,1555,qwen3.6:latest
Math-37-0674,Math,37,674,AOR,arithmetic,org.apache.commons.math.complex.Complex,1154,1,0.75,0.75,1563,qwen3.6:latest
Math-37-0675,Math,37,675,AOR,arithmetic,org.apache.commons.math.complex.Complex,1154,1,0.85,0.85,1546,qwen3.6:latest
Math-37-0676,Math,37,676,AOR,arithmetic,org.apache.commons.math.complex.Complex,1154,1,0.75,0.75,1548,qwen3.6:latest
Math-37-0677,Math,37,677,AOR,arithmetic,org.apache.commons.math.complex.Complex,1154,1,0.85,0.85,1546,qwen3.6:latest
Math-37-0678,Math,37,678,LVR,arithmetic,org.apache.commons.math.complex.Complex,1156,1,0.85,0.85,1524,qwen3.6:latest
Math-37-0679,Math,37,679,LVR,arithmetic,org.apache.commons.math.complex.Complex,1156,1,0.85,0.85,1555,qwen3.6:latest
Math-37-0680,Math,37,680,ROR,relational,org.apache.commons.math.complex.Complex,1156,0,0.75,0.75,1564,qwen3.6:latest
Math-37-0681,Math,37,681,ROR,relational,org.apache.commons.math.complex.Complex,1156,1,0.85,0.85,1535,qwen3.6:latest
Math-37-0682,Math,37,682,ROR,relational,org.apache.commons.math.complex.Complex,1156,1,0.85,0.85,1583,qwen3.6:latest
Math-37-0683,Math,37,683,AOR,arithmetic,org.apache.commons.math.complex.Complex,1158,1,0.85,0.85,1548,qwen3.6:latest
Math-37-0684,Math,37,684,AOR,arithmetic,org.apache.commons.math.complex.Complex,1158,1,0.85,0.85,1567,qwen3.6:latest
Math-37-0685,Math,37,685,AOR,arithmetic,org.apache.commons.math.complex.Complex,1158,1,0.85,0.85,1582,qwen3.6:latest
Math-37-0686,Math,37,686,AOR,arithmetic,org.apache.commons.math.complex.Complex,1158,1,0.85,0.85,1539,qwen3.6:latest
Math-37-0687,Math,37,687,AOR,arithmetic,org.apache.commons.math.complex.Complex,1159,1,0.85,0.85,1478,qwen3.6:latest
Math-37-0688,Math,37,688,AOR,arithmetic,org.apache.commons.math.complex.Complex,1159,1,0.85,0.85,1466,qwen3.6:latest
Math-37-0689,Math,37,689,AOR,arithmetic,org.apache.commons.math.complex.Complex,1159,1,0.85,0.85,1479,qwen3.6:latest
Math-37-0690,Math,37,690,AOR,arithmetic,org.apache.commons.math.complex.Complex,1159,1,0.85,0.85,1526,qwen3.6:latest
Math-37-0691,Math,37,691,STD,statement_deletion,org.apache.commons.math.complex.Complex,1160,1,0.15,0.15,1503,qwen3.6:latest
Math-37-0692,Math,37,692,STD,statement_deletion,org.apache.commons.math.complex.Complex,1161,1,0.15,0.15,1445,qwen3.6:latest
Math-37-0693,Math,37,693,COR,logical,org.apache.commons.math.complex.Complex,1190,0,0.85,0.85,1470,qwen3.6:latest
Math-37-0694,Math,37,694,COR,logical,org.apache.commons.math.complex.Complex,1190,0,0.85,0.85,1450,qwen3.6:latest
Math-37-0695,Math,37,695,COR,logical,org.apache.commons.math.complex.Complex,1191,0,0.85,0.85,1443,qwen3.6:latest
Math-37-0696,Math,37,696,COR,logical,org.apache.commons.math.complex.Complex,1190,1,0.95,0.95,1488,qwen3.6:latest
Math-37-0697,Math,37,697,COR,logical,org.apache.commons.math.complex.Complex,1204,0,0.95,0.95,1435,qwen3.6:latest
Math-37-0698,Math,37,698,COR,logical,org.apache.commons.math.complex.Complex,1204,0,0.95,0.95,1433,qwen3.6:latest
Math-4-0001,Math,4,1,STD,statement_deletion,org.apache.commons.math3.geometry.euclidean.threed.SubLine,89,1,0.15,0.15,1452,qwen3.6:latest
Math-4-0002,Math,4,2,ROR,relational,org.apache.commons.math3.geometry.euclidean.threed.SubLine,114,1,0.85,0.85,1518,qwen3.6:latest
Math-4-0003,Math,4,3,COR,logical,org.apache.commons.math3.geometry.euclidean.threed.SubLine,124,1,0.85,0.85,1537,qwen3.6:latest
Math-4-0004,Math,4,4,COR,logical,org.apache.commons.math3.geometry.euclidean.threed.SubLine,124,1,0.85,0.85,1562,qwen3.6:latest
Math-4-0005,Math,4,5,ROR,relational,org.apache.commons.math3.geometry.euclidean.threed.SubLine,125,0,0.85,0.85,1559,qwen3.6:latest
Math-4-0006,Math,4,6,ROR,relational,org.apache.commons.math3.geometry.euclidean.threed.SubLine,125,1,0.85,0.85,1562,qwen3.6:latest
Math-4-0007,Math,4,7,COR,logical,org.apache.commons.math3.geometry.euclidean.threed.SubLine,125,1,0.85,0.85,1535,qwen3.6:latest
Math-4-0008,Math,4,8,COR,logical,org.apache.commons.math3.geometry.euclidean.threed.SubLine,125,1,0.85,0.85,1541,qwen3.6:latest
Math-4-0009,Math,4,9,COR,logical,org.apache.commons.math3.geometry.euclidean.threed.SubLine,125,1,0.85,0.85,1532,qwen3.6:latest
Math-4-0010,Math,4,10,COR,logical,org.apache.commons.math3.geometry.euclidean.threed.SubLine,125,0,0.85,0.85,1530,qwen3.6:latest
Math-4-0011,Math,4,11,ROR,relational,org.apache.commons.math3.geometry.euclidean.threed.SubLine,127,1,0.85,0.85,1623,qwen3.6:latest
Math-4-0012,Math,4,12,ROR,relational,org.apache.commons.math3.geometry.euclidean.threed.SubLine,127,1,0.85,0.85,1551,qwen3.6:latest
Math-4-0013,Math,4,13,COR,logical,org.apache.commons.math3.geometry.euclidean.threed.SubLine,127,1,0.85,0.85,1525,qwen3.6:latest
Math-4-0014,Math,4,14,COR,logical,org.apache.commons.math3.geometry.euclidean.threed.SubLine,127,1,0.85,0.85,1555,qwen3.6:latest
Math-4-0015,Math,4,15,COR,logical,org.apache.commons.math3.geometry.euclidean.threed.SubLine,127,1,0.85,0.85,1548,qwen3.6:latest
Math-4-0016,Math,4,16,COR,logical,org.apache.commons.math3.geometry.euclidean.threed.SubLine,127,0,0.85,0.85,1543,qwen3.6:latest
Math-4-0017,Math,4,17,STD,statement_deletion,org.apache.commons.math3.geometry.euclidean.twod.SubLine,89,1,0.15,0.15,1462,qwen3.6:latest
Math-4-0018,Math,4,18,ROR,relational,org.apache.commons.math3.geometry.euclidean.twod.SubLine,118,1,0.85,0.85,1472,qwen3.6:latest
Math-4-0019,Math,4,19,COR,logical,org.apache.commons.math3.geometry.euclidean.twod.SubLine,128,1,0.85,0.85,1546,qwen3.6:latest
Math-4-0020,Math,4,20,COR,logical,org.apache.commons.math3.geometry.euclidean.twod.SubLine,128,1,0.85,0.85,1534,qwen3.6:latest
Math-4-0021,Math,4,21,ROR,relational,org.apache.commons.math3.geometry.euclidean.twod.SubLine,129,0,0.85,0.85,1508,qwen3.6:latest
Math-4-0022,Math,4,22,ROR,relational,org.apache.commons.math3.geometry.euclidean.twod.SubLine,129,1,0.85,0.85,1515,qwen3.6:latest
Math-4-0023,Math,4,23,COR,logical,org.apache.commons.math3.geometry.euclidean.twod.SubLine,129,1,0.85,0.85,1524,qwen3.6:latest
Math-4-0024,Math,4,24,COR,logical,org.apache.commons.math3.geometry.euclidean.twod.SubLine,129,1,0.85,0.85,1533,qwen3.6:latest
Math-4-0025,Math,4,25,COR,logical,org.apache.commons.math3.geometry.euclidean.twod.SubLine,129,1,0.85,0.85,1534,qwen3.6:latest
Math-4-0026,Math,4,26,COR,logical,org.apache.commons.math3.geometry.euclidean.twod.SubLine,129,0,0.85,0.85,1534,qwen3.6:latest
Math-4-0027,Math,4,27,ROR,relational,org.apache.commons.math3.geometry.euclidean.twod.SubLine,131,1,0.85,0.85,1542,qwen3.6:latest
Math-4-0028,Math,4,28,ROR,relational,org.apache.commons.math3.geometry.euclidean.twod.SubLine,131,1,0.85,0.85,1542,qwen3.6:latest
Math-4-0029,Math,4,29,COR,logical,org.apache.commons.math3.geometry.euclidean.twod.SubLine,131,1,0.85,0.85,1529,qwen3.6:latest
Math-4-0030,Math,4,30,COR,logical,org.apache.commons.math3.geometry.euclidean.twod.SubLine,131,1,0.85,0.85,1547,qwen3.6:latest
Math-4-0031,Math,4,31,COR,logical,org.apache.commons.math3.geometry.euclidean.twod.SubLine,131,1,0.75,0.75,1574,qwen3.6:latest
Math-4-0032,Math,4,32,COR,logical,org.apache.commons.math3.geometry.euclidean.twod.SubLine,131,0,0.75,0.75,1535,qwen3.6:latest
Math-4-0033,Math,4,33,ROR,relational,org.apache.commons.math3.geometry.euclidean.twod.SubLine,162,1,0.85,0.85,1567,qwen3.6:latest
Math-4-0034,Math,4,34,ORU,return_value,org.apache.commons.math3.geometry.euclidean.twod.SubLine,165,1,0.85,0.85,1546,qwen3.6:latest
Math-4-0035,Math,4,35,LVR,arithmetic,org.apache.commons.math3.geometry.euclidean.twod.SubLine,165,0,0.75,0.75,1575,qwen3.6:latest
Math-4-0036,Math,4,36,LVR,arithmetic,org.apache.commons.math3.geometry.euclidean.twod.SubLine,165,1,0.75,0.75,1566,qwen3.6:latest
Math-4-0037,Math,4,37,ROR,relational,org.apache.commons.math3.geometry.euclidean.twod.SubLine,165,1,0.75,0.75,1564,qwen3.6:latest
Math-4-0038,Math,4,38,ROR,relational,org.apache.commons.math3.geometry.euclidean.twod.SubLine,165,0,0.85,0.85,1561,qwen3.6:latest
Math-4-0039,Math,4,39,ROR,relational,org.apache.commons.math3.geometry.euclidean.twod.SubLine,165,1,0.85,0.85,1549,qwen3.6:latest
Math-4-0040,Math,4,40,LVR,arithmetic,org.apache.commons.math3.geometry.euclidean.twod.SubLine,165,0,0.75,0.75,1553,qwen3.6:latest
Math-4-0041,Math,4,41,LVR,arithmetic,org.apache.commons.math3.geometry.euclidean.twod.SubLine,165,1,0.75,0.75,1570,qwen3.6:latest
Math-4-0042,Math,4,42,ROR,relational,org.apache.commons.math3.geometry.euclidean.twod.SubLine,165,1,0.75,0.75,1566,qwen3.6:latest
Math-4-0043,Math,4,43,ROR,relational,org.apache.commons.math3.geometry.euclidean.twod.SubLine,165,0,0.85,0.85,1571,qwen3.6:latest
Math-4-0044,Math,4,44,ROR,relational,org.apache.commons.math3.geometry.euclidean.twod.SubLine,165,1,0.85,0.85,1543,qwen3.6:latest
Math-4-0045,Math,4,45,AOR,arithmetic,org.apache.commons.math3.geometry.euclidean.twod.SubLine,169,1,0.75,0.75,1530,qwen3.6:latest
Math-4-0046,Math,4,46,AOR,arithmetic,org.apache.commons.math3.geometry.euclidean.twod.SubLine,169,1,0.85,0.85,1511,qwen3.6:latest
Math-4-0047,Math,4,47,AOR,arithmetic,org.apache.commons.math3.geometry.euclidean.twod.SubLine,169,1,0.85,0.85,1514,qwen3.6:latest
Math-4-0048,Math,4,48,AOR,arithmetic,org.apache.commons.math3.geometry.euclidean.twod.SubLine,169,1,0.75,0.75,1526,qwen3.6:latest
Math-4-0049,Math,4,49,LVR,arithmetic,org.apache.commons.math3.geometry.euclidean.twod.SubLine,169,1,0.85,0.85,1516,qwen3.6:latest
Math-4-0050,Math,4,50,LVR,arithmetic,org.apache.commons.math3.geometry.euclidean.twod.SubLine,169,1,0.85,0.85,1613,qwen3.6:latest
Math-4-0051,Math,4,51,ROR,relational,org.apache.commons.math3.geometry.euclidean.twod.SubLine,169,1,0.75,0.75,1544,qwen3.6:latest
Math-4-0052,Math,4,52,ROR,relational,org.apache.commons.math3.geometry.euclidean.twod.SubLine,169,0,0.85,0.85,1548,qwen3.6:latest
Math-4-0053,Math,4,53,ROR,relational,org.apache.commons.math3.geometry.euclidean.twod.SubLine,169,1,0.85,0.85,1522,qwen3.6:latest
Math-4-0054,Math,4,54,ROR,relational,org.apache.commons.math3.geometry.euclidean.twod.SubLine,183,1,0.85,0.85,1569,qwen3.6:latest
Math-4-0055,Math,4,55,ORU,return_value,org.apache.commons.math3.geometry.euclidean.twod.SubLine,186,0,0.85,0.85,1528,qwen3.6:latest
Math-4-0056,Math,4,56,LVR,arithmetic,org.apache.commons.math3.geometry.euclidean.twod.SubLine,186,0,0.85,0.85,1542,qwen3.6:latest
Math-4-0057,Math,4,57,LVR,arithmetic,org.apache.commons.math3.geometry.euclidean.twod.SubLine,186,0,0.15,0.15,1549,qwen3.6:latest
Math-4-0058,Math,4,58,ROR,relational,org.apache.commons.math3.geometry.euclidean.twod.SubLine,186,1,0.85,0.85,1552,qwen3.6:latest
Math-4-0059,Math,4,59,ROR,relational,org.apache.commons.math3.geometry.euclidean.twod.SubLine,186,0,0.85,0.85,1569,qwen3.6:latest
Math-4-0060,Math,4,60,ROR,relational,org.apache.commons.math3.geometry.euclidean.twod.SubLine,186,1,0.85,0.85,1533,qwen3.6:latest
Math-4-0061,Math,4,61,AOR,arithmetic,org.apache.commons.math3.geometry.euclidean.twod.SubLine,192,1,0.85,0.85,1662,qwen3.6:latest
Math-4-0062,Math,4,62,AOR,arithmetic,org.apache.commons.math3.geometry.euclidean.twod.SubLine,192,1,0.85,0.85,1681,qwen3.6:latest
Math-4-0063,Math,4,63,AOR,arithmetic,org.apache.commons.math3.geometry.euclidean.twod.SubLine,192,1,0.85,0.85,1700,qwen3.6:latest
Math-4-0064,Math,4,64,AOR,arithmetic,org.apache.commons.math3.geometry.euclidean.twod.SubLine,192,1,0.85,0.85,1686,qwen3.6:latest
Math-4-0065,Math,4,65,LVR,arithmetic,org.apache.commons.math3.geometry.euclidean.twod.SubLine,192,1,0.85,0.85,1660,qwen3.6:latest
Math-4-0066,Math,4,66,LVR,arithmetic,org.apache.commons.math3.geometry.euclidean.twod.SubLine,192,1,0.85,0.85,1665,qwen3.6:latest
Math-4-0067,Math,4,67,ROR,relational,org.apache.commons.math3.geometry.euclidean.twod.SubLine,192,1,0.85,0.85,1679,qwen3.6:latest
Math-4-0068,Math,4,68,ROR,relational,org.apache.commons.math3.geometry.euclidean.twod.SubLine,192,0,0.85,0.85,1675,qwen3.6:latest
Math-4-0069,Math,4,69,ROR,relational,org.apache.commons.math3.geometry.euclidean.twod.SubLine,192,1,0.85,0.85,1690,qwen3.6:latest
Math-4-0070,Math,4,70,LVR,arithmetic,org.apache.commons.math3.geometry.euclidean.twod.SubLine,197,1,0.85,0.85,1725,qwen3.6:latest
Math-4-0071,Math,4,71,COR,logical,org.apache.commons.math3.geometry.euclidean.twod.SubLine,198,0,0.85,0.85,1765,qwen3.6:latest
Math-4-0072,Math,4,72,COR,logical,org.apache.commons.math3.geometry.euclidean.twod.SubLine,198,1,0.85,0.85,1744,qwen3.6:latest
Math-4-0073,Math,4,73,COR,logical,org.apache.commons.math3.geometry.euclidean.twod.SubLine,202,0,0.75,0.75,1692,qwen3.6:latest
Math-4-0074,Math,4,74,COR,logical,org.apache.commons.math3.geometry.euclidean.twod.SubLine,202,1,0.85,0.85,1725,qwen3.6:latest
Math-46-0001,Math,46,1,LVR,arithmetic,org.apache.commons.math.complex.Complex,58,1,0.15,0.15,1563,qwen3.6:latest
Math-46-0002,Math,46,2,LVR,arithmetic,org.apache.commons.math.complex.Complex,58,1,0.15,0.15,1567,qwen3.6:latest
Math-46-0003,Math,46,3,LVR,arithmetic,org.apache.commons.math.complex.Complex,58,1,0.15,0.15,1558,qwen3.6:latest
Math-46-0004,Math,46,4,LVR,arithmetic,org.apache.commons.math.complex.Complex,58,1,0.15,0.15,1584,qwen3.6:latest
Math-46-0005,Math,46,5,LVR,arithmetic,org.apache.commons.math.complex.Complex,66,1,0.1,0.1,1565,qwen3.6:latest
Math-46-0006,Math,46,6,LVR,arithmetic,org.apache.commons.math.complex.Complex,66,1,0.1,0.1,1574,qwen3.6:latest
Math-46-0007,Math,46,7,LVR,arithmetic,org.apache.commons.math.complex.Complex,66,1,0.1,0.1,1598,qwen3.6:latest
Math-46-0008,Math,46,8,LVR,arithmetic,org.apache.commons.math.complex.Complex,66,1,0.1,0.1,1579,qwen3.6:latest
Math-46-0009,Math,46,9,LVR,arithmetic,org.apache.commons.math.complex.Complex,68,1,0.1,0.1,1566,qwen3.6:latest
Math-46-0010,Math,46,10,LVR,arithmetic,org.apache.commons.math.complex.Complex,68,1,0.1,0.1,1556,qwen3.6:latest
Math-46-0011,Math,46,11,LVR,arithmetic,org.apache.commons.math.complex.Complex,68,1,0.1,0.1,1548,qwen3.6:latest
Math-46-0012,Math,46,12,LVR,arithmetic,org.apache.commons.math.complex.Complex,68,1,0.1,0.1,1560,qwen3.6:latest
Math-46-0013,Math,46,13,LVR,arithmetic,org.apache.commons.math.complex.Complex,90,1,0.85,0.85,1490,qwen3.6:latest
Math-46-0014,Math,46,14,LVR,arithmetic,org.apache.commons.math.complex.Complex,90,1,0.85,0.85,1512,qwen3.6:latest
Math-46-0015,Math,46,15,COR,logical,org.apache.commons.math.complex.Complex,103,1,0.95,0.95,1445,qwen3.6:latest
Math-46-0016,Math,46,16,COR,logical,org.apache.commons.math.complex.Complex,103,1,0.95,0.95,1474,qwen3.6:latest
Math-46-0017,Math,46,17,COR,logical,org.apache.commons.math.complex.Complex,103,1,0.85,0.85,1462,qwen3.6:latest
Math-46-0018,Math,46,18,COR,logical,org.apache.commons.math.complex.Complex,103,1,0.95,0.95,1441,qwen3.6:latest
Math-46-0019,Math,46,19,COR,logical,org.apache.commons.math.complex.Complex,105,1,0.75,0.75,1469,qwen3.6:latest
Math-46-0020,Math,46,20,COR,logical,org.apache.commons.math.complex.Complex,105,1,0.75,0.75,1506,qwen3.6:latest
Math-46-0021,Math,46,21,COR,logical,org.apache.commons.math.complex.Complex,105,0,0.75,0.75,1475,qwen3.6:latest
Math-46-0022,Math,46,22,COR,logical,org.apache.commons.math.complex.Complex,105,1,0.75,0.75,1487,qwen3.6:latest
Math-46-0023,Math,46,23,COR,logical,org.apache.commons.math.complex.Complex,104,0,0.85,0.85,1446,qwen3.6:latest
Math-46-0024,Math,46,24,COR,logical,org.apache.commons.math.complex.Complex,104,1,0.85,0.85,1467,qwen3.6:latest
Math-46-0025,Math,46,25,COR,logical,org.apache.commons.math.complex.Complex,104,1,0.85,0.85,1438,qwen3.6:latest
Math-46-0026,Math,46,26,COR,logical,org.apache.commons.math.complex.Complex,105,0,0.75,0.75,1456,qwen3.6:latest
Math-46-0027,Math,46,27,LVR,arithmetic,org.apache.commons.math.complex.Complex,106,1,0.15,0.15,1506,qwen3.6:latest
Math-46-0028,Math,46,28,LVR,arithmetic,org.apache.commons.math.complex.Complex,106,0,0.15,0.15,1467,qwen3.6:latest
Math-46-0029,Math,46,29,ROR,relational,org.apache.commons.math.complex.Complex,106,1,0.85,0.85,1509,qwen3.6:latest
Math-46-0030,Math,46,30,ROR,relational,org.apache.commons.math.complex.Complex,106,1,0.85,0.85,1524,qwen3.6:latest
Math-46-0031,Math,46,31,ROR,relational,org.apache.commons.math.complex.Complex,106,0,0.85,0.85,1500,qwen3.6:latest
Math-46-0032,Math,46,32,LVR,arithmetic,org.apache.commons.math.complex.Complex,106,0,0.15,0.15,1454,qwen3.6:latest
Math-46-0033,Math,46,33,LVR,arithmetic,org.apache.commons.math.complex.Complex,106,0,0.15,0.15,1444,qwen3.6:latest
Math-46-0034,Math,46,34,ROR,relational,org.apache.commons.math.complex.Complex,106,0,0.85,0.85,1533,qwen3.6:latest
Math-46-0035,Math,46,35,ROR,relational,org.apache.commons.math.complex.Complex,106,1,0.85,0.85,1541,qwen3.6:latest
Math-46-0036,Math,46,36,ROR,relational,org.apache.commons.math.complex.Complex,106,0,0.85,0.85,1522,qwen3.6:latest
Math-46-0037,Math,46,37,COR,logical,org.apache.commons.math.complex.Complex,106,1,0.75,0.75,1519,qwen3.6:latest
Math-46-0038,Math,46,38,COR,logical,org.apache.commons.math.complex.Complex,106,0,0.85,0.85,1518,qwen3.6:latest
Math-46-0039,Math,46,39,COR,logical,org.apache.commons.math.complex.Complex,106,1,0.75,0.75,1506,qwen3.6:latest
Math-46-0040,Math,46,40,COR,logical,org.apache.commons.math.complex.Complex,106,1,0.75,0.75,1545,qwen3.6:latest
Math-46-0041,Math,46,41,COR,logical,org.apache.commons.math.complex.Complex,118,0,0.85,0.85,1447,qwen3.6:latest
Math-46-0042,Math,46,42,COR,logical,org.apache.commons.math.complex.Complex,118,1,0.85,0.85,1449,qwen3.6:latest
Math-46-0043,Math,46,43,COR,logical,org.apache.commons.math.complex.Complex,121,1,0.85,0.85,1431,qwen3.6:latest
Math-46-0044,Math,46,44,COR,logical,org.apache.commons.math.complex.Complex,121,1,0.85,0.85,1458,qwen3.6:latest
Math-46-0045,Math,46,45,ROR,relational,org.apache.commons.math.complex.Complex,124,0,0.85,0.85,1468,qwen3.6:latest
Math-46-0046,Math,46,46,ROR,relational,org.apache.commons.math.complex.Complex,124,0,0.85,0.85,1502,qwen3.6:latest
Math-46-0047,Math,46,47,ROR,relational,org.apache.commons.math.complex.Complex,124,0,0.85,0.85,1512,qwen3.6:latest
Math-46-0048,Math,46,48,LVR,arithmetic,org.apache.commons.math.complex.Complex,125,1,0.85,0.85,1493,qwen3.6:latest
Math-46-0049,Math,46,49,LVR,arithmetic,org.apache.commons.math.complex.Complex,125,0,0.85,0.85,1461,qwen3.6:latest
Math-46-0050,Math,46,50,ROR,relational,org.apache.commons.math.complex.Complex,125,1,0.85,0.85,1493,qwen3.6:latest
Math-46-0051,Math,46,51,ROR,relational,org.apache.commons.math.complex.Complex,125,1,0.85,0.85,1482,qwen3.6:latest
Math-46-0052,Math,46,52,ROR,relational,org.apache.commons.math.complex.Complex,125,0,0.85,0.85,1467,qwen3.6:latest
Math-46-0053,Math,46,53,AOR,arithmetic,org.apache.commons.math.complex.Complex,128,1,0.85,0.85,1465,qwen3.6:latest
Math-46-0054,Math,46,54,AOR,arithmetic,org.apache.commons.math.complex.Complex,128,1,0.85,0.85,1544,qwen3.6:latest
Math-46-0055,Math,46,55,AOR,arithmetic,org.apache.commons.math.complex.Complex,128,1,0.85,0.85,1479,qwen3.6:latest
Math-46-0056,Math,46,56,AOR,arithmetic,org.apache.commons.math.complex.Complex,128,1,0.85,0.85,1510,qwen3.6:latest
Math-46-0057,Math,46,57,LVR,arithmetic,org.apache.commons.math.complex.Complex,129,1,0.85,0.85,1567,qwen3.6:latest
Math-46-0058,Math,46,58,LVR,arithmetic,org.apache.commons.math.complex.Complex,129,1,0.75,0.75,1520,qwen3.6:latest
Math-46-0059,Math,46,59,AOR,arithmetic,org.apache.commons.math.complex.Complex,129,1,0.85,0.85,1542,qwen3.6:latest
Math-46-0060,Math,46,60,AOR,arithmetic,org.apache.commons.math.complex.Complex,129,1,0.85,0.85,1544,qwen3.6:latest
Math-46-0061,Math,46,61,AOR,arithmetic,org.apache.commons.math.complex.Complex,129,1,0.85,0.85,1569,qwen3.6:latest
Math-46-0062,Math,46,62,AOR,arithmetic,org.apache.commons.math.complex.Complex,129,1,0.85,0.85,1550,qwen3.6:latest
Math-46-0063,Math,46,63,AOR,arithmetic,org.apache.commons.math.complex.Complex,129,1,0.85,0.85,1549,qwen3.6:latest
Math-46-0064,Math,46,64,AOR,arithmetic,org.apache.commons.math.complex.Complex,129,1,0.85,0.85,1553,qwen3.6:latest
Math-46-0065,Math,46,65,AOR,arithmetic,org.apache.commons.math.complex.Complex,129,1,0.85,0.85,1547,qwen3.6:latest
Math-46-0066,Math,46,66,AOR,arithmetic,org.apache.commons.math.complex.Complex,129,1,0.85,0.85,1548,qwen3.6:latest
Math-46-0067,Math,46,67,AOR,arithmetic,org.apache.commons.math.complex.Complex,129,1,0.85,0.85,1538,qwen3.6:latest
Math-46-0068,Math,46,68,AOR,arithmetic,org.apache.commons.math.complex.Complex,129,1,0.85,0.85,1556,qwen3.6:latest
Math-46-0069,Math,46,69,AOR,arithmetic,org.apache.commons.math.complex.Complex,129,1,0.85,0.85,1547,qwen3.6:latest
Math-46-0070,Math,46,70,AOR,arithmetic,org.apache.commons.math.complex.Complex,129,1,0.85,0.85,1536,qwen3.6:latest
Math-46-0071,Math,46,71,LVR,arithmetic,org.apache.commons.math.complex.Complex,131,1,0.85,0.85,1459,qwen3.6:latest
Math-46-0072,Math,46,72,LVR,arithmetic,org.apache.commons.math.complex.Complex,131,1,0.85,0.85,1468,qwen3.6:latest
Math-46-0073,Math,46,73,ROR,relational,org.apache.commons.math.complex.Complex,131,1,0.85,0.85,1472,qwen3.6:latest
Math-46-0074,Math,46,74,ROR,relational,org.apache.commons.math.complex.Complex,131,1,0.85,0.85,1460,qwen3.6:latest
Math-46-0075,Math,46,75,ROR,relational,org.apache.commons.math.complex.Complex,131,1,0.85,0.85,1461,qwen3.6:latest
Math-46-0076,Math,46,76,AOR,arithmetic,org.apache.commons.math.complex.Complex,134,1,0.85,0.85,1438,qwen3.6:latest
Math-46-0077,Math,46,77,AOR,arithmetic,org.apache.commons.math.complex.Complex,134,1,0.85,0.85,1450,qwen3.6:latest
Math-46-0078,Math,46,78,AOR,arithmetic,org.apache.commons.math.complex.Complex,134,1,0.85,0.85,1437,qwen3.6:latest
Math-46-0079,Math,46,79,AOR,arithmetic,org.apache.commons.math.complex.Complex,134,1,0.85,0.85,1448,qwen3.6:latest
Math-46-0080,Math,46,80,LVR,arithmetic,org.apache.commons.math.complex.Complex,135,1,0.85,0.85,1436,qwen3.6:latest
Math-46-0081,Math,46,81,LVR,arithmetic,org.apache.commons.math.complex.Complex,135,1,0.85,0.85,1431,qwen3.6:latest
Math-46-0082,Math,46,82,AOR,arithmetic,org.apache.commons.math.complex.Complex,135,1,0.85,0.85,1417,qwen3.6:latest
Math-46-0083,Math,46,83,AOR,arithmetic,org.apache.commons.math.complex.Complex,135,1,0.85,0.85,1441,qwen3.6:latest
Math-46-0084,Math,46,84,AOR,arithmetic,org.apache.commons.math.complex.Complex,135,1,0.85,0.85,1445,qwen3.6:latest
Math-46-0085,Math,46,85,AOR,arithmetic,org.apache.commons.math.complex.Complex,135,1,0.85,0.85,1437,qwen3.6:latest
Math-46-0086,Math,46,86,AOR,arithmetic,org.apache.commons.math.complex.Complex,135,1,0.85,0.85,1439,qwen3.6:latest
Math-46-0087,Math,46,87,AOR,arithmetic,org.apache.commons.math.complex.Complex,135,1,0.85,0.85,1441,qwen3.6:latest
Math-46-0088,Math,46,88,AOR,arithmetic,org.apache.commons.math.complex.Complex,135,1,0.85,0.85,1458,qwen3.6:latest
Math-46-0089,Math,46,89,AOR,arithmetic,org.apache.commons.math.complex.Complex,135,1,0.85,0.85,1471,qwen3.6:latest
Math-46-0090,Math,46,90,AOR,arithmetic,org.apache.commons.math.complex.Complex,135,1,0.85,0.85,1479,qwen3.6:latest
Math-46-0091,Math,46,91,AOR,arithmetic,org.apache.commons.math.complex.Complex,135,1,0.85,0.85,1467,qwen3.6:latest
Math-46-0092,Math,46,92,AOR,arithmetic,org.apache.commons.math.complex.Complex,135,1,0.85,0.85,1452,qwen3.6:latest
Math-46-0093,Math,46,93,AOR,arithmetic,org.apache.commons.math.complex.Complex,135,1,0.85,0.85,1441,qwen3.6:latest
Math-46-0094,Math,46,94,STD,statement_deletion,org.apache.commons.math.complex.Complex,159,0,0.15,0.15,1527,qwen3.6:latest
Math-46-0095,Math,46,95,COR,logical,org.apache.commons.math.complex.Complex,160,0,0.95,0.95,1463,qwen3.6:latest
Math-46-0096,Math,46,96,COR,logical,org.apache.commons.math.complex.Complex,160,1,0.95,0.95,1446,qwen3.6:latest
Math-46-0097,Math,46,97,COR,logical,org.apache.commons.math.complex.Complex,160,0,0.95,0.95,1471,qwen3.6:latest
Math-46-0098,Math,46,98,COR,logical,org.apache.commons.math.complex.Complex,160,1,0.95,0.95,1449,qwen3.6:latest
Math-46-0099,Math,46,99,AOR,arithmetic,org.apache.commons.math.complex.Complex,164,1,0.95,0.95,1458,qwen3.6:latest
Math-46-0100,Math,46,100,AOR,arithmetic,org.apache.commons.math.complex.Complex,164,1,0.85,0.85,1441,qwen3.6:latest
Math-46-0101,Math,46,101,AOR,arithmetic,org.apache.commons.math.complex.Complex,164,1,0.95,0.95,1506,qwen3.6:latest
Math-46-0102,Math,46,102,AOR,arithmetic,org.apache.commons.math.complex.Complex,164,1,0.85,0.85,1452,qwen3.6:latest
Math-46-0103,Math,46,103,AOR,arithmetic,org.apache.commons.math.complex.Complex,165,1,0.95,0.95,1446,qwen3.6:latest
Math-46-0104,Math,46,104,AOR,arithmetic,org.apache.commons.math.complex.Complex,165,1,0.95,0.95,1448,qwen3.6:latest
Math-46-0105,Math,46,105,AOR,arithmetic,org.apache.commons.math.complex.Complex,165,1,0.95,0.95,1445,qwen3.6:latest
Math-46-0106,Math,46,106,AOR,arithmetic,org.apache.commons.math.complex.Complex,165,1,0.95,0.95,1462,qwen3.6:latest
Math-46-0107,Math,46,107,COR,logical,org.apache.commons.math.complex.Complex,177,0,0.15,0.15,1486,qwen3.6:latest
Math-46-0108,Math,46,108,COR,logical,org.apache.commons.math.complex.Complex,177,0,0.95,0.95,1496,qwen3.6:latest
Math-46-0109,Math,46,109,COR,logical,org.apache.commons.math.complex.Complex,177,0,0.15,0.15,1460,qwen3.6:latest
Math-46-0110,Math,46,110,COR,logical,org.apache.commons.math.complex.Complex,177,1,0.95,0.95,1486,qwen3.6:latest
Math-46-0111,Math,46,111,AOR,arithmetic,org.apache.commons.math.complex.Complex,181,1,0.85,0.85,1508,qwen3.6:latest
Math-46-0112,Math,46,112,AOR,arithmetic,org.apache.commons.math.complex.Complex,181,1,0.85,0.85,1456,qwen3.6:latest
Math-46-0113,Math,46,113,AOR,arithmetic,org.apache.commons.math.complex.Complex,181,1,0.85,0.85,1526,qwen3.6:latest
Math-46-0114,Math,46,114,AOR,arithmetic,org.apache.commons.math.complex.Complex,181,1,0.85,0.85,1470,qwen3.6:latest
Math-46-0115,Math,46,115,COR,logical,org.apache.commons.math.complex.Complex,199,0,0.85,0.85,1463,qwen3.6:latest
Math-46-0116,Math,46,116,COR,logical,org.apache.commons.math.complex.Complex,199,1,0.85,0.85,1457,qwen3.6:latest
Math-46-0117,Math,46,117,ORU,return_value,org.apache.commons.math.complex.Complex,203,1,0.85,0.85,1464,qwen3.6:latest
Math-46-0118,Math,46,118,STD,statement_deletion,org.apache.commons.math.complex.Complex,253,0,0.1,0.1,1470,qwen3.6:latest
Math-46-0119,Math,46,119,COR,logical,org.apache.commons.math.complex.Complex,254,0,0.85,0.85,1484,qwen3.6:latest
Math-46-0120,Math,46,120,COR,logical,org.apache.commons.math.complex.Complex,254,0,0.85,0.85,1462,qwen3.6:latest
Math-46-0121,Math,46,121,COR,logical,org.apache.commons.math.complex.Complex,254,0,0.85,0.85,1516,qwen3.6:latest
Math-46-0122,Math,46,122,COR,logical,org.apache.commons.math.complex.Complex,254,1,0.85,0.85,1453,qwen3.6:latest
Math-46-0123,Math,46,123,COR,logical,org.apache.commons.math.complex.Complex,258,0,0.85,0.85,1445,qwen3.6:latest
Math-46-0124,Math,46,124,COR,logical,org.apache.commons.math.complex.Complex,258,1,0.85,0.85,1497,qwen3.6:latest
Math-46-0125,Math,46,125,COR,logical,org.apache.commons.math.complex.Complex,263,1,0.15,0.15,1487,qwen3.6:latest
Math-46-0126,Math,46,126,COR,logical,org.apache.commons.math.complex.Complex,263,1,0.15,0.15,1442,qwen3.6:latest
Math-46-0127,Math,46,127,COR,logical,org.apache.commons.math.complex.Complex,263,1,0.15,0.15,1497,qwen3.6:latest
Math-46-0128,Math,46,128,COR,logical,org.apache.commons.math.complex.Complex,263,1,0.15,0.15,1511,qwen3.6:latest
Math-46-0129,Math,46,129,ROR,relational,org.apache.commons.math.complex.Complex,270,1,0.75,0.75,1469,qwen3.6:latest
Math-46-0130,Math,46,130,ROR,relational,org.apache.commons.math.complex.Complex,270,0,0.75,0.75,1488,qwen3.6:latest
Math-46-0131,Math,46,131,ROR,relational,org.apache.commons.math.complex.Complex,270,1,0.85,0.85,1491,qwen3.6:latest
Math-46-0132,Math,46,132,AOR,arithmetic,org.apache.commons.math.complex.Complex,271,1,0.85,0.85,1494,qwen3.6:latest
Math-46-0133,Math,46,133,AOR,arithmetic,org.apache.commons.math.complex.Complex,271,1,0.85,0.85,1492,qwen3.6:latest
Math-46-0134,Math,46,134,AOR,arithmetic,org.apache.commons.math.complex.Complex,271,1,0.85,0.85,1497,qwen3.6:latest
Math-46-0135,Math,46,135,AOR,arithmetic,org.apache.commons.math.complex.Complex,271,1,0.85,0.85,1536,qwen3.6:latest
Math-46-0136,Math,46,136,AOR,arithmetic,org.apache.commons.math.complex.Complex,272,1,0.85,0.85,1493,qwen3.6:latest
Math-46-0137,Math,46,137,AOR,arithmetic,org.apache.commons.math.complex.Complex,272,1,0.85,0.85,1490,qwen3.6:latest
Math-46-0138,Math,46,138,AOR,arithmetic,org.apache.commons.math.complex.Complex,272,0,0.85,0.85,1501,qwen3.6:latest
Math-46-0139,Math,46,139,AOR,arithmetic,org.apache.commons.math.complex.Complex,272,1,0.85,0.85,1527,qwen3.6:latest
Math-46-0140,Math,46,140,AOR,arithmetic,org.apache.commons.math.complex.Complex,272,1,0.85,0.85,1461,qwen3.6:latest
Math-46-0141,Math,46,141,AOR,arithmetic,org.apache.commons.math.complex.Complex,272,1,0.85,0.85,1481,qwen3.6:latest
Math-46-0142,Math,46,142,AOR,arithmetic,org.apache.commons.math.complex.Complex,272,1,0.85,0.85,1477,qwen3.6:latest
Math-46-0143,Math,46,143,AOR,arithmetic,org.apache.commons.math.complex.Complex,272,1,0.85,0.85,1469,qwen3.6:latest
Math-46-0144,Math,46,144,AOR,arithmetic,org.apache.commons.math.complex.Complex,273,1,0.85,0.85,1547,qwen3.6:latest
Math-46-0145,Math,46,145,AOR,arithmetic,org.apache.commons.math.complex.Complex,273,1,0.85,0.85,1565,qwen3.6:latest
Math-46-0146,Math,46,146,AOR,arithmetic,org.apache.commons.math.complex.Complex,273,1,0.85,0.85,1533,qwen3.6:latest
Math-46-0147,Math,46,147,AOR,arithmetic,org.apache.commons.math.complex.Complex,273,1,0.85,0.85,1521,qwen3.6:latest
Math-46-0148,Math,46,148,AOR,arithmetic,org.apache.commons.math.complex.Complex,273,1,0.85,0.85,1564,qwen3.6:latest
Math-46-0149,Math,46,149,AOR,arithmetic,org.apache.commons.math.complex.Complex,273,1,0.85,0.85,1552,qwen3.6:latest
Math-46-0150,Math,46,150,AOR,arithmetic,org.apache.commons.math.complex.Complex,273,1,0.85,0.85,1577,qwen3.6:latest
Math-46-0151,Math,46,151,AOR,arithmetic,org.apache.commons.math.complex.Complex,273,1,0.85,0.85,1554,qwen3.6:latest
Math-46-0152,Math,46,152,AOR,arithmetic,org.apache.commons.math.complex.Complex,273,1,0.85,0.85,1543,qwen3.6:latest
Math-46-0153,Math,46,153,AOR,arithmetic,org.apache.commons.math.complex.Complex,273,1,0.85,0.85,1533,qwen3.6:latest
Math-46-0154,Math,46,154,AOR,arithmetic,org.apache.commons.math.complex.Complex,273,1,0.85,0.85,1540,qwen3.6:latest
Math-46-0155,Math,46,155,AOR,arithmetic,org.apache.commons.math.complex.Complex,273,1,0.85,0.85,1575,qwen3.6:latest
Math-46-0156,Math,46,156,AOR,arithmetic,org.apache.commons.math.complex.Complex,274,1,0.85,0.85,1527,qwen3.6:latest
Math-46-0157,Math,46,157,AOR,arithmetic,org.apache.commons.math.complex.Complex,274,1,0.85,0.85,1535,qwen3.6:latest
Math-46-0158,Math,46,158,AOR,arithmetic,org.apache.commons.math.complex.Complex,274,1,0.85,0.85,1507,qwen3.6:latest
Math-46-0159,Math,46,159,AOR,arithmetic,org.apache.commons.math.complex.Complex,274,1,0.85,0.85,1541,qwen3.6:latest
Math-46-0160,Math,46,160,AOR,arithmetic,org.apache.commons.math.complex.Complex,274,1,0.85,0.85,1535,qwen3.6:latest
Math-46-0161,Math,46,161,AOR,arithmetic,org.apache.commons.math.complex.Complex,274,1,0.85,0.85,1585,qwen3.6:latest
Math-46-0162,Math,46,162,AOR,arithmetic,org.apache.commons.math.complex.Complex,274,1,0.85,0.85,1538,qwen3.6:latest
Math-46-0163,Math,46,163,AOR,arithmetic,org.apache.commons.math.complex.Complex,274,1,0.85,0.85,1544,qwen3.6:latest
Math-46-0164,Math,46,164,AOR,arithmetic,org.apache.commons.math.complex.Complex,274,1,0.85,0.85,1557,qwen3.6:latest
Math-46-0165,Math,46,165,AOR,arithmetic,org.apache.commons.math.complex.Complex,274,1,0.85,0.85,1531,qwen3.6:latest
Math-46-0166,Math,46,166,AOR,arithmetic,org.apache.commons.math.complex.Complex,274,1,0.85,0.85,1554,qwen3.6:latest
Math-46-0167,Math,46,167,AOR,arithmetic,org.apache.commons.math.complex.Complex,274,1,0.85,0.85,1534,qwen3.6:latest
Math-46-0168,Math,46,168,AOR,arithmetic,org.apache.commons.math.complex.Complex,276,1,0.85,0.85,1474,qwen3.6:latest
Math-46-0169,Math,46,169,AOR,arithmetic,org.apache.commons.math.complex.Complex,276,1,0.85,0.85,1453,qwen3.6:latest
Math-46-0170,Math,46,170,AOR,arithmetic,org.apache.commons.math.complex.Complex,276,1,0.85,0.85,1489,qwen3.6:latest
Math-46-0171,Math,46,171,AOR,arithmetic,org.apache.commons.math.complex.Complex,276,1,0.85,0.85,1475,qwen3.6:latest
Math-46-0172,Math,46,172,AOR,arithmetic,org.apache.commons.math.complex.Complex,277,1,0.85,0.85,1465,qwen3.6:latest
Math-46-0173,Math,46,173,AOR,arithmetic,org.apache.commons.math.complex.Complex,277,1,0.85,0.85,1459,qwen3.6:latest
Math-46-0174,Math,46,174,AOR,arithmetic,org.apache.commons.math.complex.Complex,277,1,0.85,0.85,1583,qwen3.6:latest
Math-46-0175,Math,46,175,AOR,arithmetic,org.apache.commons.math.complex.Complex,277,1,0.85,0.85,1492,qwen3.6:latest
Math-46-0176,Math,46,176,AOR,arithmetic,org.apache.commons.math.complex.Complex,277,1,0.85,0.85,1478,qwen3.6:latest
Math-46-0177,Math,46,177,AOR,arithmetic,org.apache.commons.math.complex.Complex,277,1,0.85,0.85,1487,qwen3.6:latest
Math-46-0178,Math,46,178,AOR,arithmetic,org.apache.commons.math.complex.Complex,277,1,0.85,0.85,1468,qwen3.6:latest
Math-46-0179,Math,46,179,AOR,arithmetic,org.apache.commons.math.complex.Complex,277,1,0.85,0.85,1461,qwen3.6:latest
Math-46-0180,Math,46,180,AOR,arithmetic,org.apache.commons.math.complex.Complex,278,1,0.85,0.85,1484,qwen3.6:latest
Math-46-0181,Math,46,181,AOR,arithmetic,org.apache.commons.math.complex.Complex,278,1,0.85,0.85,1509,qwen3.6:latest
Math-46-0182,Math,46,182,AOR,arithmetic,org.apache.commons.math.complex.Complex,278,1,0.85,0.85,1486,qwen3.6:latest
Math-46-0183,Math,46,183,AOR,arithmetic,org.apache.commons.math.complex.Complex,278,1,0.85,0.85,1495,qwen3.6:latest
Math-46-0184,Math,46,184,AOR,arithmetic,org.apache.commons.math.complex.Complex,278,1,0.85,0.85,1492,qwen3.6:latest
Math-46-0185,Math,46,185,AOR,arithmetic,org.apache.commons.math.complex.Complex,278,1,0.85,0.85,1489,qwen3.6:latest
Math-46-0186,Math,46,186,AOR,arithmetic,org.apache.commons.math.complex.Complex,278,1,0.85,0.85,1485,qwen3.6:latest
Math-46-0187,Math,46,187,AOR,arithmetic,org.apache.commons.math.complex.Complex,278,1,0.85,0.85,1476,qwen3.6:latest
Math-46-0188,Math,46,188,AOR,arithmetic,org.apache.commons.math.complex.Complex,278,1,0.85,0.85,1474,qwen3.6:latest
Math-46-0189,Math,46,189,AOR,arithmetic,org.apache.commons.math.complex.Complex,278,1,0.85,0.85,1499,qwen3.6:latest
Math-46-0190,Math,46,190,AOR,arithmetic,org.apache.commons.math.complex.Complex,278,1,0.85,0.85,1506,qwen3.6:latest
Math-46-0191,Math,46,191,AOR,arithmetic,org.apache.commons.math.complex.Complex,278,1,0.85,0.85,1492,qwen3.6:latest
Math-46-0192,Math,46,192,AOR,arithmetic,org.apache.commons.math.complex.Complex,279,1,0.85,0.85,1503,qwen3.6:latest
Math-46-0193,Math,46,193,AOR,arithmetic,org.apache.commons.math.complex.Complex,279,1,0.85,0.85,1477,qwen3.6:latest
Math-46-0194,Math,46,194,AOR,arithmetic,org.apache.commons.math.complex.Complex,279,1,0.85,0.85,1497,qwen3.6:latest
Math-46-0195,Math,46,195,AOR,arithmetic,org.apache.commons.math.complex.Complex,279,1,0.85,0.85,1483,qwen3.6:latest
Math-46-0196,Math,46,196,AOR,arithmetic,org.apache.commons.math.complex.Complex,279,1,0.85,0.85,1484,qwen3.6:latest
Math-46-0197,Math,46,197,AOR,arithmetic,org.apache.commons.math.complex.Complex,279,1,0.85,0.85,1478,qwen3.6:latest
Math-46-0198,Math,46,198,AOR,arithmetic,org.apache.commons.math.complex.Complex,279,1,0.85,0.85,1488,qwen3.6:latest
Math-46-0199,Math,46,199,AOR,arithmetic,org.apache.commons.math.complex.Complex,279,1,0.85,0.85,1509,qwen3.6:latest
Math-46-0200,Math,46,200,AOR,arithmetic,org.apache.commons.math.complex.Complex,279,1,0.85,0.85,1493,qwen3.6:latest
Math-46-0201,Math,46,201,AOR,arithmetic,org.apache.commons.math.complex.Complex,279,1,0.85,0.85,1530,qwen3.6:latest
Math-46-0202,Math,46,202,AOR,arithmetic,org.apache.commons.math.complex.Complex,279,1,0.85,0.85,1465,qwen3.6:latest
Math-46-0203,Math,46,203,AOR,arithmetic,org.apache.commons.math.complex.Complex,279,1,0.85,0.85,1482,qwen3.6:latest
Math-46-0204,Math,46,204,COR,logical,org.apache.commons.math.complex.Complex,292,0,0.85,0.85,1461,qwen3.6:latest
Math-46-0205,Math,46,205,COR,logical,org.apache.commons.math.complex.Complex,292,0,0.85,0.85,1467,qwen3.6:latest
Math-46-0206,Math,46,206,COR,logical,org.apache.commons.math.complex.Complex,292,0,0.85,0.85,1474,qwen3.6:latest
Math-46-0207,Math,46,207,COR,logical,org.apache.commons.math.complex.Complex,292,1,0.15,0.15,1437,qwen3.6:latest
Math-46-0208,Math,46,208,LVR,arithmetic,org.apache.commons.math.complex.Complex,295,1,0.15,0.15,1496,qwen3.6:latest
Math-46-0209,Math,46,209,LVR,arithmetic,org.apache.commons.math.complex.Complex,295,1,0.85,0.85,1442,qwen3.6:latest
Math-46-0210,Math,46,210,ROR,relational,org.apache.commons.math.complex.Complex,295,1,0.85,0.85,1457,qwen3.6:latest
Math-46-0211,Math,46,211,ROR,relational,org.apache.commons.math.complex.Complex,295,1,0.85,0.85,1455,qwen3.6:latest
Math-46-0212,Math,46,212,ROR,relational,org.apache.commons.math.complex.Complex,295,1,0.9,0.9,1418,qwen3.6:latest
Math-46-0213,Math,46,213,COR,logical,org.apache.commons.math.complex.Complex,299,1,0.85,0.85,1445,qwen3.6:latest
Math-46-0214,Math,46,214,COR,logical,org.apache.commons.math.complex.Complex,299,1,0.15,0.15,1466,qwen3.6:latest
Math-46-0215,Math,46,215,AOR,arithmetic,org.apache.commons.math.complex.Complex,302,1,0.85,0.85,1462,qwen3.6:latest
Math-46-0216,Math,46,216,AOR,arithmetic,org.apache.commons.math.complex.Complex,302,1,0.85,0.85,1477,qwen3.6:latest
Math-46-0217,Math,46,217,AOR,arithmetic,org.apache.commons.math.complex.Complex,302,1,0.85,0.85,1469,qwen3.6:latest
Math-46-0218,Math,46,218,AOR,arithmetic,org.apache.commons.math.complex.Complex,302,1,0.85,0.85,1446,qwen3.6:latest
Math-46-0219,Math,46,219,AOR,arithmetic,org.apache.commons.math.complex.Complex,303,1,0.85,0.85,1435,qwen3.6:latest
Math-46-0220,Math,46,220,AOR,arithmetic,org.apache.commons.math.complex.Complex,303,1,0.85,0.85,1442,qwen3.6:latest
Math-46-0221,Math,46,221,AOR,arithmetic,org.apache.commons.math.complex.Complex,303,1,0.85,0.85,1440,qwen3.6:latest
Math-46-0222,Math,46,222,AOR,arithmetic,org.apache.commons.math.complex.Complex,303,0,0.85,0.85,1436,qwen3.6:latest
Math-46-0223,Math,46,223,LVR,arithmetic,org.apache.commons.math.complex.Complex,324,1,0.85,0.85,1448,qwen3.6:latest
Math-46-0224,Math,46,224,COR,logical,org.apache.commons.math.complex.Complex,328,1,0.85,0.85,1454,qwen3.6:latest
Math-46-0225,Math,46,225,COR,logical,org.apache.commons.math.complex.Complex,328,1,0.95,0.95,1453,qwen3.6:latest
Math-46-0226,Math,46,226,ROR,relational,org.apache.commons.math.complex.Complex,331,1,0.85,0.85,1426,qwen3.6:latest
Math-46-0227,Math,46,227,ROR,relational,org.apache.commons.math.complex.Complex,331,0,0.85,0.85,1449,qwen3.6:latest
Math-46-0228,Math,46,228,ROR,relational,org.apache.commons.math.complex.Complex,331,1,0.85,0.85,1455,qwen3.6:latest
Math-46-0229,Math,46,229,ROR,relational,org.apache.commons.math.complex.Complex,331,1,0.85,0.85,1426,qwen3.6:latest
Math-46-0230,Math,46,230,ROR,relational,org.apache.commons.math.complex.Complex,331,0,0.85,0.85,1438,qwen3.6:latest
Math-46-0231,Math,46,231,ROR,relational,org.apache.commons.math.complex.Complex,331,1,0.85,0.85,1431,qwen3.6:latest
Math-46-0232,Math,46,232,COR,logical,org.apache.commons.math.complex.Complex,331,0,0.95,0.95,1452,qwen3.6:latest
Math-46-0233,Math,46,233,COR,logical,org.apache.commons.math.complex.Complex,331,1,0.95,0.95,1415,qwen3.6:latest
Math-46-0234,Math,46,234,COR,logical,org.apache.commons.math.complex.Complex,331,1,0.95,0.95,1450,qwen3.6:latest
Math-46-0235,Math,46,235,COR,logical,org.apache.commons.math.complex.Complex,331,1,0.85,0.85,1470,qwen3.6:latest
Math-46-0236,Math,46,236,LVR,arithmetic,org.apache.commons.math.complex.Complex,334,1,0.85,0.85,1491,qwen3.6:latest
Math-46-0237,Math,46,237,COR,logical,org.apache.commons.math.complex.Complex,346,1,0.85,0.85,1446,qwen3.6:latest
Math-46-0238,Math,46,238,COR,logical,org.apache.commons.math.complex.Complex,346,1,0.85,0.85,1471,qwen3.6:latest
Math-46-0239,Math,46,239,LVR,arithmetic,org.apache.commons.math.complex.Complex,347,0,0.85,0.85,1441,qwen3.6:latest
Math-46-0240,Math,46,240,LVR,arithmetic,org.apache.commons.math.complex.Complex,347,0,0.85,0.85,1445,qwen3.6:latest
Math-46-0241,Math,46,241,LVR,arithmetic,org.apache.commons.math.complex.Complex,349,1,0.85,0.85,1452,qwen3.6:latest
Math-46-0242,Math,46,242,LVR,arithmetic,org.apache.commons.math.complex.Complex,349,0,0.85,0.85,1497,qwen3.6:latest
Math-46-0243,Math,46,243,LVR,arithmetic,org.apache.commons.math.complex.Complex,349,1,0.85,0.85,1453,qwen3.6:latest
Math-46-0244,Math,46,244,LVR,arithmetic,org.apache.commons.math.complex.Complex,349,0,0.85,0.85,1459,qwen3.6:latest
Math-46-0245,Math,46,245,AOR,arithmetic,org.apache.commons.math.complex.Complex,349,1,0.85,0.85,1475,qwen3.6:latest
Math-46-0246,Math,46,246,AOR,arithmetic,org.apache.commons.math.complex.Complex,349,0,0.85,0.85,1505,qwen3.6:latest
Math-46-0247,Math,46,247,AOR,arithmetic,org.apache.commons.math.complex.Complex,349,0,0.85,0.85,1468,qwen3.6:latest
Math-46-0248,Math,46,248,AOR,arithmetic,org.apache.commons.math.complex.Complex,349,1,0.95,0.95,1448,qwen3.6:latest
Math-46-0249,Math,46,249,AOR,arithmetic,org.apache.commons.math.complex.Complex,349,1,0.95,0.95,1516,qwen3.6:latest
Math-46-0250,Math,46,250,AOR,arithmetic,org.apache.commons.math.complex.Complex,349,1,0.85,0.85,1486,qwen3.6:latest
Math-46-0251,Math,46,251,AOR,arithmetic,org.apache.commons.math.complex.Complex,349,0,0.85,0.85,1462,qwen3.6:latest
Math-46-0252,Math,46,252,AOR,arithmetic,org.apache.commons.math.complex.Complex,349,1,0.95,0.95,1462,qwen3.6:latest
Math-46-0253,Math,46,253,AOR,arithmetic,org.apache.commons.math.complex.Complex,349,1,0.85,0.85,1435,qwen3.6:latest
Math-46-0254,Math,46,254,AOR,arithmetic,org.apache.commons.math.complex.Complex,349,0,0.85,0.85,1464,qwen3.6:latest
Math-46-0255,Math,46,255,AOR,arithmetic,org.apache.commons.math.complex.Complex,349,0,0.85,0.85,1469,qwen3.6:latest
Math-46-0256,Math,46,256,AOR,arithmetic,org.apache.commons.math.complex.Complex,349,1,0.95,0.95,1501,qwen3.6:latest
Math-46-0257,Math,46,257,STD,statement_deletion,org.apache.commons.math.complex.Complex,421,0,0.15,0.15,1498,qwen3.6:latest
Math-46-0258,Math,46,258,COR,logical,org.apache.commons.math.complex.Complex,422,0,0.85,0.85,1506,qwen3.6:latest
Math-46-0259,Math,46,259,COR,logical,org.apache.commons.math.complex.Complex,422,1,0.85,0.85,1508,qwen3.6:latest
Math-46-0260,Math,46,260,COR,logical,org.apache.commons.math.complex.Complex,422,1,0.85,0.85,1505,qwen3.6:latest
Math-46-0261,Math,46,261,COR,logical,org.apache.commons.math.complex.Complex,422,1,0.85,0.85,1454,qwen3.6:latest
Math-46-0262,Math,46,262,COR,logical,org.apache.commons.math.complex.Complex,425,0,0.85,0.85,1468,qwen3.6:latest
Math-46-0263,Math,46,263,COR,logical,org.apache.commons.math.complex.Complex,425,0,0.85,0.85,1486,qwen3.6:latest
Math-46-0264,Math,46,264,COR,logical,org.apache.commons.math.complex.Complex,426,0,0.85,0.85,1507,qwen3.6:latest
Math-46-0265,Math,46,265,COR,logical,org.apache.commons.math.complex.Complex,425,1,0.75,0.75,1469,qwen3.6:latest
Math-46-0266,Math,46,266,COR,logical,org.apache.commons.math.complex.Complex,425,0,0.85,0.85,1468,qwen3.6:latest
Math-46-0267,Math,46,267,COR,logical,org.apache.commons.math.complex.Complex,425,1,0.85,0.85,1445,qwen3.6:latest
Math-46-0268,Math,46,268,COR,logical,org.apache.commons.math.complex.Complex,427,0,0.85,0.85,1464,qwen3.6:latest
Math-46-0269,Math,46,269,COR,logical,org.apache.commons.math.complex.Complex,426,1,0.85,0.85,1478,qwen3.6:latest
Math-46-0270,Math,46,270,COR,logical,org.apache.commons.math.complex.Complex,425,1,0.85,0.85,1436,qwen3.6:latest
Math-46-0271,Math,46,271,COR,logical,org.apache.commons.math.complex.Complex,425,0,0.85,0.85,1452,qwen3.6:latest
Math-46-0272,Math,46,272,COR,logical,org.apache.commons.math.complex.Complex,428,1,0.85,0.85,1452,qwen3.6:latest
Math-46-0273,Math,46,273,COR,logical,org.apache.commons.math.complex.Complex,427,1,0.85,0.85,1468,qwen3.6:latest
Math-46-0274,Math,46,274,AOR,arithmetic,org.apache.commons.math.complex.Complex,432,1,0.85,0.85,1475,qwen3.6:latest
Math-46-0275,Math,46,275,AOR,arithmetic,org.apache.commons.math.complex.Complex,432,1,0.85,0.85,1473,qwen3.6:latest
Math-46-0276,Math,46,276,AOR,arithmetic,org.apache.commons.math.complex.Complex,432,1,0.85,0.85,1505,qwen3.6:latest
Math-46-0277,Math,46,277,AOR,arithmetic,org.apache.commons.math.complex.Complex,432,1,0.85,0.85,1449,qwen3.6:latest
Math-46-0278,Math,46,278,AOR,arithmetic,org.apache.commons.math.complex.Complex,432,1,0.85,0.85,1444,qwen3.6:latest
Math-46-0279,Math,46,279,AOR,arithmetic,org.apache.commons.math.complex.Complex,432,1,0.85,0.85,1456,qwen3.6:latest
Math-46-0280,Math,46,280,AOR,arithmetic,org.apache.commons.math.complex.Complex,432,1,0.85,0.85,1434,qwen3.6:latest
Math-46-0281,Math,46,281,AOR,arithmetic,org.apache.commons.math.complex.Complex,432,1,0.85,0.85,1447,qwen3.6:latest
Math-46-0282,Math,46,282,AOR,arithmetic,org.apache.commons.math.complex.Complex,432,1,0.85,0.85,1459,qwen3.6:latest
Math-46-0283,Math,46,283,AOR,arithmetic,org.apache.commons.math.complex.Complex,432,1,0.85,0.85,1512,qwen3.6:latest
Math-46-0284,Math,46,284,AOR,arithmetic,org.apache.commons.math.complex.Complex,432,1,0.85,0.85,1491,qwen3.6:latest
Math-46-0285,Math,46,285,AOR,arithmetic,org.apache.commons.math.complex.Complex,432,1,0.85,0.85,1470,qwen3.6:latest
Math-46-0286,Math,46,286,AOR,arithmetic,org.apache.commons.math.complex.Complex,433,1,0.85,0.85,1477,qwen3.6:latest
Math-46-0287,Math,46,287,AOR,arithmetic,org.apache.commons.math.complex.Complex,433,1,0.85,0.85,1480,qwen3.6:latest
Math-46-0288,Math,46,288,AOR,arithmetic,org.apache.commons.math.complex.Complex,433,1,0.85,0.85,1468,qwen3.6:latest
Math-46-0289,Math,46,289,AOR,arithmetic,org.apache.commons.math.complex.Complex,433,1,0.85,0.85,1517,qwen3.6:latest
Math-46-0290,Math,46,290,AOR,arithmetic,org.apache.commons.math.complex.Complex,433,1,0.85,0.85,1485,qwen3.6:latest
Math-46-0291,Math,46,291,AOR,arithmetic,org.apache.commons.math.complex.Complex,433,1,0.85,0.85,1458,qwen3.6:latest
Math-46-0292,Math,46,292,AOR,arithmetic,org.apache.commons.math.complex.Complex,433,1,0.85,0.85,1480,qwen3.6:latest
Math-46-0293,Math,46,293,AOR,arithmetic,org.apache.commons.math.complex.Complex,433,1,0.85,0.85,1455,qwen3.6:latest
Math-46-0294,Math,46,294,AOR,arithmetic,org.apache.commons.math.complex.Complex,433,1,0.85,0.85,1450,qwen3.6:latest
Math-46-0295,Math,46,295,AOR,arithmetic,org.apache.commons.math.complex.Complex,433,1,0.95,0.95,1468,qwen3.6:latest
Math-46-0296,Math,46,296,AOR,arithmetic,org.apache.commons.math.complex.Complex,433,1,0.85,0.85,1468,qwen3.6:latest
Math-46-0297,Math,46,297,AOR,arithmetic,org.apache.commons.math.complex.Complex,433,1,0.85,0.85,1472,qwen3.6:latest
Math-46-0298,Math,46,298,COR,logical,org.apache.commons.math.complex.Complex,445,0,0.85,0.85,1482,qwen3.6:latest
Math-46-0299,Math,46,299,COR,logical,org.apache.commons.math.complex.Complex,445,0,0.85,0.85,1476,qwen3.6:latest
Math-46-0300,Math,46,300,COR,logical,org.apache.commons.math.complex.Complex,445,0,0.15,0.15,1466,qwen3.6:latest
Math-46-0301,Math,46,301,COR,logical,org.apache.commons.math.complex.Complex,445,1,0.85,0.85,1481,qwen3.6:latest
Math-46-0302,Math,46,302,COR,logical,org.apache.commons.math.complex.Complex,448,0,0.85,0.85,1470,qwen3.6:latest
Math-46-0303,Math,46,303,COR,logical,org.apache.commons.math.complex.Complex,448,0,0.85,0.85,1486,qwen3.6:latest
Math-46-0304,Math,46,304,COR,logical,org.apache.commons.math.complex.Complex,449,1,0.85,0.85,1464,qwen3.6:latest
Math-46-0305,Math,46,305,COR,logical,org.apache.commons.math.complex.Complex,448,1,0.85,0.85,1492,qwen3.6:latest
Math-46-0306,Math,46,306,COR,logical,org.apache.commons.math.complex.Complex,448,0,0.85,0.85,1480,qwen3.6:latest
Math-46-0307,Math,46,307,COR,logical,org.apache.commons.math.complex.Complex,448,1,0.85,0.85,1461,qwen3.6:latest
Math-46-0308,Math,46,308,COR,logical,org.apache.commons.math.complex.Complex,450,1,0.85,0.85,1465,qwen3.6:latest
Math-46-0309,Math,46,309,COR,logical,org.apache.commons.math.complex.Complex,449,1,0.85,0.85,1458,qwen3.6:latest
Math-46-0310,Math,46,310,AOR,arithmetic,org.apache.commons.math.complex.Complex,454,1,0.85,0.85,1486,qwen3.6:latest
Math-46-0311,Math,46,311,AOR,arithmetic,org.apache.commons.math.complex.Complex,454,1,0.85,0.85,1469,qwen3.6:latest
Math-46-0312,Math,46,312,AOR,arithmetic,org.apache.commons.math.complex.Complex,454,1,0.85,0.85,1436,qwen3.6:latest
Math-46-0313,Math,46,313,AOR,arithmetic,org.apache.commons.math.complex.Complex,454,1,0.85,0.85,1449,qwen3.6:latest
Math-46-0314,Math,46,314,AOR,arithmetic,org.apache.commons.math.complex.Complex,454,1,0.85,0.85,1452,qwen3.6:latest
Math-46-0315,Math,46,315,AOR,arithmetic,org.apache.commons.math.complex.Complex,454,1,0.85,0.85,1450,qwen3.6:latest
Math-46-0316,Math,46,316,AOR,arithmetic,org.apache.commons.math.complex.Complex,454,1,0.85,0.85,1437,qwen3.6:latest
Math-46-0317,Math,46,317,AOR,arithmetic,org.apache.commons.math.complex.Complex,454,1,0.85,0.85,1506,qwen3.6:latest
Math-46-0318,Math,46,318,COR,logical,org.apache.commons.math.complex.Complex,465,0,0.85,0.85,1408,qwen3.6:latest
Math-46-0319,Math,46,319,COR,logical,org.apache.commons.math.complex.Complex,465,1,0.85,0.85,1438,qwen3.6:latest
Math-46-0320,Math,46,320,ORU,return_value,org.apache.commons.math.complex.Complex,469,1,0.85,0.85,1448,qwen3.6:latest
Math-46-0321,Math,46,321,ORU,return_value,org.apache.commons.math.complex.Complex,469,1,0.85,0.85,1418,qwen3.6:latest
Math-46-0322,Math,46,322,STD,statement_deletion,org.apache.commons.math.complex.Complex,492,0,0.95,0.95,1526,qwen3.6:latest
Math-46-0323,Math,46,323,COR,logical,org.apache.commons.math.complex.Complex,493,0,0.85,0.85,1473,qwen3.6:latest
Math-46-0324,Math,46,324,COR,logical,org.apache.commons.math.complex.Complex,493,1,0.85,0.85,1522,qwen3.6:latest
Math-46-0325,Math,46,325,COR,logical,org.apache.commons.math.complex.Complex,493,0,0.85,0.85,1496,qwen3.6:latest
Math-46-0326,Math,46,326,COR,logical,org.apache.commons.math.complex.Complex,493,1,0.85,0.85,1481,qwen3.6:latest
Math-46-0327,Math,46,327,AOR,arithmetic,org.apache.commons.math.complex.Complex,497,1,0.85,0.85,1443,qwen3.6:latest
Math-46-0328,Math,46,328,AOR,arithmetic,org.apache.commons.math.complex.Complex,497,1,0.85,0.85,1494,qwen3.6:latest
Math-46-0329,Math,46,329,AOR,arithmetic,org.apache.commons.math.complex.Complex,497,1,0.85,0.85,1471,qwen3.6:latest
Math-46-0330,Math,46,330,AOR,arithmetic,org.apache.commons.math.complex.Complex,497,1,0.85,0.85,1462,qwen3.6:latest
Math-46-0331,Math,46,331,AOR,arithmetic,org.apache.commons.math.complex.Complex,498,1,0.85,0.85,1472,qwen3.6:latest
Math-46-0332,Math,46,332,AOR,arithmetic,org.apache.commons.math.complex.Complex,498,1,0.85,0.85,1458,qwen3.6:latest
Math-46-0333,Math,46,333,AOR,arithmetic,org.apache.commons.math.complex.Complex,498,1,0.85,0.85,1457,qwen3.6:latest
Math-46-0334,Math,46,334,AOR,arithmetic,org.apache.commons.math.complex.Complex,498,1,0.85,0.85,1486,qwen3.6:latest
Math-46-0335,Math,46,335,COR,logical,org.apache.commons.math.complex.Complex,510,0,0.85,0.85,1479,qwen3.6:latest
Math-46-0336,Math,46,336,COR,logical,org.apache.commons.math.complex.Complex,510,0,0.85,0.85,1485,qwen3.6:latest
Math-46-0337,Math,46,337,COR,logical,org.apache.commons.math.complex.Complex,510,0,0.85,0.85,1490,qwen3.6:latest
Math-46-0338,Math,46,338,COR,logical,org.apache.commons.math.complex.Complex,510,1,0.85,0.85,1470,qwen3.6:latest
Math-46-0339,Math,46,339,AOR,arithmetic,org.apache.commons.math.complex.Complex,513,1,0.85,0.85,1480,qwen3.6:latest
Math-46-0340,Math,46,340,AOR,arithmetic,org.apache.commons.math.complex.Complex,513,1,0.85,0.85,1480,qwen3.6:latest
Math-46-0341,Math,46,341,AOR,arithmetic,org.apache.commons.math.complex.Complex,513,1,0.85,0.85,1445,qwen3.6:latest
Math-46-0342,Math,46,342,AOR,arithmetic,org.apache.commons.math.complex.Complex,513,1,0.85,0.85,1478,qwen3.6:latest
Math-46-0343,Math,46,343,COR,logical,org.apache.commons.math.complex.Complex,533,0,0.85,0.85,1465,qwen3.6:latest
Math-46-0344,Math,46,344,COR,logical,org.apache.commons.math.complex.Complex,533,1,0.75,0.75,1484,qwen3.6:latest
Math-46-0345,Math,46,345,COR,logical,org.apache.commons.math.complex.Complex,558,0,0.85,0.85,1444,qwen3.6:latest
Math-46-0346,Math,46,346,COR,logical,org.apache.commons.math.complex.Complex,558,1,0.85,0.85,1447,qwen3.6:latest
Math-46-0347,Math,46,347,COR,logical,org.apache.commons.math.complex.Complex,583,0,0.85,0.85,1445,qwen3.6:latest
Math-46-0348,Math,46,348,COR,logical,org.apache.commons.math.complex.Complex,583,1,0.85,0.85,1440,qwen3.6:latest
Math-46-0349,Math,46,349,LVR,arithmetic,org.apache.commons.math.complex.Complex,588,1,0.75,0.75,1466,qwen3.6:latest
Math-46-0350,Math,46,350,LVR,arithmetic,org.apache.commons.math.complex.Complex,588,1,0.15,0.15,1440,qwen3.6:latest
Math-46-0351,Math,46,351,LVR,arithmetic,org.apache.commons.math.complex.Complex,588,1,0.15,0.15,1465,qwen3.6:latest
Math-46-0352,Math,46,352,LVR,arithmetic,org.apache.commons.math.complex.Complex,588,1,0.15,0.15,1434,qwen3.6:latest
Math-46-0353,Math,46,353,COR,logical,org.apache.commons.math.complex.Complex,624,0,0.85,0.85,1446,qwen3.6:latest
Math-46-0354,Math,46,354,COR,logical,org.apache.commons.math.complex.Complex,624,1,0.85,0.85,1435,qwen3.6:latest
Math-46-0355,Math,46,355,AOR,arithmetic,org.apache.commons.math.complex.Complex,628,1,0.75,0.75,1453,qwen3.6:latest
Math-46-0356,Math,46,356,AOR,arithmetic,org.apache.commons.math.complex.Complex,628,1,0.75,0.75,1492,qwen3.6:latest
Math-46-0357,Math,46,357,AOR,arithmetic,org.apache.commons.math.complex.Complex,628,1,0.75,0.75,1467,qwen3.6:latest
Math-46-0358,Math,46,358,AOR,arithmetic,org.apache.commons.math.complex.Complex,628,1,0.75,0.75,1507,qwen3.6:latest
Math-46-0359,Math,46,359,ORU,return_value,org.apache.commons.math.complex.Complex,629,1,0.85,0.85,1472,qwen3.6:latest
Math-46-0360,Math,46,360,AOR,arithmetic,org.apache.commons.math.complex.Complex,629,1,0.85,0.85,1479,qwen3.6:latest
Math-46-0361,Math,46,361,AOR,arithmetic,org.apache.commons.math.complex.Complex,629,1,0.85,0.85,1469,qwen3.6:latest
Math-46-0362,Math,46,362,AOR,arithmetic,org.apache.commons.math.complex.Complex,629,1,0.85,0.85,1465,qwen3.6:latest
Math-46-0363,Math,46,363,AOR,arithmetic,org.apache.commons.math.complex.Complex,629,1,0.85,0.85,1505,qwen3.6:latest
Math-46-0364,Math,46,364,COR,logical,org.apache.commons.math.complex.Complex,664,0,0.85,0.85,1507,qwen3.6:latest
Math-46-0365,Math,46,365,COR,logical,org.apache.commons.math.complex.Complex,664,1,0.85,0.85,1484,qwen3.6:latest
Math-46-0366,Math,46,366,AOR,arithmetic,org.apache.commons.math.complex.Complex,668,1,0.75,0.75,1478,qwen3.6:latest
Math-46-0367,Math,46,367,AOR,arithmetic,org.apache.commons.math.complex.Complex,668,1,0.75,0.75,1489,qwen3.6:latest
Math-46-0368,Math,46,368,AOR,arithmetic,org.apache.commons.math.complex.Complex,668,1,0.85,0.85,1486,qwen3.6:latest
Math-46-0369,Math,46,369,AOR,arithmetic,org.apache.commons.math.complex.Complex,668,1,0.75,0.75,1461,qwen3.6:latest
Math-46-0370,Math,46,370,AOR,arithmetic,org.apache.commons.math.complex.Complex,669,1,0.85,0.85,1525,qwen3.6:latest
Math-46-0371,Math,46,371,AOR,arithmetic,org.apache.commons.math.complex.Complex,669,1,0.85,0.85,1487,qwen3.6:latest
Math-46-0372,Math,46,372,AOR,arithmetic,org.apache.commons.math.complex.Complex,669,1,0.85,0.85,1477,qwen3.6:latest
Math-46-0373,Math,46,373,AOR,arithmetic,org.apache.commons.math.complex.Complex,669,1,0.85,0.85,1461,qwen3.6:latest
Math-46-0374,Math,46,374,COR,logical,org.apache.commons.math.complex.Complex,705,0,0.85,0.85,1477,qwen3.6:latest
Math-46-0375,Math,46,375,COR,logical,org.apache.commons.math.complex.Complex,705,1,0.85,0.85,1453,qwen3.6:latest
Math-46-0376,Math,46,376,AOR,arithmetic,org.apache.commons.math.complex.Complex,710,1,0.75,0.75,1468,qwen3.6:latest
Math-46-0377,Math,46,377,AOR,arithmetic,org.apache.commons.math.complex.Complex,710,1,0.85,0.85,1481,qwen3.6:latest
Math-46-0378,Math,46,378,AOR,arithmetic,org.apache.commons.math.complex.Complex,710,1,0.75,0.75,1594,qwen3.6:latest
Math-46-0379,Math,46,379,AOR,arithmetic,org.apache.commons.math.complex.Complex,710,1,0.75,0.75,1464,qwen3.6:latest
Math-46-0380,Math,46,380,AOR,arithmetic,org.apache.commons.math.complex.Complex,711,1,0.85,0.85,1468,qwen3.6:latest
Math-46-0381,Math,46,381,AOR,arithmetic,org.apache.commons.math.complex.Complex,711,1,0.85,0.85,1483,qwen3.6:latest
Math-46-0382,Math,46,382,AOR,arithmetic,org.apache.commons.math.complex.Complex,711,1,0.85,0.85,1486,qwen3.6:latest
Math-46-0383,Math,46,383,AOR,arithmetic,org.apache.commons.math.complex.Complex,711,1,0.85,0.85,1459,qwen3.6:latest
Math-46-0384,Math,46,384,COR,logical,org.apache.commons.math.complex.Complex,750,0,0.85,0.85,1461,qwen3.6:latest
Math-46-0385,Math,46,385,COR,logical,org.apache.commons.math.complex.Complex,750,1,0.85,0.85,1496,qwen3.6:latest
Math-46-0386,Math,46,386,STD,statement_deletion,org.apache.commons.math.complex.Complex,780,0,0.15,0.15,1465,qwen3.6:latest
Math-46-0387,Math,46,387,COR,logical,org.apache.commons.math.complex.Complex,828,0,0.85,0.85,1455,qwen3.6:latest
Math-46-0388,Math,46,388,COR,logical,org.apache.commons.math.complex.Complex,828,1,0.85,0.85,1470,qwen3.6:latest
Math-46-0389,Math,46,389,AOR,arithmetic,org.apache.commons.math.complex.Complex,832,1,0.75,0.75,1459,qwen3.6:latest
Math-46-0390,Math,46,390,AOR,arithmetic,org.apache.commons.math.complex.Complex,832,1,0.85,0.85,1444,qwen3.6:latest
Math-46-0391,Math,46,391,AOR,arithmetic,org.apache.commons.math.complex.Complex,832,1,0.85,0.85,1498,qwen3.6:latest
Math-46-0392,Math,46,392,AOR,arithmetic,org.apache.commons.math.complex.Complex,832,1,0.85,0.85,1495,qwen3.6:latest
Math-46-0393,Math,46,393,AOR,arithmetic,org.apache.commons.math.complex.Complex,833,1,0.85,0.85,1462,qwen3.6:latest
Math-46-0394,Math,46,394,AOR,arithmetic,org.apache.commons.math.complex.Complex,833,1,0.85,0.85,1476,qwen3.6:latest
Math-46-0395,Math,46,395,AOR,arithmetic,org.apache.commons.math.complex.Complex,833,1,0.85,0.85,1466,qwen3.6:latest
Math-46-0396,Math,46,396,AOR,arithmetic,org.apache.commons.math.complex.Complex,833,1,0.85,0.85,1487,qwen3.6:latest
Math-46-0397,Math,46,397,COR,logical,org.apache.commons.math.complex.Complex,868,0,0.85,0.85,1436,qwen3.6:latest
Math-46-0398,Math,46,398,COR,logical,org.apache.commons.math.complex.Complex,868,1,0.85,0.85,1425,qwen3.6:latest
Math-46-0399,Math,46,399,AOR,arithmetic,org.apache.commons.math.complex.Complex,872,1,0.75,0.75,1439,qwen3.6:latest
Math-46-0400,Math,46,400,AOR,arithmetic,org.apache.commons.math.complex.Complex,872,1,0.85,0.85,1432,qwen3.6:latest
Math-46-0401,Math,46,401,AOR,arithmetic,org.apache.commons.math.complex.Complex,872,1,0.85,0.85,1434,qwen3.6:latest
Math-46-0402,Math,46,402,AOR,arithmetic,org.apache.commons.math.complex.Complex,872,1,0.75,0.75,1442,qwen3.6:latest
Math-46-0403,Math,46,403,AOR,arithmetic,org.apache.commons.math.complex.Complex,873,1,0.85,0.85,1481,qwen3.6:latest
Math-46-0404,Math,46,404,AOR,arithmetic,org.apache.commons.math.complex.Complex,873,1,0.85,0.85,1438,qwen3.6:latest
Math-46-0405,Math,46,405,AOR,arithmetic,org.apache.commons.math.complex.Complex,873,1,0.85,0.85,1491,qwen3.6:latest
Math-46-0406,Math,46,406,AOR,arithmetic,org.apache.commons.math.complex.Complex,873,1,0.85,0.85,1471,qwen3.6:latest
Math-46-0407,Math,46,407,COR,logical,org.apache.commons.math.complex.Complex,911,0,0.85,0.85,1433,qwen3.6:latest
Math-46-0408,Math,46,408,COR,logical,org.apache.commons.math.complex.Complex,911,1,0.85,0.85,1445,qwen3.6:latest
Math-46-0409,Math,46,409,LVR,arithmetic,org.apache.commons.math.complex.Complex,915,1,0.85,0.85,1450,qwen3.6:latest
Math-46-0410,Math,46,410,LVR,arithmetic,org.apache.commons.math.complex.Complex,915,0,0.85,0.85,1466,qwen3.6:latest
Math-46-0411,Math,46,411,ROR,relational,org.apache.commons.math.complex.Complex,915,1,0.75,0.75,1477,qwen3.6:latest
Math-46-0412,Math,46,412,ROR,relational,org.apache.commons.math.complex.Complex,915,1,0.85,0.85,1493,qwen3.6:latest
Math-46-0413,Math,46,413,ROR,relational,org.apache.commons.math.complex.Complex,915,0,0.85,0.85,1479,qwen3.6:latest
Math-46-0414,Math,46,414,LVR,arithmetic,org.apache.commons.math.complex.Complex,915,0,0.85,0.85,1468,qwen3.6:latest
Math-46-0415,Math,46,415,LVR,arithmetic,org.apache.commons.math.complex.Complex,915,0,0.85,0.85,1474,qwen3.6:latest
Math-46-0416,Math,46,416,ROR,relational,org.apache.commons.math.complex.Complex,915,0,0.75,0.75,1487,qwen3.6:latest
Math-46-0417,Math,46,417,ROR,relational,org.apache.commons.math.complex.Complex,915,1,0.85,0.85,1473,qwen3.6:latest
Math-46-0418,Math,46,418,ROR,relational,org.apache.commons.math.complex.Complex,915,0,0.85,0.85,1465,qwen3.6:latest
Math-46-0419,Math,46,419,COR,logical,org.apache.commons.math.complex.Complex,915,1,0.85,0.85,1546,qwen3.6:latest
Math-46-0420,Math,46,420,COR,logical,org.apache.commons.math.complex.Complex,915,0,0.85,0.85,1460,qwen3.6:latest
Math-46-0421,Math,46,421,COR,logical,org.apache.commons.math.complex.Complex,915,1,0.75,0.75,1463,qwen3.6:latest
Math-46-0422,Math,46,422,COR,logical,org.apache.commons.math.complex.Complex,915,1,0.85,0.85,1492,qwen3.6:latest
Math-46-0423,Math,46,423,LVR,arithmetic,org.apache.commons.math.complex.Complex,916,0,0.85,0.85,1479,qwen3.6:latest
Math-46-0424,Math,46,424,LVR,arithmetic,org.apache.commons.math.complex.Complex,916,0,0.75,0.75,1487,qwen3.6:latest
Math-46-0425,Math,46,425,LVR,arithmetic,org.apache.commons.math.complex.Complex,916,0,0.85,0.85,1478,qwen3.6:latest
Math-46-0426,Math,46,426,LVR,arithmetic,org.apache.commons.math.complex.Complex,916,0,0.75,0.75,1466,qwen3.6:latest
Math-46-0427,Math,46,427,AOR,arithmetic,org.apache.commons.math.complex.Complex,919,1,0.85,0.85,1538,qwen3.6:latest
Math-46-0428,Math,46,428,AOR,arithmetic,org.apache.commons.math.complex.Complex,919,1,0.85,0.85,1529,qwen3.6:latest
Math-46-0429,Math,46,429,AOR,arithmetic,org.apache.commons.math.complex.Complex,919,1,0.85,0.85,1560,qwen3.6:latest
Math-46-0430,Math,46,430,AOR,arithmetic,org.apache.commons.math.complex.Complex,919,1,0.85,0.85,1540,qwen3.6:latest
Math-46-0431,Math,46,431,LVR,arithmetic,org.apache.commons.math.complex.Complex,919,1,0.75,0.75,1548,qwen3.6:latest
Math-46-0432,Math,46,432,LVR,arithmetic,org.apache.commons.math.complex.Complex,919,1,0.75,0.75,1504,qwen3.6:latest
Math-46-0433,Math,46,433,AOR,arithmetic,org.apache.commons.math.complex.Complex,919,1,0.85,0.85,1546,qwen3.6:latest
Math-46-0434,Math,46,434,AOR,arithmetic,org.apache.commons.math.complex.Complex,919,1,0.85,0.85,1531,qwen3.6:latest
Math-46-0435,Math,46,435,AOR,arithmetic,org.apache.commons.math.complex.Complex,919,1,0.85,0.85,1531,qwen3.6:latest
Math-46-0436,Math,46,436,AOR,arithmetic,org.apache.commons.math.complex.Complex,919,1,0.85,0.85,1548,qwen3.6:latest
Math-46-0437,Math,46,437,LVR,arithmetic,org.apache.commons.math.complex.Complex,920,1,0.85,0.85,1547,qwen3.6:latest
Math-46-0438,Math,46,438,LVR,arithmetic,org.apache.commons.math.complex.Complex,920,1,0.85,0.85,1556,qwen3.6:latest
Math-46-0439,Math,46,439,ROR,relational,org.apache.commons.math.complex.Complex,920,1,0.85,0.85,1553,qwen3.6:latest
Math-46-0440,Math,46,440,ROR,relational,org.apache.commons.math.complex.Complex,920,0,0.85,0.85,1542,qwen3.6:latest
Math-46-0441,Math,46,441,ROR,relational,org.apache.commons.math.complex.Complex,920,1,0.85,0.85,1549,qwen3.6:latest
Math-46-0442,Math,46,442,LVR,arithmetic,org.apache.commons.math.complex.Complex,921,1,0.75,0.75,1544,qwen3.6:latest
Math-46-0443,Math,46,443,LVR,arithmetic,org.apache.commons.math.complex.Complex,921,1,0.15,0.15,1491,qwen3.6:latest
Math-46-0444,Math,46,444,AOR,arithmetic,org.apache.commons.math.complex.Complex,921,1,0.85,0.85,1534,qwen3.6:latest
Math-46-0445,Math,46,445,AOR,arithmetic,org.apache.commons.math.complex.Complex,921,1,0.85,0.85,1566,qwen3.6:latest
Math-46-0446,Math,46,446,AOR,arithmetic,org.apache.commons.math.complex.Complex,921,1,0.85,0.85,1525,qwen3.6:latest
Math-46-0447,Math,46,447,AOR,arithmetic,org.apache.commons.math.complex.Complex,921,1,0.85,0.85,1531,qwen3.6:latest
Math-46-0448,Math,46,448,AOR,arithmetic,org.apache.commons.math.complex.Complex,921,1,0.85,0.85,1531,qwen3.6:latest
Math-46-0449,Math,46,449,AOR,arithmetic,org.apache.commons.math.complex.Complex,921,1,0.85,0.85,1523,qwen3.6:latest
Math-46-0450,Math,46,450,AOR,arithmetic,org.apache.commons.math.complex.Complex,921,1,0.85,0.85,1514,qwen3.6:latest
Math-46-0451,Math,46,451,AOR,arithmetic,org.apache.commons.math.complex.Complex,921,1,0.85,0.85,1527,qwen3.6:latest
Math-46-0452,Math,46,452,LVR,arithmetic,org.apache.commons.math.complex.Complex,923,1,0.85,0.85,1471,qwen3.6:latest
Math-46-0453,Math,46,453,LVR,arithmetic,org.apache.commons.math.complex.Complex,923,1,0.15,0.15,1461,qwen3.6:latest
Math-46-0454,Math,46,454,AOR,arithmetic,org.apache.commons.math.complex.Complex,923,1,0.85,0.85,1465,qwen3.6:latest
Math-46-0455,Math,46,455,AOR,arithmetic,org.apache.commons.math.complex.Complex,923,1,0.85,0.85,1446,qwen3.6:latest
Math-46-0456,Math,46,456,AOR,arithmetic,org.apache.commons.math.complex.Complex,923,1,0.85,0.85,1414,qwen3.6:latest
Math-46-0457,Math,46,457,AOR,arithmetic,org.apache.commons.math.complex.Complex,923,1,0.85,0.85,1474,qwen3.6:latest
Math-46-0458,Math,46,458,AOR,arithmetic,org.apache.commons.math.complex.Complex,923,1,0.85,0.85,1450,qwen3.6:latest
Math-46-0459,Math,46,459,AOR,arithmetic,org.apache.commons.math.complex.Complex,923,1,0.85,0.85,1453,qwen3.6:latest
Math-46-0460,Math,46,460,AOR,arithmetic,org.apache.commons.math.complex.Complex,923,1,0.85,0.85,1449,qwen3.6:latest
Math-46-0461,Math,46,461,AOR,arithmetic,org.apache.commons.math.complex.Complex,923,1,0.85,0.85,1451,qwen3.6:latest
Math-46-0462,Math,46,462,AOR,arithmetic,org.apache.commons.math.complex.Complex,924,1,0.85,0.85,1465,qwen3.6:latest
Math-46-0463,Math,46,463,AOR,arithmetic,org.apache.commons.math.complex.Complex,924,1,0.85,0.85,1473,qwen3.6:latest
Math-46-0464,Math,46,464,AOR,arithmetic,org.apache.commons.math.complex.Complex,924,1,0.85,0.85,1454,qwen3.6:latest
Math-46-0465,Math,46,465,AOR,arithmetic,org.apache.commons.math.complex.Complex,924,1,0.85,0.85,1450,qwen3.6:latest
Math-46-0466,Math,46,466,LVR,arithmetic,org.apache.commons.math.complex.Complex,946,1,0.75,0.75,1433,qwen3.6:latest
Math-46-0467,Math,46,467,LVR,arithmetic,org.apache.commons.math.complex.Complex,946,1,0.75,0.75,1482,qwen3.6:latest
Math-46-0468,Math,46,468,LVR,arithmetic,org.apache.commons.math.complex.Complex,946,1,0.85,0.85,1475,qwen3.6:latest
Math-46-0469,Math,46,469,LVR,arithmetic,org.apache.commons.math.complex.Complex,946,1,0.85,0.85,1486,qwen3.6:latest
Math-46-0470,Math,46,470,COR,logical,org.apache.commons.math.complex.Complex,982,0,0.75,0.75,1459,qwen3.6:latest
Math-46-0471,Math,46,471,COR,logical,org.apache.commons.math.complex.Complex,982,1,0.75,0.75,1476,qwen3.6:latest
Math-46-0472,Math,46,472,LVR,arithmetic,org.apache.commons.math.complex.Complex,986,1,0.75,0.75,1449,qwen3.6:latest
Math-46-0473,Math,46,473,LVR,arithmetic,org.apache.commons.math.complex.Complex,986,1,0.75,0.75,1439,qwen3.6:latest
Math-46-0474,Math,46,474,AOR,arithmetic,org.apache.commons.math.complex.Complex,986,1,0.75,0.75,1441,qwen3.6:latest
Math-46-0475,Math,46,475,AOR,arithmetic,org.apache.commons.math.complex.Complex,986,1,0.75,0.75,1480,qwen3.6:latest
Math-46-0476,Math,46,476,AOR,arithmetic,org.apache.commons.math.complex.Complex,986,1,0.85,0.85,1462,qwen3.6:latest
Math-46-0477,Math,46,477,AOR,arithmetic,org.apache.commons.math.complex.Complex,986,1,0.75,0.75,1483,qwen3.6:latest
Math-46-0478,Math,46,478,LVR,arithmetic,org.apache.commons.math.complex.Complex,987,1,0.85,0.85,1482,qwen3.6:latest
Math-46-0479,Math,46,479,LVR,arithmetic,org.apache.commons.math.complex.Complex,987,1,0.15,0.15,1478,qwen3.6:latest
Math-46-0480,Math,46,480,AOR,arithmetic,org.apache.commons.math.complex.Complex,987,1,0.85,0.85,1470,qwen3.6:latest
Math-46-0481,Math,46,481,AOR,arithmetic,org.apache.commons.math.complex.Complex,987,1,0.85,0.85,1477,qwen3.6:latest
Math-46-0482,Math,46,482,AOR,arithmetic,org.apache.commons.math.complex.Complex,987,1,0.85,0.85,1454,qwen3.6:latest
Math-46-0483,Math,46,483,AOR,arithmetic,org.apache.commons.math.complex.Complex,987,1,0.85,0.85,1444,qwen3.6:latest
Math-46-0484,Math,46,484,AOR,arithmetic,org.apache.commons.math.complex.Complex,988,1,0.85,0.85,1458,qwen3.6:latest
Math-46-0485,Math,46,485,AOR,arithmetic,org.apache.commons.math.complex.Complex,988,1,0.85,0.85,1443,qwen3.6:latest
Math-46-0486,Math,46,486,AOR,arithmetic,org.apache.commons.math.complex.Complex,988,1,0.85,0.85,1484,qwen3.6:latest
Math-46-0487,Math,46,487,AOR,arithmetic,org.apache.commons.math.complex.Complex,988,1,0.85,0.85,1450,qwen3.6:latest
Math-46-0488,Math,46,488,AOR,arithmetic,org.apache.commons.math.complex.Complex,990,1,0.85,0.85,1508,qwen3.6:latest
Math-46-0489,Math,46,489,AOR,arithmetic,org.apache.commons.math.complex.Complex,990,1,0.85,0.85,1495,qwen3.6:latest
Math-46-0490,Math,46,490,AOR,arithmetic,org.apache.commons.math.complex.Complex,990,1,0.85,0.85,1501,qwen3.6:latest
Math-46-0491,Math,46,491,AOR,arithmetic,org.apache.commons.math.complex.Complex,990,1,0.85,0.85,1496,qwen3.6:latest
Math-46-0492,Math,46,492,AOR,arithmetic,org.apache.commons.math.complex.Complex,991,1,0.85,0.85,1571,qwen3.6:latest
Math-46-0493,Math,46,493,AOR,arithmetic,org.apache.commons.math.complex.Complex,991,1,0.85,0.85,1550,qwen3.6:latest
Math-46-0494,Math,46,494,AOR,arithmetic,org.apache.commons.math.complex.Complex,991,1,0.85,0.85,1578,qwen3.6:latest
Math-46-0495,Math,46,495,AOR,arithmetic,org.apache.commons.math.complex.Complex,991,1,0.85,0.85,1544,qwen3.6:latest
Math-46-0496,Math,46,496,COR,logical,org.apache.commons.math.complex.Complex,1027,0,0.85,0.85,1463,qwen3.6:latest
Math-46-0497,Math,46,497,COR,logical,org.apache.commons.math.complex.Complex,1027,1,0.75,0.75,1483,qwen3.6:latest
Math-46-0498,Math,46,498,LVR,arithmetic,org.apache.commons.math.complex.Complex,1031,1,0.75,0.75,1489,qwen3.6:latest
Math-46-0499,Math,46,499,LVR,arithmetic,org.apache.commons.math.complex.Complex,1031,1,0.15,0.15,1527,qwen3.6:latest
Math-46-0500,Math,46,500,AOR,arithmetic,org.apache.commons.math.complex.Complex,1031,1,0.75,0.75,1455,qwen3.6:latest
Math-46-0501,Math,46,501,AOR,arithmetic,org.apache.commons.math.complex.Complex,1031,1,0.85,0.85,1497,qwen3.6:latest
Math-46-0502,Math,46,502,AOR,arithmetic,org.apache.commons.math.complex.Complex,1031,1,0.75,0.75,1509,qwen3.6:latest
Math-46-0503,Math,46,503,AOR,arithmetic,org.apache.commons.math.complex.Complex,1031,1,0.85,0.85,1455,qwen3.6:latest
Math-46-0504,Math,46,504,LVR,arithmetic,org.apache.commons.math.complex.Complex,1032,1,0.75,0.75,1461,qwen3.6:latest
Math-46-0505,Math,46,505,LVR,arithmetic,org.apache.commons.math.complex.Complex,1032,1,0.15,0.15,1440,qwen3.6:latest
Math-46-0506,Math,46,506,AOR,arithmetic,org.apache.commons.math.complex.Complex,1032,1,0.85,0.85,1516,qwen3.6:latest
Math-46-0507,Math,46,507,AOR,arithmetic,org.apache.commons.math.complex.Complex,1032,1,0.85,0.85,1473,qwen3.6:latest
Math-46-0508,Math,46,508,AOR,arithmetic,org.apache.commons.math.complex.Complex,1032,1,0.75,0.75,1477,qwen3.6:latest
Math-46-0509,Math,46,509,AOR,arithmetic,org.apache.commons.math.complex.Complex,1032,1,0.85,0.85,1473,qwen3.6:latest
Math-46-0510,Math,46,510,AOR,arithmetic,org.apache.commons.math.complex.Complex,1033,1,0.85,0.85,1462,qwen3.6:latest
Math-46-0511,Math,46,511,AOR,arithmetic,org.apache.commons.math.complex.Complex,1033,1,0.85,0.85,1443,qwen3.6:latest
Math-46-0512,Math,46,512,AOR,arithmetic,org.apache.commons.math.complex.Complex,1033,1,0.75,0.75,1489,qwen3.6:latest
Math-46-0513,Math,46,513,AOR,arithmetic,org.apache.commons.math.complex.Complex,1033,1,0.85,0.85,1446,qwen3.6:latest
Math-46-0514,Math,46,514,AOR,arithmetic,org.apache.commons.math.complex.Complex,1035,1,0.85,0.85,1452,qwen3.6:latest
Math-46-0515,Math,46,515,AOR,arithmetic,org.apache.commons.math.complex.Complex,1035,1,0.85,0.85,1436,qwen3.6:latest
Math-46-0516,Math,46,516,AOR,arithmetic,org.apache.commons.math.complex.Complex,1035,1,0.85,0.85,1465,qwen3.6:latest
Math-46-0517,Math,46,517,AOR,arithmetic,org.apache.commons.math.complex.Complex,1035,1,0.85,0.85,1429,qwen3.6:latest
Math-46-0518,Math,46,518,AOR,arithmetic,org.apache.commons.math.complex.Complex,1036,1,0.85,0.85,1442,qwen3.6:latest
Math-46-0519,Math,46,519,AOR,arithmetic,org.apache.commons.math.complex.Complex,1036,1,0.85,0.85,1463,qwen3.6:latest
Math-46-0520,Math,46,520,AOR,arithmetic,org.apache.commons.math.complex.Complex,1036,1,0.85,0.85,1459,qwen3.6:latest
Math-46-0521,Math,46,521,AOR,arithmetic,org.apache.commons.math.complex.Complex,1036,1,0.85,0.85,1448,qwen3.6:latest
Math-46-0522,Math,46,522,LVR,arithmetic,org.apache.commons.math.complex.Complex,1086,0,0.15,0.15,1462,qwen3.6:latest
Math-46-0523,Math,46,523,LVR,arithmetic,org.apache.commons.math.complex.Complex,1086,0,0.15,0.15,1458,qwen3.6:latest
Math-46-0524,Math,46,524,ROR,relational,org.apache.commons.math.complex.Complex,1086,0,0.95,0.95,1444,qwen3.6:latest
Math-46-0525,Math,46,525,ROR,relational,org.apache.commons.math.complex.Complex,1086,0,0.95,0.95,1437,qwen3.6:latest
Math-46-0526,Math,46,526,ROR,relational,org.apache.commons.math.complex.Complex,1086,1,0.95,0.95,1447,qwen3.6:latest
Math-46-0527,Math,46,527,COR,logical,org.apache.commons.math.complex.Complex,1093,1,0.15,0.15,1426,qwen3.6:latest
Math-46-0528,Math,46,528,COR,logical,org.apache.commons.math.complex.Complex,1093,1,0.15,0.15,1432,qwen3.6:latest
Math-46-0529,Math,46,529,STD,statement_deletion,org.apache.commons.math.complex.Complex,1094,1,0.15,0.15,1414,qwen3.6:latest
Math-46-0530,Math,46,530,COR,logical,org.apache.commons.math.complex.Complex,1097,1,0.85,0.85,1463,qwen3.6:latest
Math-46-0531,Math,46,531,COR,logical,org.apache.commons.math.complex.Complex,1097,1,0.95,0.95,1477,qwen3.6:latest
Math-46-0532,Math,46,532,STD,statement_deletion,org.apache.commons.math.complex.Complex,1098,1,0.25,0.25,1436,qwen3.6:latest
Math-46-0533,Math,46,533,LVR,arithmetic,org.apache.commons.math.complex.Complex,1103,1,0.75,0.75,1554,qwen3.6:latest
Math-46-0534,Math,46,534,LVR,arithmetic,org.apache.commons.math.complex.Complex,1103,1,0.75,0.75,1541,qwen3.6:latest
Math-46-0535,Math,46,535,AOR,arithmetic,org.apache.commons.math.complex.Complex,1103,1,0.85,0.85,1545,qwen3.6:latest
Math-46-0536,Math,46,536,AOR,arithmetic,org.apache.commons.math.complex.Complex,1103,1,0.85,0.85,1533,qwen3.6:latest
Math-46-0537,Math,46,537,AOR,arithmetic,org.apache.commons.math.complex.Complex,1103,1,0.85,0.85,1524,qwen3.6:latest
Math-46-0538,Math,46,538,AOR,arithmetic,org.apache.commons.math.complex.Complex,1103,1,0.85,0.85,1530,qwen3.6:latest
Math-46-0539,Math,46,539,AOR,arithmetic,org.apache.commons.math.complex.Complex,1106,1,0.75,0.75,1584,qwen3.6:latest
Math-46-0540,Math,46,540,AOR,arithmetic,org.apache.commons.math.complex.Complex,1106,1,0.75,0.75,1664,qwen3.6:latest
Math-46-0541,Math,46,541,AOR,arithmetic,org.apache.commons.math.complex.Complex,1106,1,0.75,0.75,1579,qwen3.6:latest
Math-46-0542,Math,46,542,AOR,arithmetic,org.apache.commons.math.complex.Complex,1106,1,0.75,0.75,1580,qwen3.6:latest
Math-46-0543,Math,46,543,LVR,arithmetic,org.apache.commons.math.complex.Complex,1107,1,0.75,0.75,1573,qwen3.6:latest
Math-46-0544,Math,46,544,LVR,arithmetic,org.apache.commons.math.complex.Complex,1107,1,0.15,0.15,1576,qwen3.6:latest
Math-46-0545,Math,46,545,AOR,arithmetic,org.apache.commons.math.complex.Complex,1107,1,0.75,0.75,1558,qwen3.6:latest
Math-46-0546,Math,46,546,AOR,arithmetic,org.apache.commons.math.complex.Complex,1107,1,0.85,0.85,1606,qwen3.6:latest
Math-46-0547,Math,46,547,AOR,arithmetic,org.apache.commons.math.complex.Complex,1107,1,0.85,0.85,1561,qwen3.6:latest
Math-46-0548,Math,46,548,AOR,arithmetic,org.apache.commons.math.complex.Complex,1107,1,0.75,0.75,1567,qwen3.6:latest
Math-46-0549,Math,46,549,AOR,arithmetic,org.apache.commons.math.complex.Complex,1107,1,0.75,0.75,1576,qwen3.6:latest
Math-46-0550,Math,46,550,AOR,arithmetic,org.apache.commons.math.complex.Complex,1107,1,0.85,0.85,1547,qwen3.6:latest
Math-46-0551,Math,46,551,AOR,arithmetic,org.apache.commons.math.complex.Complex,1107,1,0.85,0.85,1552,qwen3.6:latest
Math-46-0552,Math,46,552,AOR,arithmetic,org.apache.commons.math.complex.Complex,1107,1,0.75,0.75,1569,qwen3.6:latest
Math-46-0553,Math,46,553,LVR,arithmetic,org.apache.commons.math.complex.Complex,1109,1,0.85,0.85,1557,qwen3.6:latest
Math-46-0554,Math,46,554,LVR,arithmetic,org.apache.commons.math.complex.Complex,1109,1,0.85,0.85,1561,qwen3.6:latest
Math-46-0555,Math,46,555,ROR,relational,org.apache.commons.math.complex.Complex,1109,0,0.85,0.85,1574,qwen3.6:latest
Math-46-0556,Math,46,556,ROR,relational,org.apache.commons.math.complex.Complex,1109,1,0.85,0.85,1577,qwen3.6:latest
Math-46-0557,Math,46,557,ROR,relational,org.apache.commons.math.complex.Complex,1109,1,0.85,0.85,1582,qwen3.6:latest
Math-46-0558,Math,46,558,AOR,arithmetic,org.apache.commons.math.complex.Complex,1111,1,0.85,0.85,1558,qwen3.6:latest
Math-46-0559,Math,46,559,AOR,arithmetic,org.apache.commons.math.complex.Complex,1111,1,0.85,0.85,1567,qwen3.6:latest
Math-46-0560,Math,46,560,AOR,arithmetic,org.apache.commons.math.complex.Complex,1111,1,0.85,0.85,1546,qwen3.6:latest
Math-46-0561,Math,46,561,AOR,arithmetic,org.apache.commons.math.complex.Complex,1111,1,0.85,0.85,1549,qwen3.6:latest
Math-46-0562,Math,46,562,AOR,arithmetic,org.apache.commons.math.complex.Complex,1112,1,0.85,0.85,1490,qwen3.6:latest
Math-46-0563,Math,46,563,AOR,arithmetic,org.apache.commons.math.complex.Complex,1112,1,0.85,0.85,1497,qwen3.6:latest
Math-46-0564,Math,46,564,AOR,arithmetic,org.apache.commons.math.complex.Complex,1112,1,0.85,0.85,1469,qwen3.6:latest
Math-46-0565,Math,46,565,AOR,arithmetic,org.apache.commons.math.complex.Complex,1112,1,0.85,0.85,1500,qwen3.6:latest
Math-46-0566,Math,46,566,STD,statement_deletion,org.apache.commons.math.complex.Complex,1113,1,0.15,0.15,1460,qwen3.6:latest
Math-46-0567,Math,46,567,STD,statement_deletion,org.apache.commons.math.complex.Complex,1114,1,0.15,0.15,1463,qwen3.6:latest
Math-46-0568,Math,46,568,COR,logical,org.apache.commons.math.complex.Complex,1143,0,0.85,0.85,1447,qwen3.6:latest
Math-46-0569,Math,46,569,COR,logical,org.apache.commons.math.complex.Complex,1143,0,0.85,0.85,1466,qwen3.6:latest
Math-46-0570,Math,46,570,COR,logical,org.apache.commons.math.complex.Complex,1144,0,0.85,0.85,1454,qwen3.6:latest
Math-46-0571,Math,46,571,COR,logical,org.apache.commons.math.complex.Complex,1143,0,0.95,0.95,1479,qwen3.6:latest
Math-46-0572,Math,46,572,COR,logical,org.apache.commons.math.complex.Complex,1157,0,0.95,0.95,1466,qwen3.6:latest
Math-46-0573,Math,46,573,COR,logical,org.apache.commons.math.complex.Complex,1157,0,0.95,0.95,1434,qwen3.6:latest
Math-53-0001,Math,53,1,LVR,arithmetic,org.apache.commons.math.complex.Complex,52,1,0.15,0.15,1476,qwen3.6:latest
Math-53-0002,Math,53,2,LVR,arithmetic,org.apache.commons.math.complex.Complex,52,1,0.15,0.15,1462,qwen3.6:latest
Math-53-0003,Math,53,3,LVR,arithmetic,org.apache.commons.math.complex.Complex,52,1,0.15,0.15,1451,qwen3.6:latest
Math-53-0004,Math,53,4,LVR,arithmetic,org.apache.commons.math.complex.Complex,52,1,0.15,0.15,1490,qwen3.6:latest
Math-53-0005,Math,53,5,LVR,arithmetic,org.apache.commons.math.complex.Complex,63,1,0.1,0.1,1563,qwen3.6:latest
Math-53-0006,Math,53,6,LVR,arithmetic,org.apache.commons.math.complex.Complex,63,1,0.1,0.1,1636,qwen3.6:latest
Math-53-0007,Math,53,7,LVR,arithmetic,org.apache.commons.math.complex.Complex,63,1,0.1,0.1,1539,qwen3.6:latest
Math-53-0008,Math,53,8,LVR,arithmetic,org.apache.commons.math.complex.Complex,63,1,0.1,0.1,1530,qwen3.6:latest
Math-53-0009,Math,53,9,LVR,arithmetic,org.apache.commons.math.complex.Complex,66,1,0.1,0.1,1538,qwen3.6:latest
Math-53-0010,Math,53,10,LVR,arithmetic,org.apache.commons.math.complex.Complex,66,1,0.15,0.15,1543,qwen3.6:latest
Math-53-0011,Math,53,11,LVR,arithmetic,org.apache.commons.math.complex.Complex,66,1,0.1,0.1,1502,qwen3.6:latest
Math-53-0012,Math,53,12,LVR,arithmetic,org.apache.commons.math.complex.Complex,66,1,0.15,0.15,1498,qwen3.6:latest
Math-53-0013,Math,53,13,COR,logical,org.apache.commons.math.complex.Complex,94,1,0.85,0.85,1444,qwen3.6:latest
Math-53-0014,Math,53,14,COR,logical,org.apache.commons.math.complex.Complex,94,1,0.85,0.85,1448,qwen3.6:latest
Math-53-0015,Math,53,15,COR,logical,org.apache.commons.math.complex.Complex,94,1,0.85,0.85,1435,qwen3.6:latest
Math-53-0016,Math,53,16,COR,logical,org.apache.commons.math.complex.Complex,94,1,0.95,0.95,1476,qwen3.6:latest
Math-53-0017,Math,53,17,COR,logical,org.apache.commons.math.complex.Complex,96,1,0.85,0.85,1490,qwen3.6:latest
Math-53-0018,Math,53,18,COR,logical,org.apache.commons.math.complex.Complex,96,1,0.85,0.85,1464,qwen3.6:latest
Math-53-0019,Math,53,19,COR,logical,org.apache.commons.math.complex.Complex,96,0,0.85,0.85,1467,qwen3.6:latest
Math-53-0020,Math,53,20,COR,logical,org.apache.commons.math.complex.Complex,96,1,0.85,0.85,1473,qwen3.6:latest
Math-53-0021,Math,53,21,COR,logical,org.apache.commons.math.complex.Complex,95,0,0.75,0.75,1454,qwen3.6:latest
Math-53-0022,Math,53,22,COR,logical,org.apache.commons.math.complex.Complex,95,1,0.75,0.75,1434,qwen3.6:latest
Math-53-0023,Math,53,23,COR,logical,org.apache.commons.math.complex.Complex,95,1,0.75,0.75,1446,qwen3.6:latest
Math-53-0024,Math,53,24,COR,logical,org.apache.commons.math.complex.Complex,96,0,0.75,0.75,1450,qwen3.6:latest
Math-53-0025,Math,53,25,COR,logical,org.apache.commons.math.complex.Complex,110,0,0.85,0.85,1417,qwen3.6:latest
Math-53-0026,Math,53,26,COR,logical,org.apache.commons.math.complex.Complex,110,1,0.85,0.85,1457,qwen3.6:latest
Math-53-0027,Math,53,27,COR,logical,org.apache.commons.math.complex.Complex,114,1,0.85,0.85,1457,qwen3.6:latest
Math-53-0028,Math,53,28,COR,logical,org.apache.commons.math.complex.Complex,114,1,0.85,0.85,1449,qwen3.6:latest
Math-53-0029,Math,53,29,ROR,relational,org.apache.commons.math.complex.Complex,118,0,0.85,0.85,1462,qwen3.6:latest
Math-53-0030,Math,53,30,ROR,relational,org.apache.commons.math.complex.Complex,118,0,0.85,0.85,1454,qwen3.6:latest
Math-53-0031,Math,53,31,ROR,relational,org.apache.commons.math.complex.Complex,118,0,0.85,0.85,1483,qwen3.6:latest
Math-53-0032,Math,53,32,LVR,arithmetic,org.apache.commons.math.complex.Complex,119,1,0.85,0.85,1467,qwen3.6:latest
Math-53-0033,Math,53,33,LVR,arithmetic,org.apache.commons.math.complex.Complex,119,0,0.85,0.85,1528,qwen3.6:latest
Math-53-0034,Math,53,34,ROR,relational,org.apache.commons.math.complex.Complex,119,1,0.85,0.85,1473,qwen3.6:latest
Math-53-0035,Math,53,35,ROR,relational,org.apache.commons.math.complex.Complex,119,1,0.85,0.85,1469,qwen3.6:latest
Math-53-0036,Math,53,36,ROR,relational,org.apache.commons.math.complex.Complex,119,0,0.85,0.85,1444,qwen3.6:latest
Math-53-0037,Math,53,37,AOR,arithmetic,org.apache.commons.math.complex.Complex,122,1,0.85,0.85,1448,qwen3.6:latest
Math-53-0038,Math,53,38,AOR,arithmetic,org.apache.commons.math.complex.Complex,122,1,0.85,0.85,1484,qwen3.6:latest
Math-53-0039,Math,53,39,AOR,arithmetic,org.apache.commons.math.complex.Complex,122,1,0.85,0.85,1512,qwen3.6:latest
Math-53-0040,Math,53,40,AOR,arithmetic,org.apache.commons.math.complex.Complex,122,1,0.85,0.85,1522,qwen3.6:latest
Math-53-0041,Math,53,41,LVR,arithmetic,org.apache.commons.math.complex.Complex,123,1,0.85,0.85,1466,qwen3.6:latest
Math-53-0042,Math,53,42,LVR,arithmetic,org.apache.commons.math.complex.Complex,123,1,0.85,0.85,1495,qwen3.6:latest
Math-53-0043,Math,53,43,AOR,arithmetic,org.apache.commons.math.complex.Complex,123,1,0.85,0.85,1546,qwen3.6:latest
Math-53-0044,Math,53,44,AOR,arithmetic,org.apache.commons.math.complex.Complex,123,1,0.85,0.85,1529,qwen3.6:latest
Math-53-0045,Math,53,45,AOR,arithmetic,org.apache.commons.math.complex.Complex,123,1,0.85,0.85,1551,qwen3.6:latest
Math-53-0046,Math,53,46,AOR,arithmetic,org.apache.commons.math.complex.Complex,123,1,0.85,0.85,1535,qwen3.6:latest
Math-53-0047,Math,53,47,AOR,arithmetic,org.apache.commons.math.complex.Complex,123,1,0.85,0.85,1523,qwen3.6:latest
Math-53-0048,Math,53,48,AOR,arithmetic,org.apache.commons.math.complex.Complex,123,1,0.85,0.85,1546,qwen3.6:latest
Math-53-0049,Math,53,49,AOR,arithmetic,org.apache.commons.math.complex.Complex,123,1,0.85,0.85,1579,qwen3.6:latest
Math-53-0050,Math,53,50,AOR,arithmetic,org.apache.commons.math.complex.Complex,123,1,0.85,0.85,1528,qwen3.6:latest
Math-53-0051,Math,53,51,AOR,arithmetic,org.apache.commons.math.complex.Complex,123,1,0.85,0.85,1528,qwen3.6:latest
Math-53-0052,Math,53,52,AOR,arithmetic,org.apache.commons.math.complex.Complex,123,1,0.85,0.85,1557,qwen3.6:latest
Math-53-0053,Math,53,53,AOR,arithmetic,org.apache.commons.math.complex.Complex,123,1,0.85,0.85,1643,qwen3.6:latest
Math-53-0054,Math,53,54,AOR,arithmetic,org.apache.commons.math.complex.Complex,123,1,0.85,0.85,1568,qwen3.6:latest
Math-53-0055,Math,53,55,LVR,arithmetic,org.apache.commons.math.complex.Complex,125,1,0.85,0.85,1497,qwen3.6:latest
Math-53-0056,Math,53,56,LVR,arithmetic,org.apache.commons.math.complex.Complex,125,1,0.85,0.85,1481,qwen3.6:latest
Math-53-0057,Math,53,57,ROR,relational,org.apache.commons.math.complex.Complex,125,1,0.85,0.85,1472,qwen3.6:latest
Math-53-0058,Math,53,58,ROR,relational,org.apache.commons.math.complex.Complex,125,1,0.85,0.85,1485,qwen3.6:latest
Math-53-0059,Math,53,59,ROR,relational,org.apache.commons.math.complex.Complex,125,1,0.85,0.85,1508,qwen3.6:latest
Math-53-0060,Math,53,60,AOR,arithmetic,org.apache.commons.math.complex.Complex,128,1,0.85,0.85,1505,qwen3.6:latest
Math-53-0061,Math,53,61,AOR,arithmetic,org.apache.commons.math.complex.Complex,128,1,0.85,0.85,1471,qwen3.6:latest
Math-53-0062,Math,53,62,AOR,arithmetic,org.apache.commons.math.complex.Complex,128,1,0.85,0.85,1481,qwen3.6:latest
Math-53-0063,Math,53,63,AOR,arithmetic,org.apache.commons.math.complex.Complex,128,1,0.85,0.85,1459,qwen3.6:latest
Math-53-0064,Math,53,64,LVR,arithmetic,org.apache.commons.math.complex.Complex,129,1,0.85,0.85,1422,qwen3.6:latest
Math-53-0065,Math,53,65,LVR,arithmetic,org.apache.commons.math.complex.Complex,129,1,0.85,0.85,1449,qwen3.6:latest
Math-53-0066,Math,53,66,AOR,arithmetic,org.apache.commons.math.complex.Complex,129,1,0.85,0.85,1500,qwen3.6:latest
Math-53-0067,Math,53,67,AOR,arithmetic,org.apache.commons.math.complex.Complex,129,1,0.85,0.85,1503,qwen3.6:latest
Math-53-0068,Math,53,68,AOR,arithmetic,org.apache.commons.math.complex.Complex,129,1,0.85,0.85,1475,qwen3.6:latest
Math-53-0069,Math,53,69,AOR,arithmetic,org.apache.commons.math.complex.Complex,129,1,0.85,0.85,1446,qwen3.6:latest
Math-53-0070,Math,53,70,AOR,arithmetic,org.apache.commons.math.complex.Complex,129,1,0.85,0.85,1460,qwen3.6:latest
Math-53-0071,Math,53,71,AOR,arithmetic,org.apache.commons.math.complex.Complex,129,1,0.85,0.85,1454,qwen3.6:latest
Math-53-0072,Math,53,72,AOR,arithmetic,org.apache.commons.math.complex.Complex,129,1,0.85,0.85,1459,qwen3.6:latest
Math-53-0073,Math,53,73,AOR,arithmetic,org.apache.commons.math.complex.Complex,129,1,0.85,0.85,1495,qwen3.6:latest
Math-53-0074,Math,53,74,AOR,arithmetic,org.apache.commons.math.complex.Complex,129,1,0.85,0.85,1452,qwen3.6:latest
Math-53-0075,Math,53,75,AOR,arithmetic,org.apache.commons.math.complex.Complex,129,1,0.85,0.85,1418,qwen3.6:latest
Math-53-0076,Math,53,76,AOR,arithmetic,org.apache.commons.math.complex.Complex,129,1,0.85,0.85,1418,qwen3.6:latest
Math-53-0077,Math,53,77,AOR,arithmetic,org.apache.commons.math.complex.Complex,129,1,0.85,0.85,1428,qwen3.6:latest
Math-53-0078,Math,53,78,STD,statement_deletion,org.apache.commons.math.complex.Complex,152,0,0.15,0.15,1410,qwen3.6:latest
Math-53-0079,Math,53,79,COR,logical,org.apache.commons.math.complex.Complex,153,0,0.85,0.85,1449,qwen3.6:latest
Math-53-0080,Math,53,80,COR,logical,org.apache.commons.math.complex.Complex,153,1,0.85,0.85,1463,qwen3.6:latest
Math-53-0081,Math,53,81,COR,logical,org.apache.commons.math.complex.Complex,153,0,0.95,0.95,1468,qwen3.6:latest
Math-53-0082,Math,53,82,COR,logical,org.apache.commons.math.complex.Complex,153,1,0.95,0.95,1451,qwen3.6:latest
Math-53-0083,Math,53,83,AOR,arithmetic,org.apache.commons.math.complex.Complex,156,1,0.95,0.95,1453,qwen3.6:latest
Math-53-0084,Math,53,84,AOR,arithmetic,org.apache.commons.math.complex.Complex,156,1,0.85,0.85,1431,qwen3.6:latest
Math-53-0085,Math,53,85,AOR,arithmetic,org.apache.commons.math.complex.Complex,156,1,0.85,0.85,1464,qwen3.6:latest
Math-53-0086,Math,53,86,AOR,arithmetic,org.apache.commons.math.complex.Complex,156,1,0.85,0.85,1436,qwen3.6:latest
Math-53-0087,Math,53,87,AOR,arithmetic,org.apache.commons.math.complex.Complex,157,1,0.85,0.85,1531,qwen3.6:latest
Math-53-0088,Math,53,88,AOR,arithmetic,org.apache.commons.math.complex.Complex,157,1,0.85,0.85,1436,qwen3.6:latest
Math-53-0089,Math,53,89,AOR,arithmetic,org.apache.commons.math.complex.Complex,157,1,0.85,0.85,1432,qwen3.6:latest
Math-53-0090,Math,53,90,AOR,arithmetic,org.apache.commons.math.complex.Complex,157,1,0.85,0.85,1428,qwen3.6:latest
Math-53-0091,Math,53,91,COR,logical,org.apache.commons.math.complex.Complex,175,0,0.85,0.85,1426,qwen3.6:latest
Math-53-0092,Math,53,92,COR,logical,org.apache.commons.math.complex.Complex,175,1,0.85,0.85,1420,qwen3.6:latest
Math-53-0093,Math,53,93,ORU,return_value,org.apache.commons.math.complex.Complex,178,1,0.85,0.85,1421,qwen3.6:latest
Math-53-0094,Math,53,94,STD,statement_deletion,org.apache.commons.math.complex.Complex,218,0,0.15,0.15,1464,qwen3.6:latest
Math-53-0095,Math,53,95,COR,logical,org.apache.commons.math.complex.Complex,219,0,0.85,0.85,1449,qwen3.6:latest
Math-53-0096,Math,53,96,COR,logical,org.apache.commons.math.complex.Complex,219,0,0.85,0.85,1461,qwen3.6:latest
Math-53-0097,Math,53,97,COR,logical,org.apache.commons.math.complex.Complex,219,0,0.85,0.85,1468,qwen3.6:latest
Math-53-0098,Math,53,98,COR,logical,org.apache.commons.math.complex.Complex,219,1,0.95,0.95,1459,qwen3.6:latest
Math-53-0099,Math,53,99,LVR,arithmetic,org.apache.commons.math.complex.Complex,225,1,0.85,0.85,1411,qwen3.6:latest
Math-53-0100,Math,53,100,LVR,arithmetic,org.apache.commons.math.complex.Complex,225,0,0.85,0.85,1456,qwen3.6:latest
Math-53-0101,Math,53,101,ROR,relational,org.apache.commons.math.complex.Complex,225,1,0.85,0.85,1466,qwen3.6:latest
Math-53-0102,Math,53,102,ROR,relational,org.apache.commons.math.complex.Complex,225,1,0.85,0.85,1470,qwen3.6:latest
Math-53-0103,Math,53,103,ROR,relational,org.apache.commons.math.complex.Complex,225,0,0.85,0.85,1415,qwen3.6:latest
Math-53-0104,Math,53,104,LVR,arithmetic,org.apache.commons.math.complex.Complex,225,0,0.85,0.85,1414,qwen3.6:latest
Math-53-0105,Math,53,105,LVR,arithmetic,org.apache.commons.math.complex.Complex,225,0,0.85,0.85,1418,qwen3.6:latest
Math-53-0106,Math,53,106,ROR,relational,org.apache.commons.math.complex.Complex,225,0,0.85,0.85,1423,qwen3.6:latest
Math-53-0107,Math,53,107,ROR,relational,org.apache.commons.math.complex.Complex,225,1,0.85,0.85,1439,qwen3.6:latest
Math-53-0108,Math,53,108,ROR,relational,org.apache.commons.math.complex.Complex,225,0,0.85,0.85,1453,qwen3.6:latest
Math-53-0109,Math,53,109,COR,logical,org.apache.commons.math.complex.Complex,225,1,0.85,0.85,1445,qwen3.6:latest
Math-53-0110,Math,53,110,COR,logical,org.apache.commons.math.complex.Complex,225,0,0.85,0.85,1458,qwen3.6:latest
Math-53-0111,Math,53,111,COR,logical,org.apache.commons.math.complex.Complex,225,1,0.85,0.85,1423,qwen3.6:latest
Math-53-0112,Math,53,112,COR,logical,org.apache.commons.math.complex.Complex,225,1,0.85,0.85,1426,qwen3.6:latest
Math-53-0113,Math,53,113,COR,logical,org.apache.commons.math.complex.Complex,229,1,0.75,0.75,1441,qwen3.6:latest
Math-53-0114,Math,53,114,COR,logical,org.apache.commons.math.complex.Complex,229,1,0.85,0.85,1451,qwen3.6:latest
Math-53-0115,Math,53,115,COR,logical,org.apache.commons.math.complex.Complex,229,1,0.75,0.75,1466,qwen3.6:latest
Math-53-0116,Math,53,116,COR,logical,org.apache.commons.math.complex.Complex,229,1,0.75,0.75,1471,qwen3.6:latest
Math-53-0117,Math,53,117,ROR,relational,org.apache.commons.math.complex.Complex,233,1,0.75,0.75,1482,qwen3.6:latest
Math-53-0118,Math,53,118,ROR,relational,org.apache.commons.math.complex.Complex,233,0,0.75,0.75,1473,qwen3.6:latest
Math-53-0119,Math,53,119,ROR,relational,org.apache.commons.math.complex.Complex,233,1,0.75,0.75,1485,qwen3.6:latest
Math-53-0120,Math,53,120,AOR,arithmetic,org.apache.commons.math.complex.Complex,234,1,0.85,0.85,1486,qwen3.6:latest
Math-53-0121,Math,53,121,AOR,arithmetic,org.apache.commons.math.complex.Complex,234,1,0.85,0.85,1501,qwen3.6:latest
Math-53-0122,Math,53,122,AOR,arithmetic,org.apache.commons.math.complex.Complex,234,1,0.85,0.85,1489,qwen3.6:latest
Math-53-0123,Math,53,123,AOR,arithmetic,org.apache.commons.math.complex.Complex,234,1,0.85,0.85,1468,qwen3.6:latest
Math-53-0124,Math,53,124,AOR,arithmetic,org.apache.commons.math.complex.Complex,235,1,0.75,0.75,1540,qwen3.6:latest
Math-53-0125,Math,53,125,AOR,arithmetic,org.apache.commons.math.complex.Complex,235,1,0.75,0.75,1527,qwen3.6:latest
Math-53-0126,Math,53,126,AOR,arithmetic,org.apache.commons.math.complex.Complex,235,0,0.85,0.85,1530,qwen3.6:latest
Math-53-0127,Math,53,127,AOR,arithmetic,org.apache.commons.math.complex.Complex,235,1,0.85,0.85,1532,qwen3.6:latest
Math-53-0128,Math,53,128,AOR,arithmetic,org.apache.commons.math.complex.Complex,235,1,0.75,0.75,1613,qwen3.6:latest
Math-53-0129,Math,53,129,AOR,arithmetic,org.apache.commons.math.complex.Complex,235,1,0.85,0.85,1545,qwen3.6:latest
Math-53-0130,Math,53,130,AOR,arithmetic,org.apache.commons.math.complex.Complex,235,1,0.75,0.75,1505,qwen3.6:latest
Math-53-0131,Math,53,131,AOR,arithmetic,org.apache.commons.math.complex.Complex,235,1,0.85,0.85,1522,qwen3.6:latest
Math-53-0132,Math,53,132,AOR,arithmetic,org.apache.commons.math.complex.Complex,236,1,0.85,0.85,1441,qwen3.6:latest
Math-53-0133,Math,53,133,AOR,arithmetic,org.apache.commons.math.complex.Complex,236,1,0.85,0.85,1467,qwen3.6:latest
Math-53-0134,Math,53,134,AOR,arithmetic,org.apache.commons.math.complex.Complex,236,1,0.85,0.85,1456,qwen3.6:latest
Math-53-0135,Math,53,135,AOR,arithmetic,org.apache.commons.math.complex.Complex,236,1,0.85,0.85,1464,qwen3.6:latest
Math-53-0136,Math,53,136,AOR,arithmetic,org.apache.commons.math.complex.Complex,236,1,0.85,0.85,1443,qwen3.6:latest
Math-53-0137,Math,53,137,AOR,arithmetic,org.apache.commons.math.complex.Complex,236,1,0.85,0.85,1452,qwen3.6:latest
Math-53-0138,Math,53,138,AOR,arithmetic,org.apache.commons.math.complex.Complex,236,1,0.85,0.85,1455,qwen3.6:latest
Math-53-0139,Math,53,139,AOR,arithmetic,org.apache.commons.math.complex.Complex,236,1,0.85,0.85,1460,qwen3.6:latest
Math-53-0140,Math,53,140,AOR,arithmetic,org.apache.commons.math.complex.Complex,236,1,0.85,0.85,1464,qwen3.6:latest
Math-53-0141,Math,53,141,AOR,arithmetic,org.apache.commons.math.complex.Complex,236,1,0.85,0.85,1467,qwen3.6:latest
Math-53-0142,Math,53,142,AOR,arithmetic,org.apache.commons.math.complex.Complex,236,1,0.85,0.85,1465,qwen3.6:latest
Math-53-0143,Math,53,143,AOR,arithmetic,org.apache.commons.math.complex.Complex,236,1,0.85,0.85,1467,qwen3.6:latest
Math-53-0144,Math,53,144,AOR,arithmetic,org.apache.commons.math.complex.Complex,237,1,0.85,0.85,1444,qwen3.6:latest
Math-53-0145,Math,53,145,AOR,arithmetic,org.apache.commons.math.complex.Complex,237,1,0.75,0.75,1475,qwen3.6:latest
Math-53-0146,Math,53,146,AOR,arithmetic,org.apache.commons.math.complex.Complex,237,1,0.85,0.85,1452,qwen3.6:latest
Math-53-0147,Math,53,147,AOR,arithmetic,org.apache.commons.math.complex.Complex,237,1,0.85,0.85,1450,qwen3.6:latest
Math-53-0148,Math,53,148,AOR,arithmetic,org.apache.commons.math.complex.Complex,237,1,0.85,0.85,1463,qwen3.6:latest
Math-53-0149,Math,53,149,AOR,arithmetic,org.apache.commons.math.complex.Complex,237,1,0.85,0.85,1444,qwen3.6:latest
Math-53-0150,Math,53,150,AOR,arithmetic,org.apache.commons.math.complex.Complex,237,1,0.85,0.85,1444,qwen3.6:latest
Math-53-0151,Math,53,151,AOR,arithmetic,org.apache.commons.math.complex.Complex,237,1,0.85,0.85,1439,qwen3.6:latest
Math-53-0152,Math,53,152,AOR,arithmetic,org.apache.commons.math.complex.Complex,237,1,0.85,0.85,1429,qwen3.6:latest
Math-53-0153,Math,53,153,AOR,arithmetic,org.apache.commons.math.complex.Complex,237,1,0.85,0.85,1440,qwen3.6:latest
Math-53-0154,Math,53,154,AOR,arithmetic,org.apache.commons.math.complex.Complex,237,1,0.85,0.85,1446,qwen3.6:latest
Math-53-0155,Math,53,155,AOR,arithmetic,org.apache.commons.math.complex.Complex,237,1,0.85,0.85,1453,qwen3.6:latest
Math-53-0156,Math,53,156,AOR,arithmetic,org.apache.commons.math.complex.Complex,239,1,0.85,0.85,1456,qwen3.6:latest
Math-53-0157,Math,53,157,AOR,arithmetic,org.apache.commons.math.complex.Complex,239,1,0.85,0.85,1471,qwen3.6:latest
Math-53-0158,Math,53,158,AOR,arithmetic,org.apache.commons.math.complex.Complex,239,1,0.85,0.85,1484,qwen3.6:latest
Math-53-0159,Math,53,159,AOR,arithmetic,org.apache.commons.math.complex.Complex,239,1,0.85,0.85,1455,qwen3.6:latest
Math-53-0160,Math,53,160,AOR,arithmetic,org.apache.commons.math.complex.Complex,240,1,0.85,0.85,1481,qwen3.6:latest
Math-53-0161,Math,53,161,AOR,arithmetic,org.apache.commons.math.complex.Complex,240,1,0.85,0.85,1461,qwen3.6:latest
Math-53-0162,Math,53,162,AOR,arithmetic,org.apache.commons.math.complex.Complex,240,1,0.85,0.85,1480,qwen3.6:latest
Math-53-0163,Math,53,163,AOR,arithmetic,org.apache.commons.math.complex.Complex,240,1,0.85,0.85,1451,qwen3.6:latest
Math-53-0164,Math,53,164,AOR,arithmetic,org.apache.commons.math.complex.Complex,240,1,0.85,0.85,1458,qwen3.6:latest
Math-53-0165,Math,53,165,AOR,arithmetic,org.apache.commons.math.complex.Complex,240,1,0.85,0.85,1488,qwen3.6:latest
Math-53-0166,Math,53,166,AOR,arithmetic,org.apache.commons.math.complex.Complex,240,1,0.85,0.85,1469,qwen3.6:latest
Math-53-0167,Math,53,167,AOR,arithmetic,org.apache.commons.math.complex.Complex,240,1,0.85,0.85,1455,qwen3.6:latest
Math-53-0168,Math,53,168,AOR,arithmetic,org.apache.commons.math.complex.Complex,241,1,0.85,0.85,1469,qwen3.6:latest
Math-53-0169,Math,53,169,AOR,arithmetic,org.apache.commons.math.complex.Complex,241,1,0.85,0.85,1557,qwen3.6:latest
Math-53-0170,Math,53,170,AOR,arithmetic,org.apache.commons.math.complex.Complex,241,1,0.85,0.85,1479,qwen3.6:latest
Math-53-0171,Math,53,171,AOR,arithmetic,org.apache.commons.math.complex.Complex,241,1,0.85,0.85,1479,qwen3.6:latest
Math-53-0172,Math,53,172,AOR,arithmetic,org.apache.commons.math.complex.Complex,241,1,0.85,0.85,1483,qwen3.6:latest
Math-53-0173,Math,53,173,AOR,arithmetic,org.apache.commons.math.complex.Complex,241,1,0.85,0.85,1468,qwen3.6:latest
Math-53-0174,Math,53,174,AOR,arithmetic,org.apache.commons.math.complex.Complex,241,1,0.85,0.85,1456,qwen3.6:latest
Math-53-0175,Math,53,175,AOR,arithmetic,org.apache.commons.math.complex.Complex,241,1,0.85,0.85,1473,qwen3.6:latest
Math-53-0176,Math,53,176,AOR,arithmetic,org.apache.commons.math.complex.Complex,241,1,0.85,0.85,1475,qwen3.6:latest
Math-53-0177,Math,53,177,AOR,arithmetic,org.apache.commons.math.complex.Complex,241,1,0.85,0.85,1469,qwen3.6:latest
Math-53-0178,Math,53,178,AOR,arithmetic,org.apache.commons.math.complex.Complex,241,1,0.85,0.85,1455,qwen3.6:latest
Math-53-0179,Math,53,179,AOR,arithmetic,org.apache.commons.math.complex.Complex,241,1,0.85,0.85,1516,qwen3.6:latest
Math-53-0180,Math,53,180,AOR,arithmetic,org.apache.commons.math.complex.Complex,242,1,0.85,0.85,1495,qwen3.6:latest
Math-53-0181,Math,53,181,AOR,arithmetic,org.apache.commons.math.complex.Complex,242,1,0.85,0.85,1450,qwen3.6:latest
Math-53-0182,Math,53,182,AOR,arithmetic,org.apache.commons.math.complex.Complex,242,1,0.85,0.85,1468,qwen3.6:latest
Math-53-0183,Math,53,183,AOR,arithmetic,org.apache.commons.math.complex.Complex,242,1,0.85,0.85,1467,qwen3.6:latest
Math-53-0184,Math,53,184,AOR,arithmetic,org.apache.commons.math.complex.Complex,242,1,0.85,0.85,1461,qwen3.6:latest
Math-53-0185,Math,53,185,AOR,arithmetic,org.apache.commons.math.complex.Complex,242,1,0.85,0.85,1443,qwen3.6:latest
Math-53-0186,Math,53,186,AOR,arithmetic,org.apache.commons.math.complex.Complex,242,1,0.85,0.85,1471,qwen3.6:latest
Math-53-0187,Math,53,187,AOR,arithmetic,org.apache.commons.math.complex.Complex,242,1,0.85,0.85,1456,qwen3.6:latest
Math-53-0188,Math,53,188,AOR,arithmetic,org.apache.commons.math.complex.Complex,242,1,0.85,0.85,1464,qwen3.6:latest
Math-53-0189,Math,53,189,AOR,arithmetic,org.apache.commons.math.complex.Complex,242,1,0.85,0.85,1503,qwen3.6:latest
Math-53-0190,Math,53,190,AOR,arithmetic,org.apache.commons.math.complex.Complex,242,1,0.85,0.85,1470,qwen3.6:latest
Math-53-0191,Math,53,191,AOR,arithmetic,org.apache.commons.math.complex.Complex,242,1,0.85,0.85,1453,qwen3.6:latest
Math-53-0192,Math,53,192,LVR,arithmetic,org.apache.commons.math.complex.Complex,267,1,0.85,0.85,1425,qwen3.6:latest
Math-53-0193,Math,53,193,COR,logical,org.apache.commons.math.complex.Complex,271,1,0.85,0.85,1475,qwen3.6:latest
Math-53-0194,Math,53,194,COR,logical,org.apache.commons.math.complex.Complex,271,1,0.85,0.85,1487,qwen3.6:latest
Math-53-0195,Math,53,195,ROR,relational,org.apache.commons.math.complex.Complex,274,1,0.85,0.85,1457,qwen3.6:latest
Math-53-0196,Math,53,196,ROR,relational,org.apache.commons.math.complex.Complex,274,0,0.85,0.85,1482,qwen3.6:latest
Math-53-0197,Math,53,197,ROR,relational,org.apache.commons.math.complex.Complex,274,1,0.85,0.85,1414,qwen3.6:latest
Math-53-0198,Math,53,198,ROR,relational,org.apache.commons.math.complex.Complex,274,1,0.85,0.85,1428,qwen3.6:latest
Math-53-0199,Math,53,199,ROR,relational,org.apache.commons.math.complex.Complex,274,0,0.85,0.85,1445,qwen3.6:latest
Math-53-0200,Math,53,200,ROR,relational,org.apache.commons.math.complex.Complex,274,1,0.85,0.85,1427,qwen3.6:latest
Math-53-0201,Math,53,201,COR,logical,org.apache.commons.math.complex.Complex,274,0,0.95,0.95,1419,qwen3.6:latest
Math-53-0202,Math,53,202,COR,logical,org.apache.commons.math.complex.Complex,274,1,0.95,0.95,1428,qwen3.6:latest
Math-53-0203,Math,53,203,COR,logical,org.apache.commons.math.complex.Complex,274,1,0.95,0.95,1472,qwen3.6:latest
Math-53-0204,Math,53,204,COR,logical,org.apache.commons.math.complex.Complex,274,1,0.85,0.85,1438,qwen3.6:latest
Math-53-0205,Math,53,205,LVR,arithmetic,org.apache.commons.math.complex.Complex,277,1,0.15,0.15,1420,qwen3.6:latest
Math-53-0206,Math,53,206,COR,logical,org.apache.commons.math.complex.Complex,289,1,0.85,0.85,1465,qwen3.6:latest
Math-53-0207,Math,53,207,COR,logical,org.apache.commons.math.complex.Complex,289,1,0.85,0.85,1444,qwen3.6:latest
Math-53-0208,Math,53,208,LVR,arithmetic,org.apache.commons.math.complex.Complex,290,0,0.85,0.85,1413,qwen3.6:latest
Math-53-0209,Math,53,209,LVR,arithmetic,org.apache.commons.math.complex.Complex,290,0,0.85,0.85,1404,qwen3.6:latest
Math-53-0210,Math,53,210,LVR,arithmetic,org.apache.commons.math.complex.Complex,292,1,0.85,0.85,1509,qwen3.6:latest
Math-53-0211,Math,53,211,LVR,arithmetic,org.apache.commons.math.complex.Complex,292,0,0.85,0.85,1407,qwen3.6:latest
Math-53-0212,Math,53,212,LVR,arithmetic,org.apache.commons.math.complex.Complex,292,1,0.85,0.85,1422,qwen3.6:latest
Math-53-0213,Math,53,213,LVR,arithmetic,org.apache.commons.math.complex.Complex,292,0,0.85,0.85,1468,qwen3.6:latest
Math-53-0214,Math,53,214,AOR,arithmetic,org.apache.commons.math.complex.Complex,292,1,0.95,0.95,1430,qwen3.6:latest
Math-53-0215,Math,53,215,AOR,arithmetic,org.apache.commons.math.complex.Complex,292,0,0.95,0.95,1421,qwen3.6:latest
Math-53-0216,Math,53,216,AOR,arithmetic,org.apache.commons.math.complex.Complex,292,0,0.85,0.85,1418,qwen3.6:latest
Math-53-0217,Math,53,217,AOR,arithmetic,org.apache.commons.math.complex.Complex,292,1,0.85,0.85,1439,qwen3.6:latest
Math-53-0218,Math,53,218,AOR,arithmetic,org.apache.commons.math.complex.Complex,292,1,0.95,0.95,1410,qwen3.6:latest
Math-53-0219,Math,53,219,AOR,arithmetic,org.apache.commons.math.complex.Complex,292,1,0.95,0.95,1394,qwen3.6:latest
Math-53-0220,Math,53,220,AOR,arithmetic,org.apache.commons.math.complex.Complex,292,0,0.85,0.85,1407,qwen3.6:latest
Math-53-0221,Math,53,221,AOR,arithmetic,org.apache.commons.math.complex.Complex,292,1,0.85,0.85,1429,qwen3.6:latest
Math-53-0222,Math,53,222,AOR,arithmetic,org.apache.commons.math.complex.Complex,292,1,0.95,0.95,1420,qwen3.6:latest
Math-53-0223,Math,53,223,AOR,arithmetic,org.apache.commons.math.complex.Complex,292,0,0.95,0.95,1444,qwen3.6:latest
Math-53-0224,Math,53,224,AOR,arithmetic,org.apache.commons.math.complex.Complex,292,0,0.85,0.85,1471,qwen3.6:latest
Math-53-0225,Math,53,225,AOR,arithmetic,org.apache.commons.math.complex.Complex,292,1,0.85,0.85,1446,qwen3.6:latest
Math-53-0226,Math,53,226,STD,statement_deletion,org.apache.commons.math.complex.Complex,367,0,0.15,0.15,1537,qwen3.6:latest
Math-53-0227,Math,53,227,COR,logical,org.apache.commons.math.complex.Complex,368,0,0.85,0.85,1578,qwen3.6:latest
Math-53-0228,Math,53,228,COR,logical,org.apache.commons.math.complex.Complex,368,1,0.85,0.85,1575,qwen3.6:latest
Math-53-0229,Math,53,229,COR,logical,org.apache.commons.math.complex.Complex,368,1,0.85,0.85,1575,qwen3.6:latest
Math-53-0230,Math,53,230,COR,logical,org.apache.commons.math.complex.Complex,368,1,0.85,0.85,1563,qwen3.6:latest
Math-53-0231,Math,53,231,COR,logical,org.apache.commons.math.complex.Complex,371,0,0.85,0.85,1554,qwen3.6:latest
Math-53-0232,Math,53,232,COR,logical,org.apache.commons.math.complex.Complex,371,0,0.85,0.85,1511,qwen3.6:latest
Math-53-0233,Math,53,233,COR,logical,org.apache.commons.math.complex.Complex,371,0,0.15,0.15,1503,qwen3.6:latest
Math-53-0234,Math,53,234,COR,logical,org.apache.commons.math.complex.Complex,371,1,0.85,0.85,1516,qwen3.6:latest
Math-53-0235,Math,53,235,COR,logical,org.apache.commons.math.complex.Complex,371,0,0.85,0.85,1508,qwen3.6:latest
Math-53-0236,Math,53,236,COR,logical,org.apache.commons.math.complex.Complex,371,1,0.85,0.85,1523,qwen3.6:latest
Math-53-0237,Math,53,237,COR,logical,org.apache.commons.math.complex.Complex,372,0,0.85,0.85,1573,qwen3.6:latest
Math-53-0238,Math,53,238,COR,logical,org.apache.commons.math.complex.Complex,371,1,0.85,0.85,1515,qwen3.6:latest
Math-53-0239,Math,53,239,COR,logical,org.apache.commons.math.complex.Complex,371,1,0.85,0.85,1535,qwen3.6:latest
Math-53-0240,Math,53,240,COR,logical,org.apache.commons.math.complex.Complex,371,0,0.85,0.85,1557,qwen3.6:latest
Math-53-0241,Math,53,241,COR,logical,org.apache.commons.math.complex.Complex,372,1,0.85,0.85,1528,qwen3.6:latest
Math-53-0242,Math,53,242,COR,logical,org.apache.commons.math.complex.Complex,372,1,0.95,0.95,1548,qwen3.6:latest
Math-53-0243,Math,53,243,AOR,arithmetic,org.apache.commons.math.complex.Complex,376,1,0.85,0.85,1495,qwen3.6:latest
Math-53-0244,Math,53,244,AOR,arithmetic,org.apache.commons.math.complex.Complex,376,1,0.85,0.85,1494,qwen3.6:latest
Math-53-0245,Math,53,245,AOR,arithmetic,org.apache.commons.math.complex.Complex,376,1,0.85,0.85,1491,qwen3.6:latest
Math-53-0246,Math,53,246,AOR,arithmetic,org.apache.commons.math.complex.Complex,376,1,0.85,0.85,1451,qwen3.6:latest
Math-53-0247,Math,53,247,AOR,arithmetic,org.apache.commons.math.complex.Complex,376,1,0.85,0.85,1472,qwen3.6:latest
Math-53-0248,Math,53,248,AOR,arithmetic,org.apache.commons.math.complex.Complex,376,1,0.85,0.85,1476,qwen3.6:latest
Math-53-0249,Math,53,249,AOR,arithmetic,org.apache.commons.math.complex.Complex,376,1,0.85,0.85,1483,qwen3.6:latest
Math-53-0250,Math,53,250,AOR,arithmetic,org.apache.commons.math.complex.Complex,376,1,0.85,0.85,1520,qwen3.6:latest
Math-53-0251,Math,53,251,AOR,arithmetic,org.apache.commons.math.complex.Complex,376,1,0.85,0.85,1464,qwen3.6:latest
Math-53-0252,Math,53,252,AOR,arithmetic,org.apache.commons.math.complex.Complex,376,1,0.85,0.85,1443,qwen3.6:latest
Math-53-0253,Math,53,253,AOR,arithmetic,org.apache.commons.math.complex.Complex,376,1,0.85,0.85,1485,qwen3.6:latest
Math-53-0254,Math,53,254,AOR,arithmetic,org.apache.commons.math.complex.Complex,376,1,0.85,0.85,1474,qwen3.6:latest
Math-53-0255,Math,53,255,AOR,arithmetic,org.apache.commons.math.complex.Complex,377,1,0.85,0.85,1538,qwen3.6:latest
Math-53-0256,Math,53,256,AOR,arithmetic,org.apache.commons.math.complex.Complex,377,1,0.85,0.85,1496,qwen3.6:latest
Math-53-0257,Math,53,257,AOR,arithmetic,org.apache.commons.math.complex.Complex,377,1,0.85,0.85,1542,qwen3.6:latest
Math-53-0258,Math,53,258,AOR,arithmetic,org.apache.commons.math.complex.Complex,377,1,0.85,0.85,1511,qwen3.6:latest
Math-53-0259,Math,53,259,AOR,arithmetic,org.apache.commons.math.complex.Complex,377,1,0.85,0.85,1527,qwen3.6:latest
Math-53-0260,Math,53,260,AOR,arithmetic,org.apache.commons.math.complex.Complex,377,1,0.85,0.85,1522,qwen3.6:latest
Math-53-0261,Math,53,261,AOR,arithmetic,org.apache.commons.math.complex.Complex,377,1,0.85,0.85,1497,qwen3.6:latest
Math-53-0262,Math,53,262,AOR,arithmetic,org.apache.commons.math.complex.Complex,377,1,0.85,0.85,1500,qwen3.6:latest
Math-53-0263,Math,53,263,AOR,arithmetic,org.apache.commons.math.complex.Complex,377,1,0.85,0.85,1501,qwen3.6:latest
Math-53-0264,Math,53,264,AOR,arithmetic,org.apache.commons.math.complex.Complex,377,1,0.85,0.85,1515,qwen3.6:latest
Math-53-0265,Math,53,265,AOR,arithmetic,org.apache.commons.math.complex.Complex,377,1,0.85,0.85,1547,qwen3.6:latest
Math-53-0266,Math,53,266,AOR,arithmetic,org.apache.commons.math.complex.Complex,377,1,0.85,0.85,1501,qwen3.6:latest
Math-53-0267,Math,53,267,COR,logical,org.apache.commons.math.complex.Complex,407,0,0.85,0.85,1459,qwen3.6:latest
Math-53-0268,Math,53,268,COR,logical,org.apache.commons.math.complex.Complex,407,0,0.85,0.85,1461,qwen3.6:latest
Math-53-0269,Math,53,269,COR,logical,org.apache.commons.math.complex.Complex,407,0,0.85,0.85,1452,qwen3.6:latest
Math-53-0270,Math,53,270,COR,logical,org.apache.commons.math.complex.Complex,407,1,0.85,0.85,1483,qwen3.6:latest
Math-53-0271,Math,53,271,COR,logical,org.apache.commons.math.complex.Complex,410,0,0.85,0.85,1469,qwen3.6:latest
Math-53-0272,Math,53,272,COR,logical,org.apache.commons.math.complex.Complex,410,0,0.85,0.85,1467,qwen3.6:latest
Math-53-0273,Math,53,273,COR,logical,org.apache.commons.math.complex.Complex,410,0,0.85,0.85,1492,qwen3.6:latest
Math-53-0274,Math,53,274,COR,logical,org.apache.commons.math.complex.Complex,410,1,0.85,0.85,1468,qwen3.6:latest
Math-53-0275,Math,53,275,COR,logical,org.apache.commons.math.complex.Complex,410,0,0.85,0.85,1446,qwen3.6:latest
Math-53-0276,Math,53,276,COR,logical,org.apache.commons.math.complex.Complex,410,1,0.85,0.85,1454,qwen3.6:latest
Math-53-0277,Math,53,277,COR,logical,org.apache.commons.math.complex.Complex,411,0,0.85,0.85,1494,qwen3.6:latest
Math-53-0278,Math,53,278,COR,logical,org.apache.commons.math.complex.Complex,410,1,0.85,0.85,1440,qwen3.6:latest
Math-53-0279,Math,53,279,AOR,arithmetic,org.apache.commons.math.complex.Complex,415,1,0.85,0.85,1443,qwen3.6:latest
Math-53-0280,Math,53,280,AOR,arithmetic,org.apache.commons.math.complex.Complex,415,1,0.85,0.85,1464,qwen3.6:latest
Math-53-0281,Math,53,281,AOR,arithmetic,org.apache.commons.math.complex.Complex,415,1,0.85,0.85,1446,qwen3.6:latest
Math-53-0282,Math,53,282,AOR,arithmetic,org.apache.commons.math.complex.Complex,415,1,0.85,0.85,1441,qwen3.6:latest
Math-53-0283,Math,53,283,AOR,arithmetic,org.apache.commons.math.complex.Complex,415,1,0.85,0.85,1445,qwen3.6:latest
Math-53-0284,Math,53,284,AOR,arithmetic,org.apache.commons.math.complex.Complex,415,1,0.85,0.85,1487,qwen3.6:latest
Math-53-0285,Math,53,285,AOR,arithmetic,org.apache.commons.math.complex.Complex,415,1,0.85,0.85,1486,qwen3.6:latest
Math-53-0286,Math,53,286,AOR,arithmetic,org.apache.commons.math.complex.Complex,415,1,0.85,0.85,1474,qwen3.6:latest
Math-53-0287,Math,53,287,COR,logical,org.apache.commons.math.complex.Complex,427,0,0.85,0.85,1441,qwen3.6:latest
Math-53-0288,Math,53,288,COR,logical,org.apache.commons.math.complex.Complex,427,1,0.85,0.85,1464,qwen3.6:latest
Math-53-0289,Math,53,289,ORU,return_value,org.apache.commons.math.complex.Complex,431,1,0.85,0.85,1454,qwen3.6:latest
Math-53-0290,Math,53,290,ORU,return_value,org.apache.commons.math.complex.Complex,431,1,0.85,0.85,1433,qwen3.6:latest
Math-53-0291,Math,53,291,STD,statement_deletion,org.apache.commons.math.complex.Complex,454,0,0.15,0.15,1492,qwen3.6:latest
Math-53-0292,Math,53,292,COR,logical,org.apache.commons.math.complex.Complex,455,0,0.85,0.85,1473,qwen3.6:latest
Math-53-0293,Math,53,293,COR,logical,org.apache.commons.math.complex.Complex,455,0,0.85,0.85,1514,qwen3.6:latest
Math-53-0294,Math,53,294,COR,logical,org.apache.commons.math.complex.Complex,455,0,0.85,0.85,1496,qwen3.6:latest
Math-53-0295,Math,53,295,COR,logical,org.apache.commons.math.complex.Complex,455,1,0.95,0.95,1484,qwen3.6:latest
Math-53-0296,Math,53,296,AOR,arithmetic,org.apache.commons.math.complex.Complex,459,1,0.85,0.85,1467,qwen3.6:latest
Math-53-0297,Math,53,297,AOR,arithmetic,org.apache.commons.math.complex.Complex,459,1,0.85,0.85,1475,qwen3.6:latest
Math-53-0298,Math,53,298,AOR,arithmetic,org.apache.commons.math.complex.Complex,459,1,0.85,0.85,1492,qwen3.6:latest
Math-53-0299,Math,53,299,AOR,arithmetic,org.apache.commons.math.complex.Complex,459,1,0.85,0.85,1513,qwen3.6:latest
Math-53-0300,Math,53,300,AOR,arithmetic,org.apache.commons.math.complex.Complex,460,1,0.85,0.85,1491,qwen3.6:latest
Math-53-0301,Math,53,301,AOR,arithmetic,org.apache.commons.math.complex.Complex,460,1,0.85,0.85,1485,qwen3.6:latest
Math-53-0302,Math,53,302,AOR,arithmetic,org.apache.commons.math.complex.Complex,460,1,0.85,0.85,1481,qwen3.6:latest
Math-53-0303,Math,53,303,AOR,arithmetic,org.apache.commons.math.complex.Complex,460,1,0.85,0.85,1456,qwen3.6:latest
Math-53-0304,Math,53,304,COR,logical,org.apache.commons.math.complex.Complex,478,0,0.85,0.85,1478,qwen3.6:latest
Math-53-0305,Math,53,305,COR,logical,org.apache.commons.math.complex.Complex,478,1,0.85,0.85,1450,qwen3.6:latest
Math-53-0306,Math,53,306,COR,logical,org.apache.commons.math.complex.Complex,501,0,0.85,0.85,1493,qwen3.6:latest
Math-53-0307,Math,53,307,COR,logical,org.apache.commons.math.complex.Complex,501,1,0.85,0.85,1518,qwen3.6:latest
Math-53-0308,Math,53,308,COR,logical,org.apache.commons.math.complex.Complex,524,0,0.75,0.75,1454,qwen3.6:latest
Math-53-0309,Math,53,309,COR,logical,org.apache.commons.math.complex.Complex,524,1,0.15,0.15,1462,qwen3.6:latest
Math-53-0310,Math,53,310,LVR,arithmetic,org.apache.commons.math.complex.Complex,529,1,0.75,0.75,1466,qwen3.6:latest
Math-53-0311,Math,53,311,LVR,arithmetic,org.apache.commons.math.complex.Complex,529,1,0.15,0.15,1526,qwen3.6:latest
Math-53-0312,Math,53,312,LVR,arithmetic,org.apache.commons.math.complex.Complex,529,1,0.15,0.15,1477,qwen3.6:latest
Math-53-0313,Math,53,313,LVR,arithmetic,org.apache.commons.math.complex.Complex,529,1,0.15,0.15,1494,qwen3.6:latest
Math-53-0314,Math,53,314,COR,logical,org.apache.commons.math.complex.Complex,559,0,0.95,0.95,1478,qwen3.6:latest
Math-53-0315,Math,53,315,COR,logical,org.apache.commons.math.complex.Complex,559,1,0.95,0.95,1453,qwen3.6:latest
Math-53-0316,Math,53,316,AOR,arithmetic,org.apache.commons.math.complex.Complex,563,1,0.75,0.75,1480,qwen3.6:latest
Math-53-0317,Math,53,317,AOR,arithmetic,org.apache.commons.math.complex.Complex,563,1,0.75,0.75,1472,qwen3.6:latest
Math-53-0318,Math,53,318,AOR,arithmetic,org.apache.commons.math.complex.Complex,563,1,0.75,0.75,1477,qwen3.6:latest
Math-53-0319,Math,53,319,AOR,arithmetic,org.apache.commons.math.complex.Complex,563,1,0.75,0.75,1433,qwen3.6:latest
Math-53-0320,Math,53,320,ORU,return_value,org.apache.commons.math.complex.Complex,564,1,0.85,0.85,1484,qwen3.6:latest
Math-53-0321,Math,53,321,AOR,arithmetic,org.apache.commons.math.complex.Complex,564,1,0.75,0.75,1500,qwen3.6:latest
Math-53-0322,Math,53,322,AOR,arithmetic,org.apache.commons.math.complex.Complex,564,1,0.85,0.85,1448,qwen3.6:latest
Math-53-0323,Math,53,323,AOR,arithmetic,org.apache.commons.math.complex.Complex,564,1,0.85,0.85,1424,qwen3.6:latest
Math-53-0324,Math,53,324,AOR,arithmetic,org.apache.commons.math.complex.Complex,564,1,0.75,0.75,1440,qwen3.6:latest
Math-53-0325,Math,53,325,COR,logical,org.apache.commons.math.complex.Complex,593,0,0.85,0.85,1447,qwen3.6:latest
Math-53-0326,Math,53,326,COR,logical,org.apache.commons.math.complex.Complex,593,1,0.85,0.85,1445,qwen3.6:latest
Math-53-0327,Math,53,327,AOR,arithmetic,org.apache.commons.math.complex.Complex,597,1,0.75,0.75,1460,qwen3.6:latest
Math-53-0328,Math,53,328,AOR,arithmetic,org.apache.commons.math.complex.Complex,597,1,0.85,0.85,1448,qwen3.6:latest
Math-53-0329,Math,53,329,AOR,arithmetic,org.apache.commons.math.complex.Complex,597,1,0.85,0.85,1444,qwen3.6:latest
Math-53-0330,Math,53,330,AOR,arithmetic,org.apache.commons.math.complex.Complex,597,1,0.75,0.75,1432,qwen3.6:latest
Math-53-0331,Math,53,331,AOR,arithmetic,org.apache.commons.math.complex.Complex,598,1,0.85,0.85,1445,qwen3.6:latest
Math-53-0332,Math,53,332,AOR,arithmetic,org.apache.commons.math.complex.Complex,598,1,0.85,0.85,1455,qwen3.6:latest
Math-53-0333,Math,53,333,AOR,arithmetic,org.apache.commons.math.complex.Complex,598,1,0.85,0.85,1435,qwen3.6:latest
Math-53-0334,Math,53,334,AOR,arithmetic,org.apache.commons.math.complex.Complex,598,1,0.85,0.85,1443,qwen3.6:latest
Math-53-0335,Math,53,335,COR,logical,org.apache.commons.math.complex.Complex,628,0,0.85,0.85,1464,qwen3.6:latest
Math-53-0336,Math,53,336,COR,logical,org.apache.commons.math.complex.Complex,628,1,0.15,0.15,1450,qwen3.6:latest
Math-53-0337,Math,53,337,AOR,arithmetic,org.apache.commons.math.complex.Complex,633,1,0.85,0.85,1433,qwen3.6:latest
Math-53-0338,Math,53,338,AOR,arithmetic,org.apache.commons.math.complex.Complex,633,1,0.85,0.85,1465,qwen3.6:latest
Math-53-0339,Math,53,339,AOR,arithmetic,org.apache.commons.math.complex.Complex,633,1,0.85,0.85,1464,qwen3.6:latest
Math-53-0340,Math,53,340,AOR,arithmetic,org.apache.commons.math.complex.Complex,633,1,0.85,0.85,1463,qwen3.6:latest
Math-53-0341,Math,53,341,AOR,arithmetic,org.apache.commons.math.complex.Complex,633,1,0.85,0.85,1458,qwen3.6:latest
Math-53-0342,Math,53,342,AOR,arithmetic,org.apache.commons.math.complex.Complex,633,1,0.85,0.85,1450,qwen3.6:latest
Math-53-0343,Math,53,343,AOR,arithmetic,org.apache.commons.math.complex.Complex,633,1,0.85,0.85,1465,qwen3.6:latest
Math-53-0344,Math,53,344,AOR,arithmetic,org.apache.commons.math.complex.Complex,633,1,0.85,0.85,1445,qwen3.6:latest
Math-53-0345,Math,53,345,COR,logical,org.apache.commons.math.complex.Complex,666,0,0.85,0.85,1416,qwen3.6:latest
Math-53-0346,Math,53,346,COR,logical,org.apache.commons.math.complex.Complex,666,1,0.85,0.85,1418,qwen3.6:latest
Math-53-0347,Math,53,347,STD,statement_deletion,org.apache.commons.math.complex.Complex,693,0,0.15,0.15,1442,qwen3.6:latest
Math-53-0348,Math,53,348,COR,logical,org.apache.commons.math.complex.Complex,724,0,0.85,0.85,1446,qwen3.6:latest
Math-53-0349,Math,53,349,COR,logical,org.apache.commons.math.complex.Complex,724,1,0.85,0.85,1460,qwen3.6:latest
Math-53-0350,Math,53,350,AOR,arithmetic,org.apache.commons.math.complex.Complex,728,1,0.85,0.85,1468,qwen3.6:latest
Math-53-0351,Math,53,351,AOR,arithmetic,org.apache.commons.math.complex.Complex,728,1,0.85,0.85,1452,qwen3.6:latest
Math-53-0352,Math,53,352,AOR,arithmetic,org.apache.commons.math.complex.Complex,728,1,0.85,0.85,1474,qwen3.6:latest
Math-53-0353,Math,53,353,AOR,arithmetic,org.apache.commons.math.complex.Complex,728,1,0.75,0.75,1443,qwen3.6:latest
Math-53-0354,Math,53,354,AOR,arithmetic,org.apache.commons.math.complex.Complex,729,1,0.85,0.85,1462,qwen3.6:latest
Math-53-0355,Math,53,355,AOR,arithmetic,org.apache.commons.math.complex.Complex,729,1,0.85,0.85,1453,qwen3.6:latest
Math-53-0356,Math,53,356,AOR,arithmetic,org.apache.commons.math.complex.Complex,729,1,0.85,0.85,1469,qwen3.6:latest
Math-53-0357,Math,53,357,AOR,arithmetic,org.apache.commons.math.complex.Complex,729,1,0.85,0.85,1466,qwen3.6:latest
Math-53-0358,Math,53,358,COR,logical,org.apache.commons.math.complex.Complex,758,0,0.85,0.85,1452,qwen3.6:latest
Math-53-0359,Math,53,359,COR,logical,org.apache.commons.math.complex.Complex,758,1,0.85,0.85,1507,qwen3.6:latest
Math-53-0360,Math,53,360,AOR,arithmetic,org.apache.commons.math.complex.Complex,762,1,0.85,0.85,1436,qwen3.6:latest
Math-53-0361,Math,53,361,AOR,arithmetic,org.apache.commons.math.complex.Complex,762,1,0.85,0.85,1431,qwen3.6:latest
Math-53-0362,Math,53,362,AOR,arithmetic,org.apache.commons.math.complex.Complex,762,1,0.85,0.85,1449,qwen3.6:latest
Math-53-0363,Math,53,363,AOR,arithmetic,org.apache.commons.math.complex.Complex,762,1,0.75,0.75,1429,qwen3.6:latest
Math-53-0364,Math,53,364,AOR,arithmetic,org.apache.commons.math.complex.Complex,763,1,0.85,0.85,1439,qwen3.6:latest
Math-53-0365,Math,53,365,AOR,arithmetic,org.apache.commons.math.complex.Complex,763,1,0.85,0.85,1449,qwen3.6:latest
Math-53-0366,Math,53,366,AOR,arithmetic,org.apache.commons.math.complex.Complex,763,1,0.85,0.85,1465,qwen3.6:latest
Math-53-0367,Math,53,367,AOR,arithmetic,org.apache.commons.math.complex.Complex,763,1,0.85,0.85,1457,qwen3.6:latest
Math-53-0368,Math,53,368,COR,logical,org.apache.commons.math.complex.Complex,800,0,0.95,0.95,1450,qwen3.6:latest
Math-53-0369,Math,53,369,COR,logical,org.apache.commons.math.complex.Complex,800,1,0.95,0.95,1443,qwen3.6:latest
Math-53-0370,Math,53,370,LVR,arithmetic,org.apache.commons.math.complex.Complex,804,1,0.85,0.85,1427,qwen3.6:latest
Math-53-0371,Math,53,371,LVR,arithmetic,org.apache.commons.math.complex.Complex,804,0,0.85,0.85,1427,qwen3.6:latest
Math-53-0372,Math,53,372,ROR,relational,org.apache.commons.math.complex.Complex,804,1,0.75,0.75,1437,qwen3.6:latest
Math-53-0373,Math,53,373,ROR,relational,org.apache.commons.math.complex.Complex,804,1,0.85,0.85,1486,qwen3.6:latest
Math-53-0374,Math,53,374,ROR,relational,org.apache.commons.math.complex.Complex,804,0,0.85,0.85,1453,qwen3.6:latest
Math-53-0375,Math,53,375,LVR,arithmetic,org.apache.commons.math.complex.Complex,804,0,0.85,0.85,1444,qwen3.6:latest
Math-53-0376,Math,53,376,LVR,arithmetic,org.apache.commons.math.complex.Complex,804,0,0.85,0.85,1445,qwen3.6:latest
Math-53-0377,Math,53,377,ROR,relational,org.apache.commons.math.complex.Complex,804,0,0.75,0.75,1493,qwen3.6:latest
Math-53-0378,Math,53,378,ROR,relational,org.apache.commons.math.complex.Complex,804,1,0.85,0.85,1418,qwen3.6:latest
Math-53-0379,Math,53,379,ROR,relational,org.apache.commons.math.complex.Complex,804,0,0.85,0.85,1441,qwen3.6:latest
Math-53-0380,Math,53,380,COR,logical,org.apache.commons.math.complex.Complex,804,1,0.85,0.85,1446,qwen3.6:latest
Math-53-0381,Math,53,381,COR,logical,org.apache.commons.math.complex.Complex,804,0,0.75,0.75,1431,qwen3.6:latest
Math-53-0382,Math,53,382,COR,logical,org.apache.commons.math.complex.Complex,804,1,0.75,0.75,1449,qwen3.6:latest
Math-53-0383,Math,53,383,COR,logical,org.apache.commons.math.complex.Complex,804,1,0.75,0.75,1454,qwen3.6:latest
Math-53-0384,Math,53,384,LVR,arithmetic,org.apache.commons.math.complex.Complex,805,0,0.75,0.75,1483,qwen3.6:latest
Math-53-0385,Math,53,385,LVR,arithmetic,org.apache.commons.math.complex.Complex,805,0,0.75,0.75,1440,qwen3.6:latest
Math-53-0386,Math,53,386,LVR,arithmetic,org.apache.commons.math.complex.Complex,805,0,0.75,0.75,1465,qwen3.6:latest
Math-53-0387,Math,53,387,LVR,arithmetic,org.apache.commons.math.complex.Complex,805,0,0.75,0.75,1450,qwen3.6:latest
Math-53-0388,Math,53,388,AOR,arithmetic,org.apache.commons.math.complex.Complex,808,1,0.85,0.85,1536,qwen3.6:latest
Math-53-0389,Math,53,389,AOR,arithmetic,org.apache.commons.math.complex.Complex,808,1,0.85,0.85,1525,qwen3.6:latest
Math-53-0390,Math,53,390,AOR,arithmetic,org.apache.commons.math.complex.Complex,808,1,0.85,0.85,1548,qwen3.6:latest
Math-53-0391,Math,53,391,AOR,arithmetic,org.apache.commons.math.complex.Complex,808,1,0.85,0.85,1549,qwen3.6:latest
Math-53-0392,Math,53,392,LVR,arithmetic,org.apache.commons.math.complex.Complex,808,1,0.75,0.75,1523,qwen3.6:latest
Math-53-0393,Math,53,393,LVR,arithmetic,org.apache.commons.math.complex.Complex,808,1,0.75,0.75,1480,qwen3.6:latest
Math-53-0394,Math,53,394,AOR,arithmetic,org.apache.commons.math.complex.Complex,808,1,0.85,0.85,1524,qwen3.6:latest
Math-53-0395,Math,53,395,AOR,arithmetic,org.apache.commons.math.complex.Complex,808,1,0.85,0.85,1494,qwen3.6:latest
Math-53-0396,Math,53,396,AOR,arithmetic,org.apache.commons.math.complex.Complex,808,1,0.85,0.85,1492,qwen3.6:latest
Math-53-0397,Math,53,397,AOR,arithmetic,org.apache.commons.math.complex.Complex,808,1,0.85,0.85,1494,qwen3.6:latest
Math-53-0398,Math,53,398,LVR,arithmetic,org.apache.commons.math.complex.Complex,809,1,0.85,0.85,1496,qwen3.6:latest
Math-53-0399,Math,53,399,LVR,arithmetic,org.apache.commons.math.complex.Complex,809,1,0.85,0.85,1526,qwen3.6:latest
Math-53-0400,Math,53,400,ROR,relational,org.apache.commons.math.complex.Complex,809,1,0.85,0.85,1573,qwen3.6:latest
Math-53-0401,Math,53,401,ROR,relational,org.apache.commons.math.complex.Complex,809,0,0.85,0.85,1517,qwen3.6:latest
Math-53-0402,Math,53,402,ROR,relational,org.apache.commons.math.complex.Complex,809,1,0.85,0.85,1529,qwen3.6:latest
Math-53-0403,Math,53,403,LVR,arithmetic,org.apache.commons.math.complex.Complex,810,1,0.75,0.75,1496,qwen3.6:latest
Math-53-0404,Math,53,404,LVR,arithmetic,org.apache.commons.math.complex.Complex,810,1,0.75,0.75,1445,qwen3.6:latest
Math-53-0405,Math,53,405,AOR,arithmetic,org.apache.commons.math.complex.Complex,810,1,0.85,0.85,1507,qwen3.6:latest
Math-53-0406,Math,53,406,AOR,arithmetic,org.apache.commons.math.complex.Complex,810,1,0.85,0.85,1542,qwen3.6:latest
Math-53-0407,Math,53,407,AOR,arithmetic,org.apache.commons.math.complex.Complex,810,1,0.85,0.85,1507,qwen3.6:latest
Math-53-0408,Math,53,408,AOR,arithmetic,org.apache.commons.math.complex.Complex,810,1,0.85,0.85,1531,qwen3.6:latest
Math-53-0409,Math,53,409,AOR,arithmetic,org.apache.commons.math.complex.Complex,810,1,0.85,0.85,1518,qwen3.6:latest
Math-53-0410,Math,53,410,AOR,arithmetic,org.apache.commons.math.complex.Complex,810,1,0.85,0.85,1509,qwen3.6:latest
Math-53-0411,Math,53,411,AOR,arithmetic,org.apache.commons.math.complex.Complex,810,1,0.85,0.85,1547,qwen3.6:latest
Math-53-0412,Math,53,412,AOR,arithmetic,org.apache.commons.math.complex.Complex,810,1,0.85,0.85,1534,qwen3.6:latest
Math-53-0413,Math,53,413,LVR,arithmetic,org.apache.commons.math.complex.Complex,812,1,0.85,0.85,1521,qwen3.6:latest
Math-53-0414,Math,53,414,LVR,arithmetic,org.apache.commons.math.complex.Complex,812,1,0.15,0.15,1443,qwen3.6:latest
Math-53-0415,Math,53,415,AOR,arithmetic,org.apache.commons.math.complex.Complex,812,1,0.85,0.85,1452,qwen3.6:latest
Math-53-0416,Math,53,416,AOR,arithmetic,org.apache.commons.math.complex.Complex,812,1,0.85,0.85,1450,qwen3.6:latest
Math-53-0417,Math,53,417,AOR,arithmetic,org.apache.commons.math.complex.Complex,812,1,0.85,0.85,1462,qwen3.6:latest
Math-53-0418,Math,53,418,AOR,arithmetic,org.apache.commons.math.complex.Complex,812,1,0.85,0.85,1497,qwen3.6:latest
Math-53-0419,Math,53,419,AOR,arithmetic,org.apache.commons.math.complex.Complex,812,1,0.85,0.85,1500,qwen3.6:latest
Math-53-0420,Math,53,420,AOR,arithmetic,org.apache.commons.math.complex.Complex,812,1,0.85,0.85,1491,qwen3.6:latest
Math-53-0421,Math,53,421,AOR,arithmetic,org.apache.commons.math.complex.Complex,812,1,0.85,0.85,1478,qwen3.6:latest
Math-53-0422,Math,53,422,AOR,arithmetic,org.apache.commons.math.complex.Complex,812,1,0.85,0.85,1484,qwen3.6:latest
Math-53-0423,Math,53,423,AOR,arithmetic,org.apache.commons.math.complex.Complex,813,1,0.75,0.75,1499,qwen3.6:latest
Math-53-0424,Math,53,424,AOR,arithmetic,org.apache.commons.math.complex.Complex,813,1,0.75,0.75,1466,qwen3.6:latest
Math-53-0425,Math,53,425,AOR,arithmetic,org.apache.commons.math.complex.Complex,813,1,0.85,0.85,1511,qwen3.6:latest
Math-53-0426,Math,53,426,AOR,arithmetic,org.apache.commons.math.complex.Complex,813,1,0.85,0.85,1487,qwen3.6:latest
Math-53-0427,Math,53,427,LVR,arithmetic,org.apache.commons.math.complex.Complex,836,1,0.75,0.75,1484,qwen3.6:latest
Math-53-0428,Math,53,428,LVR,arithmetic,org.apache.commons.math.complex.Complex,836,1,0.75,0.75,1484,qwen3.6:latest
Math-53-0429,Math,53,429,LVR,arithmetic,org.apache.commons.math.complex.Complex,836,1,0.75,0.75,1488,qwen3.6:latest
Math-53-0430,Math,53,430,LVR,arithmetic,org.apache.commons.math.complex.Complex,836,1,0.75,0.75,1477,qwen3.6:latest
Math-53-0431,Math,53,431,COR,logical,org.apache.commons.math.complex.Complex,866,0,0.85,0.85,1481,qwen3.6:latest
Math-53-0432,Math,53,432,COR,logical,org.apache.commons.math.complex.Complex,866,1,0.85,0.85,1503,qwen3.6:latest
Math-53-0433,Math,53,433,LVR,arithmetic,org.apache.commons.math.complex.Complex,870,1,0.75,0.75,1501,qwen3.6:latest
Math-53-0434,Math,53,434,LVR,arithmetic,org.apache.commons.math.complex.Complex,870,1,0.75,0.75,1468,qwen3.6:latest
Math-53-0435,Math,53,435,AOR,arithmetic,org.apache.commons.math.complex.Complex,870,1,0.75,0.75,1478,qwen3.6:latest
Math-53-0436,Math,53,436,AOR,arithmetic,org.apache.commons.math.complex.Complex,870,1,0.75,0.75,1464,qwen3.6:latest
Math-53-0437,Math,53,437,AOR,arithmetic,org.apache.commons.math.complex.Complex,870,1,0.75,0.75,1466,qwen3.6:latest
Math-53-0438,Math,53,438,AOR,arithmetic,org.apache.commons.math.complex.Complex,870,1,0.75,0.75,1474,qwen3.6:latest
Math-53-0439,Math,53,439,LVR,arithmetic,org.apache.commons.math.complex.Complex,871,1,0.75,0.75,1446,qwen3.6:latest
Math-53-0440,Math,53,440,LVR,arithmetic,org.apache.commons.math.complex.Complex,871,1,0.75,0.75,1501,qwen3.6:latest
Math-53-0441,Math,53,441,AOR,arithmetic,org.apache.commons.math.complex.Complex,871,1,0.75,0.75,1452,qwen3.6:latest
Math-53-0442,Math,53,442,AOR,arithmetic,org.apache.commons.math.complex.Complex,871,1,0.75,0.75,1458,qwen3.6:latest
Math-53-0443,Math,53,443,AOR,arithmetic,org.apache.commons.math.complex.Complex,871,1,0.75,0.75,1469,qwen3.6:latest
Math-53-0444,Math,53,444,AOR,arithmetic,org.apache.commons.math.complex.Complex,871,1,0.85,0.85,1448,qwen3.6:latest
Math-53-0445,Math,53,445,AOR,arithmetic,org.apache.commons.math.complex.Complex,872,1,0.15,0.15,1446,qwen3.6:latest
Math-53-0446,Math,53,446,AOR,arithmetic,org.apache.commons.math.complex.Complex,872,1,0.15,0.15,1468,qwen3.6:latest
Math-53-0447,Math,53,447,AOR,arithmetic,org.apache.commons.math.complex.Complex,872,1,0.85,0.85,1519,qwen3.6:latest
Math-53-0448,Math,53,448,AOR,arithmetic,org.apache.commons.math.complex.Complex,872,1,0.75,0.75,1436,qwen3.6:latest
Math-53-0449,Math,53,449,AOR,arithmetic,org.apache.commons.math.complex.Complex,874,1,0.85,0.85,1519,qwen3.6:latest
Math-53-0450,Math,53,450,AOR,arithmetic,org.apache.commons.math.complex.Complex,874,1,0.85,0.85,1522,qwen3.6:latest
Math-53-0451,Math,53,451,AOR,arithmetic,org.apache.commons.math.complex.Complex,874,1,0.85,0.85,1550,qwen3.6:latest
Math-53-0452,Math,53,452,AOR,arithmetic,org.apache.commons.math.complex.Complex,874,1,0.85,0.85,1552,qwen3.6:latest
Math-53-0453,Math,53,453,AOR,arithmetic,org.apache.commons.math.complex.Complex,874,1,0.85,0.85,1527,qwen3.6:latest
Math-53-0454,Math,53,454,AOR,arithmetic,org.apache.commons.math.complex.Complex,874,1,0.85,0.85,1518,qwen3.6:latest
Math-53-0455,Math,53,455,AOR,arithmetic,org.apache.commons.math.complex.Complex,874,1,0.85,0.85,1522,qwen3.6:latest
Math-53-0456,Math,53,456,AOR,arithmetic,org.apache.commons.math.complex.Complex,874,1,0.85,0.85,1511,qwen3.6:latest
Math-53-0457,Math,53,457,COR,logical,org.apache.commons.math.complex.Complex,904,0,0.85,0.85,1474,qwen3.6:latest
Math-53-0458,Math,53,458,COR,logical,org.apache.commons.math.complex.Complex,904,1,0.85,0.85,1468,qwen3.6:latest
Math-53-0459,Math,53,459,LVR,arithmetic,org.apache.commons.math.complex.Complex,908,1,0.75,0.75,1437,qwen3.6:latest
Math-53-0460,Math,53,460,LVR,arithmetic,org.apache.commons.math.complex.Complex,908,1,0.15,0.15,1452,qwen3.6:latest
Math-53-0461,Math,53,461,AOR,arithmetic,org.apache.commons.math.complex.Complex,908,1,0.75,0.75,1415,qwen3.6:latest
Math-53-0462,Math,53,462,AOR,arithmetic,org.apache.commons.math.complex.Complex,908,1,0.85,0.85,1432,qwen3.6:latest
Math-53-0463,Math,53,463,AOR,arithmetic,org.apache.commons.math.complex.Complex,908,1,0.75,0.75,1459,qwen3.6:latest
Math-53-0464,Math,53,464,AOR,arithmetic,org.apache.commons.math.complex.Complex,908,1,0.75,0.75,1432,qwen3.6:latest
Math-53-0465,Math,53,465,LVR,arithmetic,org.apache.commons.math.complex.Complex,909,1,0.75,0.75,1434,qwen3.6:latest
Math-53-0466,Math,53,466,LVR,arithmetic,org.apache.commons.math.complex.Complex,909,1,0.15,0.15,1419,qwen3.6:latest
Math-53-0467,Math,53,467,AOR,arithmetic,org.apache.commons.math.complex.Complex,909,1,0.75,0.75,1469,qwen3.6:latest
Math-53-0468,Math,53,468,AOR,arithmetic,org.apache.commons.math.complex.Complex,909,1,0.85,0.85,1426,qwen3.6:latest
Math-53-0469,Math,53,469,AOR,arithmetic,org.apache.commons.math.complex.Complex,909,1,0.85,0.85,1414,qwen3.6:latest
Math-53-0470,Math,53,470,AOR,arithmetic,org.apache.commons.math.complex.Complex,909,1,0.85,0.85,1434,qwen3.6:latest
Math-53-0471,Math,53,471,AOR,arithmetic,org.apache.commons.math.complex.Complex,910,1,0.85,0.85,1447,qwen3.6:latest
Math-53-0472,Math,53,472,AOR,arithmetic,org.apache.commons.math.complex.Complex,910,1,0.75,0.75,1439,qwen3.6:latest
Math-53-0473,Math,53,473,AOR,arithmetic,org.apache.commons.math.complex.Complex,910,1,0.85,0.85,1429,qwen3.6:latest
Math-53-0474,Math,53,474,AOR,arithmetic,org.apache.commons.math.complex.Complex,910,1,0.85,0.85,1460,qwen3.6:latest
Math-53-0475,Math,53,475,AOR,arithmetic,org.apache.commons.math.complex.Complex,912,1,0.85,0.85,1435,qwen3.6:latest
Math-53-0476,Math,53,476,AOR,arithmetic,org.apache.commons.math.complex.Complex,912,1,0.85,0.85,1445,qwen3.6:latest
Math-53-0477,Math,53,477,AOR,arithmetic,org.apache.commons.math.complex.Complex,912,1,0.85,0.85,1438,qwen3.6:latest
Math-53-0478,Math,53,478,AOR,arithmetic,org.apache.commons.math.complex.Complex,912,1,0.85,0.85,1406,qwen3.6:latest
Math-53-0479,Math,53,479,AOR,arithmetic,org.apache.commons.math.complex.Complex,912,1,0.85,0.85,1443,qwen3.6:latest
Math-53-0480,Math,53,480,AOR,arithmetic,org.apache.commons.math.complex.Complex,912,1,0.85,0.85,1426,qwen3.6:latest
Math-53-0481,Math,53,481,AOR,arithmetic,org.apache.commons.math.complex.Complex,912,1,0.85,0.85,1483,qwen3.6:latest
Math-53-0482,Math,53,482,AOR,arithmetic,org.apache.commons.math.complex.Complex,912,1,0.85,0.85,1432,qwen3.6:latest
Math-53-0483,Math,53,483,LVR,arithmetic,org.apache.commons.math.complex.Complex,955,0,0.85,0.85,1457,qwen3.6:latest
Math-53-0484,Math,53,484,LVR,arithmetic,org.apache.commons.math.complex.Complex,955,0,0.85,0.85,1451,qwen3.6:latest
Math-53-0485,Math,53,485,ROR,relational,org.apache.commons.math.complex.Complex,955,0,0.95,0.95,1443,qwen3.6:latest
Math-53-0486,Math,53,486,ROR,relational,org.apache.commons.math.complex.Complex,955,0,0.95,0.95,1459,qwen3.6:latest
Math-53-0487,Math,53,487,ROR,relational,org.apache.commons.math.complex.Complex,955,1,0.95,0.95,1449,qwen3.6:latest
Math-53-0488,Math,53,488,COR,logical,org.apache.commons.math.complex.Complex,963,1,0.15,0.15,1462,qwen3.6:latest
Math-53-0489,Math,53,489,COR,logical,org.apache.commons.math.complex.Complex,963,1,0.15,0.15,1427,qwen3.6:latest
Math-53-0490,Math,53,490,STD,statement_deletion,org.apache.commons.math.complex.Complex,964,1,0.15,0.15,1429,qwen3.6:latest
Math-53-0491,Math,53,491,COR,logical,org.apache.commons.math.complex.Complex,968,1,0.85,0.85,1453,qwen3.6:latest
Math-53-0492,Math,53,492,COR,logical,org.apache.commons.math.complex.Complex,968,1,0.85,0.85,1459,qwen3.6:latest
Math-53-0493,Math,53,493,STD,statement_deletion,org.apache.commons.math.complex.Complex,969,1,0.15,0.15,1440,qwen3.6:latest
Math-53-0494,Math,53,494,LVR,arithmetic,org.apache.commons.math.complex.Complex,974,1,0.75,0.75,1532,qwen3.6:latest
Math-53-0495,Math,53,495,LVR,arithmetic,org.apache.commons.math.complex.Complex,974,1,0.75,0.75,1580,qwen3.6:latest
Math-53-0496,Math,53,496,AOR,arithmetic,org.apache.commons.math.complex.Complex,974,1,0.75,0.75,1567,qwen3.6:latest
Math-53-0497,Math,53,497,AOR,arithmetic,org.apache.commons.math.complex.Complex,974,1,0.85,0.85,1535,qwen3.6:latest
Math-53-0498,Math,53,498,AOR,arithmetic,org.apache.commons.math.complex.Complex,974,1,0.85,0.85,1546,qwen3.6:latest
Math-53-0499,Math,53,499,AOR,arithmetic,org.apache.commons.math.complex.Complex,974,1,0.85,0.85,1565,qwen3.6:latest
Math-53-0500,Math,53,500,AOR,arithmetic,org.apache.commons.math.complex.Complex,977,1,0.75,0.75,1554,qwen3.6:latest
Math-53-0501,Math,53,501,AOR,arithmetic,org.apache.commons.math.complex.Complex,977,1,0.75,0.75,1573,qwen3.6:latest
Math-53-0502,Math,53,502,AOR,arithmetic,org.apache.commons.math.complex.Complex,977,1,0.75,0.75,1543,qwen3.6:latest
Math-53-0503,Math,53,503,AOR,arithmetic,org.apache.commons.math.complex.Complex,977,1,0.75,0.75,1555,qwen3.6:latest
Math-53-0504,Math,53,504,LVR,arithmetic,org.apache.commons.math.complex.Complex,978,1,0.85,0.85,1550,qwen3.6:latest
Math-53-0505,Math,53,505,LVR,arithmetic,org.apache.commons.math.complex.Complex,978,1,0.75,0.75,1546,qwen3.6:latest
Math-53-0506,Math,53,506,AOR,arithmetic,org.apache.commons.math.complex.Complex,978,1,0.75,0.75,1547,qwen3.6:latest
Math-53-0507,Math,53,507,AOR,arithmetic,org.apache.commons.math.complex.Complex,978,1,0.75,0.75,1532,qwen3.6:latest
Math-53-0508,Math,53,508,AOR,arithmetic,org.apache.commons.math.complex.Complex,978,1,0.85,0.85,1540,qwen3.6:latest
Math-53-0509,Math,53,509,AOR,arithmetic,org.apache.commons.math.complex.Complex,978,1,0.75,0.75,1548,qwen3.6:latest
Math-53-0510,Math,53,510,AOR,arithmetic,org.apache.commons.math.complex.Complex,978,1,0.75,0.75,1552,qwen3.6:latest
Math-53-0511,Math,53,511,AOR,arithmetic,org.apache.commons.math.complex.Complex,978,1,0.75,0.75,1544,qwen3.6:latest
Math-53-0512,Math,53,512,AOR,arithmetic,org.apache.commons.math.complex.Complex,978,1,0.85,0.85,1562,qwen3.6:latest
Math-53-0513,Math,53,513,AOR,arithmetic,org.apache.commons.math.complex.Complex,978,1,0.85,0.85,1559,qwen3.6:latest
Math-53-0514,Math,53,514,LVR,arithmetic,org.apache.commons.math.complex.Complex,980,1,0.85,0.85,1559,qwen3.6:latest
Math-53-0515,Math,53,515,LVR,arithmetic,org.apache.commons.math.complex.Complex,980,1,0.85,0.85,1505,qwen3.6:latest
Math-53-0516,Math,53,516,ROR,relational,org.apache.commons.math.complex.Complex,980,0,0.75,0.75,1511,qwen3.6:latest
Math-53-0517,Math,53,517,ROR,relational,org.apache.commons.math.complex.Complex,980,1,0.85,0.85,1557,qwen3.6:latest
Math-53-0518,Math,53,518,ROR,relational,org.apache.commons.math.complex.Complex,980,1,0.85,0.85,1541,qwen3.6:latest
Math-53-0519,Math,53,519,AOR,arithmetic,org.apache.commons.math.complex.Complex,982,1,0.85,0.85,1505,qwen3.6:latest
Math-53-0520,Math,53,520,AOR,arithmetic,org.apache.commons.math.complex.Complex,982,1,0.85,0.85,1537,qwen3.6:latest
Math-53-0521,Math,53,521,AOR,arithmetic,org.apache.commons.math.complex.Complex,982,1,0.85,0.85,1490,qwen3.6:latest
Math-53-0522,Math,53,522,AOR,arithmetic,org.apache.commons.math.complex.Complex,982,1,0.85,0.85,1509,qwen3.6:latest
Math-53-0523,Math,53,523,AOR,arithmetic,org.apache.commons.math.complex.Complex,983,1,0.85,0.85,1473,qwen3.6:latest
Math-53-0524,Math,53,524,AOR,arithmetic,org.apache.commons.math.complex.Complex,983,1,0.85,0.85,1489,qwen3.6:latest
Math-53-0525,Math,53,525,AOR,arithmetic,org.apache.commons.math.complex.Complex,983,1,0.85,0.85,1451,qwen3.6:latest
Math-53-0526,Math,53,526,AOR,arithmetic,org.apache.commons.math.complex.Complex,983,1,0.85,0.85,1455,qwen3.6:latest
Math-53-0527,Math,53,527,STD,statement_deletion,org.apache.commons.math.complex.Complex,984,1,0.15,0.15,1470,qwen3.6:latest
Math-53-0528,Math,53,528,STD,statement_deletion,org.apache.commons.math.complex.Complex,985,1,0.15,0.15,1434,qwen3.6:latest
Math-58-0001,Math,58,1,STD,statement_deletion,org.apache.commons.math.optimization.fitting.GaussianFitter,90,1,0.15,0.15,1434,qwen3.6:latest
Math-58-0002,Math,58,2,STD,statement_deletion,org.apache.commons.math.optimization.fitting.GaussianFitter,102,1,0.15,0.15,1400,qwen3.6:latest
Math-58-0003,Math,58,3,ROR,relational,org.apache.commons.math.optimization.fitting.GaussianFitter,141,0,0.85,0.85,1453,qwen3.6:latest
Math-58-0004,Math,58,4,LVR,arithmetic,org.apache.commons.math.optimization.fitting.GaussianFitter,144,1,0.85,0.85,1438,qwen3.6:latest
Math-58-0005,Math,58,5,LVR,arithmetic,org.apache.commons.math.optimization.fitting.GaussianFitter,144,1,0.15,0.15,1421,qwen3.6:latest
Math-58-0006,Math,58,6,ROR,relational,org.apache.commons.math.optimization.fitting.GaussianFitter,144,1,0.85,0.85,1438,qwen3.6:latest
Math-58-0007,Math,58,7,ROR,relational,org.apache.commons.math.optimization.fitting.GaussianFitter,144,0,0.85,0.85,1443,qwen3.6:latest
Math-58-0008,Math,58,8,ROR,relational,org.apache.commons.math.optimization.fitting.GaussianFitter,144,1,0.95,0.95,1436,qwen3.6:latest
Math-58-0009,Math,58,9,LVR,arithmetic,org.apache.commons.math.optimization.fitting.GaussianFitter,145,0,0.85,0.85,1439,qwen3.6:latest
Math-58-0010,Math,58,10,LVR,arithmetic,org.apache.commons.math.optimization.fitting.GaussianFitter,145,0,0.15,0.15,1447,qwen3.6:latest
Math-58-0011,Math,58,11,LVR,arithmetic,org.apache.commons.math.optimization.fitting.GaussianFitter,145,0,0.85,0.85,1443,qwen3.6:latest
Math-58-0012,Math,58,12,ROR,relational,org.apache.commons.math.optimization.fitting.GaussianFitter,156,1,0.15,0.15,1429,qwen3.6:latest
Math-58-0013,Math,58,13,STD,statement_deletion,org.apache.commons.math.optimization.fitting.GaussianFitter,157,1,0.15,0.15,1493,qwen3.6:latest
Math-58-0014,Math,58,14,STD,statement_deletion,org.apache.commons.math.optimization.fitting.GaussianFitter,169,0,0.25,0.25,1511,qwen3.6:latest
Math-58-0015,Math,58,15,LVR,arithmetic,org.apache.commons.math.optimization.fitting.GaussianFitter,170,1,0.75,0.75,1436,qwen3.6:latest
Math-58-0016,Math,58,16,LVR,arithmetic,org.apache.commons.math.optimization.fitting.GaussianFitter,170,1,0.75,0.75,1500,qwen3.6:latest
Math-58-0017,Math,58,17,LVR,arithmetic,org.apache.commons.math.optimization.fitting.GaussianFitter,173,1,0.75,0.75,1563,qwen3.6:latest
Math-58-0018,Math,58,18,LVR,arithmetic,org.apache.commons.math.optimization.fitting.GaussianFitter,173,1,0.75,0.75,1515,qwen3.6:latest
Math-58-0019,Math,58,19,STD,statement_deletion,org.apache.commons.math.optimization.fitting.GaussianFitter,173,1,0.15,0.15,1551,qwen3.6:latest
Math-58-0020,Math,58,20,LVR,arithmetic,org.apache.commons.math.optimization.fitting.GaussianFitter,174,1,0.75,0.75,1583,qwen3.6:latest
Math-58-0021,Math,58,21,LVR,arithmetic,org.apache.commons.math.optimization.fitting.GaussianFitter,174,1,0.75,0.75,1529,qwen3.6:latest
Math-58-0022,Math,58,22,STD,statement_deletion,org.apache.commons.math.optimization.fitting.GaussianFitter,174,1,0.85,0.85,1570,qwen3.6:latest
Math-58-0023,Math,58,23,LVR,arithmetic,org.apache.commons.math.optimization.fitting.GaussianFitter,178,1,0.75,0.75,1582,qwen3.6:latest
Math-58-0024,Math,58,24,LVR,arithmetic,org.apache.commons.math.optimization.fitting.GaussianFitter,178,1,0.75,0.75,1575,qwen3.6:latest
Math-58-0025,Math,58,25,LVR,arithmetic,org.apache.commons.math.optimization.fitting.GaussianFitter,178,1,0.75,0.75,1568,qwen3.6:latest
Math-58-0026,Math,58,26,LVR,arithmetic,org.apache.commons.math.optimization.fitting.GaussianFitter,178,1,0.75,0.75,1586,qwen3.6:latest
Math-58-0027,Math,58,27,LVR,arithmetic,org.apache.commons.math.optimization.fitting.GaussianFitter,178,1,0.75,0.75,1545,qwen3.6:latest
Math-58-0028,Math,58,28,LVR,arithmetic,org.apache.commons.math.optimization.fitting.GaussianFitter,178,1,0.75,0.75,1547,qwen3.6:latest
Math-58-0029,Math,58,29,AOR,arithmetic,org.apache.commons.math.optimization.fitting.GaussianFitter,178,1,0.75,0.75,1593,qwen3.6:latest
Math-58-0030,Math,58,30,AOR,arithmetic,org.apache.commons.math.optimization.fitting.GaussianFitter,178,1,0.75,0.75,1585,qwen3.6:latest
Math-58-0031,Math,58,31,AOR,arithmetic,org.apache.commons.math.optimization.fitting.GaussianFitter,178,1,0.75,0.75,1564,qwen3.6:latest
Math-58-0032,Math,58,32,AOR,arithmetic,org.apache.commons.math.optimization.fitting.GaussianFitter,178,1,0.85,0.85,1571,qwen3.6:latest
Math-58-0033,Math,58,33,LVR,arithmetic,org.apache.commons.math.optimization.fitting.GaussianFitter,178,1,0.75,0.75,1577,qwen3.6:latest
Math-58-0034,Math,58,34,LVR,arithmetic,org.apache.commons.math.optimization.fitting.GaussianFitter,178,1,0.75,0.75,1565,qwen3.6:latest
Math-58-0035,Math,58,35,AOR,arithmetic,org.apache.commons.math.optimization.fitting.GaussianFitter,178,1,0.75,0.75,1570,qwen3.6:latest
Math-58-0036,Math,58,36,AOR,arithmetic,org.apache.commons.math.optimization.fitting.GaussianFitter,178,1,0.75,0.75,1593,qwen3.6:latest
Math-58-0037,Math,58,37,AOR,arithmetic,org.apache.commons.math.optimization.fitting.GaussianFitter,178,1,0.75,0.75,1554,qwen3.6:latest
Math-58-0038,Math,58,38,AOR,arithmetic,org.apache.commons.math.optimization.fitting.GaussianFitter,178,1,0.75,0.75,1590,qwen3.6:latest
Math-58-0039,Math,58,39,AOR,arithmetic,org.apache.commons.math.optimization.fitting.GaussianFitter,178,1,0.75,0.75,1597,qwen3.6:latest
Math-58-0040,Math,58,40,AOR,arithmetic,org.apache.commons.math.optimization.fitting.GaussianFitter,178,1,0.75,0.75,1577,qwen3.6:latest
Math-58-0041,Math,58,41,AOR,arithmetic,org.apache.commons.math.optimization.fitting.GaussianFitter,178,1,0.75,0.75,1572,qwen3.6:latest
Math-58-0042,Math,58,42,AOR,arithmetic,org.apache.commons.math.optimization.fitting.GaussianFitter,178,1,0.75,0.75,1589,qwen3.6:latest
Math-58-0043,Math,58,43,LVR,arithmetic,org.apache.commons.math.optimization.fitting.GaussianFitter,179,1,0.85,0.85,1632,qwen3.6:latest
Math-58-0044,Math,58,44,LVR,arithmetic,org.apache.commons.math.optimization.fitting.GaussianFitter,179,1,0.75,0.75,1602,qwen3.6:latest
Math-58-0045,Math,58,45,ORU,return_value,org.apache.commons.math.optimization.fitting.GaussianFitter,180,1,0.75,0.75,1646,qwen3.6:latest
Math-58-0046,Math,58,46,ORU,return_value,org.apache.commons.math.optimization.fitting.GaussianFitter,180,1,0.75,0.75,1573,qwen3.6:latest
Math-58-0047,Math,58,47,LVR,arithmetic,org.apache.commons.math.optimization.fitting.GaussianFitter,180,1,0.75,0.75,1558,qwen3.6:latest
Math-58-0048,Math,58,48,LVR,arithmetic,org.apache.commons.math.optimization.fitting.GaussianFitter,180,1,0.75,0.75,1560,qwen3.6:latest
Math-58-0049,Math,58,49,AOR,arithmetic,org.apache.commons.math.optimization.fitting.GaussianFitter,181,1,0.75,0.75,1546,qwen3.6:latest
Math-58-0050,Math,58,50,AOR,arithmetic,org.apache.commons.math.optimization.fitting.GaussianFitter,181,1,0.75,0.75,1543,qwen3.6:latest
Math-58-0051,Math,58,51,AOR,arithmetic,org.apache.commons.math.optimization.fitting.GaussianFitter,181,1,0.85,0.85,1561,qwen3.6:latest
Math-58-0052,Math,58,52,AOR,arithmetic,org.apache.commons.math.optimization.fitting.GaussianFitter,181,1,0.85,0.85,1551,qwen3.6:latest
Math-58-0053,Math,58,53,LVR,arithmetic,org.apache.commons.math.optimization.fitting.GaussianFitter,183,1,0.75,0.75,1515,qwen3.6:latest
Math-58-0054,Math,58,54,LVR,arithmetic,org.apache.commons.math.optimization.fitting.GaussianFitter,183,1,0.75,0.75,1545,qwen3.6:latest
Math-58-0055,Math,58,55,AOR,arithmetic,org.apache.commons.math.optimization.fitting.GaussianFitter,183,1,0.85,0.85,1562,qwen3.6:latest
Math-58-0056,Math,58,56,AOR,arithmetic,org.apache.commons.math.optimization.fitting.GaussianFitter,183,1,0.85,0.85,1556,qwen3.6:latest
Math-58-0057,Math,58,57,AOR,arithmetic,org.apache.commons.math.optimization.fitting.GaussianFitter,183,1,0.85,0.85,1537,qwen3.6:latest
Math-58-0058,Math,58,58,AOR,arithmetic,org.apache.commons.math.optimization.fitting.GaussianFitter,183,1,0.85,0.85,1596,qwen3.6:latest
Math-58-0059,Math,58,59,LVR,arithmetic,org.apache.commons.math.optimization.fitting.GaussianFitter,183,1,0.85,0.85,1536,qwen3.6:latest
Math-58-0060,Math,58,60,LVR,arithmetic,org.apache.commons.math.optimization.fitting.GaussianFitter,183,1,0.85,0.85,1560,qwen3.6:latest
Math-58-0061,Math,58,61,AOR,arithmetic,org.apache.commons.math.optimization.fitting.GaussianFitter,183,1,0.85,0.85,1551,qwen3.6:latest
Math-58-0062,Math,58,62,AOR,arithmetic,org.apache.commons.math.optimization.fitting.GaussianFitter,183,1,0.85,0.85,1534,qwen3.6:latest
Math-58-0063,Math,58,63,AOR,arithmetic,org.apache.commons.math.optimization.fitting.GaussianFitter,183,1,0.85,0.85,1572,qwen3.6:latest
Math-58-0064,Math,58,64,AOR,arithmetic,org.apache.commons.math.optimization.fitting.GaussianFitter,183,1,0.85,0.85,1544,qwen3.6:latest
Math-58-0065,Math,58,65,LVR,arithmetic,org.apache.commons.math.optimization.fitting.GaussianFitter,185,1,0.75,0.75,1538,qwen3.6:latest
Math-58-0066,Math,58,66,LVR,arithmetic,org.apache.commons.math.optimization.fitting.GaussianFitter,185,1,0.75,0.75,1542,qwen3.6:latest
Math-58-0067,Math,58,67,LVR,arithmetic,org.apache.commons.math.optimization.fitting.GaussianFitter,185,1,0.75,0.75,1517,qwen3.6:latest
Math-58-0068,Math,58,68,LVR,arithmetic,org.apache.commons.math.optimization.fitting.GaussianFitter,185,1,0.75,0.75,1538,qwen3.6:latest
Math-58-0069,Math,58,69,LVR,arithmetic,org.apache.commons.math.optimization.fitting.GaussianFitter,185,1,0.75,0.75,1540,qwen3.6:latest
Math-58-0070,Math,58,70,LVR,arithmetic,org.apache.commons.math.optimization.fitting.GaussianFitter,185,1,0.75,0.75,1542,qwen3.6:latest
Math-58-0071,Math,58,71,LVR,arithmetic,org.apache.commons.math.optimization.fitting.GaussianFitter,185,1,0.75,0.75,1601,qwen3.6:latest
Math-58-0072,Math,58,72,LVR,arithmetic,org.apache.commons.math.optimization.fitting.GaussianFitter,185,1,0.75,0.75,1530,qwen3.6:latest
Math-58-0073,Math,58,73,AOR,arithmetic,org.apache.commons.math.optimization.fitting.GaussianFitter,185,1,0.85,0.85,1519,qwen3.6:latest
Math-58-0074,Math,58,74,AOR,arithmetic,org.apache.commons.math.optimization.fitting.GaussianFitter,185,1,0.85,0.85,1542,qwen3.6:latest
Math-58-0075,Math,58,75,AOR,arithmetic,org.apache.commons.math.optimization.fitting.GaussianFitter,185,1,0.85,0.85,1569,qwen3.6:latest
Math-58-0076,Math,58,76,AOR,arithmetic,org.apache.commons.math.optimization.fitting.GaussianFitter,185,1,0.75,0.75,1600,qwen3.6:latest
Math-58-0077,Math,58,77,AOR,arithmetic,org.apache.commons.math.optimization.fitting.GaussianFitter,185,1,0.85,0.85,1555,qwen3.6:latest
Math-58-0078,Math,58,78,AOR,arithmetic,org.apache.commons.math.optimization.fitting.GaussianFitter,185,1,0.85,0.85,1544,qwen3.6:latest
Math-58-0079,Math,58,79,AOR,arithmetic,org.apache.commons.math.optimization.fitting.GaussianFitter,185,1,0.85,0.85,1527,qwen3.6:latest
Math-58-0080,Math,58,80,AOR,arithmetic,org.apache.commons.math.optimization.fitting.GaussianFitter,185,1,0.75,0.75,1524,qwen3.6:latest
Math-58-0081,Math,58,81,AOR,arithmetic,org.apache.commons.math.optimization.fitting.GaussianFitter,185,1,0.85,0.85,1548,qwen3.6:latest
Math-58-0082,Math,58,82,AOR,arithmetic,org.apache.commons.math.optimization.fitting.GaussianFitter,185,1,0.85,0.85,1547,qwen3.6:latest
Math-58-0083,Math,58,83,AOR,arithmetic,org.apache.commons.math.optimization.fitting.GaussianFitter,185,1,0.85,0.85,1559,qwen3.6:latest
Math-58-0084,Math,58,84,AOR,arithmetic,org.apache.commons.math.optimization.fitting.GaussianFitter,185,1,0.85,0.85,1632,qwen3.6:latest
Math-58-0085,Math,58,85,STD,statement_deletion,org.apache.commons.math.optimization.fitting.GaussianFitter,185,1,0.15,0.15,1559,qwen3.6:latest
Math-58-0086,Math,58,86,LVR,arithmetic,org.apache.commons.math.optimization.fitting.GaussianFitter,197,0,0.85,0.85,1487,qwen3.6:latest
Math-58-0087,Math,58,87,LVR,arithmetic,org.apache.commons.math.optimization.fitting.GaussianFitter,197,1,0.85,0.85,1489,qwen3.6:latest
Math-58-0088,Math,58,88,LVR,arithmetic,org.apache.commons.math.optimization.fitting.GaussianFitter,198,0,0.85,0.85,1479,qwen3.6:latest
Math-58-0089,Math,58,89,LVR,arithmetic,org.apache.commons.math.optimization.fitting.GaussianFitter,198,1,0.85,0.85,1457,qwen3.6:latest
Math-58-0090,Math,58,90,ROR,relational,org.apache.commons.math.optimization.fitting.GaussianFitter,198,0,0.85,0.85,1465,qwen3.6:latest
Math-58-0091,Math,58,91,ROR,relational,org.apache.commons.math.optimization.fitting.GaussianFitter,198,1,0.85,0.85,1452,qwen3.6:latest
Math-58-0092,Math,58,92,ROR,relational,org.apache.commons.math.optimization.fitting.GaussianFitter,198,1,0.85,0.85,1455,qwen3.6:latest
Math-58-0093,Math,58,93,ROR,relational,org.apache.commons.math.optimization.fitting.GaussianFitter,199,1,0.85,0.85,1488,qwen3.6:latest
Math-58-0094,Math,58,94,ROR,relational,org.apache.commons.math.optimization.fitting.GaussianFitter,199,0,0.85,0.85,1496,qwen3.6:latest
Math-58-0095,Math,58,95,ROR,relational,org.apache.commons.math.optimization.fitting.GaussianFitter,199,1,0.85,0.85,1466,qwen3.6:latest
Math-58-0096,Math,58,96,STD,statement_deletion,org.apache.commons.math.optimization.fitting.GaussianFitter,200,1,0.85,0.85,1482,qwen3.6:latest
Math-58-0097,Math,58,97,LVR,arithmetic,org.apache.commons.math.optimization.fitting.GaussianFitter,223,1,0.85,0.85,1568,qwen3.6:latest
Math-58-0098,Math,58,98,LVR,arithmetic,org.apache.commons.math.optimization.fitting.GaussianFitter,223,1,0.85,0.85,1585,qwen3.6:latest
Math-58-0099,Math,58,99,ROR,relational,org.apache.commons.math.optimization.fitting.GaussianFitter,223,1,0.85,0.85,1547,qwen3.6:latest
Math-58-0100,Math,58,100,ROR,relational,org.apache.commons.math.optimization.fitting.GaussianFitter,223,1,0.85,0.85,1577,qwen3.6:latest
Math-58-0101,Math,58,101,ROR,relational,org.apache.commons.math.optimization.fitting.GaussianFitter,223,0,0.85,0.85,1544,qwen3.6:latest
Math-58-0102,Math,58,102,LVR,arithmetic,org.apache.commons.math.optimization.fitting.GaussianFitter,227,1,0.85,0.85,1540,qwen3.6:latest
Math-58-0103,Math,58,103,LVR,arithmetic,org.apache.commons.math.optimization.fitting.GaussianFitter,227,1,0.85,0.85,1522,qwen3.6:latest
Math-58-0104,Math,58,104,LVR,arithmetic,org.apache.commons.math.optimization.fitting.GaussianFitter,228,1,0.85,0.85,1533,qwen3.6:latest
Math-58-0105,Math,58,105,LVR,arithmetic,org.apache.commons.math.optimization.fitting.GaussianFitter,228,1,0.85,0.85,1542,qwen3.6:latest
Math-58-0106,Math,58,106,ROR,relational,org.apache.commons.math.optimization.fitting.GaussianFitter,229,1,0.85,0.85,1493,qwen3.6:latest
Math-58-0107,Math,58,107,ROR,relational,org.apache.commons.math.optimization.fitting.GaussianFitter,229,1,0.85,0.85,1500,qwen3.6:latest
Math-58-0108,Math,58,108,ROR,relational,org.apache.commons.math.optimization.fitting.GaussianFitter,229,0,0.85,0.85,1492,qwen3.6:latest
Math-58-0109,Math,58,109,ROR,relational,org.apache.commons.math.optimization.fitting.GaussianFitter,232,1,0.85,0.85,1563,qwen3.6:latest
Math-58-0110,Math,58,110,ROR,relational,org.apache.commons.math.optimization.fitting.GaussianFitter,232,1,0.85,0.85,1528,qwen3.6:latest
Math-58-0111,Math,58,111,ROR,relational,org.apache.commons.math.optimization.fitting.GaussianFitter,232,0,0.85,0.85,1532,qwen3.6:latest
Math-58-0112,Math,58,112,AOR,arithmetic,org.apache.commons.math.optimization.fitting.GaussianFitter,236,1,0.85,0.85,1446,qwen3.6:latest
Math-58-0113,Math,58,113,AOR,arithmetic,org.apache.commons.math.optimization.fitting.GaussianFitter,236,1,0.85,0.85,1446,qwen3.6:latest
Math-58-0114,Math,58,114,AOR,arithmetic,org.apache.commons.math.optimization.fitting.GaussianFitter,236,1,0.85,0.85,1430,qwen3.6:latest
Math-58-0115,Math,58,115,AOR,arithmetic,org.apache.commons.math.optimization.fitting.GaussianFitter,236,1,0.85,0.85,1428,qwen3.6:latest
Math-58-0116,Math,58,116,AOR,arithmetic,org.apache.commons.math.optimization.fitting.GaussianFitter,236,1,0.85,0.85,1436,qwen3.6:latest
Math-58-0117,Math,58,117,AOR,arithmetic,org.apache.commons.math.optimization.fitting.GaussianFitter,236,1,0.85,0.85,1505,qwen3.6:latest
Math-58-0118,Math,58,118,AOR,arithmetic,org.apache.commons.math.optimization.fitting.GaussianFitter,236,1,0.85,0.85,1476,qwen3.6:latest
Math-58-0119,Math,58,119,AOR,arithmetic,org.apache.commons.math.optimization.fitting.GaussianFitter,236,1,0.85,0.85,1460,qwen3.6:latest
Math-58-0120,Math,58,120,AOR,arithmetic,org.apache.commons.math.optimization.fitting.GaussianFitter,236,1,0.85,0.85,1423,qwen3.6:latest
Math-58-0121,Math,58,121,AOR,arithmetic,org.apache.commons.math.optimization.fitting.GaussianFitter,236,1,0.85,0.85,1428,qwen3.6:latest
Math-58-0122,Math,58,122,AOR,arithmetic,org.apache.commons.math.optimization.fitting.GaussianFitter,236,1,0.85,0.85,1421,qwen3.6:latest
Math-58-0123,Math,58,123,AOR,arithmetic,org.apache.commons.math.optimization.fitting.GaussianFitter,236,1,0.85,0.85,1440,qwen3.6:latest
Math-58-0124,Math,58,124,AOR,arithmetic,org.apache.commons.math.optimization.fitting.GaussianFitter,237,1,0.85,0.85,1553,qwen3.6:latest
Math-58-0125,Math,58,125,AOR,arithmetic,org.apache.commons.math.optimization.fitting.GaussianFitter,237,1,0.85,0.85,1437,qwen3.6:latest
Math-58-0126,Math,58,126,AOR,arithmetic,org.apache.commons.math.optimization.fitting.GaussianFitter,237,1,0.85,0.85,1484,qwen3.6:latest
Math-58-0127,Math,58,127,AOR,arithmetic,org.apache.commons.math.optimization.fitting.GaussianFitter,237,1,0.85,0.85,1459,qwen3.6:latest
Math-58-0128,Math,58,128,AOR,arithmetic,org.apache.commons.math.optimization.fitting.GaussianFitter,236,1,0.85,0.85,1468,qwen3.6:latest
Math-58-0129,Math,58,129,AOR,arithmetic,org.apache.commons.math.optimization.fitting.GaussianFitter,236,1,0.85,0.85,1446,qwen3.6:latest
Math-58-0130,Math,58,130,AOR,arithmetic,org.apache.commons.math.optimization.fitting.GaussianFitter,236,1,0.85,0.85,1483,qwen3.6:latest
Math-58-0131,Math,58,131,AOR,arithmetic,org.apache.commons.math.optimization.fitting.GaussianFitter,236,1,0.85,0.85,1477,qwen3.6:latest
Math-58-0132,Math,58,132,AOR,arithmetic,org.apache.commons.math.optimization.fitting.GaussianFitter,235,1,0.85,0.85,1465,qwen3.6:latest
Math-58-0133,Math,58,133,AOR,arithmetic,org.apache.commons.math.optimization.fitting.GaussianFitter,235,1,0.85,0.85,1473,qwen3.6:latest
Math-58-0134,Math,58,134,AOR,arithmetic,org.apache.commons.math.optimization.fitting.GaussianFitter,235,1,0.85,0.85,1467,qwen3.6:latest
Math-58-0135,Math,58,135,AOR,arithmetic,org.apache.commons.math.optimization.fitting.GaussianFitter,235,1,0.85,0.85,1479,qwen3.6:latest
Math-58-0136,Math,58,136,LVR,arithmetic,org.apache.commons.math.optimization.fitting.GaussianFitter,258,1,0.75,0.75,1530,qwen3.6:latest
Math-58-0137,Math,58,137,LVR,arithmetic,org.apache.commons.math.optimization.fitting.GaussianFitter,258,1,0.85,0.85,1601,qwen3.6:latest
Math-58-0138,Math,58,138,ROR,relational,org.apache.commons.math.optimization.fitting.GaussianFitter,258,1,0.85,0.85,1615,qwen3.6:latest
Math-58-0139,Math,58,139,ROR,relational,org.apache.commons.math.optimization.fitting.GaussianFitter,258,1,0.75,0.75,1552,qwen3.6:latest
Math-58-0140,Math,58,140,ROR,relational,org.apache.commons.math.optimization.fitting.GaussianFitter,258,0,0.85,0.85,1569,qwen3.6:latest
Math-58-0141,Math,58,141,LVR,arithmetic,org.apache.commons.math.optimization.fitting.GaussianFitter,262,0,0.85,0.85,1549,qwen3.6:latest
Math-58-0142,Math,58,142,LVR,arithmetic,org.apache.commons.math.optimization.fitting.GaussianFitter,262,1,0.85,0.85,1578,qwen3.6:latest
Math-58-0143,Math,58,143,ROR,relational,org.apache.commons.math.optimization.fitting.GaussianFitter,262,1,0.85,0.85,1567,qwen3.6:latest
Math-58-0144,Math,58,144,ROR,relational,org.apache.commons.math.optimization.fitting.GaussianFitter,262,0,0.85,0.85,1632,qwen3.6:latest
Math-58-0145,Math,58,145,ROR,relational,org.apache.commons.math.optimization.fitting.GaussianFitter,262,1,0.85,0.85,1547,qwen3.6:latest
Math-58-0146,Math,58,146,AOR,arithmetic,org.apache.commons.math.optimization.fitting.GaussianFitter,262,1,0.85,0.85,1566,qwen3.6:latest
Math-58-0147,Math,58,147,AOR,arithmetic,org.apache.commons.math.optimization.fitting.GaussianFitter,262,1,0.85,0.85,1573,qwen3.6:latest
Math-58-0148,Math,58,148,AOR,arithmetic,org.apache.commons.math.optimization.fitting.GaussianFitter,262,1,0.85,0.85,1567,qwen3.6:latest
Math-58-0149,Math,58,149,AOR,arithmetic,org.apache.commons.math.optimization.fitting.GaussianFitter,262,1,0.85,0.85,1561,qwen3.6:latest
Math-58-0150,Math,58,150,LVR,arithmetic,org.apache.commons.math.optimization.fitting.GaussianFitter,262,0,0.85,0.85,1639,qwen3.6:latest
Math-58-0151,Math,58,151,LVR,arithmetic,org.apache.commons.math.optimization.fitting.GaussianFitter,262,1,0.85,0.85,1615,qwen3.6:latest
Math-58-0152,Math,58,152,ROR,relational,org.apache.commons.math.optimization.fitting.GaussianFitter,262,1,0.75,0.75,1585,qwen3.6:latest
Math-58-0153,Math,58,153,ROR,relational,org.apache.commons.math.optimization.fitting.GaussianFitter,262,0,0.85,0.85,1578,qwen3.6:latest
Math-58-0154,Math,58,154,ROR,relational,org.apache.commons.math.optimization.fitting.GaussianFitter,262,1,0.85,0.85,1576,qwen3.6:latest
Math-58-0155,Math,58,155,AOR,arithmetic,org.apache.commons.math.optimization.fitting.GaussianFitter,262,1,0.85,0.85,1538,qwen3.6:latest
Math-58-0156,Math,58,156,AOR,arithmetic,org.apache.commons.math.optimization.fitting.GaussianFitter,262,1,0.85,0.85,1580,qwen3.6:latest
Math-58-0157,Math,58,157,AOR,arithmetic,org.apache.commons.math.optimization.fitting.GaussianFitter,262,1,0.85,0.85,1587,qwen3.6:latest
Math-58-0158,Math,58,158,AOR,arithmetic,org.apache.commons.math.optimization.fitting.GaussianFitter,262,1,0.85,0.85,1575,qwen3.6:latest
Math-58-0159,Math,58,159,ROR,relational,org.apache.commons.math.optimization.fitting.GaussianFitter,262,0,0.85,0.85,1562,qwen3.6:latest
Math-58-0160,Math,58,160,ROR,relational,org.apache.commons.math.optimization.fitting.GaussianFitter,262,1,0.85,0.85,1561,qwen3.6:latest
Math-58-0161,Math,58,161,ROR,relational,org.apache.commons.math.optimization.fitting.GaussianFitter,262,1,0.85,0.85,1567,qwen3.6:latest
Math-58-0162,Math,58,162,AOR,arithmetic,org.apache.commons.math.optimization.fitting.GaussianFitter,264,1,0.85,0.85,1550,qwen3.6:latest
Math-58-0163,Math,58,163,AOR,arithmetic,org.apache.commons.math.optimization.fitting.GaussianFitter,264,1,0.85,0.85,1616,qwen3.6:latest
Math-58-0164,Math,58,164,AOR,arithmetic,org.apache.commons.math.optimization.fitting.GaussianFitter,264,1,0.85,0.85,1585,qwen3.6:latest
Math-58-0165,Math,58,165,AOR,arithmetic,org.apache.commons.math.optimization.fitting.GaussianFitter,264,1,0.85,0.85,1533,qwen3.6:latest
Math-58-0166,Math,58,166,COR,logical,org.apache.commons.math.optimization.fitting.GaussianFitter,264,1,0.85,0.85,1544,qwen3.6:latest
Math-58-0167,Math,58,167,COR,logical,org.apache.commons.math.optimization.fitting.GaussianFitter,264,1,0.85,0.85,1546,qwen3.6:latest
Math-58-0168,Math,58,168,LVR,arithmetic,org.apache.commons.math.optimization.fitting.GaussianFitter,265,0,0.15,0.15,1551,qwen3.6:latest
Math-58-0169,Math,58,169,LVR,arithmetic,org.apache.commons.math.optimization.fitting.GaussianFitter,265,0,0.15,0.15,1562,qwen3.6:latest
Math-58-0170,Math,58,170,ROR,relational,org.apache.commons.math.optimization.fitting.GaussianFitter,265,0,0.85,0.85,1518,qwen3.6:latest
Math-58-0171,Math,58,171,ROR,relational,org.apache.commons.math.optimization.fitting.GaussianFitter,265,0,0.75,0.75,1518,qwen3.6:latest
Math-58-0172,Math,58,172,ROR,relational,org.apache.commons.math.optimization.fitting.GaussianFitter,265,0,0.15,0.15,1547,qwen3.6:latest
Math-58-0173,Math,58,173,AOR,arithmetic,org.apache.commons.math.optimization.fitting.GaussianFitter,266,1,0.15,0.15,1537,qwen3.6:latest
Math-58-0174,Math,58,174,AOR,arithmetic,org.apache.commons.math.optimization.fitting.GaussianFitter,266,1,0.75,0.75,1549,qwen3.6:latest
Math-58-0175,Math,58,175,AOR,arithmetic,org.apache.commons.math.optimization.fitting.GaussianFitter,266,1,0.75,0.75,1553,qwen3.6:latest
Math-58-0176,Math,58,176,AOR,arithmetic,org.apache.commons.math.optimization.fitting.GaussianFitter,266,1,0.85,0.85,1531,qwen3.6:latest
Math-58-0177,Math,58,177,AOR,arithmetic,org.apache.commons.math.optimization.fitting.GaussianFitter,267,1,0.75,0.75,1560,qwen3.6:latest
Math-58-0178,Math,58,178,AOR,arithmetic,org.apache.commons.math.optimization.fitting.GaussianFitter,267,1,0.85,0.85,1574,qwen3.6:latest
Math-58-0179,Math,58,179,AOR,arithmetic,org.apache.commons.math.optimization.fitting.GaussianFitter,267,1,0.85,0.85,1572,qwen3.6:latest
Math-58-0180,Math,58,180,AOR,arithmetic,org.apache.commons.math.optimization.fitting.GaussianFitter,267,1,0.85,0.85,1533,qwen3.6:latest
Math-58-0181,Math,58,181,STD,statement_deletion,org.apache.commons.math.optimization.fitting.GaussianFitter,274,0,0.15,0.15,1425,qwen3.6:latest
Math-58-0182,Math,58,182,STD,statement_deletion,org.apache.commons.math.optimization.fitting.GaussianFitter,275,0,0.15,0.15,1453,qwen3.6:latest
Math-58-0183,Math,58,183,ROR,relational,org.apache.commons.math.optimization.fitting.GaussianFitter,291,0,0.85,0.85,1538,qwen3.6:latest
Math-58-0184,Math,58,184,ROR,relational,org.apache.commons.math.optimization.fitting.GaussianFitter,291,0,0.85,0.85,1516,qwen3.6:latest
Math-58-0185,Math,58,185,ROR,relational,org.apache.commons.math.optimization.fitting.GaussianFitter,291,1,0.85,0.85,1531,qwen3.6:latest
Math-58-0186,Math,58,186,ROR,relational,org.apache.commons.math.optimization.fitting.GaussianFitter,291,0,0.85,0.85,1535,qwen3.6:latest
Math-58-0187,Math,58,187,ROR,relational,org.apache.commons.math.optimization.fitting.GaussianFitter,291,0,0.85,0.85,1558,qwen3.6:latest
Math-58-0188,Math,58,188,ROR,relational,org.apache.commons.math.optimization.fitting.GaussianFitter,291,0,0.85,0.85,1532,qwen3.6:latest
Math-58-0189,Math,58,189,COR,logical,org.apache.commons.math.optimization.fitting.GaussianFitter,291,0,0.85,0.85,1564,qwen3.6:latest
Math-58-0190,Math,58,190,COR,logical,org.apache.commons.math.optimization.fitting.GaussianFitter,291,0,0.85,0.85,1530,qwen3.6:latest
Math-58-0191,Math,58,191,COR,logical,org.apache.commons.math.optimization.fitting.GaussianFitter,291,0,0.85,0.85,1536,qwen3.6:latest
Math-58-0192,Math,58,192,COR,logical,org.apache.commons.math.optimization.fitting.GaussianFitter,291,1,0.85,0.85,1554,qwen3.6:latest
Math-58-0193,Math,58,193,ROR,relational,org.apache.commons.math.optimization.fitting.GaussianFitter,292,1,0.85,0.85,1564,qwen3.6:latest
Math-58-0194,Math,58,194,ROR,relational,org.apache.commons.math.optimization.fitting.GaussianFitter,292,0,0.85,0.85,1567,qwen3.6:latest
Math-58-0195,Math,58,195,ROR,relational,org.apache.commons.math.optimization.fitting.GaussianFitter,292,1,0.85,0.85,1587,qwen3.6:latest
Math-58-0196,Math,58,196,ROR,relational,org.apache.commons.math.optimization.fitting.GaussianFitter,292,0,0.85,0.85,1537,qwen3.6:latest
Math-58-0197,Math,58,197,ROR,relational,org.apache.commons.math.optimization.fitting.GaussianFitter,292,1,0.85,0.85,1539,qwen3.6:latest
Math-58-0198,Math,58,198,ROR,relational,org.apache.commons.math.optimization.fitting.GaussianFitter,292,0,0.85,0.85,1532,qwen3.6:latest
Math-58-0199,Math,58,199,COR,logical,org.apache.commons.math.optimization.fitting.GaussianFitter,292,0,0.85,0.85,1514,qwen3.6:latest
Math-58-0200,Math,58,200,COR,logical,org.apache.commons.math.optimization.fitting.GaussianFitter,292,1,0.85,0.85,1514,qwen3.6:latest
Math-58-0201,Math,58,201,COR,logical,org.apache.commons.math.optimization.fitting.GaussianFitter,292,0,0.85,0.85,1543,qwen3.6:latest
Math-58-0202,Math,58,202,COR,logical,org.apache.commons.math.optimization.fitting.GaussianFitter,292,1,0.85,0.85,1566,qwen3.6:latest
Math-58-0203,Math,58,203,COR,logical,org.apache.commons.math.optimization.fitting.GaussianFitter,291,0,0.85,0.85,1545,qwen3.6:latest
Math-58-0204,Math,58,204,COR,logical,org.apache.commons.math.optimization.fitting.GaussianFitter,291,1,0.85,0.85,1567,qwen3.6:latest
Math-58-0205,Math,58,205,COR,logical,org.apache.commons.math.optimization.fitting.GaussianFitter,292,0,0.85,0.85,1543,qwen3.6:latest
Math-58-0206,Math,58,206,COR,logical,org.apache.commons.math.optimization.fitting.GaussianFitter,291,1,0.85,0.85,1571,qwen3.6:latest
Math-58-0207,Math,58,207,ROR,relational,org.apache.commons.math.optimization.fitting.GaussianFitter,304,0,0.85,0.85,1539,qwen3.6:latest
Math-58-0208,Math,58,208,ROR,relational,org.apache.commons.math.optimization.fitting.GaussianFitter,304,0,0.85,0.85,1550,qwen3.6:latest
Math-58-0209,Math,58,209,COR,logical,org.apache.commons.math.optimization.fitting.GaussianFitter,304,0,0.85,0.85,1515,qwen3.6:latest
Math-58-0210,Math,58,210,COR,logical,org.apache.commons.math.optimization.fitting.GaussianFitter,304,0,0.95,0.95,1533,qwen3.6:latest
Math-58-0211,Math,58,211,COR,logical,org.apache.commons.math.optimization.fitting.GaussianFitter,304,0,0.85,0.85,1543,qwen3.6:latest
Math-58-0212,Math,58,212,COR,logical,org.apache.commons.math.optimization.fitting.GaussianFitter,304,0,0.85,0.85,1519,qwen3.6:latest
Math-58-0213,Math,58,213,LVR,arithmetic,org.apache.commons.math.optimization.fitting.GaussianFitter,305,0,0.85,0.85,1508,qwen3.6:latest
Math-58-0214,Math,58,214,LVR,arithmetic,org.apache.commons.math.optimization.fitting.GaussianFitter,305,0,0.85,0.85,1527,qwen3.6:latest
Math-58-0215,Math,58,215,ROR,relational,org.apache.commons.math.optimization.fitting.GaussianFitter,307,0,0.85,0.85,1555,qwen3.6:latest
Math-58-0216,Math,58,216,LVR,arithmetic,org.apache.commons.math.optimization.fitting.GaussianFitter,308,0,0.85,0.85,1467,qwen3.6:latest
Math-58-0217,Math,58,217,LVR,arithmetic,org.apache.commons.math.optimization.fitting.GaussianFitter,308,0,0.85,0.85,1445,qwen3.6:latest
Math-58-0218,Math,58,218,ROR,relational,org.apache.commons.math.optimization.fitting.GaussianFitter,310,0,0.85,0.85,1454,qwen3.6:latest
Math-58-0219,Math,58,219,LVR,arithmetic,org.apache.commons.math.optimization.fitting.GaussianFitter,311,0,0.85,0.85,1442,qwen3.6:latest
Math-58-0220,Math,58,220,LVR,arithmetic,org.apache.commons.math.optimization.fitting.GaussianFitter,311,0,0.85,0.85,1437,qwen3.6:latest
Math-58-0221,Math,58,221,ROR,relational,org.apache.commons.math.optimization.fitting.GaussianFitter,313,1,0.85,0.85,1457,qwen3.6:latest
Math-58-0222,Math,58,222,ROR,relational,org.apache.commons.math.optimization.fitting.GaussianFitter,313,0,0.85,0.85,1446,qwen3.6:latest
Math-58-0223,Math,58,223,ROR,relational,org.apache.commons.math.optimization.fitting.GaussianFitter,313,0,0.85,0.85,1456,qwen3.6:latest
Math-58-0224,Math,58,224,LVR,arithmetic,org.apache.commons.math.optimization.fitting.GaussianFitter,314,0,0.85,0.85,1450,qwen3.6:latest
Math-58-0225,Math,58,225,LVR,arithmetic,org.apache.commons.math.optimization.fitting.GaussianFitter,314,0,0.85,0.85,1437,qwen3.6:latest
Math-58-0226,Math,58,226,ROR,relational,org.apache.commons.math.optimization.fitting.GaussianFitter,316,0,0.85,0.85,1460,qwen3.6:latest
Math-58-0227,Math,58,227,ROR,relational,org.apache.commons.math.optimization.fitting.GaussianFitter,316,0,0.85,0.85,1444,qwen3.6:latest
Math-58-0228,Math,58,228,ROR,relational,org.apache.commons.math.optimization.fitting.GaussianFitter,316,1,0.85,0.85,1464,qwen3.6:latest
Math-58-0229,Math,58,229,LVR,arithmetic,org.apache.commons.math.optimization.fitting.GaussianFitter,317,0,0.85,0.85,1456,qwen3.6:latest
Math-58-0230,Math,58,230,LVR,arithmetic,org.apache.commons.math.optimization.fitting.GaussianFitter,317,1,0.85,0.85,1442,qwen3.6:latest
Math-58-0231,Math,58,231,ROR,relational,org.apache.commons.math.optimization.fitting.GaussianFitter,319,0,0.85,0.85,1444,qwen3.6:latest
Math-58-0232,Math,58,232,ROR,relational,org.apache.commons.math.optimization.fitting.GaussianFitter,319,0,0.85,0.85,1483,qwen3.6:latest
Math-58-0233,Math,58,233,ROR,relational,org.apache.commons.math.optimization.fitting.GaussianFitter,319,0,0.85,0.85,1451,qwen3.6:latest
Math-58-0234,Math,58,234,LVR,arithmetic,org.apache.commons.math.optimization.fitting.GaussianFitter,320,0,0.85,0.85,1447,qwen3.6:latest
Math-58-0235,Math,58,235,LVR,arithmetic,org.apache.commons.math.optimization.fitting.GaussianFitter,320,0,0.85,0.85,1468,qwen3.6:latest
Math-58-0236,Math,58,236,ROR,relational,org.apache.commons.math.optimization.fitting.GaussianFitter,322,0,0.85,0.85,1464,qwen3.6:latest
Math-58-0237,Math,58,237,ROR,relational,org.apache.commons.math.optimization.fitting.GaussianFitter,322,0,0.75,0.75,1454,qwen3.6:latest
Math-58-0238,Math,58,238,ROR,relational,org.apache.commons.math.optimization.fitting.GaussianFitter,322,0,0.85,0.85,1455,qwen3.6:latest
Math-58-0239,Math,58,239,LVR,arithmetic,org.apache.commons.math.optimization.fitting.GaussianFitter,323,0,0.85,0.85,1452,qwen3.6:latest
Math-58-0240,Math,58,240,LVR,arithmetic,org.apache.commons.math.optimization.fitting.GaussianFitter,323,0,0.85,0.85,1463,qwen3.6:latest
Math-58-0241,Math,58,241,ROR,relational,org.apache.commons.math.optimization.fitting.GaussianFitter,325,0,0.85,0.85,1440,qwen3.6:latest
Math-58-0242,Math,58,242,ROR,relational,org.apache.commons.math.optimization.fitting.GaussianFitter,325,0,0.85,0.85,1539,qwen3.6:latest
Math-58-0243,Math,58,243,ROR,relational,org.apache.commons.math.optimization.fitting.GaussianFitter,325,0,0.85,0.85,1446,qwen3.6:latest
Math-58-0244,Math,58,244,LVR,arithmetic,org.apache.commons.math.optimization.fitting.GaussianFitter,326,0,0.85,0.85,1426,qwen3.6:latest
Math-58-0245,Math,58,245,LVR,arithmetic,org.apache.commons.math.optimization.fitting.GaussianFitter,326,0,0.85,0.85,1425,qwen3.6:latest
Math-58-0246,Math,58,246,ROR,relational,org.apache.commons.math.optimization.fitting.GaussianFitter,328,0,0.85,0.85,1438,qwen3.6:latest
Math-58-0247,Math,58,247,ROR,relational,org.apache.commons.math.optimization.fitting.GaussianFitter,328,0,0.85,0.85,1433,qwen3.6:latest
Math-58-0248,Math,58,248,ROR,relational,org.apache.commons.math.optimization.fitting.GaussianFitter,328,0,0.85,0.85,1458,qwen3.6:latest
Math-58-0249,Math,58,249,LVR,arithmetic,org.apache.commons.math.optimization.fitting.GaussianFitter,329,0,0.85,0.85,1487,qwen3.6:latest
Math-58-0250,Math,58,250,LVR,arithmetic,org.apache.commons.math.optimization.fitting.GaussianFitter,329,0,0.85,0.85,1442,qwen3.6:latest
Math-58-0251,Math,58,251,LVR,arithmetic,org.apache.commons.math.optimization.fitting.GaussianFitter,331,0,0.85,0.85,1465,qwen3.6:latest
Math-58-0252,Math,58,252,LVR,arithmetic,org.apache.commons.math.optimization.fitting.GaussianFitter,331,0,0.85,0.85,1440,qwen3.6:latest
Math-60-0001,Math,60,1,LVR,arithmetic,org.apache.commons.math.distribution.NormalDistributionImpl,45,1,0.15,0.15,1553,qwen3.6:latest
Math-60-0002,Math,60,2,LVR,arithmetic,org.apache.commons.math.distribution.NormalDistributionImpl,45,1,0.1,0.1,1535,qwen3.6:latest
Math-60-0003,Math,60,3,AOR,arithmetic,org.apache.commons.math.distribution.NormalDistributionImpl,45,1,0.15,0.15,1552,qwen3.6:latest
Math-60-0004,Math,60,4,AOR,arithmetic,org.apache.commons.math.distribution.NormalDistributionImpl,45,1,0.15,0.15,1541,qwen3.6:latest
Math-60-0005,Math,60,5,AOR,arithmetic,org.apache.commons.math.distribution.NormalDistributionImpl,45,1,0.15,0.15,1579,qwen3.6:latest
Math-60-0006,Math,60,6,AOR,arithmetic,org.apache.commons.math.distribution.NormalDistributionImpl,45,1,0.15,0.15,1593,qwen3.6:latest
Math-60-0007,Math,60,7,LVR,arithmetic,org.apache.commons.math.distribution.NormalDistributionImpl,74,1,0.95,0.95,1510,qwen3.6:latest
Math-60-0008,Math,60,8,LVR,arithmetic,org.apache.commons.math.distribution.NormalDistributionImpl,74,1,0.95,0.95,1486,qwen3.6:latest
Math-60-0009,Math,60,9,ROR,relational,org.apache.commons.math.distribution.NormalDistributionImpl,74,1,0.95,0.95,1550,qwen3.6:latest
Math-60-0010,Math,60,10,ROR,relational,org.apache.commons.math.distribution.NormalDistributionImpl,74,0,0.95,0.95,1605,qwen3.6:latest
Math-60-0011,Math,60,11,ROR,relational,org.apache.commons.math.distribution.NormalDistributionImpl,74,1,0.95,0.95,1552,qwen3.6:latest
Math-60-0012,Math,60,12,LVR,arithmetic,org.apache.commons.math.distribution.NormalDistributionImpl,88,0,0.85,0.85,1468,qwen3.6:latest
Math-60-0013,Math,60,13,LVR,arithmetic,org.apache.commons.math.distribution.NormalDistributionImpl,88,0,0.85,0.85,1484,qwen3.6:latest
Math-60-0014,Math,60,14,LVR,arithmetic,org.apache.commons.math.distribution.NormalDistributionImpl,88,0,0.85,0.85,1476,qwen3.6:latest
Math-60-0015,Math,60,15,LVR,arithmetic,org.apache.commons.math.distribution.NormalDistributionImpl,88,0,0.85,0.85,1447,qwen3.6:latest
Math-60-0016,Math,60,16,AOR,arithmetic,org.apache.commons.math.distribution.NormalDistributionImpl,110,1,0.85,0.85,1471,qwen3.6:latest
Math-60-0017,Math,60,17,AOR,arithmetic,org.apache.commons.math.distribution.NormalDistributionImpl,110,1,0.85,0.85,1548,qwen3.6:latest
Math-60-0018,Math,60,18,AOR,arithmetic,org.apache.commons.math.distribution.NormalDistributionImpl,110,1,0.85,0.85,1486,qwen3.6:latest
Math-60-0019,Math,60,19,AOR,arithmetic,org.apache.commons.math.distribution.NormalDistributionImpl,110,1,0.85,0.85,1516,qwen3.6:latest
Math-60-0020,Math,60,20,AOR,arithmetic,org.apache.commons.math.distribution.NormalDistributionImpl,111,1,0.85,0.85,1571,qwen3.6:latest
Math-60-0021,Math,60,21,AOR,arithmetic,org.apache.commons.math.distribution.NormalDistributionImpl,111,1,0.85,0.85,1601,qwen3.6:latest
Math-60-0022,Math,60,22,AOR,arithmetic,org.apache.commons.math.distribution.NormalDistributionImpl,111,1,0.85,0.85,1562,qwen3.6:latest
Math-60-0023,Math,60,23,AOR,arithmetic,org.apache.commons.math.distribution.NormalDistributionImpl,111,1,0.85,0.85,1555,qwen3.6:latest
Math-60-0024,Math,60,24,ORU,return_value,org.apache.commons.math.distribution.NormalDistributionImpl,112,1,0.85,0.85,1576,qwen3.6:latest
Math-60-0025,Math,60,25,LVR,arithmetic,org.apache.commons.math.distribution.NormalDistributionImpl,112,1,0.85,0.85,1554,qwen3.6:latest
Math-60-0026,Math,60,26,LVR,arithmetic,org.apache.commons.math.distribution.NormalDistributionImpl,112,1,0.75,0.75,1551,qwen3.6:latest
Math-60-0027,Math,60,27,AOR,arithmetic,org.apache.commons.math.distribution.NormalDistributionImpl,112,1,0.85,0.85,1548,qwen3.6:latest
Math-60-0028,Math,60,28,AOR,arithmetic,org.apache.commons.math.distribution.NormalDistributionImpl,112,1,0.85,0.85,1574,qwen3.6:latest
Math-60-0029,Math,60,29,AOR,arithmetic,org.apache.commons.math.distribution.NormalDistributionImpl,112,1,0.85,0.85,1569,qwen3.6:latest
Math-60-0030,Math,60,30,AOR,arithmetic,org.apache.commons.math.distribution.NormalDistributionImpl,112,1,0.85,0.85,1587,qwen3.6:latest
Math-60-0031,Math,60,31,AOR,arithmetic,org.apache.commons.math.distribution.NormalDistributionImpl,112,1,0.85,0.85,1580,qwen3.6:latest
Math-60-0032,Math,60,32,AOR,arithmetic,org.apache.commons.math.distribution.NormalDistributionImpl,112,1,0.85,0.85,1574,qwen3.6:latest
Math-60-0033,Math,60,33,AOR,arithmetic,org.apache.commons.math.distribution.NormalDistributionImpl,112,1,0.85,0.85,1586,qwen3.6:latest
Math-60-0034,Math,60,34,AOR,arithmetic,org.apache.commons.math.distribution.NormalDistributionImpl,112,1,0.85,0.85,1582,qwen3.6:latest
Math-60-0035,Math,60,35,AOR,arithmetic,org.apache.commons.math.distribution.NormalDistributionImpl,112,1,0.85,0.85,1551,qwen3.6:latest
Math-60-0036,Math,60,36,AOR,arithmetic,org.apache.commons.math.distribution.NormalDistributionImpl,112,1,0.85,0.85,1595,qwen3.6:latest
Math-60-0037,Math,60,37,AOR,arithmetic,org.apache.commons.math.distribution.NormalDistributionImpl,112,1,0.85,0.85,1569,qwen3.6:latest
Math-60-0038,Math,60,38,AOR,arithmetic,org.apache.commons.math.distribution.NormalDistributionImpl,112,1,0.85,0.85,1545,qwen3.6:latest
Math-60-0039,Math,60,39,AOR,arithmetic,org.apache.commons.math.distribution.NormalDistributionImpl,112,1,0.85,0.85,1551,qwen3.6:latest
Math-60-0040,Math,60,40,AOR,arithmetic,org.apache.commons.math.distribution.NormalDistributionImpl,112,1,0.85,0.85,1531,qwen3.6:latest
Math-60-0041,Math,60,41,AOR,arithmetic,org.apache.commons.math.distribution.NormalDistributionImpl,112,1,0.85,0.85,1560,qwen3.6:latest
Math-60-0042,Math,60,42,AOR,arithmetic,org.apache.commons.math.distribution.NormalDistributionImpl,112,1,0.85,0.85,1539,qwen3.6:latest
Math-60-0043,Math,60,43,AOR,arithmetic,org.apache.commons.math.distribution.NormalDistributionImpl,125,1,0.85,0.85,1532,qwen3.6:latest
Math-60-0044,Math,60,44,AOR,arithmetic,org.apache.commons.math.distribution.NormalDistributionImpl,125,1,0.85,0.85,1540,qwen3.6:latest
Math-60-0045,Math,60,45,AOR,arithmetic,org.apache.commons.math.distribution.NormalDistributionImpl,125,1,0.85,0.85,1529,qwen3.6:latest
Math-60-0046,Math,60,46,AOR,arithmetic,org.apache.commons.math.distribution.NormalDistributionImpl,125,1,0.85,0.85,1546,qwen3.6:latest
Math-60-0047,Math,60,47,LVR,arithmetic,org.apache.commons.math.distribution.NormalDistributionImpl,126,1,0.85,0.85,1559,qwen3.6:latest
Math-60-0048,Math,60,48,LVR,arithmetic,org.apache.commons.math.distribution.NormalDistributionImpl,126,1,0.85,0.85,1534,qwen3.6:latest
Math-60-0049,Math,60,49,AOR,arithmetic,org.apache.commons.math.distribution.NormalDistributionImpl,126,1,0.85,0.85,1566,qwen3.6:latest
Math-60-0050,Math,60,50,AOR,arithmetic,org.apache.commons.math.distribution.NormalDistributionImpl,126,1,0.85,0.85,1545,qwen3.6:latest
Math-60-0051,Math,60,51,AOR,arithmetic,org.apache.commons.math.distribution.NormalDistributionImpl,126,1,0.85,0.85,1520,qwen3.6:latest
Math-60-0052,Math,60,52,AOR,arithmetic,org.apache.commons.math.distribution.NormalDistributionImpl,126,1,0.85,0.85,1527,qwen3.6:latest
Math-60-0053,Math,60,53,ROR,relational,org.apache.commons.math.distribution.NormalDistributionImpl,126,1,0.85,0.85,1534,qwen3.6:latest
Math-60-0054,Math,60,54,ROR,relational,org.apache.commons.math.distribution.NormalDistributionImpl,126,0,0.85,0.85,1557,qwen3.6:latest
Math-60-0055,Math,60,55,ROR,relational,org.apache.commons.math.distribution.NormalDistributionImpl,126,1,0.85,0.85,1576,qwen3.6:latest
Math-60-0056,Math,60,56,LVR,arithmetic,org.apache.commons.math.distribution.NormalDistributionImpl,127,0,0.85,0.85,1538,qwen3.6:latest
Math-60-0057,Math,60,57,LVR,arithmetic,org.apache.commons.math.distribution.NormalDistributionImpl,127,0,0.85,0.85,1527,qwen3.6:latest
Math-60-0058,Math,60,58,ROR,relational,org.apache.commons.math.distribution.NormalDistributionImpl,127,1,0.85,0.85,1547,qwen3.6:latest
Math-60-0059,Math,60,59,ROR,relational,org.apache.commons.math.distribution.NormalDistributionImpl,127,0,0.85,0.85,1567,qwen3.6:latest
Math-60-0060,Math,60,60,ROR,relational,org.apache.commons.math.distribution.NormalDistributionImpl,127,1,0.9,0.9,1506,qwen3.6:latest
Math-60-0061,Math,60,61,LVR,arithmetic,org.apache.commons.math.distribution.NormalDistributionImpl,127,1,0.85,0.85,1521,qwen3.6:latest
Math-60-0062,Math,60,62,LVR,arithmetic,org.apache.commons.math.distribution.NormalDistributionImpl,127,1,0.85,0.85,1568,qwen3.6:latest
Math-60-0063,Math,60,63,LVR,arithmetic,org.apache.commons.math.distribution.NormalDistributionImpl,127,1,0.85,0.85,1532,qwen3.6:latest
Math-60-0064,Math,60,64,LVR,arithmetic,org.apache.commons.math.distribution.NormalDistributionImpl,127,1,0.85,0.85,1550,qwen3.6:latest
Math-60-0065,Math,60,65,LVR,arithmetic,org.apache.commons.math.distribution.NormalDistributionImpl,129,1,0.85,0.85,1471,qwen3.6:latest
Math-60-0066,Math,60,66,LVR,arithmetic,org.apache.commons.math.distribution.NormalDistributionImpl,129,1,0.85,0.85,1470,qwen3.6:latest
Math-60-0067,Math,60,67,LVR,arithmetic,org.apache.commons.math.distribution.NormalDistributionImpl,129,1,0.85,0.85,1481,qwen3.6:latest
Math-60-0068,Math,60,68,LVR,arithmetic,org.apache.commons.math.distribution.NormalDistributionImpl,129,1,0.85,0.85,1475,qwen3.6:latest
Math-60-0069,Math,60,69,LVR,arithmetic,org.apache.commons.math.distribution.NormalDistributionImpl,130,1,0.75,0.75,1493,qwen3.6:latest
Math-60-0070,Math,60,70,LVR,arithmetic,org.apache.commons.math.distribution.NormalDistributionImpl,130,1,0.15,0.15,1497,qwen3.6:latest
Math-60-0071,Math,60,71,AOR,arithmetic,org.apache.commons.math.distribution.NormalDistributionImpl,130,1,0.75,0.75,1542,qwen3.6:latest
Math-60-0072,Math,60,72,AOR,arithmetic,org.apache.commons.math.distribution.NormalDistributionImpl,130,1,0.85,0.85,1528,qwen3.6:latest
Math-60-0073,Math,60,73,AOR,arithmetic,org.apache.commons.math.distribution.NormalDistributionImpl,130,1,0.85,0.85,1514,qwen3.6:latest
Math-60-0074,Math,60,74,AOR,arithmetic,org.apache.commons.math.distribution.NormalDistributionImpl,130,1,0.85,0.85,1508,qwen3.6:latest
Math-60-0075,Math,60,75,AOR,arithmetic,org.apache.commons.math.distribution.NormalDistributionImpl,129,1,0.75,0.75,1571,qwen3.6:latest
Math-60-0076,Math,60,76,AOR,arithmetic,org.apache.commons.math.distribution.NormalDistributionImpl,129,1,0.85,0.85,1533,qwen3.6:latest
Math-60-0077,Math,60,77,AOR,arithmetic,org.apache.commons.math.distribution.NormalDistributionImpl,129,1,0.85,0.85,1547,qwen3.6:latest
Math-60-0078,Math,60,78,AOR,arithmetic,org.apache.commons.math.distribution.NormalDistributionImpl,129,1,0.85,0.85,1548,qwen3.6:latest
Math-60-0079,Math,60,79,AOR,arithmetic,org.apache.commons.math.distribution.NormalDistributionImpl,129,1,0.75,0.75,1531,qwen3.6:latest
Math-60-0080,Math,60,80,AOR,arithmetic,org.apache.commons.math.distribution.NormalDistributionImpl,129,1,0.85,0.85,1514,qwen3.6:latest
Math-60-0081,Math,60,81,AOR,arithmetic,org.apache.commons.math.distribution.NormalDistributionImpl,129,1,0.85,0.85,1544,qwen3.6:latest
Math-60-0082,Math,60,82,AOR,arithmetic,org.apache.commons.math.distribution.NormalDistributionImpl,129,1,0.85,0.85,1549,qwen3.6:latest
Math-60-0083,Math,60,83,AOR,arithmetic,org.apache.commons.math.distribution.NormalDistributionImpl,129,1,0.75,0.75,1541,qwen3.6:latest
Math-60-0084,Math,60,84,AOR,arithmetic,org.apache.commons.math.distribution.NormalDistributionImpl,129,1,0.85,0.85,1533,qwen3.6:latest
Math-60-0085,Math,60,85,AOR,arithmetic,org.apache.commons.math.distribution.NormalDistributionImpl,129,1,0.85,0.85,1540,qwen3.6:latest
Math-60-0086,Math,60,86,AOR,arithmetic,org.apache.commons.math.distribution.NormalDistributionImpl,129,1,0.85,0.85,1530,qwen3.6:latest
Math-60-0087,Math,60,87,LVR,arithmetic,org.apache.commons.math.distribution.NormalDistributionImpl,161,1,0.85,0.85,1462,qwen3.6:latest
Math-60-0088,Math,60,88,LVR,arithmetic,org.apache.commons.math.distribution.NormalDistributionImpl,161,1,0.85,0.85,1483,qwen3.6:latest
Math-60-0089,Math,60,89,ROR,relational,org.apache.commons.math.distribution.NormalDistributionImpl,161,1,0.95,0.95,1455,qwen3.6:latest
Math-60-0090,Math,60,90,ROR,relational,org.apache.commons.math.distribution.NormalDistributionImpl,161,1,0.95,0.95,1482,qwen3.6:latest
Math-60-0091,Math,60,91,ROR,relational,org.apache.commons.math.distribution.NormalDistributionImpl,161,1,0.95,0.95,1451,qwen3.6:latest
Math-60-0092,Math,60,92,LVR,arithmetic,org.apache.commons.math.distribution.NormalDistributionImpl,164,1,0.85,0.85,1427,qwen3.6:latest
Math-60-0093,Math,60,93,LVR,arithmetic,org.apache.commons.math.distribution.NormalDistributionImpl,164,1,0.85,0.85,1424,qwen3.6:latest
Math-60-0094,Math,60,94,ROR,relational,org.apache.commons.math.distribution.NormalDistributionImpl,164,1,0.95,0.95,1414,qwen3.6:latest
Math-60-0095,Math,60,95,ROR,relational,org.apache.commons.math.distribution.NormalDistributionImpl,164,1,0.95,0.95,1466,qwen3.6:latest
Math-60-0096,Math,60,96,ROR,relational,org.apache.commons.math.distribution.NormalDistributionImpl,164,1,0.95,0.95,1424,qwen3.6:latest
Math-60-0097,Math,60,97,LVR,arithmetic,org.apache.commons.math.distribution.NormalDistributionImpl,194,1,0.85,0.85,1404,qwen3.6:latest
Math-60-0098,Math,60,98,LVR,arithmetic,org.apache.commons.math.distribution.NormalDistributionImpl,194,1,0.15,0.15,1413,qwen3.6:latest
Math-60-0099,Math,60,99,ROR,relational,org.apache.commons.math.distribution.NormalDistributionImpl,194,0,0.85,0.85,1471,qwen3.6:latest
Math-60-0100,Math,60,100,ROR,relational,org.apache.commons.math.distribution.NormalDistributionImpl,194,0,0.85,0.85,1429,qwen3.6:latest
Math-60-0101,Math,60,101,ROR,relational,org.apache.commons.math.distribution.NormalDistributionImpl,194,1,0.85,0.85,1433,qwen3.6:latest
Math-60-0102,Math,60,102,ORU,return_value,org.apache.commons.math.distribution.NormalDistributionImpl,195,1,0.1,0.1,1442,qwen3.6:latest
Math-60-0103,Math,60,103,LVR,arithmetic,org.apache.commons.math.distribution.NormalDistributionImpl,215,0,0.85,0.85,1450,qwen3.6:latest
Math-60-0104,Math,60,104,LVR,arithmetic,org.apache.commons.math.distribution.NormalDistributionImpl,215,0,0.85,0.85,1440,qwen3.6:latest
Math-60-0105,Math,60,105,ROR,relational,org.apache.commons.math.distribution.NormalDistributionImpl,215,1,0.85,0.85,1435,qwen3.6:latest
Math-60-0106,Math,60,106,ROR,relational,org.apache.commons.math.distribution.NormalDistributionImpl,215,0,0.85,0.85,1428,qwen3.6:latest
Math-60-0107,Math,60,107,ROR,relational,org.apache.commons.math.distribution.NormalDistributionImpl,215,0,0.85,0.85,1435,qwen3.6:latest
Math-60-0108,Math,60,108,LVR,arithmetic,org.apache.commons.math.distribution.NormalDistributionImpl,236,1,0.85,0.85,1420,qwen3.6:latest
Math-60-0109,Math,60,109,LVR,arithmetic,org.apache.commons.math.distribution.NormalDistributionImpl,236,1,0.15,0.15,1514,qwen3.6:latest
Math-60-0110,Math,60,110,ROR,relational,org.apache.commons.math.distribution.NormalDistributionImpl,236,1,0.15,0.15,1444,qwen3.6:latest
Math-60-0111,Math,60,111,ROR,relational,org.apache.commons.math.distribution.NormalDistributionImpl,236,0,0.85,0.85,1457,qwen3.6:latest
Math-60-0112,Math,60,112,ROR,relational,org.apache.commons.math.distribution.NormalDistributionImpl,236,1,0.85,0.85,1448,qwen3.6:latest
Math-60-0113,Math,60,113,AOR,arithmetic,org.apache.commons.math.distribution.NormalDistributionImpl,237,0,0.15,0.15,1439,qwen3.6:latest
Math-60-0114,Math,60,114,AOR,arithmetic,org.apache.commons.math.distribution.NormalDistributionImpl,237,1,0.85,0.85,1447,qwen3.6:latest
Math-60-0115,Math,60,115,AOR,arithmetic,org.apache.commons.math.distribution.NormalDistributionImpl,237,1,0.85,0.85,1430,qwen3.6:latest
Math-60-0116,Math,60,116,AOR,arithmetic,org.apache.commons.math.distribution.NormalDistributionImpl,237,0,0.85,0.85,1459,qwen3.6:latest
Math-60-0117,Math,60,117,LVR,arithmetic,org.apache.commons.math.distribution.NormalDistributionImpl,238,0,0.85,0.85,1439,qwen3.6:latest
Math-60-0118,Math,60,118,LVR,arithmetic,org.apache.commons.math.distribution.NormalDistributionImpl,238,0,0.15,0.15,1423,qwen3.6:latest
Math-60-0119,Math,60,119,ROR,relational,org.apache.commons.math.distribution.NormalDistributionImpl,238,0,0.85,0.85,1420,qwen3.6:latest
Math-60-0120,Math,60,120,ROR,relational,org.apache.commons.math.distribution.NormalDistributionImpl,238,0,0.85,0.85,1454,qwen3.6:latest
Math-60-0121,Math,60,121,ROR,relational,org.apache.commons.math.distribution.NormalDistributionImpl,238,1,0.85,0.85,1439,qwen3.6:latest
Math-60-0122,Math,60,122,AOR,arithmetic,org.apache.commons.math.distribution.NormalDistributionImpl,239,1,0.85,0.85,1443,qwen3.6:latest
Math-60-0123,Math,60,123,AOR,arithmetic,org.apache.commons.math.distribution.NormalDistributionImpl,239,1,0.85,0.85,1477,qwen3.6:latest
Math-60-0124,Math,60,124,AOR,arithmetic,org.apache.commons.math.distribution.NormalDistributionImpl,239,1,0.85,0.85,1472,qwen3.6:latest
Math-60-0125,Math,60,125,AOR,arithmetic,org.apache.commons.math.distribution.NormalDistributionImpl,239,1,0.85,0.85,1451,qwen3.6:latest
Math-67-0001,Math,67,1,LVR,arithmetic,org.apache.commons.math.optimization.MultiStartUnivariateRealOptimizer,82,0,0.15,0.15,1462,qwen3.6:latest
Math-67-0002,Math,67,2,LVR,arithmetic,org.apache.commons.math.optimization.MultiStartUnivariateRealOptimizer,82,0,0.15,0.15,1487,qwen3.6:latest
Math-67-0003,Math,67,3,STD,statement_deletion,org.apache.commons.math.optimization.MultiStartUnivariateRealOptimizer,82,0,0.1,0.1,1438,qwen3.6:latest
Math-67-0004,Math,67,4,STD,statement_deletion,org.apache.commons.math.optimization.MultiStartUnivariateRealOptimizer,83,1,0.1,0.1,1452,qwen3.6:latest
Math-67-0005,Math,67,5,STD,statement_deletion,org.apache.commons.math.optimization.MultiStartUnivariateRealOptimizer,84,1,0.1,0.1,1440,qwen3.6:latest
Math-67-0006,Math,67,6,STD,statement_deletion,org.apache.commons.math.optimization.MultiStartUnivariateRealOptimizer,85,0,0.1,0.1,1444,qwen3.6:latest
Math-67-0007,Math,67,7,STD,statement_deletion,org.apache.commons.math.optimization.MultiStartUnivariateRealOptimizer,86,1,0.1,0.1,1474,qwen3.6:latest
Math-67-0008,Math,67,8,STD,statement_deletion,org.apache.commons.math.optimization.MultiStartUnivariateRealOptimizer,87,1,0.1,0.1,1469,qwen3.6:latest
Math-67-0009,Math,67,9,LVR,arithmetic,org.apache.commons.math.optimization.MultiStartUnivariateRealOptimizer,92,0,0.15,0.15,1446,qwen3.6:latest
Math-67-0010,Math,67,10,LVR,arithmetic,org.apache.commons.math.optimization.MultiStartUnivariateRealOptimizer,92,1,0.15,0.15,1464,qwen3.6:latest
Math-67-0011,Math,67,11,LVR,arithmetic,org.apache.commons.math.optimization.MultiStartUnivariateRealOptimizer,97,1,0.85,0.85,1456,qwen3.6:latest
Math-67-0012,Math,67,12,LVR,arithmetic,org.apache.commons.math.optimization.MultiStartUnivariateRealOptimizer,97,1,0.8,0.8,1429,qwen3.6:latest
Math-67-0013,Math,67,13,STD,statement_deletion,org.apache.commons.math.optimization.MultiStartUnivariateRealOptimizer,132,0,0.1,0.1,1443,qwen3.6:latest
Math-67-0014,Math,67,14,STD,statement_deletion,org.apache.commons.math.optimization.MultiStartUnivariateRealOptimizer,137,0,0.1,0.1,1438,qwen3.6:latest
Math-67-0015,Math,67,15,STD,statement_deletion,org.apache.commons.math.optimization.MultiStartUnivariateRealOptimizer,142,0,0.1,0.1,1472,qwen3.6:latest
Math-67-0016,Math,67,16,STD,statement_deletion,org.apache.commons.math.optimization.MultiStartUnivariateRealOptimizer,147,1,0.1,0.1,1462,qwen3.6:latest
Math-67-0017,Math,67,17,STD,statement_deletion,org.apache.commons.math.optimization.MultiStartUnivariateRealOptimizer,152,1,0.15,0.15,1471,qwen3.6:latest
Math-67-0018,Math,67,18,STD,statement_deletion,org.apache.commons.math.optimization.MultiStartUnivariateRealOptimizer,157,1,0.15,0.15,1487,qwen3.6:latest
Math-67-0019,Math,67,19,STD,statement_deletion,org.apache.commons.math.optimization.MultiStartUnivariateRealOptimizer,162,0,0.15,0.15,1555,qwen3.6:latest
Math-67-0020,Math,67,20,ROR,relational,org.apache.commons.math.optimization.MultiStartUnivariateRealOptimizer,193,1,0.15,0.15,1546,qwen3.6:latest
Math-67-0021,Math,67,21,ROR,relational,org.apache.commons.math.optimization.MultiStartUnivariateRealOptimizer,219,1,0.15,0.15,1580,qwen3.6:latest
Math-67-0022,Math,67,22,STD,statement_deletion,org.apache.commons.math.optimization.MultiStartUnivariateRealOptimizer,231,1,0.15,0.15,1478,qwen3.6:latest
Math-67-0023,Math,67,23,STD,statement_deletion,org.apache.commons.math.optimization.MultiStartUnivariateRealOptimizer,232,1,0.15,0.15,1483,qwen3.6:latest
Math-67-0024,Math,67,24,LVR,arithmetic,org.apache.commons.math.optimization.MultiStartUnivariateRealOptimizer,233,0,0.15,0.15,1473,qwen3.6:latest
Math-67-0025,Math,67,25,LVR,arithmetic,org.apache.commons.math.optimization.MultiStartUnivariateRealOptimizer,233,1,0.15,0.15,1581,qwen3.6:latest
Math-67-0026,Math,67,26,STD,statement_deletion,org.apache.commons.math.optimization.MultiStartUnivariateRealOptimizer,233,0,0.15,0.15,1465,qwen3.6:latest
Math-67-0027,Math,67,27,LVR,arithmetic,org.apache.commons.math.optimization.MultiStartUnivariateRealOptimizer,234,0,0.15,0.15,1512,qwen3.6:latest
Math-67-0028,Math,67,28,LVR,arithmetic,org.apache.commons.math.optimization.MultiStartUnivariateRealOptimizer,234,1,0.15,0.15,1479,qwen3.6:latest
Math-67-0029,Math,67,29,STD,statement_deletion,org.apache.commons.math.optimization.MultiStartUnivariateRealOptimizer,234,0,0.15,0.15,1470,qwen3.6:latest
Math-67-0030,Math,67,30,LVR,arithmetic,org.apache.commons.math.optimization.MultiStartUnivariateRealOptimizer,237,1,0.85,0.85,1557,qwen3.6:latest
Math-67-0031,Math,67,31,LVR,arithmetic,org.apache.commons.math.optimization.MultiStartUnivariateRealOptimizer,237,1,0.85,0.85,1577,qwen3.6:latest
Math-67-0032,Math,67,32,ROR,relational,org.apache.commons.math.optimization.MultiStartUnivariateRealOptimizer,237,0,0.85,0.85,1550,qwen3.6:latest
Math-67-0033,Math,67,33,ROR,relational,org.apache.commons.math.optimization.MultiStartUnivariateRealOptimizer,237,1,0.75,0.75,1562,qwen3.6:latest
Math-67-0034,Math,67,34,ROR,relational,org.apache.commons.math.optimization.MultiStartUnivariateRealOptimizer,237,1,0.85,0.85,1593,qwen3.6:latest
Math-67-0035,Math,67,35,AOR,arithmetic,org.apache.commons.math.optimization.MultiStartUnivariateRealOptimizer,240,1,0.75,0.75,1584,qwen3.6:latest
Math-67-0036,Math,67,36,AOR,arithmetic,org.apache.commons.math.optimization.MultiStartUnivariateRealOptimizer,240,1,0.75,0.75,1587,qwen3.6:latest
Math-67-0037,Math,67,37,AOR,arithmetic,org.apache.commons.math.optimization.MultiStartUnivariateRealOptimizer,240,1,0.75,0.75,1568,qwen3.6:latest
Math-67-0038,Math,67,38,AOR,arithmetic,org.apache.commons.math.optimization.MultiStartUnivariateRealOptimizer,240,1,0.75,0.75,1594,qwen3.6:latest
Math-67-0039,Math,67,39,STD,statement_deletion,org.apache.commons.math.optimization.MultiStartUnivariateRealOptimizer,240,0,0.15,0.15,1564,qwen3.6:latest
Math-67-0040,Math,67,40,AOR,arithmetic,org.apache.commons.math.optimization.MultiStartUnivariateRealOptimizer,241,1,0.85,0.85,1560,qwen3.6:latest
Math-67-0041,Math,67,41,AOR,arithmetic,org.apache.commons.math.optimization.MultiStartUnivariateRealOptimizer,241,1,0.85,0.85,1557,qwen3.6:latest
Math-67-0042,Math,67,42,AOR,arithmetic,org.apache.commons.math.optimization.MultiStartUnivariateRealOptimizer,241,1,0.85,0.85,1562,qwen3.6:latest
Math-67-0043,Math,67,43,AOR,arithmetic,org.apache.commons.math.optimization.MultiStartUnivariateRealOptimizer,241,1,0.85,0.85,1551,qwen3.6:latest
Math-67-0044,Math,67,44,STD,statement_deletion,org.apache.commons.math.optimization.MultiStartUnivariateRealOptimizer,241,0,0.75,0.75,1575,qwen3.6:latest
Math-67-0045,Math,67,45,LVR,arithmetic,org.apache.commons.math.optimization.MultiStartUnivariateRealOptimizer,242,1,0.85,0.85,1557,qwen3.6:latest
Math-67-0046,Math,67,46,LVR,arithmetic,org.apache.commons.math.optimization.MultiStartUnivariateRealOptimizer,242,1,0.85,0.85,1568,qwen3.6:latest
Math-67-0047,Math,67,47,ROR,relational,org.apache.commons.math.optimization.MultiStartUnivariateRealOptimizer,242,0,0.75,0.75,1588,qwen3.6:latest
Math-67-0048,Math,67,48,ROR,relational,org.apache.commons.math.optimization.MultiStartUnivariateRealOptimizer,242,1,0.85,0.85,1582,qwen3.6:latest
Math-67-0049,Math,67,49,ROR,relational,org.apache.commons.math.optimization.MultiStartUnivariateRealOptimizer,242,1,0.85,0.85,1586,qwen3.6:latest
Math-67-0050,Math,67,50,AOR,arithmetic,org.apache.commons.math.optimization.MultiStartUnivariateRealOptimizer,242,1,0.75,0.75,1588,qwen3.6:latest
Math-67-0051,Math,67,51,AOR,arithmetic,org.apache.commons.math.optimization.MultiStartUnivariateRealOptimizer,242,1,0.75,0.75,1567,qwen3.6:latest
Math-67-0052,Math,67,52,AOR,arithmetic,org.apache.commons.math.optimization.MultiStartUnivariateRealOptimizer,242,1,0.85,0.85,1574,qwen3.6:latest
Math-67-0053,Math,67,53,AOR,arithmetic,org.apache.commons.math.optimization.MultiStartUnivariateRealOptimizer,242,1,0.75,0.75,1591,qwen3.6:latest
Math-67-0054,Math,67,54,AOR,arithmetic,org.apache.commons.math.optimization.MultiStartUnivariateRealOptimizer,242,1,0.75,0.75,1620,qwen3.6:latest
Math-67-0055,Math,67,55,AOR,arithmetic,org.apache.commons.math.optimization.MultiStartUnivariateRealOptimizer,242,1,0.75,0.75,1591,qwen3.6:latest
Math-67-0056,Math,67,56,AOR,arithmetic,org.apache.commons.math.optimization.MultiStartUnivariateRealOptimizer,242,1,0.75,0.75,1589,qwen3.6:latest
Math-67-0057,Math,67,57,AOR,arithmetic,org.apache.commons.math.optimization.MultiStartUnivariateRealOptimizer,242,1,0.75,0.75,1616,qwen3.6:latest
Math-67-0058,Math,67,58,AOR,arithmetic,org.apache.commons.math.optimization.MultiStartUnivariateRealOptimizer,242,1,0.75,0.75,1578,qwen3.6:latest
Math-67-0059,Math,67,59,AOR,arithmetic,org.apache.commons.math.optimization.MultiStartUnivariateRealOptimizer,242,1,0.75,0.75,1585,qwen3.6:latest
Math-67-0060,Math,67,60,AOR,arithmetic,org.apache.commons.math.optimization.MultiStartUnivariateRealOptimizer,242,1,0.75,0.75,1576,qwen3.6:latest
Math-67-0061,Math,67,61,AOR,arithmetic,org.apache.commons.math.optimization.MultiStartUnivariateRealOptimizer,242,1,0.75,0.75,1558,qwen3.6:latest
Math-67-0062,Math,67,62,LVR,arithmetic,org.apache.commons.math.optimization.MultiStartUnivariateRealOptimizer,243,1,0.85,0.85,1560,qwen3.6:latest
Math-67-0063,Math,67,63,LVR,arithmetic,org.apache.commons.math.optimization.MultiStartUnivariateRealOptimizer,243,1,0.85,0.85,1617,qwen3.6:latest
Math-67-0064,Math,67,64,ROR,relational,org.apache.commons.math.optimization.MultiStartUnivariateRealOptimizer,243,0,0.75,0.75,1567,qwen3.6:latest
Math-67-0065,Math,67,65,ROR,relational,org.apache.commons.math.optimization.MultiStartUnivariateRealOptimizer,243,1,0.75,0.75,1575,qwen3.6:latest
Math-67-0066,Math,67,66,ROR,relational,org.apache.commons.math.optimization.MultiStartUnivariateRealOptimizer,243,1,0.75,0.75,1604,qwen3.6:latest
Math-67-0067,Math,67,67,AOR,arithmetic,org.apache.commons.math.optimization.MultiStartUnivariateRealOptimizer,243,1,0.75,0.75,1593,qwen3.6:latest
Math-67-0068,Math,67,68,AOR,arithmetic,org.apache.commons.math.optimization.MultiStartUnivariateRealOptimizer,243,1,0.75,0.75,1590,qwen3.6:latest
Math-67-0069,Math,67,69,AOR,arithmetic,org.apache.commons.math.optimization.MultiStartUnivariateRealOptimizer,243,1,0.75,0.75,1580,qwen3.6:latest
Math-67-0070,Math,67,70,AOR,arithmetic,org.apache.commons.math.optimization.MultiStartUnivariateRealOptimizer,243,1,0.75,0.75,1576,qwen3.6:latest
Math-67-0071,Math,67,71,AOR,arithmetic,org.apache.commons.math.optimization.MultiStartUnivariateRealOptimizer,243,1,0.75,0.75,1580,qwen3.6:latest
Math-67-0072,Math,67,72,AOR,arithmetic,org.apache.commons.math.optimization.MultiStartUnivariateRealOptimizer,243,1,0.75,0.75,1570,qwen3.6:latest
Math-67-0073,Math,67,73,AOR,arithmetic,org.apache.commons.math.optimization.MultiStartUnivariateRealOptimizer,243,1,0.75,0.75,1570,qwen3.6:latest
Math-67-0074,Math,67,74,AOR,arithmetic,org.apache.commons.math.optimization.MultiStartUnivariateRealOptimizer,243,1,0.75,0.75,1571,qwen3.6:latest
Math-67-0075,Math,67,75,AOR,arithmetic,org.apache.commons.math.optimization.MultiStartUnivariateRealOptimizer,243,1,0.75,0.75,1569,qwen3.6:latest
Math-67-0076,Math,67,76,AOR,arithmetic,org.apache.commons.math.optimization.MultiStartUnivariateRealOptimizer,243,1,0.75,0.75,1626,qwen3.6:latest
Math-67-0077,Math,67,77,AOR,arithmetic,org.apache.commons.math.optimization.MultiStartUnivariateRealOptimizer,243,1,0.75,0.75,1593,qwen3.6:latest
Math-67-0078,Math,67,78,AOR,arithmetic,org.apache.commons.math.optimization.MultiStartUnivariateRealOptimizer,243,1,0.75,0.75,1586,qwen3.6:latest
Math-67-0079,Math,67,79,STD,statement_deletion,org.apache.commons.math.optimization.MultiStartUnivariateRealOptimizer,247,1,0.15,0.15,1618,qwen3.6:latest
Math-67-0080,Math,67,80,STD,statement_deletion,org.apache.commons.math.optimization.MultiStartUnivariateRealOptimizer,249,0,0.15,0.15,1552,qwen3.6:latest
Math-67-0081,Math,67,81,STD,statement_deletion,org.apache.commons.math.optimization.MultiStartUnivariateRealOptimizer,250,0,0.15,0.15,1531,qwen3.6:latest
Math-67-0082,Math,67,82,STD,statement_deletion,org.apache.commons.math.optimization.MultiStartUnivariateRealOptimizer,252,0,0.15,0.15,1492,qwen3.6:latest
Math-67-0083,Math,67,83,STD,statement_deletion,org.apache.commons.math.optimization.MultiStartUnivariateRealOptimizer,253,0,0.15,0.15,1514,qwen3.6:latest
Math-67-0084,Math,67,84,STD,statement_deletion,org.apache.commons.math.optimization.MultiStartUnivariateRealOptimizer,256,1,0.15,0.15,1491,qwen3.6:latest
Math-67-0085,Math,67,85,STD,statement_deletion,org.apache.commons.math.optimization.MultiStartUnivariateRealOptimizer,257,1,0.15,0.15,1491,qwen3.6:latest
Math-67-0086,Math,67,86,LVR,arithmetic,org.apache.commons.math.optimization.MultiStartUnivariateRealOptimizer,263,0,0.25,0.25,1569,qwen3.6:latest
Math-67-0087,Math,67,87,LVR,arithmetic,org.apache.commons.math.optimization.MultiStartUnivariateRealOptimizer,263,1,0.25,0.25,1562,qwen3.6:latest
Math-67-0088,Math,67,88,ROR,relational,org.apache.commons.math.optimization.MultiStartUnivariateRealOptimizer,263,0,0.25,0.25,1564,qwen3.6:latest
Math-67-0089,Math,67,89,ROR,relational,org.apache.commons.math.optimization.MultiStartUnivariateRealOptimizer,263,1,0.25,0.25,1600,qwen3.6:latest
Math-67-0090,Math,67,90,ROR,relational,org.apache.commons.math.optimization.MultiStartUnivariateRealOptimizer,263,0,0.25,0.25,1568,qwen3.6:latest
Math-67-0091,Math,67,91,COR,logical,org.apache.commons.math.optimization.MultiStartUnivariateRealOptimizer,264,0,0.75,0.75,1521,qwen3.6:latest
Math-67-0092,Math,67,92,COR,logical,org.apache.commons.math.optimization.MultiStartUnivariateRealOptimizer,264,1,0.75,0.75,1509,qwen3.6:latest
Math-67-0093,Math,67,93,STD,statement_deletion,org.apache.commons.math.optimization.MultiStartUnivariateRealOptimizer,265,0,0.15,0.15,1521,qwen3.6:latest
Math-67-0094,Math,67,94,LVR,arithmetic,org.apache.commons.math.optimization.MultiStartUnivariateRealOptimizer,266,0,0.75,0.75,1548,qwen3.6:latest
Math-67-0095,Math,67,95,LVR,arithmetic,org.apache.commons.math.optimization.MultiStartUnivariateRealOptimizer,266,0,0.75,0.75,1576,qwen3.6:latest
Math-67-0096,Math,67,96,AOR,arithmetic,org.apache.commons.math.optimization.MultiStartUnivariateRealOptimizer,266,0,0.75,0.75,1576,qwen3.6:latest
Math-67-0097,Math,67,97,AOR,arithmetic,org.apache.commons.math.optimization.MultiStartUnivariateRealOptimizer,266,0,0.75,0.75,1547,qwen3.6:latest
Math-67-0098,Math,67,98,AOR,arithmetic,org.apache.commons.math.optimization.MultiStartUnivariateRealOptimizer,266,0,0.75,0.75,1549,qwen3.6:latest
Math-67-0099,Math,67,99,AOR,arithmetic,org.apache.commons.math.optimization.MultiStartUnivariateRealOptimizer,266,0,0.75,0.75,1541,qwen3.6:latest
Math-67-0100,Math,67,100,STD,statement_deletion,org.apache.commons.math.optimization.MultiStartUnivariateRealOptimizer,266,0,0.25,0.25,1568,qwen3.6:latest
Math-67-0101,Math,67,101,STD,statement_deletion,org.apache.commons.math.optimization.MultiStartUnivariateRealOptimizer,267,0,0.25,0.25,1519,qwen3.6:latest
Math-67-0102,Math,67,102,LVR,arithmetic,org.apache.commons.math.optimization.MultiStartUnivariateRealOptimizer,268,0,0.75,0.75,1551,qwen3.6:latest
Math-67-0103,Math,67,103,LVR,arithmetic,org.apache.commons.math.optimization.MultiStartUnivariateRealOptimizer,268,0,0.75,0.75,1543,qwen3.6:latest
Math-67-0104,Math,67,104,AOR,arithmetic,org.apache.commons.math.optimization.MultiStartUnivariateRealOptimizer,268,0,0.75,0.75,1558,qwen3.6:latest
Math-67-0105,Math,67,105,AOR,arithmetic,org.apache.commons.math.optimization.MultiStartUnivariateRealOptimizer,268,0,0.75,0.75,1515,qwen3.6:latest
Math-67-0106,Math,67,106,AOR,arithmetic,org.apache.commons.math.optimization.MultiStartUnivariateRealOptimizer,268,0,0.75,0.75,1548,qwen3.6:latest
Math-67-0107,Math,67,107,AOR,arithmetic,org.apache.commons.math.optimization.MultiStartUnivariateRealOptimizer,268,0,0.75,0.75,1527,qwen3.6:latest
Math-67-0108,Math,67,108,STD,statement_deletion,org.apache.commons.math.optimization.MultiStartUnivariateRealOptimizer,268,0,0.25,0.25,1607,qwen3.6:latest
Math-67-0109,Math,67,109,LVR,arithmetic,org.apache.commons.math.optimization.MultiStartUnivariateRealOptimizer,273,0,0.15,0.15,1539,qwen3.6:latest
Math-67-0110,Math,67,110,LVR,arithmetic,org.apache.commons.math.optimization.MultiStartUnivariateRealOptimizer,273,1,0.15,0.15,1522,qwen3.6:latest
Math-67-0111,Math,67,111,LVR,arithmetic,org.apache.commons.math.optimization.MultiStartUnivariateRealOptimizer,274,0,0.85,0.85,1519,qwen3.6:latest
Math-67-0112,Math,67,112,LVR,arithmetic,org.apache.commons.math.optimization.MultiStartUnivariateRealOptimizer,274,1,0.85,0.85,1501,qwen3.6:latest
Math-67-0113,Math,67,113,ROR,relational,org.apache.commons.math.optimization.MultiStartUnivariateRealOptimizer,274,0,0.85,0.85,1486,qwen3.6:latest
Math-67-0114,Math,67,114,ROR,relational,org.apache.commons.math.optimization.MultiStartUnivariateRealOptimizer,274,1,0.85,0.85,1513,qwen3.6:latest
Math-67-0115,Math,67,115,ROR,relational,org.apache.commons.math.optimization.MultiStartUnivariateRealOptimizer,274,0,0.85,0.85,1531,qwen3.6:latest
Math-67-0116,Math,67,116,STD,statement_deletion,org.apache.commons.math.optimization.MultiStartUnivariateRealOptimizer,276,1,0.75,0.75,1510,qwen3.6:latest
Math-67-0117,Math,67,117,STD,statement_deletion,org.apache.commons.math.optimization.MultiStartUnivariateRealOptimizer,277,0,0.15,0.15,1547,qwen3.6:latest
Math-67-0118,Math,67,118,ROR,relational,org.apache.commons.math.optimization.MultiStartUnivariateRealOptimizer,278,0,0.85,0.85,1567,qwen3.6:latest
Math-67-0119,Math,67,119,ROR,relational,org.apache.commons.math.optimization.MultiStartUnivariateRealOptimizer,278,0,0.85,0.85,1564,qwen3.6:latest
Math-67-0120,Math,67,120,ROR,relational,org.apache.commons.math.optimization.MultiStartUnivariateRealOptimizer,278,0,0.85,0.85,1613,qwen3.6:latest
Math-67-0121,Math,67,121,ROR,relational,org.apache.commons.math.optimization.MultiStartUnivariateRealOptimizer,278,0,0.85,0.85,1602,qwen3.6:latest
Math-67-0122,Math,67,122,LOR,logical,org.apache.commons.math.optimization.MultiStartUnivariateRealOptimizer,278,0,0.75,0.75,1571,qwen3.6:latest
Math-67-0123,Math,67,123,LOR,logical,org.apache.commons.math.optimization.MultiStartUnivariateRealOptimizer,278,0,0.75,0.75,1549,qwen3.6:latest
Math-67-0124,Math,67,124,LVR,arithmetic,org.apache.commons.math.optimization.MultiStartUnivariateRealOptimizer,280,0,0.75,0.75,1588,qwen3.6:latest
Math-67-0125,Math,67,125,LVR,arithmetic,org.apache.commons.math.optimization.MultiStartUnivariateRealOptimizer,280,1,0.75,0.75,1561,qwen3.6:latest
Math-67-0126,Math,67,126,AOR,arithmetic,org.apache.commons.math.optimization.MultiStartUnivariateRealOptimizer,280,0,0.75,0.75,1583,qwen3.6:latest
Math-67-0127,Math,67,127,AOR,arithmetic,org.apache.commons.math.optimization.MultiStartUnivariateRealOptimizer,280,0,0.85,0.85,1588,qwen3.6:latest
Math-67-0128,Math,67,128,AOR,arithmetic,org.apache.commons.math.optimization.MultiStartUnivariateRealOptimizer,280,1,0.85,0.85,1601,qwen3.6:latest
Math-67-0129,Math,67,129,AOR,arithmetic,org.apache.commons.math.optimization.MultiStartUnivariateRealOptimizer,280,0,0.85,0.85,1609,qwen3.6:latest
Math-67-0130,Math,67,130,LVR,arithmetic,org.apache.commons.math.optimization.MultiStartUnivariateRealOptimizer,283,0,0.75,0.75,1602,qwen3.6:latest
Math-67-0131,Math,67,131,LVR,arithmetic,org.apache.commons.math.optimization.MultiStartUnivariateRealOptimizer,283,0,0.85,0.85,1582,qwen3.6:latest
Math-67-0132,Math,67,132,ROR,relational,org.apache.commons.math.optimization.MultiStartUnivariateRealOptimizer,283,0,0.85,0.85,1582,qwen3.6:latest
Math-67-0133,Math,67,133,ROR,relational,org.apache.commons.math.optimization.MultiStartUnivariateRealOptimizer,283,0,0.85,0.85,1603,qwen3.6:latest
Math-67-0134,Math,67,134,ROR,relational,org.apache.commons.math.optimization.MultiStartUnivariateRealOptimizer,283,0,0.85,0.85,1587,qwen3.6:latest
Math-67-0135,Math,67,135,ROR,relational,org.apache.commons.math.optimization.MultiStartUnivariateRealOptimizer,283,0,0.85,0.85,1584,qwen3.6:latest
Math-67-0136,Math,67,136,ROR,relational,org.apache.commons.math.optimization.MultiStartUnivariateRealOptimizer,283,1,0.85,0.85,1573,qwen3.6:latest
Math-67-0137,Math,67,137,ROR,relational,org.apache.commons.math.optimization.MultiStartUnivariateRealOptimizer,283,0,0.85,0.85,1602,qwen3.6:latest
Math-67-0138,Math,67,138,ROR,relational,org.apache.commons.math.optimization.MultiStartUnivariateRealOptimizer,283,0,0.85,0.85,1564,qwen3.6:latest
Math-67-0139,Math,67,139,LOR,logical,org.apache.commons.math.optimization.MultiStartUnivariateRealOptimizer,283,0,0.75,0.75,1587,qwen3.6:latest
Math-67-0140,Math,67,140,LOR,logical,org.apache.commons.math.optimization.MultiStartUnivariateRealOptimizer,283,0,0.75,0.75,1700,qwen3.6:latest
Math-67-0141,Math,67,141,COR,logical,org.apache.commons.math.optimization.MultiStartUnivariateRealOptimizer,283,0,0.75,0.75,1616,qwen3.6:latest
Math-67-0142,Math,67,142,COR,logical,org.apache.commons.math.optimization.MultiStartUnivariateRealOptimizer,283,0,0.85,0.85,1580,qwen3.6:latest
Math-67-0143,Math,67,143,COR,logical,org.apache.commons.math.optimization.MultiStartUnivariateRealOptimizer,283,1,0.75,0.75,1607,qwen3.6:latest
Math-67-0144,Math,67,144,COR,logical,org.apache.commons.math.optimization.MultiStartUnivariateRealOptimizer,283,0,0.75,0.75,1596,qwen3.6:latest
Math-67-0145,Math,67,145,LVR,arithmetic,org.apache.commons.math.optimization.MultiStartUnivariateRealOptimizer,284,1,0.75,0.75,1598,qwen3.6:latest
Math-67-0146,Math,67,146,LVR,arithmetic,org.apache.commons.math.optimization.MultiStartUnivariateRealOptimizer,284,1,0.75,0.75,1629,qwen3.6:latest
Math-67-0147,Math,67,147,AOR,arithmetic,org.apache.commons.math.optimization.MultiStartUnivariateRealOptimizer,284,1,0.75,0.75,1627,qwen3.6:latest
Math-67-0148,Math,67,148,AOR,arithmetic,org.apache.commons.math.optimization.MultiStartUnivariateRealOptimizer,284,1,0.75,0.75,1597,qwen3.6:latest
Math-67-0149,Math,67,149,AOR,arithmetic,org.apache.commons.math.optimization.MultiStartUnivariateRealOptimizer,284,1,0.85,0.85,1595,qwen3.6:latest
Math-67-0150,Math,67,150,AOR,arithmetic,org.apache.commons.math.optimization.MultiStartUnivariateRealOptimizer,284,1,0.75,0.75,1618,qwen3.6:latest
Math-67-0151,Math,67,151,STD,statement_deletion,org.apache.commons.math.optimization.MultiStartUnivariateRealOptimizer,284,1,0.15,0.15,1589,qwen3.6:latest
Math-67-0152,Math,67,152,LVR,arithmetic,org.apache.commons.math.optimization.MultiStartUnivariateRealOptimizer,285,1,0.75,0.75,1577,qwen3.6:latest
Math-67-0153,Math,67,153,LVR,arithmetic,org.apache.commons.math.optimization.MultiStartUnivariateRealOptimizer,285,1,0.75,0.75,1593,qwen3.6:latest
Math-67-0154,Math,67,154,AOR,arithmetic,org.apache.commons.math.optimization.MultiStartUnivariateRealOptimizer,285,1,0.75,0.75,1587,qwen3.6:latest
Math-67-0155,Math,67,155,AOR,arithmetic,org.apache.commons.math.optimization.MultiStartUnivariateRealOptimizer,285,1,0.75,0.75,1557,qwen3.6:latest
Math-67-0156,Math,67,156,AOR,arithmetic,org.apache.commons.math.optimization.MultiStartUnivariateRealOptimizer,285,1,0.75,0.75,1555,qwen3.6:latest
Math-67-0157,Math,67,157,AOR,arithmetic,org.apache.commons.math.optimization.MultiStartUnivariateRealOptimizer,285,1,0.75,0.75,1559,qwen3.6:latest
Math-67-0158,Math,67,158,STD,statement_deletion,org.apache.commons.math.optimization.MultiStartUnivariateRealOptimizer,285,1,0.15,0.15,1565,qwen3.6:latest
Math-67-0159,Math,67,159,LVR,arithmetic,org.apache.commons.math.optimization.MultiStartUnivariateRealOptimizer,286,0,0.15,0.15,1585,qwen3.6:latest
Math-67-0160,Math,67,160,LVR,arithmetic,org.apache.commons.math.optimization.MultiStartUnivariateRealOptimizer,286,0,0.15,0.15,1566,qwen3.6:latest
Math-67-0161,Math,67,161,ROR,relational,org.apache.commons.math.optimization.MultiStartUnivariateRealOptimizer,286,0,0.75,0.75,1557,qwen3.6:latest
Math-67-0162,Math,67,162,ROR,relational,org.apache.commons.math.optimization.MultiStartUnivariateRealOptimizer,286,0,0.75,0.75,1558,qwen3.6:latest
Math-67-0163,Math,67,163,ROR,relational,org.apache.commons.math.optimization.MultiStartUnivariateRealOptimizer,286,1,0.75,0.75,1557,qwen3.6:latest
Math-67-0164,Math,67,164,STD,statement_deletion,org.apache.commons.math.optimization.MultiStartUnivariateRealOptimizer,287,1,0.15,0.15,1562,qwen3.6:latest
Math-67-0165,Math,67,165,STD,statement_deletion,org.apache.commons.math.optimization.MultiStartUnivariateRealOptimizer,288,1,0.75,0.75,1620,qwen3.6:latest
Math-67-0166,Math,67,166,STD,statement_deletion,org.apache.commons.math.optimization.MultiStartUnivariateRealOptimizer,290,0,0.25,0.25,1534,qwen3.6:latest
Math-67-0167,Math,67,167,STD,statement_deletion,org.apache.commons.math.optimization.MultiStartUnivariateRealOptimizer,291,0,0.85,0.85,1448,qwen3.6:latest
Math-67-0168,Math,67,168,LVR,arithmetic,org.apache.commons.math.optimization.MultiStartUnivariateRealOptimizer,294,1,0.2,0.2,1433,qwen3.6:latest
Math-67-0169,Math,67,169,LVR,arithmetic,org.apache.commons.math.optimization.MultiStartUnivariateRealOptimizer,294,1,0.25,0.25,1464,qwen3.6:latest
Math-67-0170,Math,67,170,AOR,arithmetic,org.apache.commons.math.optimization.MultiStartUnivariateRealOptimizer,294,1,0.75,0.75,1443,qwen3.6:latest
Math-67-0171,Math,67,171,AOR,arithmetic,org.apache.commons.math.optimization.MultiStartUnivariateRealOptimizer,294,1,0.75,0.75,1461,qwen3.6:latest
Math-67-0172,Math,67,172,AOR,arithmetic,org.apache.commons.math.optimization.MultiStartUnivariateRealOptimizer,294,1,0.75,0.75,1474,qwen3.6:latest
Math-67-0173,Math,67,173,AOR,arithmetic,org.apache.commons.math.optimization.MultiStartUnivariateRealOptimizer,294,1,0.75,0.75,1445,qwen3.6:latest
Math-67-0174,Math,67,174,STD,statement_deletion,org.apache.commons.math.optimization.MultiStartUnivariateRealOptimizer,294,1,0.15,0.15,1453,qwen3.6:latest
Math-67-0175,Math,67,175,LVR,arithmetic,org.apache.commons.math.optimization.MultiStartUnivariateRealOptimizer,295,1,0.2,0.2,1444,qwen3.6:latest
Math-67-0176,Math,67,176,LVR,arithmetic,org.apache.commons.math.optimization.MultiStartUnivariateRealOptimizer,295,1,0.25,0.25,1454,qwen3.6:latest
Math-67-0177,Math,67,177,AOR,arithmetic,org.apache.commons.math.optimization.MultiStartUnivariateRealOptimizer,295,1,0.75,0.75,1475,qwen3.6:latest
Math-67-0178,Math,67,178,AOR,arithmetic,org.apache.commons.math.optimization.MultiStartUnivariateRealOptimizer,295,1,0.75,0.75,1469,qwen3.6:latest
Math-67-0179,Math,67,179,AOR,arithmetic,org.apache.commons.math.optimization.MultiStartUnivariateRealOptimizer,295,1,0.75,0.75,1480,qwen3.6:latest
Math-67-0180,Math,67,180,AOR,arithmetic,org.apache.commons.math.optimization.MultiStartUnivariateRealOptimizer,295,1,0.25,0.25,1443,qwen3.6:latest
Math-67-0181,Math,67,181,STD,statement_deletion,org.apache.commons.math.optimization.MultiStartUnivariateRealOptimizer,295,1,0.15,0.15,1429,qwen3.6:latest
Math-67-0182,Math,67,182,STD,statement_deletion,org.apache.commons.math.optimization.MultiStartUnivariateRealOptimizer,296,0,0.15,0.15,1458,qwen3.6:latest
Math-67-0183,Math,67,183,STD,statement_deletion,org.apache.commons.math.optimization.MultiStartUnivariateRealOptimizer,297,0,0.15,0.15,1456,qwen3.6:latest
Math-67-0184,Math,67,184,LVR,arithmetic,org.apache.commons.math.optimization.MultiStartUnivariateRealOptimizer,301,0,0.15,0.15,1429,qwen3.6:latest
Math-67-0185,Math,67,185,LVR,arithmetic,org.apache.commons.math.optimization.MultiStartUnivariateRealOptimizer,301,1,0.15,0.15,1447,qwen3.6:latest
Math-67-0186,Math,67,186,COR,logical,org.apache.commons.math.optimization.MultiStartUnivariateRealOptimizer,301,0,0.15,0.15,1445,qwen3.6:latest
Math-67-0187,Math,67,187,COR,logical,org.apache.commons.math.optimization.MultiStartUnivariateRealOptimizer,301,1,0.15,0.15,1437,qwen3.6:latest
Math-67-0188,Math,67,188,LVR,arithmetic,org.apache.commons.math.optimization.MultiStartUnivariateRealOptimizer,308,1,0.15,0.15,1439,qwen3.6:latest
Math-67-0189,Math,67,189,LVR,arithmetic,org.apache.commons.math.optimization.MultiStartUnivariateRealOptimizer,308,1,0.15,0.15,1448,qwen3.6:latest
Math-85-0001,Math,85,1,STD,statement_deletion,org.apache.commons.math.analysis.solvers.UnivariateRealSolverUtils,53,1,0.85,0.85,1482,qwen3.6:latest
Math-85-0002,Math,85,2,STD,statement_deletion,org.apache.commons.math.analysis.solvers.UnivariateRealSolverUtils,77,1,0.85,0.85,1455,qwen3.6:latest
Math-85-0003,Math,85,3,STD,statement_deletion,org.apache.commons.math.analysis.solvers.UnivariateRealSolverUtils,79,0,0.15,0.15,1552,qwen3.6:latest
Math-85-0004,Math,85,4,ROR,relational,org.apache.commons.math.analysis.solvers.UnivariateRealSolverUtils,170,1,0.95,0.95,1500,qwen3.6:latest
Math-85-0005,Math,85,5,LVR,arithmetic,org.apache.commons.math.analysis.solvers.UnivariateRealSolverUtils,173,0,0.85,0.85,1548,qwen3.6:latest
Math-85-0006,Math,85,6,LVR,arithmetic,org.apache.commons.math.analysis.solvers.UnivariateRealSolverUtils,173,1,0.85,0.85,1549,qwen3.6:latest
Math-85-0007,Math,85,7,ROR,relational,org.apache.commons.math.analysis.solvers.UnivariateRealSolverUtils,173,1,0.85,0.85,1541,qwen3.6:latest
Math-85-0008,Math,85,8,ROR,relational,org.apache.commons.math.analysis.solvers.UnivariateRealSolverUtils,173,0,0.85,0.85,1546,qwen3.6:latest
Math-85-0009,Math,85,9,ROR,relational,org.apache.commons.math.analysis.solvers.UnivariateRealSolverUtils,173,1,0.85,0.85,1554,qwen3.6:latest
Math-85-0010,Math,85,10,ROR,relational,org.apache.commons.math.analysis.solvers.UnivariateRealSolverUtils,177,1,0.85,0.85,1597,qwen3.6:latest
Math-85-0011,Math,85,11,ROR,relational,org.apache.commons.math.analysis.solvers.UnivariateRealSolverUtils,177,0,0.85,0.85,1532,qwen3.6:latest
Math-85-0012,Math,85,12,ROR,relational,org.apache.commons.math.analysis.solvers.UnivariateRealSolverUtils,177,0,0.85,0.85,1530,qwen3.6:latest
Math-85-0013,Math,85,13,ROR,relational,org.apache.commons.math.analysis.solvers.UnivariateRealSolverUtils,177,1,0.85,0.85,1535,qwen3.6:latest
Math-85-0014,Math,85,14,ROR,relational,org.apache.commons.math.analysis.solvers.UnivariateRealSolverUtils,177,0,0.85,0.85,1539,qwen3.6:latest
Math-85-0015,Math,85,15,ROR,relational,org.apache.commons.math.analysis.solvers.UnivariateRealSolverUtils,177,1,0.85,0.85,1528,qwen3.6:latest
Math-85-0016,Math,85,16,COR,logical,org.apache.commons.math.analysis.solvers.UnivariateRealSolverUtils,177,0,0.85,0.85,1556,qwen3.6:latest
Math-85-0017,Math,85,17,COR,logical,org.apache.commons.math.analysis.solvers.UnivariateRealSolverUtils,177,1,0.85,0.85,1548,qwen3.6:latest
Math-85-0018,Math,85,18,COR,logical,org.apache.commons.math.analysis.solvers.UnivariateRealSolverUtils,177,0,0.85,0.85,1555,qwen3.6:latest
Math-85-0019,Math,85,19,COR,logical,org.apache.commons.math.analysis.solvers.UnivariateRealSolverUtils,177,1,0.85,0.85,1557,qwen3.6:latest
Math-85-0020,Math,85,20,ROR,relational,org.apache.commons.math.analysis.solvers.UnivariateRealSolverUtils,177,0,0.85,0.85,1538,qwen3.6:latest
Math-85-0021,Math,85,21,ROR,relational,org.apache.commons.math.analysis.solvers.UnivariateRealSolverUtils,177,0,0.85,0.85,1553,qwen3.6:latest
Math-85-0022,Math,85,22,ROR,relational,org.apache.commons.math.analysis.solvers.UnivariateRealSolverUtils,177,1,0.85,0.85,1534,qwen3.6:latest
Math-85-0023,Math,85,23,COR,logical,org.apache.commons.math.analysis.solvers.UnivariateRealSolverUtils,177,1,0.85,0.85,1580,qwen3.6:latest
Math-85-0024,Math,85,24,COR,logical,org.apache.commons.math.analysis.solvers.UnivariateRealSolverUtils,177,0,0.85,0.85,1553,qwen3.6:latest
Math-85-0025,Math,85,25,COR,logical,org.apache.commons.math.analysis.solvers.UnivariateRealSolverUtils,177,1,0.85,0.85,1526,qwen3.6:latest
Math-85-0026,Math,85,26,COR,logical,org.apache.commons.math.analysis.solvers.UnivariateRealSolverUtils,177,1,0.85,0.85,1533,qwen3.6:latest
Math-85-0027,Math,85,27,LVR,arithmetic,org.apache.commons.math.analysis.solvers.UnivariateRealSolverUtils,186,0,0.2,0.2,1405,qwen3.6:latest
Math-85-0028,Math,85,28,LVR,arithmetic,org.apache.commons.math.analysis.solvers.UnivariateRealSolverUtils,186,0,0.85,0.85,1432,qwen3.6:latest
Math-85-0029,Math,85,29,LVR,arithmetic,org.apache.commons.math.analysis.solvers.UnivariateRealSolverUtils,189,1,0.85,0.85,1452,qwen3.6:latest
Math-85-0030,Math,85,30,LVR,arithmetic,org.apache.commons.math.analysis.solvers.UnivariateRealSolverUtils,189,1,0.15,0.15,1446,qwen3.6:latest
Math-85-0031,Math,85,31,AOR,arithmetic,org.apache.commons.math.analysis.solvers.UnivariateRealSolverUtils,189,1,0.75,0.75,1466,qwen3.6:latest
Math-85-0032,Math,85,32,AOR,arithmetic,org.apache.commons.math.analysis.solvers.UnivariateRealSolverUtils,189,1,0.85,0.85,1438,qwen3.6:latest
Math-85-0033,Math,85,33,AOR,arithmetic,org.apache.commons.math.analysis.solvers.UnivariateRealSolverUtils,189,1,0.85,0.85,1455,qwen3.6:latest
Math-85-0034,Math,85,34,AOR,arithmetic,org.apache.commons.math.analysis.solvers.UnivariateRealSolverUtils,189,1,0.75,0.75,1458,qwen3.6:latest
Math-85-0035,Math,85,35,STD,statement_deletion,org.apache.commons.math.analysis.solvers.UnivariateRealSolverUtils,189,1,0.15,0.15,1440,qwen3.6:latest
Math-85-0036,Math,85,36,LVR,arithmetic,org.apache.commons.math.analysis.solvers.UnivariateRealSolverUtils,190,1,0.15,0.15,1458,qwen3.6:latest
Math-85-0037,Math,85,37,LVR,arithmetic,org.apache.commons.math.analysis.solvers.UnivariateRealSolverUtils,190,1,0.15,0.15,1455,qwen3.6:latest
Math-85-0038,Math,85,38,AOR,arithmetic,org.apache.commons.math.analysis.solvers.UnivariateRealSolverUtils,190,1,0.85,0.85,1479,qwen3.6:latest
Math-85-0039,Math,85,39,AOR,arithmetic,org.apache.commons.math.analysis.solvers.UnivariateRealSolverUtils,190,1,0.85,0.85,1482,qwen3.6:latest
Math-85-0040,Math,85,40,AOR,arithmetic,org.apache.commons.math.analysis.solvers.UnivariateRealSolverUtils,190,1,0.85,0.85,1486,qwen3.6:latest
Math-85-0041,Math,85,41,AOR,arithmetic,org.apache.commons.math.analysis.solvers.UnivariateRealSolverUtils,190,1,0.85,0.85,1463,qwen3.6:latest
Math-85-0042,Math,85,42,STD,statement_deletion,org.apache.commons.math.analysis.solvers.UnivariateRealSolverUtils,190,1,0.15,0.15,1469,qwen3.6:latest
Math-85-0043,Math,85,43,STD,statement_deletion,org.apache.commons.math.analysis.solvers.UnivariateRealSolverUtils,194,0,0.25,0.25,1552,qwen3.6:latest
Math-85-0044,Math,85,44,AOR,arithmetic,org.apache.commons.math.analysis.solvers.UnivariateRealSolverUtils,195,1,0.75,0.75,1534,qwen3.6:latest
Math-85-0045,Math,85,45,AOR,arithmetic,org.apache.commons.math.analysis.solvers.UnivariateRealSolverUtils,195,1,0.75,0.75,1518,qwen3.6:latest
Math-85-0046,Math,85,46,AOR,arithmetic,org.apache.commons.math.analysis.solvers.UnivariateRealSolverUtils,195,1,0.75,0.75,1516,qwen3.6:latest
Math-85-0047,Math,85,47,AOR,arithmetic,org.apache.commons.math.analysis.solvers.UnivariateRealSolverUtils,195,0,0.75,0.75,1515,qwen3.6:latest
Math-85-0048,Math,85,48,LVR,arithmetic,org.apache.commons.math.analysis.solvers.UnivariateRealSolverUtils,195,1,0.85,0.85,1551,qwen3.6:latest
Math-85-0049,Math,85,49,LVR,arithmetic,org.apache.commons.math.analysis.solvers.UnivariateRealSolverUtils,195,1,0.85,0.85,1549,qwen3.6:latest
Math-85-0050,Math,85,50,ROR,relational,org.apache.commons.math.analysis.solvers.UnivariateRealSolverUtils,195,1,0.75,0.75,1576,qwen3.6:latest
Math-85-0051,Math,85,51,ROR,relational,org.apache.commons.math.analysis.solvers.UnivariateRealSolverUtils,195,1,0.85,0.85,1545,qwen3.6:latest
Math-85-0052,Math,85,52,ROR,relational,org.apache.commons.math.analysis.solvers.UnivariateRealSolverUtils,195,1,0.85,0.85,1513,qwen3.6:latest
Math-85-0053,Math,85,53,ROR,relational,org.apache.commons.math.analysis.solvers.UnivariateRealSolverUtils,195,0,0.75,0.75,1551,qwen3.6:latest
Math-85-0054,Math,85,54,ROR,relational,org.apache.commons.math.analysis.solvers.UnivariateRealSolverUtils,195,0,0.75,0.75,1540,qwen3.6:latest
Math-85-0055,Math,85,55,ROR,relational,org.apache.commons.math.analysis.solvers.UnivariateRealSolverUtils,195,1,0.75,0.75,1533,qwen3.6:latest
Math-85-0056,Math,85,56,COR,logical,org.apache.commons.math.analysis.solvers.UnivariateRealSolverUtils,195,0,0.75,0.75,1567,qwen3.6:latest
Math-85-0057,Math,85,57,COR,logical,org.apache.commons.math.analysis.solvers.UnivariateRealSolverUtils,195,1,0.75,0.75,1534,qwen3.6:latest
Math-85-0058,Math,85,58,COR,logical,org.apache.commons.math.analysis.solvers.UnivariateRealSolverUtils,195,0,0.75,0.75,1516,qwen3.6:latest
Math-85-0059,Math,85,59,COR,logical,org.apache.commons.math.analysis.solvers.UnivariateRealSolverUtils,195,1,0.75,0.75,1550,qwen3.6:latest
Math-85-0060,Math,85,60,ROR,relational,org.apache.commons.math.analysis.solvers.UnivariateRealSolverUtils,196,0,0.95,0.95,1613,qwen3.6:latest
Math-85-0061,Math,85,61,ROR,relational,org.apache.commons.math.analysis.solvers.UnivariateRealSolverUtils,196,0,0.75,0.75,1559,qwen3.6:latest
Math-85-0062,Math,85,62,ROR,relational,org.apache.commons.math.analysis.solvers.UnivariateRealSolverUtils,196,1,0.95,0.95,1545,qwen3.6:latest
Math-85-0063,Math,85,63,ROR,relational,org.apache.commons.math.analysis.solvers.UnivariateRealSolverUtils,196,0,0.95,0.95,1575,qwen3.6:latest
Math-85-0064,Math,85,64,ROR,relational,org.apache.commons.math.analysis.solvers.UnivariateRealSolverUtils,196,0,0.95,0.95,1573,qwen3.6:latest
Math-85-0065,Math,85,65,ROR,relational,org.apache.commons.math.analysis.solvers.UnivariateRealSolverUtils,196,1,0.95,0.95,1562,qwen3.6:latest
Math-85-0066,Math,85,66,COR,logical,org.apache.commons.math.analysis.solvers.UnivariateRealSolverUtils,196,1,0.95,0.95,1590,qwen3.6:latest
Math-85-0067,Math,85,67,COR,logical,org.apache.commons.math.analysis.solvers.UnivariateRealSolverUtils,196,1,0.95,0.95,1573,qwen3.6:latest
Math-85-0068,Math,85,68,COR,logical,org.apache.commons.math.analysis.solvers.UnivariateRealSolverUtils,196,1,0.95,0.95,1578,qwen3.6:latest
Math-85-0069,Math,85,69,COR,logical,org.apache.commons.math.analysis.solvers.UnivariateRealSolverUtils,196,0,0.95,0.95,1662,qwen3.6:latest
Math-85-0070,Math,85,70,COR,logical,org.apache.commons.math.analysis.solvers.UnivariateRealSolverUtils,195,1,0.75,0.75,1554,qwen3.6:latest
Math-85-0071,Math,85,71,COR,logical,org.apache.commons.math.analysis.solvers.UnivariateRealSolverUtils,195,1,0.75,0.75,1538,qwen3.6:latest
Math-85-0072,Math,85,72,COR,logical,org.apache.commons.math.analysis.solvers.UnivariateRealSolverUtils,195,0,0.75,0.75,1549,qwen3.6:latest
Math-85-0073,Math,85,73,COR,logical,org.apache.commons.math.analysis.solvers.UnivariateRealSolverUtils,196,1,0.95,0.95,1581,qwen3.6:latest
Math-85-0074,Math,85,74,AOR,arithmetic,org.apache.commons.math.analysis.solvers.UnivariateRealSolverUtils,198,0,0.15,0.15,1603,qwen3.6:latest
Math-85-0075,Math,85,75,AOR,arithmetic,org.apache.commons.math.analysis.solvers.UnivariateRealSolverUtils,198,1,0.95,0.95,1598,qwen3.6:latest
Math-85-0076,Math,85,76,AOR,arithmetic,org.apache.commons.math.analysis.solvers.UnivariateRealSolverUtils,198,0,0.95,0.95,1577,qwen3.6:latest
Math-85-0077,Math,85,77,AOR,arithmetic,org.apache.commons.math.analysis.solvers.UnivariateRealSolverUtils,198,0,0.95,0.95,1572,qwen3.6:latest
Math-85-0078,Math,85,78,LVR,arithmetic,org.apache.commons.math.analysis.solvers.UnivariateRealSolverUtils,198,0,0.15,0.15,1586,qwen3.6:latest
Math-85-0079,Math,85,79,LVR,arithmetic,org.apache.commons.math.analysis.solvers.UnivariateRealSolverUtils,198,1,0.15,0.15,1543,qwen3.6:latest
Math-85-0080,Math,85,80,ROR,relational,org.apache.commons.math.analysis.solvers.UnivariateRealSolverUtils,198,1,0.95,0.95,1593,qwen3.6:latest
Math-85-0081,Math,85,81,ROR,relational,org.apache.commons.math.analysis.solvers.UnivariateRealSolverUtils,198,1,0.95,0.95,1564,qwen3.6:latest
Math-85-0082,Math,85,82,ROR,relational,org.apache.commons.math.analysis.solvers.UnivariateRealSolverUtils,198,0,0.95,0.95,1568,qwen3.6:latest
Math-85-0083,Math,85,83,AOR,arithmetic,org.apache.commons.math.analysis.solvers.UnivariateRealSolverUtils,218,1,0.85,0.85,1488,qwen3.6:latest
Math-85-0084,Math,85,84,AOR,arithmetic,org.apache.commons.math.analysis.solvers.UnivariateRealSolverUtils,218,1,0.85,0.85,1438,qwen3.6:latest
Math-85-0085,Math,85,85,AOR,arithmetic,org.apache.commons.math.analysis.solvers.UnivariateRealSolverUtils,218,1,0.85,0.85,1445,qwen3.6:latest
Math-85-0086,Math,85,86,AOR,arithmetic,org.apache.commons.math.analysis.solvers.UnivariateRealSolverUtils,218,1,0.85,0.85,1487,qwen3.6:latest
Math-85-0087,Math,85,87,LVR,arithmetic,org.apache.commons.math.analysis.solvers.UnivariateRealSolverUtils,218,1,0.85,0.85,1490,qwen3.6:latest
Math-85-0088,Math,85,88,LVR,arithmetic,org.apache.commons.math.analysis.solvers.UnivariateRealSolverUtils,218,1,0.8,0.8,1447,qwen3.6:latest
Math-85-0089,Math,85,89,AOR,arithmetic,org.apache.commons.math.analysis.solvers.UnivariateRealSolverUtils,218,1,0.85,0.85,1485,qwen3.6:latest
Math-85-0090,Math,85,90,AOR,arithmetic,org.apache.commons.math.analysis.solvers.UnivariateRealSolverUtils,218,1,0.85,0.85,1465,qwen3.6:latest
Math-85-0091,Math,85,91,AOR,arithmetic,org.apache.commons.math.analysis.solvers.UnivariateRealSolverUtils,218,1,0.85,0.85,1426,qwen3.6:latest
Math-85-0092,Math,85,92,AOR,arithmetic,org.apache.commons.math.analysis.solvers.UnivariateRealSolverUtils,218,1,0.85,0.85,1436,qwen3.6:latest
Math-85-0093,Math,85,93,ROR,relational,org.apache.commons.math.analysis.solvers.UnivariateRealSolverUtils,227,1,0.95,0.95,1439,qwen3.6:latest
Math-96-0001,Math,96,1,LVR,arithmetic,org.apache.commons.math.complex.Complex,45,1,0.15,0.15,1542,qwen3.6:latest
Math-96-0002,Math,96,2,LVR,arithmetic,org.apache.commons.math.complex.Complex,45,1,0.15,0.15,1555,qwen3.6:latest
Math-96-0003,Math,96,3,LVR,arithmetic,org.apache.commons.math.complex.Complex,45,1,0.15,0.15,1561,qwen3.6:latest
Math-96-0004,Math,96,4,LVR,arithmetic,org.apache.commons.math.complex.Complex,45,1,0.15,0.15,1553,qwen3.6:latest
Math-96-0005,Math,96,5,LVR,arithmetic,org.apache.commons.math.complex.Complex,54,1,0.15,0.15,1502,qwen3.6:latest
Math-96-0006,Math,96,6,LVR,arithmetic,org.apache.commons.math.complex.Complex,54,1,0.15,0.15,1508,qwen3.6:latest
Math-96-0007,Math,96,7,LVR,arithmetic,org.apache.commons.math.complex.Complex,54,1,0.15,0.15,1508,qwen3.6:latest
Math-96-0008,Math,96,8,LVR,arithmetic,org.apache.commons.math.complex.Complex,54,1,0.15,0.15,1511,qwen3.6:latest
Math-96-0009,Math,96,9,LVR,arithmetic,org.apache.commons.math.complex.Complex,57,1,0.15,0.15,1485,qwen3.6:latest
Math-96-0010,Math,96,10,LVR,arithmetic,org.apache.commons.math.complex.Complex,57,1,0.15,0.15,1447,qwen3.6:latest
Math-96-0011,Math,96,11,LVR,arithmetic,org.apache.commons.math.complex.Complex,57,1,0.15,0.15,1460,qwen3.6:latest
Math-96-0012,Math,96,12,LVR,arithmetic,org.apache.commons.math.complex.Complex,57,1,0.15,0.15,1467,qwen3.6:latest
Math-96-0013,Math,96,13,COR,logical,org.apache.commons.math.complex.Complex,92,0,0.85,0.85,1438,qwen3.6:latest
Math-96-0014,Math,96,14,COR,logical,org.apache.commons.math.complex.Complex,92,1,0.85,0.85,1442,qwen3.6:latest
Math-96-0015,Math,96,15,COR,logical,org.apache.commons.math.complex.Complex,96,1,0.85,0.85,1444,qwen3.6:latest
Math-96-0016,Math,96,16,COR,logical,org.apache.commons.math.complex.Complex,96,1,0.85,0.85,1447,qwen3.6:latest
Math-96-0017,Math,96,17,ROR,relational,org.apache.commons.math.complex.Complex,100,0,0.85,0.85,1459,qwen3.6:latest
Math-96-0018,Math,96,18,ROR,relational,org.apache.commons.math.complex.Complex,100,0,0.85,0.85,1460,qwen3.6:latest
Math-96-0019,Math,96,19,ROR,relational,org.apache.commons.math.complex.Complex,100,0,0.85,0.85,1448,qwen3.6:latest
Math-96-0020,Math,96,20,LVR,arithmetic,org.apache.commons.math.complex.Complex,101,1,0.85,0.85,1461,qwen3.6:latest
Math-96-0021,Math,96,21,LVR,arithmetic,org.apache.commons.math.complex.Complex,101,0,0.85,0.85,1443,qwen3.6:latest
Math-96-0022,Math,96,22,ROR,relational,org.apache.commons.math.complex.Complex,101,1,0.85,0.85,1469,qwen3.6:latest
Math-96-0023,Math,96,23,ROR,relational,org.apache.commons.math.complex.Complex,101,1,0.85,0.85,1466,qwen3.6:latest
Math-96-0024,Math,96,24,ROR,relational,org.apache.commons.math.complex.Complex,101,0,0.85,0.85,1465,qwen3.6:latest
Math-96-0025,Math,96,25,AOR,arithmetic,org.apache.commons.math.complex.Complex,104,1,0.85,0.85,1471,qwen3.6:latest
Math-96-0026,Math,96,26,AOR,arithmetic,org.apache.commons.math.complex.Complex,104,1,0.85,0.85,1474,qwen3.6:latest
Math-96-0027,Math,96,27,AOR,arithmetic,org.apache.commons.math.complex.Complex,104,1,0.85,0.85,1487,qwen3.6:latest
Math-96-0028,Math,96,28,AOR,arithmetic,org.apache.commons.math.complex.Complex,104,1,0.85,0.85,1465,qwen3.6:latest
Math-96-0029,Math,96,29,LVR,arithmetic,org.apache.commons.math.complex.Complex,105,1,0.85,0.85,1499,qwen3.6:latest
Math-96-0030,Math,96,30,LVR,arithmetic,org.apache.commons.math.complex.Complex,105,1,0.75,0.75,1510,qwen3.6:latest
Math-96-0031,Math,96,31,AOR,arithmetic,org.apache.commons.math.complex.Complex,105,1,0.85,0.85,1488,qwen3.6:latest
Math-96-0032,Math,96,32,AOR,arithmetic,org.apache.commons.math.complex.Complex,105,1,0.85,0.85,1480,qwen3.6:latest
Math-96-0033,Math,96,33,AOR,arithmetic,org.apache.commons.math.complex.Complex,105,1,0.85,0.85,1511,qwen3.6:latest
Math-96-0034,Math,96,34,AOR,arithmetic,org.apache.commons.math.complex.Complex,105,1,0.85,0.85,1494,qwen3.6:latest
Math-96-0035,Math,96,35,AOR,arithmetic,org.apache.commons.math.complex.Complex,105,1,0.85,0.85,1469,qwen3.6:latest
Math-96-0036,Math,96,36,AOR,arithmetic,org.apache.commons.math.complex.Complex,105,1,0.85,0.85,1531,qwen3.6:latest
Math-96-0037,Math,96,37,AOR,arithmetic,org.apache.commons.math.complex.Complex,105,1,0.85,0.85,1460,qwen3.6:latest
Math-96-0038,Math,96,38,AOR,arithmetic,org.apache.commons.math.complex.Complex,105,1,0.85,0.85,1485,qwen3.6:latest
Math-96-0039,Math,96,39,AOR,arithmetic,org.apache.commons.math.complex.Complex,105,1,0.85,0.85,1488,qwen3.6:latest
Math-96-0040,Math,96,40,AOR,arithmetic,org.apache.commons.math.complex.Complex,105,1,0.85,0.85,1483,qwen3.6:latest
Math-96-0041,Math,96,41,AOR,arithmetic,org.apache.commons.math.complex.Complex,105,1,0.85,0.85,1475,qwen3.6:latest
Math-96-0042,Math,96,42,AOR,arithmetic,org.apache.commons.math.complex.Complex,105,1,0.85,0.85,1500,qwen3.6:latest
Math-96-0043,Math,96,43,LVR,arithmetic,org.apache.commons.math.complex.Complex,107,1,0.85,0.85,1470,qwen3.6:latest
Math-96-0044,Math,96,44,LVR,arithmetic,org.apache.commons.math.complex.Complex,107,1,0.85,0.85,1471,qwen3.6:latest
Math-96-0045,Math,96,45,ROR,relational,org.apache.commons.math.complex.Complex,107,1,0.85,0.85,1484,qwen3.6:latest
Math-96-0046,Math,96,46,ROR,relational,org.apache.commons.math.complex.Complex,107,1,0.85,0.85,1467,qwen3.6:latest
Math-96-0047,Math,96,47,ROR,relational,org.apache.commons.math.complex.Complex,107,1,0.85,0.85,1480,qwen3.6:latest
Math-96-0048,Math,96,48,AOR,arithmetic,org.apache.commons.math.complex.Complex,110,1,0.85,0.85,1455,qwen3.6:latest
Math-96-0049,Math,96,49,AOR,arithmetic,org.apache.commons.math.complex.Complex,110,1,0.85,0.85,1470,qwen3.6:latest
Math-96-0050,Math,96,50,AOR,arithmetic,org.apache.commons.math.complex.Complex,110,1,0.85,0.85,1488,qwen3.6:latest
Math-96-0051,Math,96,51,AOR,arithmetic,org.apache.commons.math.complex.Complex,110,1,0.85,0.85,1467,qwen3.6:latest
Math-96-0052,Math,96,52,LVR,arithmetic,org.apache.commons.math.complex.Complex,111,1,0.85,0.85,1460,qwen3.6:latest
Math-96-0053,Math,96,53,LVR,arithmetic,org.apache.commons.math.complex.Complex,111,1,0.85,0.85,1450,qwen3.6:latest
Math-96-0054,Math,96,54,AOR,arithmetic,org.apache.commons.math.complex.Complex,111,1,0.85,0.85,1445,qwen3.6:latest
Math-96-0055,Math,96,55,AOR,arithmetic,org.apache.commons.math.complex.Complex,111,1,0.85,0.85,1473,qwen3.6:latest
Math-96-0056,Math,96,56,AOR,arithmetic,org.apache.commons.math.complex.Complex,111,1,0.85,0.85,1498,qwen3.6:latest
Math-96-0057,Math,96,57,AOR,arithmetic,org.apache.commons.math.complex.Complex,111,1,0.85,0.85,1472,qwen3.6:latest
Math-96-0058,Math,96,58,AOR,arithmetic,org.apache.commons.math.complex.Complex,111,1,0.85,0.85,1489,qwen3.6:latest
Math-96-0059,Math,96,59,AOR,arithmetic,org.apache.commons.math.complex.Complex,111,1,0.85,0.85,1453,qwen3.6:latest
Math-96-0060,Math,96,60,AOR,arithmetic,org.apache.commons.math.complex.Complex,111,1,0.85,0.85,1468,qwen3.6:latest
Math-96-0061,Math,96,61,AOR,arithmetic,org.apache.commons.math.complex.Complex,111,1,0.85,0.85,1443,qwen3.6:latest
Math-96-0062,Math,96,62,AOR,arithmetic,org.apache.commons.math.complex.Complex,111,1,0.85,0.85,1443,qwen3.6:latest
Math-96-0063,Math,96,63,AOR,arithmetic,org.apache.commons.math.complex.Complex,111,1,0.85,0.85,1455,qwen3.6:latest
Math-96-0064,Math,96,64,AOR,arithmetic,org.apache.commons.math.complex.Complex,111,1,0.85,0.85,1423,qwen3.6:latest
Math-96-0065,Math,96,65,AOR,arithmetic,org.apache.commons.math.complex.Complex,111,1,0.85,0.85,1421,qwen3.6:latest
Math-96-0066,Math,96,66,AOR,arithmetic,org.apache.commons.math.complex.Complex,133,1,0.95,0.95,1462,qwen3.6:latest
Math-96-0067,Math,96,67,AOR,arithmetic,org.apache.commons.math.complex.Complex,133,1,0.95,0.95,1459,qwen3.6:latest
Math-96-0068,Math,96,68,AOR,arithmetic,org.apache.commons.math.complex.Complex,133,1,0.95,0.95,1452,qwen3.6:latest
Math-96-0069,Math,96,69,AOR,arithmetic,org.apache.commons.math.complex.Complex,133,1,0.95,0.95,1430,qwen3.6:latest
Math-96-0070,Math,96,70,AOR,arithmetic,org.apache.commons.math.complex.Complex,134,1,0.95,0.95,1486,qwen3.6:latest
Math-96-0071,Math,96,71,AOR,arithmetic,org.apache.commons.math.complex.Complex,134,1,0.95,0.95,1481,qwen3.6:latest
Math-96-0072,Math,96,72,AOR,arithmetic,org.apache.commons.math.complex.Complex,134,1,0.95,0.95,1487,qwen3.6:latest
Math-96-0073,Math,96,73,AOR,arithmetic,org.apache.commons.math.complex.Complex,134,1,0.95,0.95,1454,qwen3.6:latest
Math-96-0074,Math,96,74,COR,logical,org.apache.commons.math.complex.Complex,152,0,0.85,0.85,1438,qwen3.6:latest
Math-96-0075,Math,96,75,COR,logical,org.apache.commons.math.complex.Complex,152,1,0.85,0.85,1437,qwen3.6:latest
Math-96-0076,Math,96,76,ORU,return_value,org.apache.commons.math.complex.Complex,155,1,0.95,0.95,1401,qwen3.6:latest
Math-96-0077,Math,96,77,COR,logical,org.apache.commons.math.complex.Complex,194,0,0.85,0.85,1463,qwen3.6:latest
Math-96-0078,Math,96,78,COR,logical,org.apache.commons.math.complex.Complex,194,0,0.85,0.85,1444,qwen3.6:latest
Math-96-0079,Math,96,79,COR,logical,org.apache.commons.math.complex.Complex,194,0,0.85,0.85,1425,qwen3.6:latest
Math-96-0080,Math,96,80,COR,logical,org.apache.commons.math.complex.Complex,194,1,0.85,0.85,1434,qwen3.6:latest
Math-96-0081,Math,96,81,LVR,arithmetic,org.apache.commons.math.complex.Complex,200,1,0.85,0.85,1449,qwen3.6:latest
Math-96-0082,Math,96,82,LVR,arithmetic,org.apache.commons.math.complex.Complex,200,1,0.85,0.85,1410,qwen3.6:latest
Math-96-0083,Math,96,83,ROR,relational,org.apache.commons.math.complex.Complex,200,1,0.85,0.85,1415,qwen3.6:latest
Math-96-0084,Math,96,84,ROR,relational,org.apache.commons.math.complex.Complex,200,1,0.85,0.85,1461,qwen3.6:latest
Math-96-0085,Math,96,85,ROR,relational,org.apache.commons.math.complex.Complex,200,0,0.85,0.85,1454,qwen3.6:latest
Math-96-0086,Math,96,86,LVR,arithmetic,org.apache.commons.math.complex.Complex,200,0,0.85,0.85,1425,qwen3.6:latest
Math-96-0087,Math,96,87,LVR,arithmetic,org.apache.commons.math.complex.Complex,200,0,0.85,0.85,1422,qwen3.6:latest
Math-96-0088,Math,96,88,ROR,relational,org.apache.commons.math.complex.Complex,200,1,0.85,0.85,1442,qwen3.6:latest
Math-96-0089,Math,96,89,ROR,relational,org.apache.commons.math.complex.Complex,200,0,0.85,0.85,1444,qwen3.6:latest
Math-96-0090,Math,96,90,ROR,relational,org.apache.commons.math.complex.Complex,200,0,0.85,0.85,1397,qwen3.6:latest
Math-96-0091,Math,96,91,COR,logical,org.apache.commons.math.complex.Complex,200,1,0.85,0.85,1445,qwen3.6:latest
Math-96-0092,Math,96,92,COR,logical,org.apache.commons.math.complex.Complex,200,0,0.85,0.85,1462,qwen3.6:latest
Math-96-0093,Math,96,93,COR,logical,org.apache.commons.math.complex.Complex,200,1,0.85,0.85,1517,qwen3.6:latest
Math-96-0094,Math,96,94,COR,logical,org.apache.commons.math.complex.Complex,200,1,0.85,0.85,1461,qwen3.6:latest
Math-96-0095,Math,96,95,COR,logical,org.apache.commons.math.complex.Complex,204,1,0.75,0.75,1484,qwen3.6:latest
Math-96-0096,Math,96,96,COR,logical,org.apache.commons.math.complex.Complex,204,1,0.75,0.75,1488,qwen3.6:latest
Math-96-0097,Math,96,97,COR,logical,org.apache.commons.math.complex.Complex,204,1,0.75,0.75,1450,qwen3.6:latest
Math-96-0098,Math,96,98,COR,logical,org.apache.commons.math.complex.Complex,204,1,0.15,0.15,1471,qwen3.6:latest
Math-96-0099,Math,96,99,ROR,relational,org.apache.commons.math.complex.Complex,208,1,0.85,0.85,1484,qwen3.6:latest
Math-96-0100,Math,96,100,ROR,relational,org.apache.commons.math.complex.Complex,208,0,0.85,0.85,1463,qwen3.6:latest
Math-96-0101,Math,96,101,ROR,relational,org.apache.commons.math.complex.Complex,208,1,0.75,0.75,1459,qwen3.6:latest
Math-96-0102,Math,96,102,LVR,arithmetic,org.apache.commons.math.complex.Complex,209,0,0.15,0.15,1453,qwen3.6:latest
Math-96-0103,Math,96,103,LVR,arithmetic,org.apache.commons.math.complex.Complex,209,0,0.15,0.15,1480,qwen3.6:latest
Math-96-0104,Math,96,104,ROR,relational,org.apache.commons.math.complex.Complex,209,1,0.85,0.85,1457,qwen3.6:latest
Math-96-0105,Math,96,105,ROR,relational,org.apache.commons.math.complex.Complex,209,1,0.15,0.15,1458,qwen3.6:latest
Math-96-0106,Math,96,106,ROR,relational,org.apache.commons.math.complex.Complex,209,0,0.85,0.85,1490,qwen3.6:latest
Math-96-0107,Math,96,107,AOR,arithmetic,org.apache.commons.math.complex.Complex,210,0,0.85,0.85,1503,qwen3.6:latest
Math-96-0108,Math,96,108,AOR,arithmetic,org.apache.commons.math.complex.Complex,210,0,0.85,0.85,1512,qwen3.6:latest
Math-96-0109,Math,96,109,AOR,arithmetic,org.apache.commons.math.complex.Complex,210,0,0.85,0.85,1483,qwen3.6:latest
Math-96-0110,Math,96,110,AOR,arithmetic,org.apache.commons.math.complex.Complex,210,0,0.85,0.85,1462,qwen3.6:latest
Math-96-0111,Math,96,111,AOR,arithmetic,org.apache.commons.math.complex.Complex,210,0,0.85,0.85,1519,qwen3.6:latest
Math-96-0112,Math,96,112,AOR,arithmetic,org.apache.commons.math.complex.Complex,210,0,0.85,0.85,1450,qwen3.6:latest
Math-96-0113,Math,96,113,AOR,arithmetic,org.apache.commons.math.complex.Complex,210,0,0.85,0.85,1500,qwen3.6:latest
Math-96-0114,Math,96,114,AOR,arithmetic,org.apache.commons.math.complex.Complex,210,0,0.85,0.85,1481,qwen3.6:latest
Math-96-0115,Math,96,115,AOR,arithmetic,org.apache.commons.math.complex.Complex,212,1,0.85,0.85,1492,qwen3.6:latest
Math-96-0116,Math,96,116,AOR,arithmetic,org.apache.commons.math.complex.Complex,212,1,0.85,0.85,1492,qwen3.6:latest
Math-96-0117,Math,96,117,AOR,arithmetic,org.apache.commons.math.complex.Complex,212,1,0.85,0.85,1496,qwen3.6:latest
Math-96-0118,Math,96,118,AOR,arithmetic,org.apache.commons.math.complex.Complex,212,1,0.85,0.85,1489,qwen3.6:latest
Math-96-0119,Math,96,119,AOR,arithmetic,org.apache.commons.math.complex.Complex,213,1,0.85,0.85,1448,qwen3.6:latest
Math-96-0120,Math,96,120,AOR,arithmetic,org.apache.commons.math.complex.Complex,213,1,0.85,0.85,1480,qwen3.6:latest
Math-96-0121,Math,96,121,AOR,arithmetic,org.apache.commons.math.complex.Complex,213,1,0.85,0.85,1476,qwen3.6:latest
Math-96-0122,Math,96,122,AOR,arithmetic,org.apache.commons.math.complex.Complex,213,1,0.85,0.85,1460,qwen3.6:latest
Math-96-0123,Math,96,123,AOR,arithmetic,org.apache.commons.math.complex.Complex,213,1,0.85,0.85,1466,qwen3.6:latest
Math-96-0124,Math,96,124,AOR,arithmetic,org.apache.commons.math.complex.Complex,213,1,0.85,0.85,1453,qwen3.6:latest
Math-96-0125,Math,96,125,AOR,arithmetic,org.apache.commons.math.complex.Complex,213,1,0.85,0.85,1465,qwen3.6:latest
Math-96-0126,Math,96,126,AOR,arithmetic,org.apache.commons.math.complex.Complex,213,1,0.85,0.85,1468,qwen3.6:latest
Math-96-0127,Math,96,127,AOR,arithmetic,org.apache.commons.math.complex.Complex,214,1,0.85,0.85,1510,qwen3.6:latest
Math-96-0128,Math,96,128,AOR,arithmetic,org.apache.commons.math.complex.Complex,214,1,0.85,0.85,1499,qwen3.6:latest
Math-96-0129,Math,96,129,AOR,arithmetic,org.apache.commons.math.complex.Complex,214,1,0.85,0.85,1542,qwen3.6:latest
Math-96-0130,Math,96,130,AOR,arithmetic,org.apache.commons.math.complex.Complex,214,1,0.85,0.85,1504,qwen3.6:latest
Math-96-0131,Math,96,131,AOR,arithmetic,org.apache.commons.math.complex.Complex,214,1,0.85,0.85,1521,qwen3.6:latest
Math-96-0132,Math,96,132,AOR,arithmetic,org.apache.commons.math.complex.Complex,214,1,0.85,0.85,1543,qwen3.6:latest
Math-96-0133,Math,96,133,AOR,arithmetic,org.apache.commons.math.complex.Complex,214,1,0.85,0.85,1526,qwen3.6:latest
Math-96-0134,Math,96,134,AOR,arithmetic,org.apache.commons.math.complex.Complex,214,1,0.85,0.85,1542,qwen3.6:latest
Math-96-0135,Math,96,135,AOR,arithmetic,org.apache.commons.math.complex.Complex,214,1,0.85,0.85,1530,qwen3.6:latest
Math-96-0136,Math,96,136,AOR,arithmetic,org.apache.commons.math.complex.Complex,214,1,0.85,0.85,1533,qwen3.6:latest
Math-96-0137,Math,96,137,AOR,arithmetic,org.apache.commons.math.complex.Complex,214,1,0.85,0.85,1523,qwen3.6:latest
Math-96-0138,Math,96,138,AOR,arithmetic,org.apache.commons.math.complex.Complex,214,1,0.85,0.85,1593,qwen3.6:latest
Math-96-0139,Math,96,139,AOR,arithmetic,org.apache.commons.math.complex.Complex,215,1,0.85,0.85,1460,qwen3.6:latest
Math-96-0140,Math,96,140,AOR,arithmetic,org.apache.commons.math.complex.Complex,215,1,0.85,0.85,1455,qwen3.6:latest
Math-96-0141,Math,96,141,AOR,arithmetic,org.apache.commons.math.complex.Complex,215,1,0.85,0.85,1461,qwen3.6:latest
Math-96-0142,Math,96,142,AOR,arithmetic,org.apache.commons.math.complex.Complex,215,1,0.85,0.85,1467,qwen3.6:latest
Math-96-0143,Math,96,143,AOR,arithmetic,org.apache.commons.math.complex.Complex,215,1,0.85,0.85,1456,qwen3.6:latest
Math-96-0144,Math,96,144,AOR,arithmetic,org.apache.commons.math.complex.Complex,215,1,0.85,0.85,1475,qwen3.6:latest
Math-96-0145,Math,96,145,AOR,arithmetic,org.apache.commons.math.complex.Complex,215,1,0.85,0.85,1451,qwen3.6:latest
Math-96-0146,Math,96,146,AOR,arithmetic,org.apache.commons.math.complex.Complex,215,1,0.85,0.85,1471,qwen3.6:latest
Math-96-0147,Math,96,147,AOR,arithmetic,org.apache.commons.math.complex.Complex,215,1,0.85,0.85,1447,qwen3.6:latest
Math-96-0148,Math,96,148,AOR,arithmetic,org.apache.commons.math.complex.Complex,215,1,0.85,0.85,1452,qwen3.6:latest
Math-96-0149,Math,96,149,AOR,arithmetic,org.apache.commons.math.complex.Complex,215,1,0.85,0.85,1465,qwen3.6:latest
Math-96-0150,Math,96,150,AOR,arithmetic,org.apache.commons.math.complex.Complex,215,1,0.85,0.85,1466,qwen3.6:latest
Math-96-0151,Math,96,151,LVR,arithmetic,org.apache.commons.math.complex.Complex,217,1,0.15,0.15,1533,qwen3.6:latest
Math-96-0152,Math,96,152,LVR,arithmetic,org.apache.commons.math.complex.Complex,217,1,0.15,0.15,1509,qwen3.6:latest
Math-96-0153,Math,96,153,ROR,relational,org.apache.commons.math.complex.Complex,217,1,0.85,0.85,1519,qwen3.6:latest
Math-96-0154,Math,96,154,ROR,relational,org.apache.commons.math.complex.Complex,217,1,0.85,0.85,1526,qwen3.6:latest
Math-96-0155,Math,96,155,ROR,relational,org.apache.commons.math.complex.Complex,217,0,0.85,0.85,1512,qwen3.6:latest
Math-96-0156,Math,96,156,AOR,arithmetic,org.apache.commons.math.complex.Complex,218,0,0.85,0.85,1512,qwen3.6:latest
Math-96-0157,Math,96,157,AOR,arithmetic,org.apache.commons.math.complex.Complex,218,0,0.85,0.85,1525,qwen3.6:latest
Math-96-0158,Math,96,158,AOR,arithmetic,org.apache.commons.math.complex.Complex,218,0,0.85,0.85,1586,qwen3.6:latest
Math-96-0159,Math,96,159,AOR,arithmetic,org.apache.commons.math.complex.Complex,218,0,0.85,0.85,1534,qwen3.6:latest
Math-96-0160,Math,96,160,ORU,return_value,org.apache.commons.math.complex.Complex,218,0,0.85,0.85,1549,qwen3.6:latest
Math-96-0161,Math,96,161,AOR,arithmetic,org.apache.commons.math.complex.Complex,218,0,0.85,0.85,1528,qwen3.6:latest
Math-96-0162,Math,96,162,AOR,arithmetic,org.apache.commons.math.complex.Complex,218,0,0.85,0.85,1552,qwen3.6:latest
Math-96-0163,Math,96,163,AOR,arithmetic,org.apache.commons.math.complex.Complex,218,0,0.85,0.85,1564,qwen3.6:latest
Math-96-0164,Math,96,164,AOR,arithmetic,org.apache.commons.math.complex.Complex,218,0,0.85,0.85,1579,qwen3.6:latest
Math-96-0165,Math,96,165,AOR,arithmetic,org.apache.commons.math.complex.Complex,220,1,0.75,0.75,1497,qwen3.6:latest
Math-96-0166,Math,96,166,AOR,arithmetic,org.apache.commons.math.complex.Complex,220,1,0.85,0.85,1465,qwen3.6:latest
Math-96-0167,Math,96,167,AOR,arithmetic,org.apache.commons.math.complex.Complex,220,1,0.85,0.85,1467,qwen3.6:latest
Math-96-0168,Math,96,168,AOR,arithmetic,org.apache.commons.math.complex.Complex,220,1,0.85,0.85,1466,qwen3.6:latest
Math-96-0169,Math,96,169,AOR,arithmetic,org.apache.commons.math.complex.Complex,221,1,0.85,0.85,1479,qwen3.6:latest
Math-96-0170,Math,96,170,AOR,arithmetic,org.apache.commons.math.complex.Complex,221,1,0.85,0.85,1464,qwen3.6:latest
Math-96-0171,Math,96,171,AOR,arithmetic,org.apache.commons.math.complex.Complex,221,1,0.85,0.85,1493,qwen3.6:latest
Math-96-0172,Math,96,172,AOR,arithmetic,org.apache.commons.math.complex.Complex,221,1,0.85,0.85,1467,qwen3.6:latest
Math-96-0173,Math,96,173,AOR,arithmetic,org.apache.commons.math.complex.Complex,221,1,0.85,0.85,1483,qwen3.6:latest
Math-96-0174,Math,96,174,AOR,arithmetic,org.apache.commons.math.complex.Complex,221,1,0.85,0.85,1464,qwen3.6:latest
Math-96-0175,Math,96,175,AOR,arithmetic,org.apache.commons.math.complex.Complex,221,1,0.85,0.85,1425,qwen3.6:latest
Math-96-0176,Math,96,176,AOR,arithmetic,org.apache.commons.math.complex.Complex,221,1,0.85,0.85,1438,qwen3.6:latest
Math-96-0177,Math,96,177,AOR,arithmetic,org.apache.commons.math.complex.Complex,222,1,0.85,0.85,1443,qwen3.6:latest
Math-96-0178,Math,96,178,AOR,arithmetic,org.apache.commons.math.complex.Complex,222,1,0.85,0.85,1561,qwen3.6:latest
Math-96-0179,Math,96,179,AOR,arithmetic,org.apache.commons.math.complex.Complex,222,1,0.85,0.85,1468,qwen3.6:latest
Math-96-0180,Math,96,180,AOR,arithmetic,org.apache.commons.math.complex.Complex,222,1,0.85,0.85,1462,qwen3.6:latest
Math-96-0181,Math,96,181,AOR,arithmetic,org.apache.commons.math.complex.Complex,222,1,0.85,0.85,1474,qwen3.6:latest
Math-96-0182,Math,96,182,AOR,arithmetic,org.apache.commons.math.complex.Complex,222,1,0.85,0.85,1471,qwen3.6:latest
Math-96-0183,Math,96,183,AOR,arithmetic,org.apache.commons.math.complex.Complex,222,1,0.85,0.85,1447,qwen3.6:latest
Math-96-0184,Math,96,184,AOR,arithmetic,org.apache.commons.math.complex.Complex,222,1,0.85,0.85,1447,qwen3.6:latest
Math-96-0185,Math,96,185,AOR,arithmetic,org.apache.commons.math.complex.Complex,222,1,0.85,0.85,1506,qwen3.6:latest
Math-96-0186,Math,96,186,AOR,arithmetic,org.apache.commons.math.complex.Complex,222,1,0.85,0.85,1467,qwen3.6:latest
Math-96-0187,Math,96,187,AOR,arithmetic,org.apache.commons.math.complex.Complex,222,1,0.85,0.85,1467,qwen3.6:latest
Math-96-0188,Math,96,188,AOR,arithmetic,org.apache.commons.math.complex.Complex,222,1,0.85,0.85,1463,qwen3.6:latest
Math-96-0189,Math,96,189,AOR,arithmetic,org.apache.commons.math.complex.Complex,223,1,0.85,0.85,1462,qwen3.6:latest
Math-96-0190,Math,96,190,AOR,arithmetic,org.apache.commons.math.complex.Complex,223,1,0.85,0.85,1411,qwen3.6:latest
Math-96-0191,Math,96,191,AOR,arithmetic,org.apache.commons.math.complex.Complex,223,1,0.85,0.85,1415,qwen3.6:latest
Math-96-0192,Math,96,192,AOR,arithmetic,org.apache.commons.math.complex.Complex,223,1,0.85,0.85,1433,qwen3.6:latest
Math-96-0193,Math,96,193,AOR,arithmetic,org.apache.commons.math.complex.Complex,223,1,0.85,0.85,1470,qwen3.6:latest
Math-96-0194,Math,96,194,AOR,arithmetic,org.apache.commons.math.complex.Complex,223,1,0.85,0.85,1447,qwen3.6:latest
Math-96-0195,Math,96,195,AOR,arithmetic,org.apache.commons.math.complex.Complex,223,1,0.85,0.85,1440,qwen3.6:latest
Math-96-0196,Math,96,196,AOR,arithmetic,org.apache.commons.math.complex.Complex,223,1,0.85,0.85,1427,qwen3.6:latest
Math-96-0197,Math,96,197,AOR,arithmetic,org.apache.commons.math.complex.Complex,223,1,0.75,0.75,1435,qwen3.6:latest
Math-96-0198,Math,96,198,AOR,arithmetic,org.apache.commons.math.complex.Complex,223,1,0.85,0.85,1455,qwen3.6:latest
Math-96-0199,Math,96,199,AOR,arithmetic,org.apache.commons.math.complex.Complex,223,1,0.85,0.85,1438,qwen3.6:latest
Math-96-0200,Math,96,200,AOR,arithmetic,org.apache.commons.math.complex.Complex,223,1,0.85,0.85,1440,qwen3.6:latest
Math-96-0201,Math,96,201,ROR,relational,org.apache.commons.math.complex.Complex,248,0,0.95,0.95,1454,qwen3.6:latest
Math-96-0202,Math,96,202,LVR,arithmetic,org.apache.commons.math.complex.Complex,249,1,0.15,0.15,1445,qwen3.6:latest
Math-96-0203,Math,96,203,ROR,relational,org.apache.commons.math.complex.Complex,250,1,0.15,0.15,1427,qwen3.6:latest
Math-96-0204,Math,96,204,LVR,arithmetic,org.apache.commons.math.complex.Complex,251,1,0.85,0.85,1417,qwen3.6:latest
Math-96-0205,Math,96,205,COR,logical,org.apache.commons.math.complex.Complex,255,1,0.95,0.95,1437,qwen3.6:latest
Math-96-0206,Math,96,206,COR,logical,org.apache.commons.math.complex.Complex,255,1,0.95,0.95,1436,qwen3.6:latest
Math-96-0207,Math,96,207,ROR,relational,org.apache.commons.math.complex.Complex,258,1,0.85,0.85,1424,qwen3.6:latest
Math-96-0208,Math,96,208,ROR,relational,org.apache.commons.math.complex.Complex,258,0,0.85,0.85,1440,qwen3.6:latest
Math-96-0209,Math,96,209,ROR,relational,org.apache.commons.math.complex.Complex,258,1,0.85,0.85,1408,qwen3.6:latest
Math-96-0210,Math,96,210,ROR,relational,org.apache.commons.math.complex.Complex,258,1,0.85,0.85,1431,qwen3.6:latest
Math-96-0211,Math,96,211,ROR,relational,org.apache.commons.math.complex.Complex,258,0,0.85,0.85,1434,qwen3.6:latest
Math-96-0212,Math,96,212,ROR,relational,org.apache.commons.math.complex.Complex,258,1,0.85,0.85,1438,qwen3.6:latest
Math-96-0213,Math,96,213,COR,logical,org.apache.commons.math.complex.Complex,258,1,0.85,0.85,1460,qwen3.6:latest
Math-96-0214,Math,96,214,COR,logical,org.apache.commons.math.complex.Complex,258,1,0.95,0.95,1445,qwen3.6:latest
Math-96-0215,Math,96,215,COR,logical,org.apache.commons.math.complex.Complex,258,1,0.85,0.85,1447,qwen3.6:latest
Math-96-0216,Math,96,216,COR,logical,org.apache.commons.math.complex.Complex,258,1,0.85,0.85,1458,qwen3.6:latest
Math-96-0217,Math,96,217,LVR,arithmetic,org.apache.commons.math.complex.Complex,262,1,0.85,0.85,1407,qwen3.6:latest
Math-96-0218,Math,96,218,COR,logical,org.apache.commons.math.complex.Complex,277,1,0.95,0.95,1421,qwen3.6:latest
Math-96-0219,Math,96,219,COR,logical,org.apache.commons.math.complex.Complex,277,1,0.95,0.95,1503,qwen3.6:latest
Math-96-0220,Math,96,220,LVR,arithmetic,org.apache.commons.math.complex.Complex,278,0,0.85,0.85,1470,qwen3.6:latest
Math-96-0221,Math,96,221,LVR,arithmetic,org.apache.commons.math.complex.Complex,278,0,0.85,0.85,1446,qwen3.6:latest
Math-96-0222,Math,96,222,LVR,arithmetic,org.apache.commons.math.complex.Complex,280,1,0.85,0.85,1449,qwen3.6:latest
Math-96-0223,Math,96,223,LVR,arithmetic,org.apache.commons.math.complex.Complex,280,0,0.85,0.85,1443,qwen3.6:latest
Math-96-0224,Math,96,224,LVR,arithmetic,org.apache.commons.math.complex.Complex,280,1,0.85,0.85,1432,qwen3.6:latest
Math-96-0225,Math,96,225,LVR,arithmetic,org.apache.commons.math.complex.Complex,280,0,0.85,0.85,1424,qwen3.6:latest
Math-96-0226,Math,96,226,AOR,arithmetic,org.apache.commons.math.complex.Complex,280,1,0.85,0.85,1462,qwen3.6:latest
Math-96-0227,Math,96,227,AOR,arithmetic,org.apache.commons.math.complex.Complex,280,0,0.85,0.85,1430,qwen3.6:latest
Math-96-0228,Math,96,228,AOR,arithmetic,org.apache.commons.math.complex.Complex,280,0,0.85,0.85,1446,qwen3.6:latest
Math-96-0229,Math,96,229,AOR,arithmetic,org.apache.commons.math.complex.Complex,280,1,0.85,0.85,1458,qwen3.6:latest
Math-96-0230,Math,96,230,AOR,arithmetic,org.apache.commons.math.complex.Complex,280,1,0.85,0.85,1459,qwen3.6:latest
Math-96-0231,Math,96,231,AOR,arithmetic,org.apache.commons.math.complex.Complex,280,1,0.85,0.85,1442,qwen3.6:latest
Math-96-0232,Math,96,232,AOR,arithmetic,org.apache.commons.math.complex.Complex,280,0,0.85,0.85,1414,qwen3.6:latest
Math-96-0233,Math,96,233,AOR,arithmetic,org.apache.commons.math.complex.Complex,280,1,0.85,0.85,1430,qwen3.6:latest
Math-96-0234,Math,96,234,AOR,arithmetic,org.apache.commons.math.complex.Complex,280,1,0.85,0.85,1467,qwen3.6:latest
Math-96-0235,Math,96,235,AOR,arithmetic,org.apache.commons.math.complex.Complex,280,0,0.85,0.85,1456,qwen3.6:latest
Math-96-0236,Math,96,236,AOR,arithmetic,org.apache.commons.math.complex.Complex,280,0,0.85,0.85,1444,qwen3.6:latest
Math-96-0237,Math,96,237,AOR,arithmetic,org.apache.commons.math.complex.Complex,280,1,0.85,0.85,1442,qwen3.6:latest
Math-96-0238,Math,96,238,COR,logical,org.apache.commons.math.complex.Complex,310,1,0.85,0.85,1446,qwen3.6:latest
Math-96-0239,Math,96,239,COR,logical,org.apache.commons.math.complex.Complex,310,1,0.85,0.85,1471,qwen3.6:latest
Math-96-0240,Math,96,240,COR,logical,org.apache.commons.math.complex.Complex,310,1,0.85,0.85,1534,qwen3.6:latest
Math-96-0241,Math,96,241,COR,logical,org.apache.commons.math.complex.Complex,310,1,0.95,0.95,1506,qwen3.6:latest
Math-96-0242,Math,96,242,COR,logical,org.apache.commons.math.complex.Complex,324,1,0.85,0.85,1477,qwen3.6:latest
Math-96-0243,Math,96,243,COR,logical,org.apache.commons.math.complex.Complex,324,0,0.85,0.85,1459,qwen3.6:latest
Math-96-0244,Math,96,244,COR,logical,org.apache.commons.math.complex.Complex,324,0,0.85,0.85,1465,qwen3.6:latest
Math-96-0245,Math,96,245,COR,logical,org.apache.commons.math.complex.Complex,324,1,0.85,0.85,1466,qwen3.6:latest
Math-96-0246,Math,96,246,COR,logical,org.apache.commons.math.complex.Complex,323,0,0.85,0.85,1444,qwen3.6:latest
Math-96-0247,Math,96,247,COR,logical,org.apache.commons.math.complex.Complex,323,1,0.85,0.85,1515,qwen3.6:latest
Math-96-0248,Math,96,248,COR,logical,org.apache.commons.math.complex.Complex,323,1,0.85,0.85,1506,qwen3.6:latest
Math-96-0249,Math,96,249,COR,logical,org.apache.commons.math.complex.Complex,324,0,0.85,0.85,1480,qwen3.6:latest
Math-96-0250,Math,96,250,COR,logical,org.apache.commons.math.complex.Complex,355,0,0.85,0.85,1526,qwen3.6:latest
Math-96-0251,Math,96,251,COR,logical,org.apache.commons.math.complex.Complex,355,1,0.85,0.85,1515,qwen3.6:latest
Math-96-0252,Math,96,252,COR,logical,org.apache.commons.math.complex.Complex,355,1,0.85,0.85,1522,qwen3.6:latest
Math-96-0253,Math,96,253,COR,logical,org.apache.commons.math.complex.Complex,355,1,0.85,0.85,1531,qwen3.6:latest
Math-96-0254,Math,96,254,COR,logical,org.apache.commons.math.complex.Complex,358,0,0.85,0.85,1557,qwen3.6:latest
Math-96-0255,Math,96,255,COR,logical,org.apache.commons.math.complex.Complex,358,0,0.85,0.85,1519,qwen3.6:latest
Math-96-0256,Math,96,256,COR,logical,org.apache.commons.math.complex.Complex,358,0,0.95,0.95,1527,qwen3.6:latest
Math-96-0257,Math,96,257,COR,logical,org.apache.commons.math.complex.Complex,358,1,0.95,0.95,1521,qwen3.6:latest
Math-96-0258,Math,96,258,COR,logical,org.apache.commons.math.complex.Complex,358,0,0.85,0.85,1531,qwen3.6:latest
Math-96-0259,Math,96,259,COR,logical,org.apache.commons.math.complex.Complex,358,1,0.85,0.85,1513,qwen3.6:latest
Math-96-0260,Math,96,260,COR,logical,org.apache.commons.math.complex.Complex,359,0,0.95,0.95,1630,qwen3.6:latest
Math-96-0261,Math,96,261,COR,logical,org.apache.commons.math.complex.Complex,358,1,0.95,0.95,1553,qwen3.6:latest
Math-96-0262,Math,96,262,COR,logical,org.apache.commons.math.complex.Complex,358,1,0.85,0.85,1557,qwen3.6:latest
Math-96-0263,Math,96,263,COR,logical,org.apache.commons.math.complex.Complex,358,0,0.85,0.85,1565,qwen3.6:latest
Math-96-0264,Math,96,264,COR,logical,org.apache.commons.math.complex.Complex,359,1,0.95,0.95,1528,qwen3.6:latest
Math-96-0265,Math,96,265,COR,logical,org.apache.commons.math.complex.Complex,359,1,0.95,0.95,1521,qwen3.6:latest
Math-96-0266,Math,96,266,AOR,arithmetic,org.apache.commons.math.complex.Complex,363,1,0.85,0.85,1463,qwen3.6:latest
Math-96-0267,Math,96,267,AOR,arithmetic,org.apache.commons.math.complex.Complex,363,1,0.85,0.85,1476,qwen3.6:latest
Math-96-0268,Math,96,268,AOR,arithmetic,org.apache.commons.math.complex.Complex,363,1,0.85,0.85,1488,qwen3.6:latest
Math-96-0269,Math,96,269,AOR,arithmetic,org.apache.commons.math.complex.Complex,363,1,0.85,0.85,1478,qwen3.6:latest
Math-96-0270,Math,96,270,AOR,arithmetic,org.apache.commons.math.complex.Complex,363,1,0.85,0.85,1478,qwen3.6:latest
Math-96-0271,Math,96,271,AOR,arithmetic,org.apache.commons.math.complex.Complex,363,1,0.85,0.85,1456,qwen3.6:latest
Math-96-0272,Math,96,272,AOR,arithmetic,org.apache.commons.math.complex.Complex,363,1,0.85,0.85,1436,qwen3.6:latest
Math-96-0273,Math,96,273,AOR,arithmetic,org.apache.commons.math.complex.Complex,363,1,0.85,0.85,1465,qwen3.6:latest
Math-96-0274,Math,96,274,AOR,arithmetic,org.apache.commons.math.complex.Complex,363,1,0.85,0.85,1476,qwen3.6:latest
Math-96-0275,Math,96,275,AOR,arithmetic,org.apache.commons.math.complex.Complex,363,1,0.85,0.85,1462,qwen3.6:latest
Math-96-0276,Math,96,276,AOR,arithmetic,org.apache.commons.math.complex.Complex,363,1,0.85,0.85,1466,qwen3.6:latest
Math-96-0277,Math,96,277,AOR,arithmetic,org.apache.commons.math.complex.Complex,363,1,0.85,0.85,1474,qwen3.6:latest
Math-96-0278,Math,96,278,AOR,arithmetic,org.apache.commons.math.complex.Complex,364,1,0.85,0.85,1550,qwen3.6:latest
Math-96-0279,Math,96,279,AOR,arithmetic,org.apache.commons.math.complex.Complex,364,1,0.85,0.85,1572,qwen3.6:latest
Math-96-0280,Math,96,280,AOR,arithmetic,org.apache.commons.math.complex.Complex,364,1,0.85,0.85,1627,qwen3.6:latest
Math-96-0281,Math,96,281,AOR,arithmetic,org.apache.commons.math.complex.Complex,364,1,0.85,0.85,1552,qwen3.6:latest
Math-96-0282,Math,96,282,AOR,arithmetic,org.apache.commons.math.complex.Complex,364,1,0.85,0.85,1571,qwen3.6:latest
Math-96-0283,Math,96,283,AOR,arithmetic,org.apache.commons.math.complex.Complex,364,1,0.85,0.85,1561,qwen3.6:latest
Math-96-0284,Math,96,284,AOR,arithmetic,org.apache.commons.math.complex.Complex,364,1,0.85,0.85,1555,qwen3.6:latest
Math-96-0285,Math,96,285,AOR,arithmetic,org.apache.commons.math.complex.Complex,364,1,0.85,0.85,1521,qwen3.6:latest
Math-96-0286,Math,96,286,AOR,arithmetic,org.apache.commons.math.complex.Complex,364,1,0.85,0.85,1557,qwen3.6:latest
Math-96-0287,Math,96,287,AOR,arithmetic,org.apache.commons.math.complex.Complex,364,1,0.85,0.85,1530,qwen3.6:latest
Math-96-0288,Math,96,288,AOR,arithmetic,org.apache.commons.math.complex.Complex,364,1,0.85,0.85,1559,qwen3.6:latest
Math-96-0289,Math,96,289,AOR,arithmetic,org.apache.commons.math.complex.Complex,364,1,0.85,0.85,1519,qwen3.6:latest
Math-96-0290,Math,96,290,COR,logical,org.apache.commons.math.complex.Complex,376,0,0.85,0.85,1478,qwen3.6:latest
Math-96-0291,Math,96,291,COR,logical,org.apache.commons.math.complex.Complex,376,1,0.85,0.85,1446,qwen3.6:latest
Math-96-0292,Math,96,292,ORU,return_value,org.apache.commons.math.complex.Complex,380,1,0.85,0.85,1428,qwen3.6:latest
Math-96-0293,Math,96,293,ORU,return_value,org.apache.commons.math.complex.Complex,380,1,0.85,0.85,1462,qwen3.6:latest
Math-96-0294,Math,96,294,COR,logical,org.apache.commons.math.complex.Complex,402,0,0.85,0.85,1472,qwen3.6:latest
Math-96-0295,Math,96,295,COR,logical,org.apache.commons.math.complex.Complex,402,0,0.85,0.85,1450,qwen3.6:latest
Math-96-0296,Math,96,296,COR,logical,org.apache.commons.math.complex.Complex,402,0,0.85,0.85,1443,qwen3.6:latest
Math-96-0297,Math,96,297,COR,logical,org.apache.commons.math.complex.Complex,402,1,0.85,0.85,1448,qwen3.6:latest
Math-96-0298,Math,96,298,AOR,arithmetic,org.apache.commons.math.complex.Complex,406,1,0.85,0.85,1458,qwen3.6:latest
Math-96-0299,Math,96,299,AOR,arithmetic,org.apache.commons.math.complex.Complex,406,1,0.85,0.85,1454,qwen3.6:latest
Math-96-0300,Math,96,300,AOR,arithmetic,org.apache.commons.math.complex.Complex,406,1,0.85,0.85,1541,qwen3.6:latest
Math-96-0301,Math,96,301,AOR,arithmetic,org.apache.commons.math.complex.Complex,406,1,0.85,0.85,1472,qwen3.6:latest
Math-96-0302,Math,96,302,AOR,arithmetic,org.apache.commons.math.complex.Complex,407,1,0.85,0.85,1468,qwen3.6:latest
Math-96-0303,Math,96,303,AOR,arithmetic,org.apache.commons.math.complex.Complex,407,1,0.85,0.85,1465,qwen3.6:latest
Math-96-0304,Math,96,304,AOR,arithmetic,org.apache.commons.math.complex.Complex,407,1,0.85,0.85,1479,qwen3.6:latest
Math-96-0305,Math,96,305,AOR,arithmetic,org.apache.commons.math.complex.Complex,407,1,0.85,0.85,1463,qwen3.6:latest
Math-96-0306,Math,96,306,COR,logical,org.apache.commons.math.complex.Complex,425,0,0.85,0.85,1457,qwen3.6:latest
Math-96-0307,Math,96,307,COR,logical,org.apache.commons.math.complex.Complex,425,1,0.85,0.85,1460,qwen3.6:latest
Math-96-0308,Math,96,308,COR,logical,org.apache.commons.math.complex.Complex,448,0,0.85,0.85,1482,qwen3.6:latest
Math-96-0309,Math,96,309,COR,logical,org.apache.commons.math.complex.Complex,448,1,0.85,0.85,1455,qwen3.6:latest
Math-96-0310,Math,96,310,COR,logical,org.apache.commons.math.complex.Complex,471,0,0.75,0.75,1484,qwen3.6:latest
Math-96-0311,Math,96,311,COR,logical,org.apache.commons.math.complex.Complex,471,1,0.15,0.15,1467,qwen3.6:latest
Math-96-0312,Math,96,312,LVR,arithmetic,org.apache.commons.math.complex.Complex,476,1,0.75,0.75,1455,qwen3.6:latest
Math-96-0313,Math,96,313,LVR,arithmetic,org.apache.commons.math.complex.Complex,476,1,0.15,0.15,1435,qwen3.6:latest
Math-96-0314,Math,96,314,LVR,arithmetic,org.apache.commons.math.complex.Complex,476,1,0.15,0.15,1457,qwen3.6:latest
Math-96-0315,Math,96,315,LVR,arithmetic,org.apache.commons.math.complex.Complex,476,1,0.75,0.75,1453,qwen3.6:latest
Math-96-0316,Math,96,316,COR,logical,org.apache.commons.math.complex.Complex,506,0,0.95,0.95,1468,qwen3.6:latest
Math-96-0317,Math,96,317,COR,logical,org.apache.commons.math.complex.Complex,506,1,0.95,0.95,1440,qwen3.6:latest
Math-96-0318,Math,96,318,AOR,arithmetic,org.apache.commons.math.complex.Complex,510,1,0.85,0.85,1467,qwen3.6:latest
Math-96-0319,Math,96,319,AOR,arithmetic,org.apache.commons.math.complex.Complex,510,1,0.85,0.85,1452,qwen3.6:latest
Math-96-0320,Math,96,320,AOR,arithmetic,org.apache.commons.math.complex.Complex,510,1,0.85,0.85,1464,qwen3.6:latest
Math-96-0321,Math,96,321,AOR,arithmetic,org.apache.commons.math.complex.Complex,510,1,0.75,0.75,1473,qwen3.6:latest
Math-96-0322,Math,96,322,ORU,return_value,org.apache.commons.math.complex.Complex,511,1,0.85,0.85,1472,qwen3.6:latest
Math-96-0323,Math,96,323,AOR,arithmetic,org.apache.commons.math.complex.Complex,511,1,0.85,0.85,1442,qwen3.6:latest
Math-96-0324,Math,96,324,AOR,arithmetic,org.apache.commons.math.complex.Complex,511,1,0.85,0.85,1466,qwen3.6:latest
Math-96-0325,Math,96,325,AOR,arithmetic,org.apache.commons.math.complex.Complex,511,1,0.85,0.85,1468,qwen3.6:latest
Math-96-0326,Math,96,326,AOR,arithmetic,org.apache.commons.math.complex.Complex,511,1,0.85,0.85,1468,qwen3.6:latest
Math-96-0327,Math,96,327,COR,logical,org.apache.commons.math.complex.Complex,540,0,0.85,0.85,1504,qwen3.6:latest
Math-96-0328,Math,96,328,COR,logical,org.apache.commons.math.complex.Complex,540,1,0.95,0.95,1455,qwen3.6:latest
Math-96-0329,Math,96,329,AOR,arithmetic,org.apache.commons.math.complex.Complex,544,1,0.75,0.75,1437,qwen3.6:latest
Math-96-0330,Math,96,330,AOR,arithmetic,org.apache.commons.math.complex.Complex,544,1,0.85,0.85,1452,qwen3.6:latest
Math-96-0331,Math,96,331,AOR,arithmetic,org.apache.commons.math.complex.Complex,544,1,0.85,0.85,1462,qwen3.6:latest
Math-96-0332,Math,96,332,AOR,arithmetic,org.apache.commons.math.complex.Complex,544,1,0.75,0.75,1451,qwen3.6:latest
Math-96-0333,Math,96,333,AOR,arithmetic,org.apache.commons.math.complex.Complex,545,1,0.85,0.85,1453,qwen3.6:latest
Math-96-0334,Math,96,334,AOR,arithmetic,org.apache.commons.math.complex.Complex,545,1,0.85,0.85,1489,qwen3.6:latest
Math-96-0335,Math,96,335,AOR,arithmetic,org.apache.commons.math.complex.Complex,545,1,0.85,0.85,1471,qwen3.6:latest
Math-96-0336,Math,96,336,AOR,arithmetic,org.apache.commons.math.complex.Complex,545,1,0.85,0.85,1454,qwen3.6:latest
Math-96-0337,Math,96,337,COR,logical,org.apache.commons.math.complex.Complex,575,0,0.95,0.95,1467,qwen3.6:latest
Math-96-0338,Math,96,338,COR,logical,org.apache.commons.math.complex.Complex,575,1,0.95,0.95,1494,qwen3.6:latest
Math-96-0339,Math,96,339,AOR,arithmetic,org.apache.commons.math.complex.Complex,580,1,0.75,0.75,1465,qwen3.6:latest
Math-96-0340,Math,96,340,AOR,arithmetic,org.apache.commons.math.complex.Complex,580,1,0.85,0.85,1468,qwen3.6:latest
Math-96-0341,Math,96,341,AOR,arithmetic,org.apache.commons.math.complex.Complex,580,1,0.85,0.85,1505,qwen3.6:latest
Math-96-0342,Math,96,342,AOR,arithmetic,org.apache.commons.math.complex.Complex,580,1,0.85,0.85,1504,qwen3.6:latest
Math-96-0343,Math,96,343,AOR,arithmetic,org.apache.commons.math.complex.Complex,580,1,0.75,0.75,1473,qwen3.6:latest
Math-96-0344,Math,96,344,AOR,arithmetic,org.apache.commons.math.complex.Complex,580,1,0.85,0.85,1487,qwen3.6:latest
Math-96-0345,Math,96,345,AOR,arithmetic,org.apache.commons.math.complex.Complex,580,1,0.85,0.85,1499,qwen3.6:latest
Math-96-0346,Math,96,346,AOR,arithmetic,org.apache.commons.math.complex.Complex,580,1,0.85,0.85,1514,qwen3.6:latest
Math-96-0347,Math,96,347,COR,logical,org.apache.commons.math.complex.Complex,613,0,0.85,0.85,1439,qwen3.6:latest
Math-96-0348,Math,96,348,COR,logical,org.apache.commons.math.complex.Complex,613,1,0.85,0.85,1458,qwen3.6:latest
Math-96-0349,Math,96,349,ROR,relational,org.apache.commons.math.complex.Complex,639,0,0.95,0.95,1482,qwen3.6:latest
Math-96-0350,Math,96,350,COR,logical,org.apache.commons.math.complex.Complex,672,0,0.85,0.85,1478,qwen3.6:latest
Math-96-0351,Math,96,351,COR,logical,org.apache.commons.math.complex.Complex,672,1,0.85,0.85,1489,qwen3.6:latest
Math-96-0352,Math,96,352,AOR,arithmetic,org.apache.commons.math.complex.Complex,676,1,0.85,0.85,1515,qwen3.6:latest
Math-96-0353,Math,96,353,AOR,arithmetic,org.apache.commons.math.complex.Complex,676,1,0.85,0.85,1462,qwen3.6:latest
Math-96-0354,Math,96,354,AOR,arithmetic,org.apache.commons.math.complex.Complex,676,1,0.85,0.85,1483,qwen3.6:latest
Math-96-0355,Math,96,355,AOR,arithmetic,org.apache.commons.math.complex.Complex,676,1,0.85,0.85,1468,qwen3.6:latest
Math-96-0356,Math,96,356,AOR,arithmetic,org.apache.commons.math.complex.Complex,677,1,0.85,0.85,1496,qwen3.6:latest
Math-96-0357,Math,96,357,AOR,arithmetic,org.apache.commons.math.complex.Complex,677,1,0.85,0.85,1456,qwen3.6:latest
Math-96-0358,Math,96,358,AOR,arithmetic,org.apache.commons.math.complex.Complex,677,1,0.85,0.85,1499,qwen3.6:latest
Math-96-0359,Math,96,359,AOR,arithmetic,org.apache.commons.math.complex.Complex,677,1,0.85,0.85,1535,qwen3.6:latest
Math-96-0360,Math,96,360,COR,logical,org.apache.commons.math.complex.Complex,706,0,0.85,0.85,1502,qwen3.6:latest
Math-96-0361,Math,96,361,COR,logical,org.apache.commons.math.complex.Complex,706,1,0.85,0.85,1510,qwen3.6:latest
Math-96-0362,Math,96,362,AOR,arithmetic,org.apache.commons.math.complex.Complex,710,1,0.85,0.85,1487,qwen3.6:latest
Math-96-0363,Math,96,363,AOR,arithmetic,org.apache.commons.math.complex.Complex,710,1,0.85,0.85,1475,qwen3.6:latest
Math-96-0364,Math,96,364,AOR,arithmetic,org.apache.commons.math.complex.Complex,710,1,0.85,0.85,1478,qwen3.6:latest
Math-96-0365,Math,96,365,AOR,arithmetic,org.apache.commons.math.complex.Complex,710,1,0.75,0.75,1501,qwen3.6:latest
Math-96-0366,Math,96,366,AOR,arithmetic,org.apache.commons.math.complex.Complex,711,1,0.85,0.85,1480,qwen3.6:latest
Math-96-0367,Math,96,367,AOR,arithmetic,org.apache.commons.math.complex.Complex,711,1,0.85,0.85,1469,qwen3.6:latest
Math-96-0368,Math,96,368,AOR,arithmetic,org.apache.commons.math.complex.Complex,711,1,0.85,0.85,1480,qwen3.6:latest
Math-96-0369,Math,96,369,AOR,arithmetic,org.apache.commons.math.complex.Complex,711,1,0.85,0.85,1485,qwen3.6:latest
Math-96-0370,Math,96,370,COR,logical,org.apache.commons.math.complex.Complex,748,0,0.85,0.85,1437,qwen3.6:latest
Math-96-0371,Math,96,371,COR,logical,org.apache.commons.math.complex.Complex,748,1,0.95,0.95,1436,qwen3.6:latest
Math-96-0372,Math,96,372,LVR,arithmetic,org.apache.commons.math.complex.Complex,752,1,0.75,0.75,1479,qwen3.6:latest
Math-96-0373,Math,96,373,LVR,arithmetic,org.apache.commons.math.complex.Complex,752,1,0.75,0.75,1497,qwen3.6:latest
Math-96-0374,Math,96,374,ROR,relational,org.apache.commons.math.complex.Complex,752,1,0.75,0.75,1478,qwen3.6:latest
Math-96-0375,Math,96,375,ROR,relational,org.apache.commons.math.complex.Complex,752,1,0.85,0.85,1460,qwen3.6:latest
Math-96-0376,Math,96,376,ROR,relational,org.apache.commons.math.complex.Complex,752,1,0.75,0.75,1463,qwen3.6:latest
Math-96-0377,Math,96,377,LVR,arithmetic,org.apache.commons.math.complex.Complex,752,1,0.75,0.75,1471,qwen3.6:latest
Math-96-0378,Math,96,378,LVR,arithmetic,org.apache.commons.math.complex.Complex,752,1,0.75,0.75,1474,qwen3.6:latest
Math-96-0379,Math,96,379,ROR,relational,org.apache.commons.math.complex.Complex,752,1,0.75,0.75,1471,qwen3.6:latest
Math-96-0380,Math,96,380,ROR,relational,org.apache.commons.math.complex.Complex,752,1,0.85,0.85,1461,qwen3.6:latest
Math-96-0381,Math,96,381,ROR,relational,org.apache.commons.math.complex.Complex,752,1,0.75,0.75,1509,qwen3.6:latest
Math-96-0382,Math,96,382,COR,logical,org.apache.commons.math.complex.Complex,752,1,0.85,0.85,1455,qwen3.6:latest
Math-96-0383,Math,96,383,COR,logical,org.apache.commons.math.complex.Complex,752,1,0.85,0.85,1439,qwen3.6:latest
Math-96-0384,Math,96,384,COR,logical,org.apache.commons.math.complex.Complex,752,1,0.85,0.85,1463,qwen3.6:latest
Math-96-0385,Math,96,385,COR,logical,org.apache.commons.math.complex.Complex,752,1,0.75,0.75,1448,qwen3.6:latest
Math-96-0386,Math,96,386,LVR,arithmetic,org.apache.commons.math.complex.Complex,753,0,0.85,0.85,1468,qwen3.6:latest
Math-96-0387,Math,96,387,LVR,arithmetic,org.apache.commons.math.complex.Complex,753,0,0.75,0.75,1433,qwen3.6:latest
Math-96-0388,Math,96,388,LVR,arithmetic,org.apache.commons.math.complex.Complex,753,0,0.85,0.85,1499,qwen3.6:latest
Math-96-0389,Math,96,389,LVR,arithmetic,org.apache.commons.math.complex.Complex,753,0,0.75,0.75,1470,qwen3.6:latest
Math-96-0390,Math,96,390,AOR,arithmetic,org.apache.commons.math.complex.Complex,756,1,0.85,0.85,1521,qwen3.6:latest
Math-96-0391,Math,96,391,AOR,arithmetic,org.apache.commons.math.complex.Complex,756,1,0.85,0.85,1521,qwen3.6:latest
Math-96-0392,Math,96,392,AOR,arithmetic,org.apache.commons.math.complex.Complex,756,1,0.85,0.85,1521,qwen3.6:latest
Math-96-0393,Math,96,393,AOR,arithmetic,org.apache.commons.math.complex.Complex,756,1,0.85,0.85,1505,qwen3.6:latest
Math-96-0394,Math,96,394,LVR,arithmetic,org.apache.commons.math.complex.Complex,756,1,0.85,0.85,1449,qwen3.6:latest
Math-96-0395,Math,96,395,LVR,arithmetic,org.apache.commons.math.complex.Complex,756,1,0.15,0.15,1488,qwen3.6:latest
Math-96-0396,Math,96,396,AOR,arithmetic,org.apache.commons.math.complex.Complex,756,1,0.85,0.85,1567,qwen3.6:latest
Math-96-0397,Math,96,397,AOR,arithmetic,org.apache.commons.math.complex.Complex,756,1,0.85,0.85,1537,qwen3.6:latest
Math-96-0398,Math,96,398,AOR,arithmetic,org.apache.commons.math.complex.Complex,756,1,0.85,0.85,1553,qwen3.6:latest
Math-96-0399,Math,96,399,AOR,arithmetic,org.apache.commons.math.complex.Complex,756,1,0.85,0.85,1554,qwen3.6:latest
Math-96-0400,Math,96,400,LVR,arithmetic,org.apache.commons.math.complex.Complex,757,1,0.15,0.15,1483,qwen3.6:latest
Math-96-0401,Math,96,401,LVR,arithmetic,org.apache.commons.math.complex.Complex,757,1,0.85,0.85,1460,qwen3.6:latest
Math-96-0402,Math,96,402,ROR,relational,org.apache.commons.math.complex.Complex,757,1,0.85,0.85,1546,qwen3.6:latest
Math-96-0403,Math,96,403,ROR,relational,org.apache.commons.math.complex.Complex,757,0,0.85,0.85,1526,qwen3.6:latest
Math-96-0404,Math,96,404,ROR,relational,org.apache.commons.math.complex.Complex,757,1,0.85,0.85,1532,qwen3.6:latest
Math-96-0405,Math,96,405,LVR,arithmetic,org.apache.commons.math.complex.Complex,758,1,0.75,0.75,1435,qwen3.6:latest
Math-96-0406,Math,96,406,LVR,arithmetic,org.apache.commons.math.complex.Complex,758,1,0.75,0.75,1470,qwen3.6:latest
Math-96-0407,Math,96,407,AOR,arithmetic,org.apache.commons.math.complex.Complex,758,1,0.75,0.75,1540,qwen3.6:latest
Math-96-0408,Math,96,408,AOR,arithmetic,org.apache.commons.math.complex.Complex,758,1,0.85,0.85,1590,qwen3.6:latest
Math-96-0409,Math,96,409,AOR,arithmetic,org.apache.commons.math.complex.Complex,758,1,0.85,0.85,1522,qwen3.6:latest
Math-96-0410,Math,96,410,AOR,arithmetic,org.apache.commons.math.complex.Complex,758,1,0.85,0.85,1524,qwen3.6:latest
Math-96-0411,Math,96,411,AOR,arithmetic,org.apache.commons.math.complex.Complex,758,1,0.85,0.85,1524,qwen3.6:latest
Math-96-0412,Math,96,412,AOR,arithmetic,org.apache.commons.math.complex.Complex,758,1,0.85,0.85,1555,qwen3.6:latest
Math-96-0413,Math,96,413,AOR,arithmetic,org.apache.commons.math.complex.Complex,758,1,0.85,0.85,1539,qwen3.6:latest
Math-96-0414,Math,96,414,AOR,arithmetic,org.apache.commons.math.complex.Complex,758,1,0.85,0.85,1543,qwen3.6:latest
Math-96-0415,Math,96,415,LVR,arithmetic,org.apache.commons.math.complex.Complex,760,1,0.85,0.85,1445,qwen3.6:latest
Math-96-0416,Math,96,416,LVR,arithmetic,org.apache.commons.math.complex.Complex,760,1,0.15,0.15,1477,qwen3.6:latest
Math-96-0417,Math,96,417,AOR,arithmetic,org.apache.commons.math.complex.Complex,760,1,0.85,0.85,1495,qwen3.6:latest
Math-96-0418,Math,96,418,AOR,arithmetic,org.apache.commons.math.complex.Complex,760,1,0.85,0.85,1468,qwen3.6:latest
Math-96-0419,Math,96,419,AOR,arithmetic,org.apache.commons.math.complex.Complex,760,1,0.85,0.85,1476,qwen3.6:latest
Math-96-0420,Math,96,420,AOR,arithmetic,org.apache.commons.math.complex.Complex,760,1,0.85,0.85,1482,qwen3.6:latest
Math-96-0421,Math,96,421,AOR,arithmetic,org.apache.commons.math.complex.Complex,760,1,0.85,0.85,1526,qwen3.6:latest
Math-96-0422,Math,96,422,AOR,arithmetic,org.apache.commons.math.complex.Complex,760,1,0.85,0.85,1461,qwen3.6:latest
Math-96-0423,Math,96,423,AOR,arithmetic,org.apache.commons.math.complex.Complex,760,1,0.85,0.85,1454,qwen3.6:latest
Math-96-0424,Math,96,424,AOR,arithmetic,org.apache.commons.math.complex.Complex,760,1,0.85,0.85,1454,qwen3.6:latest
Math-96-0425,Math,96,425,AOR,arithmetic,org.apache.commons.math.complex.Complex,761,1,0.85,0.85,1485,qwen3.6:latest
Math-96-0426,Math,96,426,AOR,arithmetic,org.apache.commons.math.complex.Complex,761,1,0.85,0.85,1495,qwen3.6:latest
Math-96-0427,Math,96,427,AOR,arithmetic,org.apache.commons.math.complex.Complex,761,1,0.85,0.85,1474,qwen3.6:latest
Math-96-0428,Math,96,428,AOR,arithmetic,org.apache.commons.math.complex.Complex,761,1,0.85,0.85,1508,qwen3.6:latest
Math-96-0429,Math,96,429,LVR,arithmetic,org.apache.commons.math.complex.Complex,784,1,0.85,0.85,1553,qwen3.6:latest
Math-96-0430,Math,96,430,LVR,arithmetic,org.apache.commons.math.complex.Complex,784,1,0.75,0.75,1492,qwen3.6:latest
Math-96-0431,Math,96,431,LVR,arithmetic,org.apache.commons.math.complex.Complex,784,1,0.85,0.85,1546,qwen3.6:latest
Math-96-0432,Math,96,432,LVR,arithmetic,org.apache.commons.math.complex.Complex,784,1,0.85,0.85,1538,qwen3.6:latest
Math-96-0433,Math,96,433,COR,logical,org.apache.commons.math.complex.Complex,814,0,0.75,0.75,1525,qwen3.6:latest
Math-96-0434,Math,96,434,COR,logical,org.apache.commons.math.complex.Complex,814,1,0.75,0.75,1525,qwen3.6:latest
Math-96-0435,Math,96,435,LVR,arithmetic,org.apache.commons.math.complex.Complex,818,1,0.75,0.75,1452,qwen3.6:latest
Math-96-0436,Math,96,436,LVR,arithmetic,org.apache.commons.math.complex.Complex,818,1,0.15,0.15,1445,qwen3.6:latest
Math-96-0437,Math,96,437,AOR,arithmetic,org.apache.commons.math.complex.Complex,818,1,0.75,0.75,1477,qwen3.6:latest
Math-96-0438,Math,96,438,AOR,arithmetic,org.apache.commons.math.complex.Complex,818,1,0.75,0.75,1471,qwen3.6:latest
Math-96-0439,Math,96,439,AOR,arithmetic,org.apache.commons.math.complex.Complex,818,1,0.75,0.75,1461,qwen3.6:latest
Math-96-0440,Math,96,440,AOR,arithmetic,org.apache.commons.math.complex.Complex,818,1,0.75,0.75,1474,qwen3.6:latest
Math-96-0441,Math,96,441,LVR,arithmetic,org.apache.commons.math.complex.Complex,819,1,0.75,0.75,1476,qwen3.6:latest
Math-96-0442,Math,96,442,LVR,arithmetic,org.apache.commons.math.complex.Complex,819,1,0.75,0.75,1479,qwen3.6:latest
Math-96-0443,Math,96,443,AOR,arithmetic,org.apache.commons.math.complex.Complex,819,1,0.75,0.75,1465,qwen3.6:latest
Math-96-0444,Math,96,444,AOR,arithmetic,org.apache.commons.math.complex.Complex,819,1,0.75,0.75,1460,qwen3.6:latest
Math-96-0445,Math,96,445,AOR,arithmetic,org.apache.commons.math.complex.Complex,819,1,0.75,0.75,1450,qwen3.6:latest
Math-96-0446,Math,96,446,AOR,arithmetic,org.apache.commons.math.complex.Complex,819,1,0.85,0.85,1486,qwen3.6:latest
Math-96-0447,Math,96,447,AOR,arithmetic,org.apache.commons.math.complex.Complex,820,1,0.15,0.15,1453,qwen3.6:latest
Math-96-0448,Math,96,448,AOR,arithmetic,org.apache.commons.math.complex.Complex,820,1,0.85,0.85,1509,qwen3.6:latest
Math-96-0449,Math,96,449,AOR,arithmetic,org.apache.commons.math.complex.Complex,820,1,0.15,0.15,1449,qwen3.6:latest
Math-96-0450,Math,96,450,AOR,arithmetic,org.apache.commons.math.complex.Complex,820,1,0.75,0.75,1456,qwen3.6:latest
Math-96-0451,Math,96,451,AOR,arithmetic,org.apache.commons.math.complex.Complex,822,1,0.85,0.85,1540,qwen3.6:latest
Math-96-0452,Math,96,452,AOR,arithmetic,org.apache.commons.math.complex.Complex,822,1,0.85,0.85,1557,qwen3.6:latest
Math-96-0453,Math,96,453,AOR,arithmetic,org.apache.commons.math.complex.Complex,822,1,0.85,0.85,1559,qwen3.6:latest
Math-96-0454,Math,96,454,AOR,arithmetic,org.apache.commons.math.complex.Complex,822,1,0.85,0.85,1523,qwen3.6:latest
Math-96-0455,Math,96,455,AOR,arithmetic,org.apache.commons.math.complex.Complex,822,1,0.85,0.85,1557,qwen3.6:latest
Math-96-0456,Math,96,456,AOR,arithmetic,org.apache.commons.math.complex.Complex,822,1,0.85,0.85,1531,qwen3.6:latest
Math-96-0457,Math,96,457,AOR,arithmetic,org.apache.commons.math.complex.Complex,822,1,0.85,0.85,1517,qwen3.6:latest
Math-96-0458,Math,96,458,AOR,arithmetic,org.apache.commons.math.complex.Complex,822,1,0.85,0.85,1517,qwen3.6:latest
Math-96-0459,Math,96,459,COR,logical,org.apache.commons.math.complex.Complex,852,0,0.85,0.85,1468,qwen3.6:latest
Math-96-0460,Math,96,460,COR,logical,org.apache.commons.math.complex.Complex,852,1,0.85,0.85,1472,qwen3.6:latest
Math-96-0461,Math,96,461,LVR,arithmetic,org.apache.commons.math.complex.Complex,856,1,0.75,0.75,1459,qwen3.6:latest
Math-96-0462,Math,96,462,LVR,arithmetic,org.apache.commons.math.complex.Complex,856,1,0.15,0.15,1491,qwen3.6:latest
Math-96-0463,Math,96,463,AOR,arithmetic,org.apache.commons.math.complex.Complex,856,1,0.75,0.75,1462,qwen3.6:latest
Math-96-0464,Math,96,464,AOR,arithmetic,org.apache.commons.math.complex.Complex,856,1,0.75,0.75,1444,qwen3.6:latest
Math-96-0465,Math,96,465,AOR,arithmetic,org.apache.commons.math.complex.Complex,856,1,0.75,0.75,1465,qwen3.6:latest
Math-96-0466,Math,96,466,AOR,arithmetic,org.apache.commons.math.complex.Complex,856,1,0.85,0.85,1463,qwen3.6:latest
Math-96-0467,Math,96,467,LVR,arithmetic,org.apache.commons.math.complex.Complex,857,1,0.75,0.75,1497,qwen3.6:latest
Math-96-0468,Math,96,468,LVR,arithmetic,org.apache.commons.math.complex.Complex,857,1,0.75,0.75,1471,qwen3.6:latest
Math-96-0469,Math,96,469,AOR,arithmetic,org.apache.commons.math.complex.Complex,857,1,0.75,0.75,1466,qwen3.6:latest
Math-96-0470,Math,96,470,AOR,arithmetic,org.apache.commons.math.complex.Complex,857,1,0.75,0.75,1492,qwen3.6:latest
Math-96-0471,Math,96,471,AOR,arithmetic,org.apache.commons.math.complex.Complex,857,1,0.75,0.75,1516,qwen3.6:latest
Math-96-0472,Math,96,472,AOR,arithmetic,org.apache.commons.math.complex.Complex,857,1,0.85,0.85,1470,qwen3.6:latest
Math-96-0473,Math,96,473,AOR,arithmetic,org.apache.commons.math.complex.Complex,858,1,0.75,0.75,1499,qwen3.6:latest
Math-96-0474,Math,96,474,AOR,arithmetic,org.apache.commons.math.complex.Complex,858,1,0.75,0.75,1477,qwen3.6:latest
Math-96-0475,Math,96,475,AOR,arithmetic,org.apache.commons.math.complex.Complex,858,1,0.75,0.75,1520,qwen3.6:latest
Math-96-0476,Math,96,476,AOR,arithmetic,org.apache.commons.math.complex.Complex,858,1,0.75,0.75,1497,qwen3.6:latest
Math-96-0477,Math,96,477,AOR,arithmetic,org.apache.commons.math.complex.Complex,860,1,0.75,0.75,1478,qwen3.6:latest
Math-96-0478,Math,96,478,AOR,arithmetic,org.apache.commons.math.complex.Complex,860,1,0.85,0.85,1505,qwen3.6:latest
Math-96-0479,Math,96,479,AOR,arithmetic,org.apache.commons.math.complex.Complex,860,1,0.85,0.85,1471,qwen3.6:latest
Math-96-0480,Math,96,480,AOR,arithmetic,org.apache.commons.math.complex.Complex,860,1,0.85,0.85,1467,qwen3.6:latest
Math-96-0481,Math,96,481,AOR,arithmetic,org.apache.commons.math.complex.Complex,860,1,0.75,0.75,1507,qwen3.6:latest
Math-96-0482,Math,96,482,AOR,arithmetic,org.apache.commons.math.complex.Complex,860,1,0.85,0.85,1453,qwen3.6:latest
Math-96-0483,Math,96,483,AOR,arithmetic,org.apache.commons.math.complex.Complex,860,1,0.85,0.85,1490,qwen3.6:latest
Math-96-0484,Math,96,484,AOR,arithmetic,org.apache.commons.math.complex.Complex,860,1,0.85,0.85,1493,qwen3.6:latest
