mutant_id,project,bug_id,mutant_no,operator,category,class,line,killed,llm_score,llm_raw_response,llm_latency_ms,model_used
Time-11-0001,Time,11,1,LVR,arithmetic,org.joda.time.tz.ZoneInfoCompiler,95,0,0.15,0.15,4005,qwen3.6:latest
Time-11-0002,Time,11,2,LVR,arithmetic,org.joda.time.tz.ZoneInfoCompiler,95,0,0.15,0.15,4013,qwen3.6:latest
Time-11-0003,Time,11,3,ROR,relational,org.joda.time.tz.ZoneInfoCompiler,95,1,0.15,0.15,4006,qwen3.6:latest
Time-11-0004,Time,11,4,ROR,relational,org.joda.time.tz.ZoneInfoCompiler,95,0,0.15,0.15,4175,qwen3.6:latest
Time-11-0005,Time,11,5,STD,statement_deletion,org.joda.time.tz.ZoneInfoCompiler,96,0,0.1,0.1,4042,qwen3.6:latest
Time-11-0006,Time,11,6,LVR,arithmetic,org.joda.time.tz.ZoneInfoCompiler,102,0,0.15,0.15,4025,qwen3.6:latest
Time-11-0007,Time,11,7,LVR,arithmetic,org.joda.time.tz.ZoneInfoCompiler,105,1,0.15,0.15,4083,qwen3.6:latest
Time-11-0008,Time,11,8,LVR,arithmetic,org.joda.time.tz.ZoneInfoCompiler,105,1,0.15,0.15,4007,qwen3.6:latest
Time-11-0009,Time,11,9,ROR,relational,org.joda.time.tz.ZoneInfoCompiler,105,0,0.25,0.25,4040,qwen3.6:latest
Time-11-0010,Time,11,10,ROR,relational,org.joda.time.tz.ZoneInfoCompiler,105,0,0.25,0.25,4021,qwen3.6:latest
Time-11-0011,Time,11,11,ROR,relational,org.joda.time.tz.ZoneInfoCompiler,105,1,0.15,0.15,4106,qwen3.6:latest
Time-11-0012,Time,11,12,COR,logical,org.joda.time.tz.ZoneInfoCompiler,107,1,0.15,0.15,4125,qwen3.6:latest
Time-11-0013,Time,11,13,COR,logical,org.joda.time.tz.ZoneInfoCompiler,107,1,0.15,0.15,4108,qwen3.6:latest
Time-11-0014,Time,11,14,STD,statement_deletion,org.joda.time.tz.ZoneInfoCompiler,108,1,0.15,0.15,4022,qwen3.6:latest
Time-11-0015,Time,11,15,COR,logical,org.joda.time.tz.ZoneInfoCompiler,109,1,0.15,0.15,4111,qwen3.6:latest
Time-11-0016,Time,11,16,COR,logical,org.joda.time.tz.ZoneInfoCompiler,109,1,0.15,0.15,4078,qwen3.6:latest
Time-11-0017,Time,11,17,STD,statement_deletion,org.joda.time.tz.ZoneInfoCompiler,110,1,0.1,0.1,3979,qwen3.6:latest
Time-11-0018,Time,11,18,COR,logical,org.joda.time.tz.ZoneInfoCompiler,111,0,0.15,0.15,4055,qwen3.6:latest
Time-11-0019,Time,11,19,COR,logical,org.joda.time.tz.ZoneInfoCompiler,111,1,0.15,0.15,4095,qwen3.6:latest
Time-11-0020,Time,11,20,LVR,arithmetic,org.joda.time.tz.ZoneInfoCompiler,112,0,0.15,0.15,4064,qwen3.6:latest
Time-11-0021,Time,11,21,STD,statement_deletion,org.joda.time.tz.ZoneInfoCompiler,112,0,0.15,0.15,4124,qwen3.6:latest
Time-11-0022,Time,11,22,COR,logical,org.joda.time.tz.ZoneInfoCompiler,113,0,0.15,0.15,4041,qwen3.6:latest
Time-11-0023,Time,11,23,COR,logical,org.joda.time.tz.ZoneInfoCompiler,113,1,0.15,0.15,4012,qwen3.6:latest
Time-11-0024,Time,11,24,STD,statement_deletion,org.joda.time.tz.ZoneInfoCompiler,114,0,0.15,0.15,3981,qwen3.6:latest
Time-11-0025,Time,11,25,STD,statement_deletion,org.joda.time.tz.ZoneInfoCompiler,120,0,0.1,0.1,3922,qwen3.6:latest
Time-11-0026,Time,11,26,ROR,relational,org.joda.time.tz.ZoneInfoCompiler,125,0,0.75,0.75,4025,qwen3.6:latest
Time-11-0027,Time,11,27,ROR,relational,org.joda.time.tz.ZoneInfoCompiler,125,0,0.75,0.75,4038,qwen3.6:latest
Time-11-0028,Time,11,28,ROR,relational,org.joda.time.tz.ZoneInfoCompiler,125,1,0.15,0.15,4002,qwen3.6:latest
Time-11-0029,Time,11,29,STD,statement_deletion,org.joda.time.tz.ZoneInfoCompiler,126,0,0.1,0.1,4040,qwen3.6:latest
Time-11-0030,Time,11,30,AOR,arithmetic,org.joda.time.tz.ZoneInfoCompiler,130,0,0.85,0.85,3965,qwen3.6:latest
Time-11-0031,Time,11,31,AOR,arithmetic,org.joda.time.tz.ZoneInfoCompiler,130,1,0.85,0.85,4005,qwen3.6:latest
Time-11-0032,Time,11,32,AOR,arithmetic,org.joda.time.tz.ZoneInfoCompiler,130,1,0.85,0.85,3986,qwen3.6:latest
Time-11-0033,Time,11,33,AOR,arithmetic,org.joda.time.tz.ZoneInfoCompiler,130,0,0.85,0.85,4010,qwen3.6:latest
Time-11-0034,Time,11,34,LVR,arithmetic,org.joda.time.tz.ZoneInfoCompiler,131,1,0.15,0.15,4050,qwen3.6:latest
Time-11-0035,Time,11,35,LVR,arithmetic,org.joda.time.tz.ZoneInfoCompiler,131,1,0.15,0.15,4102,qwen3.6:latest
Time-11-0036,Time,11,36,ROR,relational,org.joda.time.tz.ZoneInfoCompiler,131,0,0.15,0.15,4063,qwen3.6:latest
Time-11-0037,Time,11,37,ROR,relational,org.joda.time.tz.ZoneInfoCompiler,131,1,0.25,0.25,4062,qwen3.6:latest
Time-11-0038,Time,11,38,ROR,relational,org.joda.time.tz.ZoneInfoCompiler,131,1,0.25,0.25,4079,qwen3.6:latest
Time-11-0039,Time,11,39,ROR,relational,org.joda.time.tz.ZoneInfoCompiler,132,0,0.15,0.15,4029,qwen3.6:latest
Time-11-0040,Time,11,40,STD,statement_deletion,org.joda.time.tz.ZoneInfoCompiler,132,1,0.15,0.15,4021,qwen3.6:latest
Time-11-0041,Time,11,41,STD,statement_deletion,org.joda.time.tz.ZoneInfoCompiler,135,0,0.15,0.15,4121,qwen3.6:latest
Time-11-0042,Time,11,42,STD,statement_deletion,org.joda.time.tz.ZoneInfoCompiler,137,1,0.15,0.15,4096,qwen3.6:latest
Time-11-0043,Time,11,43,STD,statement_deletion,org.joda.time.tz.ZoneInfoCompiler,141,0,0.1,0.1,3998,qwen3.6:latest
Time-11-0044,Time,11,44,STD,statement_deletion,org.joda.time.tz.ZoneInfoCompiler,142,0,0.1,0.1,4001,qwen3.6:latest
Time-11-0045,Time,11,45,STD,statement_deletion,org.joda.time.tz.ZoneInfoCompiler,143,0,0.1,0.1,4111,qwen3.6:latest
Time-11-0046,Time,11,46,STD,statement_deletion,org.joda.time.tz.ZoneInfoCompiler,144,0,0.1,0.1,4072,qwen3.6:latest
Time-11-0047,Time,11,47,STD,statement_deletion,org.joda.time.tz.ZoneInfoCompiler,145,0,0.1,0.1,3978,qwen3.6:latest
Time-11-0048,Time,11,48,ROR,relational,org.joda.time.tz.ZoneInfoCompiler,149,1,0.15,0.15,4068,qwen3.6:latest
Time-11-0049,Time,11,49,STD,statement_deletion,org.joda.time.tz.ZoneInfoCompiler,150,1,0.1,0.1,4066,qwen3.6:latest
Time-11-0050,Time,11,50,ROR,relational,org.joda.time.tz.ZoneInfoCompiler,156,0,0.15,0.15,4050,qwen3.6:latest
Time-11-0051,Time,11,51,STD,statement_deletion,org.joda.time.tz.ZoneInfoCompiler,157,0,0.1,0.1,3954,qwen3.6:latest
Time-11-0052,Time,11,52,LVR,arithmetic,org.joda.time.tz.ZoneInfoCompiler,170,1,0.15,0.15,4089,qwen3.6:latest
Time-11-0053,Time,11,53,LVR,arithmetic,org.joda.time.tz.ZoneInfoCompiler,170,1,0.15,0.15,4126,qwen3.6:latest
Time-11-0054,Time,11,54,COR,logical,org.joda.time.tz.ZoneInfoCompiler,173,0,0.15,0.15,4065,qwen3.6:latest
Time-11-0055,Time,11,55,COR,logical,org.joda.time.tz.ZoneInfoCompiler,173,0,0.15,0.15,4131,qwen3.6:latest
Time-11-0056,Time,11,56,STD,statement_deletion,org.joda.time.tz.ZoneInfoCompiler,175,0,0.15,0.15,4024,qwen3.6:latest
Time-11-0057,Time,11,57,STD,statement_deletion,org.joda.time.tz.ZoneInfoCompiler,176,1,0.15,0.15,4027,qwen3.6:latest
Time-11-0058,Time,11,58,LVR,arithmetic,org.joda.time.tz.ZoneInfoCompiler,177,1,0.85,0.85,4130,qwen3.6:latest
Time-11-0059,Time,11,59,LVR,arithmetic,org.joda.time.tz.ZoneInfoCompiler,177,0,0.85,0.85,4056,qwen3.6:latest
Time-11-0060,Time,11,60,ROR,relational,org.joda.time.tz.ZoneInfoCompiler,177,0,0.75,0.75,4134,qwen3.6:latest
Time-11-0061,Time,11,61,ROR,relational,org.joda.time.tz.ZoneInfoCompiler,177,1,0.75,0.75,4064,qwen3.6:latest
Time-11-0062,Time,11,62,ROR,relational,org.joda.time.tz.ZoneInfoCompiler,177,0,0.85,0.85,3988,qwen3.6:latest
Time-11-0063,Time,11,63,STD,statement_deletion,org.joda.time.tz.ZoneInfoCompiler,181,0,0.15,0.15,3994,qwen3.6:latest
Time-11-0064,Time,11,64,COR,logical,org.joda.time.tz.ZoneInfoCompiler,182,0,0.15,0.15,3990,qwen3.6:latest
Time-11-0065,Time,11,65,COR,logical,org.joda.time.tz.ZoneInfoCompiler,182,0,0.15,0.15,4005,qwen3.6:latest
Time-11-0066,Time,11,66,STD,statement_deletion,org.joda.time.tz.ZoneInfoCompiler,184,0,0.15,0.15,3960,qwen3.6:latest
Time-11-0067,Time,11,67,STD,statement_deletion,org.joda.time.tz.ZoneInfoCompiler,185,0,0.15,0.15,3998,qwen3.6:latest
Time-11-0068,Time,11,68,LVR,arithmetic,org.joda.time.tz.ZoneInfoCompiler,186,0,0.15,0.15,4021,qwen3.6:latest
Time-11-0069,Time,11,69,LVR,arithmetic,org.joda.time.tz.ZoneInfoCompiler,186,0,0.85,0.85,4100,qwen3.6:latest
Time-11-0070,Time,11,70,ROR,relational,org.joda.time.tz.ZoneInfoCompiler,186,0,0.75,0.75,4062,qwen3.6:latest
Time-11-0071,Time,11,71,ROR,relational,org.joda.time.tz.ZoneInfoCompiler,186,0,0.75,0.75,4006,qwen3.6:latest
Time-11-0072,Time,11,72,ROR,relational,org.joda.time.tz.ZoneInfoCompiler,186,0,0.85,0.85,3992,qwen3.6:latest
Time-11-0073,Time,11,73,STD,statement_deletion,org.joda.time.tz.ZoneInfoCompiler,193,1,0.1,0.1,3963,qwen3.6:latest
Time-11-0074,Time,11,74,STD,statement_deletion,org.joda.time.tz.ZoneInfoCompiler,195,1,0.1,0.1,4014,qwen3.6:latest
Time-11-0075,Time,11,75,STD,statement_deletion,org.joda.time.tz.ZoneInfoCompiler,199,1,0.15,0.15,4082,qwen3.6:latest
Time-11-0076,Time,11,76,STD,statement_deletion,org.joda.time.tz.ZoneInfoCompiler,202,1,0.15,0.15,3986,qwen3.6:latest
Time-11-0077,Time,11,77,STD,statement_deletion,org.joda.time.tz.ZoneInfoCompiler,203,0,0.15,0.15,3992,qwen3.6:latest
Time-11-0078,Time,11,78,STD,statement_deletion,org.joda.time.tz.ZoneInfoCompiler,204,1,0.15,0.15,4021,qwen3.6:latest
Time-11-0079,Time,11,79,STD,statement_deletion,org.joda.time.tz.ZoneInfoCompiler,209,0,0.15,0.15,4008,qwen3.6:latest
Time-11-0080,Time,11,80,COR,logical,org.joda.time.tz.ZoneInfoCompiler,210,0,0.85,0.85,3988,qwen3.6:latest
Time-11-0081,Time,11,81,COR,logical,org.joda.time.tz.ZoneInfoCompiler,210,0,0.85,0.85,3995,qwen3.6:latest
Time-11-0082,Time,11,82,COR,logical,org.joda.time.tz.ZoneInfoCompiler,210,1,0.85,0.85,3995,qwen3.6:latest
Time-11-0083,Time,11,83,COR,logical,org.joda.time.tz.ZoneInfoCompiler,212,1,0.85,0.85,4012,qwen3.6:latest
Time-11-0084,Time,11,84,COR,logical,org.joda.time.tz.ZoneInfoCompiler,212,0,0.85,0.85,4083,qwen3.6:latest
Time-11-0085,Time,11,85,COR,logical,org.joda.time.tz.ZoneInfoCompiler,212,1,0.85,0.85,4065,qwen3.6:latest
Time-11-0086,Time,11,86,COR,logical,org.joda.time.tz.ZoneInfoCompiler,214,1,0.85,0.85,4020,qwen3.6:latest
Time-11-0087,Time,11,87,COR,logical,org.joda.time.tz.ZoneInfoCompiler,214,1,0.85,0.85,4025,qwen3.6:latest
Time-11-0088,Time,11,88,LVR,arithmetic,org.joda.time.tz.ZoneInfoCompiler,222,0,0.15,0.15,4082,qwen3.6:latest
Time-11-0089,Time,11,89,LVR,arithmetic,org.joda.time.tz.ZoneInfoCompiler,222,0,0.15,0.15,4060,qwen3.6:latest
Time-11-0090,Time,11,90,LVR,arithmetic,org.joda.time.tz.ZoneInfoCompiler,227,0,0.85,0.85,3998,qwen3.6:latest
Time-11-0091,Time,11,91,LVR,arithmetic,org.joda.time.tz.ZoneInfoCompiler,227,0,0.15,0.15,4019,qwen3.6:latest
Time-11-0092,Time,11,92,LVR,arithmetic,org.joda.time.tz.ZoneInfoCompiler,236,1,0.85,0.85,4039,qwen3.6:latest
Time-11-0093,Time,11,93,LVR,arithmetic,org.joda.time.tz.ZoneInfoCompiler,236,1,0.85,0.85,4176,qwen3.6:latest
Time-11-0094,Time,11,94,LVR,arithmetic,org.joda.time.tz.ZoneInfoCompiler,237,1,0.85,0.85,4030,qwen3.6:latest
Time-11-0095,Time,11,95,LVR,arithmetic,org.joda.time.tz.ZoneInfoCompiler,237,1,0.85,0.85,4076,qwen3.6:latest
Time-11-0096,Time,11,96,COR,logical,org.joda.time.tz.ZoneInfoCompiler,238,1,0.85,0.85,4064,qwen3.6:latest
Time-11-0097,Time,11,97,COR,logical,org.joda.time.tz.ZoneInfoCompiler,238,1,0.95,0.95,3998,qwen3.6:latest
Time-11-0098,Time,11,98,LVR,arithmetic,org.joda.time.tz.ZoneInfoCompiler,239,1,0.85,0.85,3995,qwen3.6:latest
Time-11-0099,Time,11,99,LVR,arithmetic,org.joda.time.tz.ZoneInfoCompiler,239,1,0.15,0.15,3999,qwen3.6:latest
Time-11-0100,Time,11,100,STD,statement_deletion,org.joda.time.tz.ZoneInfoCompiler,239,1,0.15,0.15,4023,qwen3.6:latest
Time-11-0101,Time,11,101,ORU,return_value,org.joda.time.tz.ZoneInfoCompiler,242,1,0.85,0.85,3986,qwen3.6:latest
Time-11-0102,Time,11,102,ORU,return_value,org.joda.time.tz.ZoneInfoCompiler,242,1,0.85,0.85,4044,qwen3.6:latest
Time-11-0103,Time,11,103,ROR,relational,org.joda.time.tz.ZoneInfoCompiler,242,1,0.75,0.75,4069,qwen3.6:latest
Time-11-0104,Time,11,104,ROR,relational,org.joda.time.tz.ZoneInfoCompiler,242,0,0.75,0.75,4071,qwen3.6:latest
Time-11-0105,Time,11,105,ROR,relational,org.joda.time.tz.ZoneInfoCompiler,242,1,0.85,0.85,4003,qwen3.6:latest
Time-11-0106,Time,11,106,LVR,arithmetic,org.joda.time.tz.ZoneInfoCompiler,246,1,0.85,0.85,3956,qwen3.6:latest
Time-11-0107,Time,11,107,LVR,arithmetic,org.joda.time.tz.ZoneInfoCompiler,246,1,0.85,0.85,3993,qwen3.6:latest
Time-11-0108,Time,11,108,ROR,relational,org.joda.time.tz.ZoneInfoCompiler,246,1,0.85,0.85,4023,qwen3.6:latest
Time-11-0109,Time,11,109,ROR,relational,org.joda.time.tz.ZoneInfoCompiler,246,0,0.85,0.85,4003,qwen3.6:latest
Time-11-0110,Time,11,110,ROR,relational,org.joda.time.tz.ZoneInfoCompiler,246,1,0.85,0.85,4029,qwen3.6:latest
Time-11-0111,Time,11,111,ORU,return_value,org.joda.time.tz.ZoneInfoCompiler,247,1,0.85,0.85,4136,qwen3.6:latest
Time-11-0112,Time,11,112,ORU,return_value,org.joda.time.tz.ZoneInfoCompiler,247,1,0.85,0.85,4009,qwen3.6:latest
Time-11-0113,Time,11,113,STD,statement_deletion,org.joda.time.tz.ZoneInfoCompiler,247,1,0.85,0.85,4003,qwen3.6:latest
Time-11-0114,Time,11,114,COR,logical,org.joda.time.tz.ZoneInfoCompiler,270,0,0.75,0.75,3979,qwen3.6:latest
Time-11-0115,Time,11,115,COR,logical,org.joda.time.tz.ZoneInfoCompiler,270,0,0.75,0.75,3984,qwen3.6:latest
Time-11-0116,Time,11,116,LVR,arithmetic,org.joda.time.tz.ZoneInfoCompiler,271,0,0.75,0.75,4030,qwen3.6:latest
Time-11-0117,Time,11,117,LVR,arithmetic,org.joda.time.tz.ZoneInfoCompiler,276,0,0.15,0.15,4029,qwen3.6:latest
Time-11-0118,Time,11,118,LVR,arithmetic,org.joda.time.tz.ZoneInfoCompiler,276,0,0.15,0.15,4006,qwen3.6:latest
Time-11-0119,Time,11,119,LVR,arithmetic,org.joda.time.tz.ZoneInfoCompiler,276,0,0.15,0.15,3994,qwen3.6:latest
Time-11-0120,Time,11,120,LVR,arithmetic,org.joda.time.tz.ZoneInfoCompiler,276,0,0.15,0.15,4003,qwen3.6:latest
Time-11-0121,Time,11,121,LVR,arithmetic,org.joda.time.tz.ZoneInfoCompiler,277,0,0.15,0.15,4099,qwen3.6:latest
Time-11-0122,Time,11,122,LVR,arithmetic,org.joda.time.tz.ZoneInfoCompiler,277,1,0.15,0.15,4031,qwen3.6:latest
Time-11-0123,Time,11,123,LVR,arithmetic,org.joda.time.tz.ZoneInfoCompiler,277,0,0.15,0.15,4033,qwen3.6:latest
Time-11-0124,Time,11,124,LVR,arithmetic,org.joda.time.tz.ZoneInfoCompiler,277,0,0.15,0.15,4008,qwen3.6:latest
Time-11-0125,Time,11,125,ROR,relational,org.joda.time.tz.ZoneInfoCompiler,286,0,0.75,0.75,3984,qwen3.6:latest
Time-11-0126,Time,11,126,ROR,relational,org.joda.time.tz.ZoneInfoCompiler,286,0,0.85,0.85,4043,qwen3.6:latest
Time-11-0127,Time,11,127,ROR,relational,org.joda.time.tz.ZoneInfoCompiler,286,0,0.85,0.85,3989,qwen3.6:latest
Time-11-0128,Time,11,128,ROR,relational,org.joda.time.tz.ZoneInfoCompiler,286,0,0.75,0.75,3947,qwen3.6:latest
Time-11-0129,Time,11,129,ROR,relational,org.joda.time.tz.ZoneInfoCompiler,286,0,0.75,0.75,4001,qwen3.6:latest
Time-11-0130,Time,11,130,ROR,relational,org.joda.time.tz.ZoneInfoCompiler,286,1,0.75,0.75,3991,qwen3.6:latest
Time-11-0131,Time,11,131,COR,logical,org.joda.time.tz.ZoneInfoCompiler,286,0,0.75,0.75,3984,qwen3.6:latest
Time-11-0132,Time,11,132,COR,logical,org.joda.time.tz.ZoneInfoCompiler,286,1,0.75,0.75,4043,qwen3.6:latest
Time-11-0133,Time,11,133,COR,logical,org.joda.time.tz.ZoneInfoCompiler,286,0,0.75,0.75,3988,qwen3.6:latest
Time-11-0134,Time,11,134,COR,logical,org.joda.time.tz.ZoneInfoCompiler,286,0,0.95,0.95,4057,qwen3.6:latest
Time-11-0135,Time,11,135,STD,statement_deletion,org.joda.time.tz.ZoneInfoCompiler,290,1,0.15,0.15,4041,qwen3.6:latest
Time-11-0136,Time,11,136,ROR,relational,org.joda.time.tz.ZoneInfoCompiler,295,0,0.85,0.85,4066,qwen3.6:latest
Time-11-0137,Time,11,137,ROR,relational,org.joda.time.tz.ZoneInfoCompiler,295,0,0.85,0.85,4028,qwen3.6:latest
Time-11-0138,Time,11,138,ROR,relational,org.joda.time.tz.ZoneInfoCompiler,295,0,0.85,0.85,4010,qwen3.6:latest
Time-11-0139,Time,11,139,COR,logical,org.joda.time.tz.ZoneInfoCompiler,295,1,0.75,0.75,3978,qwen3.6:latest
Time-11-0140,Time,11,140,COR,logical,org.joda.time.tz.ZoneInfoCompiler,296,0,0.15,0.15,3998,qwen3.6:latest
Time-11-0141,Time,11,141,COR,logical,org.joda.time.tz.ZoneInfoCompiler,295,1,0.75,0.75,4008,qwen3.6:latest
Time-11-0142,Time,11,142,COR,logical,org.joda.time.tz.ZoneInfoCompiler,296,0,0.75,0.75,3984,qwen3.6:latest
Time-11-0143,Time,11,143,STD,statement_deletion,org.joda.time.tz.ZoneInfoCompiler,297,0,0.15,0.15,4055,qwen3.6:latest
Time-11-0144,Time,11,144,LVR,arithmetic,org.joda.time.tz.ZoneInfoCompiler,300,0,0.15,0.15,4038,qwen3.6:latest
Time-11-0145,Time,11,145,ROR,relational,org.joda.time.tz.ZoneInfoCompiler,303,0,0.85,0.85,4084,qwen3.6:latest
Time-11-0146,Time,11,146,LVR,arithmetic,org.joda.time.tz.ZoneInfoCompiler,303,0,0.15,0.15,4075,qwen3.6:latest
Time-11-0147,Time,11,147,LVR,arithmetic,org.joda.time.tz.ZoneInfoCompiler,303,0,0.15,0.15,3977,qwen3.6:latest
Time-11-0148,Time,11,148,ROR,relational,org.joda.time.tz.ZoneInfoCompiler,303,0,0.15,0.15,4015,qwen3.6:latest
Time-11-0149,Time,11,149,ROR,relational,org.joda.time.tz.ZoneInfoCompiler,303,1,0.15,0.15,3992,qwen3.6:latest
Time-11-0150,Time,11,150,ROR,relational,org.joda.time.tz.ZoneInfoCompiler,303,0,0.15,0.15,4015,qwen3.6:latest
Time-11-0151,Time,11,151,COR,logical,org.joda.time.tz.ZoneInfoCompiler,303,0,0.15,0.15,4021,qwen3.6:latest
Time-11-0152,Time,11,152,COR,logical,org.joda.time.tz.ZoneInfoCompiler,303,0,0.15,0.15,4159,qwen3.6:latest
Time-11-0153,Time,11,153,COR,logical,org.joda.time.tz.ZoneInfoCompiler,303,0,0.15,0.15,4153,qwen3.6:latest
Time-11-0154,Time,11,154,COR,logical,org.joda.time.tz.ZoneInfoCompiler,303,1,0.15,0.15,4051,qwen3.6:latest
Time-11-0155,Time,11,155,COR,logical,org.joda.time.tz.ZoneInfoCompiler,303,0,0.15,0.15,4001,qwen3.6:latest
Time-11-0156,Time,11,156,COR,logical,org.joda.time.tz.ZoneInfoCompiler,303,0,0.15,0.15,4004,qwen3.6:latest
Time-11-0157,Time,11,157,COR,logical,org.joda.time.tz.ZoneInfoCompiler,303,0,0.15,0.15,4018,qwen3.6:latest
Time-11-0158,Time,11,158,COR,logical,org.joda.time.tz.ZoneInfoCompiler,303,1,0.15,0.15,4099,qwen3.6:latest
Time-11-0159,Time,11,159,STD,statement_deletion,org.joda.time.tz.ZoneInfoCompiler,304,0,0.15,0.15,4025,qwen3.6:latest
Time-11-0160,Time,11,160,LVR,arithmetic,org.joda.time.tz.ZoneInfoCompiler,308,0,0.85,0.85,4134,qwen3.6:latest
Time-11-0161,Time,11,161,STD,statement_deletion,org.joda.time.tz.ZoneInfoCompiler,311,0,0.1,0.1,3982,qwen3.6:latest
Time-11-0162,Time,11,162,STD,statement_deletion,org.joda.time.tz.ZoneInfoCompiler,313,0,0.1,0.1,4012,qwen3.6:latest
Time-11-0163,Time,11,163,STD,statement_deletion,org.joda.time.tz.ZoneInfoCompiler,314,0,0.15,0.15,4025,qwen3.6:latest
Time-11-0164,Time,11,164,LVR,arithmetic,org.joda.time.tz.ZoneInfoCompiler,319,0,0.15,0.15,4052,qwen3.6:latest
Time-11-0165,Time,11,165,LVR,arithmetic,org.joda.time.tz.ZoneInfoCompiler,319,1,0.15,0.15,4024,qwen3.6:latest
Time-11-0166,Time,11,166,LVR,arithmetic,org.joda.time.tz.ZoneInfoCompiler,319,0,0.15,0.15,4007,qwen3.6:latest
Time-11-0167,Time,11,167,LVR,arithmetic,org.joda.time.tz.ZoneInfoCompiler,319,0,0.15,0.15,4163,qwen3.6:latest
Time-11-0168,Time,11,168,STD,statement_deletion,org.joda.time.tz.ZoneInfoCompiler,319,0,0.15,0.15,4025,qwen3.6:latest
Time-11-0169,Time,11,169,LVR,arithmetic,org.joda.time.tz.ZoneInfoCompiler,320,0,0.15,0.15,4123,qwen3.6:latest
Time-11-0170,Time,11,170,LVR,arithmetic,org.joda.time.tz.ZoneInfoCompiler,320,0,0.15,0.15,4060,qwen3.6:latest
Time-11-0171,Time,11,171,LVR,arithmetic,org.joda.time.tz.ZoneInfoCompiler,320,0,0.15,0.15,4010,qwen3.6:latest
Time-11-0172,Time,11,172,LVR,arithmetic,org.joda.time.tz.ZoneInfoCompiler,320,0,0.15,0.15,3982,qwen3.6:latest
Time-11-0173,Time,11,173,STD,statement_deletion,org.joda.time.tz.ZoneInfoCompiler,320,0,0.15,0.15,4025,qwen3.6:latest
Time-11-0174,Time,11,174,LVR,arithmetic,org.joda.time.tz.ZoneInfoCompiler,322,0,0.15,0.15,3998,qwen3.6:latest
Time-11-0175,Time,11,175,LVR,arithmetic,org.joda.time.tz.ZoneInfoCompiler,322,0,0.15,0.15,4106,qwen3.6:latest
Time-11-0176,Time,11,176,ROR,relational,org.joda.time.tz.ZoneInfoCompiler,322,0,0.85,0.85,4049,qwen3.6:latest
Time-11-0177,Time,11,177,ROR,relational,org.joda.time.tz.ZoneInfoCompiler,322,0,0.85,0.85,4034,qwen3.6:latest
Time-11-0178,Time,11,178,ROR,relational,org.joda.time.tz.ZoneInfoCompiler,322,1,0.15,0.15,4101,qwen3.6:latest
Time-11-0179,Time,11,179,ROR,relational,org.joda.time.tz.ZoneInfoCompiler,324,0,0.75,0.75,4070,qwen3.6:latest
Time-11-0180,Time,11,180,ROR,relational,org.joda.time.tz.ZoneInfoCompiler,324,0,0.75,0.75,4004,qwen3.6:latest
Time-11-0181,Time,11,181,ROR,relational,org.joda.time.tz.ZoneInfoCompiler,324,0,0.15,0.15,4003,qwen3.6:latest
Time-11-0182,Time,11,182,ROR,relational,org.joda.time.tz.ZoneInfoCompiler,324,0,0.85,0.85,4015,qwen3.6:latest
Time-11-0183,Time,11,183,ROR,relational,org.joda.time.tz.ZoneInfoCompiler,324,0,0.85,0.85,4052,qwen3.6:latest
Time-11-0184,Time,11,184,ROR,relational,org.joda.time.tz.ZoneInfoCompiler,324,0,0.85,0.85,4070,qwen3.6:latest
Time-11-0185,Time,11,185,COR,logical,org.joda.time.tz.ZoneInfoCompiler,324,0,0.15,0.15,4067,qwen3.6:latest
Time-11-0186,Time,11,186,COR,logical,org.joda.time.tz.ZoneInfoCompiler,324,0,0.15,0.15,3985,qwen3.6:latest
Time-11-0187,Time,11,187,COR,logical,org.joda.time.tz.ZoneInfoCompiler,324,0,0.15,0.15,3994,qwen3.6:latest
Time-11-0188,Time,11,188,COR,logical,org.joda.time.tz.ZoneInfoCompiler,324,0,0.15,0.15,4051,qwen3.6:latest
Time-11-0189,Time,11,189,STD,statement_deletion,org.joda.time.tz.ZoneInfoCompiler,328,1,0.1,0.1,4058,qwen3.6:latest
Time-11-0190,Time,11,190,LVR,arithmetic,org.joda.time.tz.ZoneInfoCompiler,332,1,0.85,0.85,4049,qwen3.6:latest
Time-11-0191,Time,11,191,LVR,arithmetic,org.joda.time.tz.ZoneInfoCompiler,332,1,0.2,0.2,3967,qwen3.6:latest
Time-11-0192,Time,11,192,AOR,arithmetic,org.joda.time.tz.ZoneInfoCompiler,332,1,0.85,0.85,4100,qwen3.6:latest
Time-11-0193,Time,11,193,AOR,arithmetic,org.joda.time.tz.ZoneInfoCompiler,332,1,0.85,0.85,3969,qwen3.6:latest
Time-11-0194,Time,11,194,AOR,arithmetic,org.joda.time.tz.ZoneInfoCompiler,332,1,0.85,0.85,3961,qwen3.6:latest
Time-11-0195,Time,11,195,AOR,arithmetic,org.joda.time.tz.ZoneInfoCompiler,332,1,0.85,0.85,3990,qwen3.6:latest
Time-11-0196,Time,11,196,ROR,relational,org.joda.time.tz.ZoneInfoCompiler,332,0,0.85,0.85,3993,qwen3.6:latest
Time-11-0197,Time,11,197,ROR,relational,org.joda.time.tz.ZoneInfoCompiler,332,0,0.75,0.75,4001,qwen3.6:latest
Time-11-0198,Time,11,198,ROR,relational,org.joda.time.tz.ZoneInfoCompiler,332,1,0.85,0.85,4005,qwen3.6:latest
Time-11-0199,Time,11,199,LVR,arithmetic,org.joda.time.tz.ZoneInfoCompiler,336,0,0.25,0.25,4000,qwen3.6:latest
Time-11-0200,Time,11,200,LVR,arithmetic,org.joda.time.tz.ZoneInfoCompiler,336,0,0.85,0.85,3991,qwen3.6:latest
Time-11-0201,Time,11,201,AOR,arithmetic,org.joda.time.tz.ZoneInfoCompiler,336,0,0.85,0.85,4006,qwen3.6:latest
Time-11-0202,Time,11,202,AOR,arithmetic,org.joda.time.tz.ZoneInfoCompiler,336,0,0.85,0.85,4020,qwen3.6:latest
Time-11-0203,Time,11,203,AOR,arithmetic,org.joda.time.tz.ZoneInfoCompiler,336,0,0.85,0.85,3963,qwen3.6:latest
Time-11-0204,Time,11,204,AOR,arithmetic,org.joda.time.tz.ZoneInfoCompiler,336,0,0.85,0.85,4006,qwen3.6:latest
Time-11-0205,Time,11,205,STD,statement_deletion,org.joda.time.tz.ZoneInfoCompiler,333,0,0.85,0.85,3985,qwen3.6:latest
Time-11-0206,Time,11,206,LVR,arithmetic,org.joda.time.tz.ZoneInfoCompiler,339,0,0.15,0.15,3998,qwen3.6:latest
Time-11-0207,Time,11,207,LVR,arithmetic,org.joda.time.tz.ZoneInfoCompiler,343,1,0.15,0.15,3961,qwen3.6:latest
Time-11-0208,Time,11,208,STD,statement_deletion,org.joda.time.tz.ZoneInfoCompiler,356,1,0.1,0.1,4096,qwen3.6:latest
Time-11-0209,Time,11,209,STD,statement_deletion,org.joda.time.tz.ZoneInfoCompiler,357,1,0.15,0.15,3925,qwen3.6:latest
Time-11-0210,Time,11,210,STD,statement_deletion,org.joda.time.tz.ZoneInfoCompiler,358,1,0.1,0.1,3991,qwen3.6:latest
Time-11-0211,Time,11,211,ROR,relational,org.joda.time.tz.ZoneInfoCompiler,368,0,0.85,0.85,4083,qwen3.6:latest
Time-11-0212,Time,11,212,LVR,arithmetic,org.joda.time.tz.ZoneInfoCompiler,369,1,0.85,0.85,4098,qwen3.6:latest
Time-11-0213,Time,11,213,LVR,arithmetic,org.joda.time.tz.ZoneInfoCompiler,369,1,0.85,0.85,4084,qwen3.6:latest
Time-11-0214,Time,11,214,ROR,relational,org.joda.time.tz.ZoneInfoCompiler,369,1,0.85,0.85,4013,qwen3.6:latest
Time-11-0215,Time,11,215,ROR,relational,org.joda.time.tz.ZoneInfoCompiler,369,1,0.85,0.85,4018,qwen3.6:latest
Time-11-0216,Time,11,216,STD,statement_deletion,org.joda.time.tz.ZoneInfoCompiler,371,1,0.15,0.15,4089,qwen3.6:latest
Time-11-0217,Time,11,217,STD,statement_deletion,org.joda.time.tz.ZoneInfoCompiler,372,0,0.15,0.15,4130,qwen3.6:latest
Time-11-0218,Time,11,218,ROR,relational,org.joda.time.tz.ZoneInfoCompiler,376,0,0.15,0.15,4082,qwen3.6:latest
Time-11-0219,Time,11,219,COR,logical,org.joda.time.tz.ZoneInfoCompiler,377,1,0.75,0.75,4031,qwen3.6:latest
Time-11-0220,Time,11,220,COR,logical,org.joda.time.tz.ZoneInfoCompiler,377,0,0.85,0.85,3990,qwen3.6:latest
Time-11-0221,Time,11,221,COR,logical,org.joda.time.tz.ZoneInfoCompiler,378,0,0.15,0.15,4009,qwen3.6:latest
Time-11-0222,Time,11,222,COR,logical,org.joda.time.tz.ZoneInfoCompiler,378,0,0.15,0.15,4010,qwen3.6:latest
Time-11-0223,Time,11,223,COR,logical,org.joda.time.tz.ZoneInfoCompiler,382,1,0.85,0.85,4031,qwen3.6:latest
Time-11-0224,Time,11,224,COR,logical,org.joda.time.tz.ZoneInfoCompiler,382,0,0.85,0.85,4104,qwen3.6:latest
Time-11-0225,Time,11,225,STD,statement_deletion,org.joda.time.tz.ZoneInfoCompiler,389,0,0.1,0.1,4101,qwen3.6:latest
Time-11-0226,Time,11,226,LVR,arithmetic,org.joda.time.tz.ZoneInfoCompiler,390,1,0.15,0.15,4078,qwen3.6:latest
Time-11-0227,Time,11,227,LVR,arithmetic,org.joda.time.tz.ZoneInfoCompiler,390,1,0.15,0.15,4077,qwen3.6:latest
Time-11-0228,Time,11,228,ROR,relational,org.joda.time.tz.ZoneInfoCompiler,390,1,0.85,0.85,4014,qwen3.6:latest
Time-11-0229,Time,11,229,ROR,relational,org.joda.time.tz.ZoneInfoCompiler,390,1,0.15,0.15,4096,qwen3.6:latest
Time-11-0230,Time,11,230,STD,statement_deletion,org.joda.time.tz.ZoneInfoCompiler,393,1,0.1,0.1,4100,qwen3.6:latest
Time-11-0231,Time,11,231,LVR,arithmetic,org.joda.time.tz.ZoneInfoCompiler,394,1,0.15,0.15,4046,qwen3.6:latest
Time-11-0232,Time,11,232,COR,logical,org.joda.time.tz.ZoneInfoCompiler,396,1,0.75,0.75,4133,qwen3.6:latest
Time-11-0233,Time,11,233,COR,logical,org.joda.time.tz.ZoneInfoCompiler,396,0,0.75,0.75,4035,qwen3.6:latest
Time-11-0234,Time,11,234,STD,statement_deletion,org.joda.time.tz.ZoneInfoCompiler,397,1,0.15,0.15,4050,qwen3.6:latest
Time-11-0235,Time,11,235,ROR,relational,org.joda.time.tz.ZoneInfoCompiler,398,0,0.85,0.85,4135,qwen3.6:latest
Time-11-0236,Time,11,236,COR,logical,org.joda.time.tz.ZoneInfoCompiler,399,0,0.85,0.85,4026,qwen3.6:latest
Time-11-0237,Time,11,237,COR,logical,org.joda.time.tz.ZoneInfoCompiler,399,0,0.75,0.75,3977,qwen3.6:latest
Time-11-0238,Time,11,238,STD,statement_deletion,org.joda.time.tz.ZoneInfoCompiler,400,0,0.15,0.15,4121,qwen3.6:latest
Time-11-0239,Time,11,239,COR,logical,org.joda.time.tz.ZoneInfoCompiler,403,0,0.15,0.15,4050,qwen3.6:latest
Time-11-0240,Time,11,240,COR,logical,org.joda.time.tz.ZoneInfoCompiler,403,1,0.15,0.15,4130,qwen3.6:latest
Time-11-0241,Time,11,241,STD,statement_deletion,org.joda.time.tz.ZoneInfoCompiler,404,1,0.15,0.15,4138,qwen3.6:latest
Time-11-0242,Time,11,242,STD,statement_deletion,org.joda.time.tz.ZoneInfoCompiler,408,1,0.15,0.15,4005,qwen3.6:latest
Time-11-0243,Time,11,243,STD,statement_deletion,org.joda.time.tz.ZoneInfoCompiler,410,0,0.15,0.15,4053,qwen3.6:latest
Time-11-0244,Time,11,244,STD,statement_deletion,org.joda.time.tz.ZoneInfoCompiler,416,0,0.15,0.15,4013,qwen3.6:latest
Time-11-0245,Time,11,245,COR,logical,org.joda.time.tz.ZoneInfoCompiler,418,0,0.95,0.95,3990,qwen3.6:latest
Time-11-0246,Time,11,246,COR,logical,org.joda.time.tz.ZoneInfoCompiler,418,0,0.95,0.95,3999,qwen3.6:latest
Time-11-0247,Time,11,247,STD,statement_deletion,org.joda.time.tz.ZoneInfoCompiler,419,0,0.1,0.1,4001,qwen3.6:latest
Time-11-0248,Time,11,248,LVR,arithmetic,org.joda.time.tz.ZoneInfoCompiler,426,0,0.25,0.25,4105,qwen3.6:latest
Time-11-0249,Time,11,249,LVR,arithmetic,org.joda.time.tz.ZoneInfoCompiler,426,0,0.2,0.2,4051,qwen3.6:latest
Time-11-0250,Time,11,250,LVR,arithmetic,org.joda.time.tz.ZoneInfoCompiler,426,0,0.2,0.2,4079,qwen3.6:latest
Time-11-0251,Time,11,251,LVR,arithmetic,org.joda.time.tz.ZoneInfoCompiler,426,0,0.2,0.2,3994,qwen3.6:latest
Time-11-0252,Time,11,252,ROR,relational,org.joda.time.tz.ZoneInfoCompiler,426,0,0.75,0.75,4023,qwen3.6:latest
Time-11-0253,Time,11,253,ROR,relational,org.joda.time.tz.ZoneInfoCompiler,426,0,0.25,0.25,3998,qwen3.6:latest
Time-11-0254,Time,11,254,LVR,arithmetic,org.joda.time.tz.ZoneInfoCompiler,427,0,0.25,0.25,4006,qwen3.6:latest
Time-11-0255,Time,11,255,LVR,arithmetic,org.joda.time.tz.ZoneInfoCompiler,427,1,0.25,0.25,4010,qwen3.6:latest
Time-11-0256,Time,11,256,ROR,relational,org.joda.time.tz.ZoneInfoCompiler,427,0,0.25,0.25,3993,qwen3.6:latest
Time-11-0257,Time,11,257,ROR,relational,org.joda.time.tz.ZoneInfoCompiler,427,1,0.75,0.75,4109,qwen3.6:latest
Time-11-0258,Time,11,258,ROR,relational,org.joda.time.tz.ZoneInfoCompiler,427,0,0.25,0.25,4178,qwen3.6:latest
Time-11-0259,Time,11,259,LVR,arithmetic,org.joda.time.tz.ZoneInfoCompiler,427,0,0.75,0.75,4088,qwen3.6:latest
Time-11-0260,Time,11,260,LVR,arithmetic,org.joda.time.tz.ZoneInfoCompiler,427,0,0.25,0.25,4012,qwen3.6:latest
Time-11-0261,Time,11,261,LVR,arithmetic,org.joda.time.tz.ZoneInfoCompiler,429,0,0.15,0.15,4026,qwen3.6:latest
Time-11-0262,Time,11,262,LVR,arithmetic,org.joda.time.tz.ZoneInfoCompiler,429,0,0.15,0.15,4091,qwen3.6:latest
Time-11-0263,Time,11,263,AOR,arithmetic,org.joda.time.tz.ZoneInfoCompiler,429,0,0.75,0.75,4081,qwen3.6:latest
Time-11-0264,Time,11,264,AOR,arithmetic,org.joda.time.tz.ZoneInfoCompiler,429,0,0.75,0.75,4011,qwen3.6:latest
Time-11-0265,Time,11,265,AOR,arithmetic,org.joda.time.tz.ZoneInfoCompiler,429,0,0.75,0.75,4088,qwen3.6:latest
Time-11-0266,Time,11,266,AOR,arithmetic,org.joda.time.tz.ZoneInfoCompiler,429,0,0.15,0.15,4071,qwen3.6:latest
Time-11-0267,Time,11,267,ROR,relational,org.joda.time.tz.ZoneInfoCompiler,431,0,0.85,0.85,4049,qwen3.6:latest
Time-11-0268,Time,11,268,LVR,arithmetic,org.joda.time.tz.ZoneInfoCompiler,432,0,0.15,0.15,4117,qwen3.6:latest
Time-11-0269,Time,11,269,LVR,arithmetic,org.joda.time.tz.ZoneInfoCompiler,432,0,0.15,0.15,4052,qwen3.6:latest
Time-11-0270,Time,11,270,ROR,relational,org.joda.time.tz.ZoneInfoCompiler,432,0,0.75,0.75,4012,qwen3.6:latest
Time-11-0271,Time,11,271,ROR,relational,org.joda.time.tz.ZoneInfoCompiler,432,0,0.75,0.75,4132,qwen3.6:latest
Time-11-0272,Time,11,272,ROR,relational,org.joda.time.tz.ZoneInfoCompiler,432,0,0.25,0.25,4058,qwen3.6:latest
Time-11-0273,Time,11,273,STD,statement_deletion,org.joda.time.tz.ZoneInfoCompiler,433,0,0.1,0.1,3998,qwen3.6:latest
Time-11-0274,Time,11,274,STD,statement_deletion,org.joda.time.tz.ZoneInfoCompiler,437,0,0.1,0.1,4084,qwen3.6:latest
Time-11-0275,Time,11,275,ROR,relational,org.joda.time.tz.ZoneInfoCompiler,442,0,0.15,0.15,4041,qwen3.6:latest
Time-11-0276,Time,11,276,STD,statement_deletion,org.joda.time.tz.ZoneInfoCompiler,443,0,0.1,0.1,3985,qwen3.6:latest
Time-11-0277,Time,11,277,COR,logical,org.joda.time.tz.ZoneInfoCompiler,445,0,0.15,0.15,4010,qwen3.6:latest
Time-11-0278,Time,11,278,COR,logical,org.joda.time.tz.ZoneInfoCompiler,445,0,0.15,0.15,4002,qwen3.6:latest
Time-11-0279,Time,11,279,STD,statement_deletion,org.joda.time.tz.ZoneInfoCompiler,446,0,0.1,0.1,4017,qwen3.6:latest
Time-11-0280,Time,11,280,STD,statement_deletion,org.joda.time.tz.ZoneInfoCompiler,454,1,0.15,0.15,3990,qwen3.6:latest
Time-11-0281,Time,11,281,STD,statement_deletion,org.joda.time.tz.ZoneInfoCompiler,455,1,0.15,0.15,4014,qwen3.6:latest
Time-11-0282,Time,11,282,STD,statement_deletion,org.joda.time.tz.ZoneInfoCompiler,457,0,0.15,0.15,4044,qwen3.6:latest
Time-11-0283,Time,11,283,LVR,arithmetic,org.joda.time.tz.ZoneInfoCompiler,469,1,0.15,0.15,3963,qwen3.6:latest
Time-11-0284,Time,11,284,LVR,arithmetic,org.joda.time.tz.ZoneInfoCompiler,469,1,0.15,0.15,3997,qwen3.6:latest
Time-11-0285,Time,11,285,ROR,relational,org.joda.time.tz.ZoneInfoCompiler,469,1,0.75,0.75,4026,qwen3.6:latest
Time-11-0286,Time,11,286,ROR,relational,org.joda.time.tz.ZoneInfoCompiler,469,1,0.85,0.85,3992,qwen3.6:latest
Time-11-0287,Time,11,287,LVR,arithmetic,org.joda.time.tz.ZoneInfoCompiler,469,1,0.15,0.15,3984,qwen3.6:latest
Time-11-0288,Time,11,288,LVR,arithmetic,org.joda.time.tz.ZoneInfoCompiler,469,1,0.15,0.15,4007,qwen3.6:latest
Time-11-0289,Time,11,289,ROR,relational,org.joda.time.tz.ZoneInfoCompiler,469,0,0.75,0.75,4022,qwen3.6:latest
Time-11-0290,Time,11,290,ROR,relational,org.joda.time.tz.ZoneInfoCompiler,469,1,0.75,0.75,4092,qwen3.6:latest
Time-11-0291,Time,11,291,ROR,relational,org.joda.time.tz.ZoneInfoCompiler,469,1,0.85,0.85,4069,qwen3.6:latest
Time-11-0292,Time,11,292,COR,logical,org.joda.time.tz.ZoneInfoCompiler,469,1,0.85,0.85,4148,qwen3.6:latest
Time-11-0293,Time,11,293,COR,logical,org.joda.time.tz.ZoneInfoCompiler,469,1,0.85,0.85,4059,qwen3.6:latest
Time-11-0294,Time,11,294,COR,logical,org.joda.time.tz.ZoneInfoCompiler,469,1,0.85,0.85,4009,qwen3.6:latest
Time-11-0295,Time,11,295,COR,logical,org.joda.time.tz.ZoneInfoCompiler,469,1,0.95,0.95,4114,qwen3.6:latest
Time-11-0296,Time,11,296,LVR,arithmetic,org.joda.time.tz.ZoneInfoCompiler,474,0,0.15,0.15,4031,qwen3.6:latest
Time-11-0297,Time,11,297,LVR,arithmetic,org.joda.time.tz.ZoneInfoCompiler,474,1,0.15,0.15,4014,qwen3.6:latest
Time-11-0298,Time,11,298,ROR,relational,org.joda.time.tz.ZoneInfoCompiler,474,0,0.75,0.75,4050,qwen3.6:latest
Time-11-0299,Time,11,299,ROR,relational,org.joda.time.tz.ZoneInfoCompiler,474,0,0.75,0.75,3942,qwen3.6:latest
Time-11-0300,Time,11,300,ROR,relational,org.joda.time.tz.ZoneInfoCompiler,474,1,0.85,0.85,3976,qwen3.6:latest
Time-11-0301,Time,11,301,LVR,arithmetic,org.joda.time.tz.ZoneInfoCompiler,475,1,0.15,0.15,3993,qwen3.6:latest
Time-11-0302,Time,11,302,LVR,arithmetic,org.joda.time.tz.ZoneInfoCompiler,475,1,0.15,0.15,4031,qwen3.6:latest
Time-11-0303,Time,11,303,STD,statement_deletion,org.joda.time.tz.ZoneInfoCompiler,475,0,0.15,0.15,3962,qwen3.6:latest
Time-11-0304,Time,11,304,LVR,arithmetic,org.joda.time.tz.ZoneInfoCompiler,482,0,0.15,0.15,3990,qwen3.6:latest
Time-11-0305,Time,11,305,LVR,arithmetic,org.joda.time.tz.ZoneInfoCompiler,482,1,0.15,0.15,4008,qwen3.6:latest
Time-11-0306,Time,11,306,COR,logical,org.joda.time.tz.ZoneInfoCompiler,482,0,0.75,0.75,3995,qwen3.6:latest
Time-11-0307,Time,11,307,COR,logical,org.joda.time.tz.ZoneInfoCompiler,482,1,0.75,0.75,4031,qwen3.6:latest
Time-11-0308,Time,11,308,COR,logical,org.joda.time.tz.ZoneInfoCompiler,482,0,0.75,0.75,3964,qwen3.6:latest
Time-11-0309,Time,11,309,COR,logical,org.joda.time.tz.ZoneInfoCompiler,482,1,0.75,0.75,3997,qwen3.6:latest
Time-11-0310,Time,11,310,ROR,relational,org.joda.time.tz.ZoneInfoCompiler,483,0,0.15,0.15,4001,qwen3.6:latest
Time-11-0311,Time,11,311,STD,statement_deletion,org.joda.time.tz.ZoneInfoCompiler,485,1,0.15,0.15,3992,qwen3.6:latest
Time-11-0312,Time,11,312,ROR,relational,org.joda.time.tz.ZoneInfoCompiler,489,1,0.85,0.85,3996,qwen3.6:latest
Time-11-0313,Time,11,313,STD,statement_deletion,org.joda.time.tz.ZoneInfoCompiler,490,0,0.15,0.15,3977,qwen3.6:latest
Time-11-0314,Time,11,314,STD,statement_deletion,org.joda.time.tz.ZoneInfoCompiler,492,0,0.15,0.15,4152,qwen3.6:latest
Time-11-0315,Time,11,315,COR,logical,org.joda.time.tz.ZoneInfoCompiler,495,1,0.75,0.75,4119,qwen3.6:latest
Time-11-0316,Time,11,316,COR,logical,org.joda.time.tz.ZoneInfoCompiler,495,0,0.15,0.15,3979,qwen3.6:latest
Time-11-0317,Time,11,317,COR,logical,org.joda.time.tz.ZoneInfoCompiler,497,1,0.15,0.15,3997,qwen3.6:latest
Time-11-0318,Time,11,318,COR,logical,org.joda.time.tz.ZoneInfoCompiler,497,1,0.15,0.15,4001,qwen3.6:latest
Time-11-0319,Time,11,319,ROR,relational,org.joda.time.tz.ZoneInfoCompiler,500,1,0.85,0.85,4042,qwen3.6:latest
Time-11-0320,Time,11,320,STD,statement_deletion,org.joda.time.tz.ZoneInfoCompiler,501,1,0.15,0.15,4099,qwen3.6:latest
Time-11-0321,Time,11,321,STD,statement_deletion,org.joda.time.tz.ZoneInfoCompiler,502,1,0.15,0.15,4078,qwen3.6:latest
Time-11-0322,Time,11,322,STD,statement_deletion,org.joda.time.tz.ZoneInfoCompiler,504,1,0.15,0.15,4002,qwen3.6:latest
Time-11-0323,Time,11,323,COR,logical,org.joda.time.tz.ZoneInfoCompiler,506,1,0.75,0.75,4032,qwen3.6:latest
Time-11-0324,Time,11,324,COR,logical,org.joda.time.tz.ZoneInfoCompiler,506,0,0.75,0.75,4058,qwen3.6:latest
Time-11-0325,Time,11,325,STD,statement_deletion,org.joda.time.tz.ZoneInfoCompiler,507,1,0.1,0.1,4053,qwen3.6:latest
Time-11-0326,Time,11,326,COR,logical,org.joda.time.tz.ZoneInfoCompiler,508,0,0.15,0.15,3984,qwen3.6:latest
Time-11-0327,Time,11,327,COR,logical,org.joda.time.tz.ZoneInfoCompiler,508,0,0.15,0.15,3986,qwen3.6:latest
Time-11-0328,Time,11,328,STD,statement_deletion,org.joda.time.tz.ZoneInfoCompiler,509,0,0.1,0.1,3977,qwen3.6:latest
Time-11-0329,Time,11,329,STD,statement_deletion,org.joda.time.tz.ZoneInfoCompiler,510,0,0.1,0.1,4005,qwen3.6:latest
Time-11-0330,Time,11,330,STD,statement_deletion,org.joda.time.tz.ZoneInfoCompiler,512,0,0.1,0.1,3996,qwen3.6:latest
Time-11-0331,Time,11,331,ROR,relational,org.joda.time.tz.ZoneInfoCompiler,517,0,0.15,0.15,4011,qwen3.6:latest
Time-11-0332,Time,11,332,STD,statement_deletion,org.joda.time.tz.ZoneInfoCompiler,518,1,0.1,0.1,3987,qwen3.6:latest
Time-11-0333,Time,11,333,LVR,arithmetic,org.joda.time.tz.ZoneInfoCompiler,531,1,0.8,0.8,3995,qwen3.6:latest
Time-11-0334,Time,11,334,LVR,arithmetic,org.joda.time.tz.ZoneInfoCompiler,531,1,0.15,0.15,4029,qwen3.6:latest
Time-11-0335,Time,11,335,LVR,arithmetic,org.joda.time.tz.ZoneInfoCompiler,532,1,0.2,0.2,3972,qwen3.6:latest
Time-11-0336,Time,11,336,LVR,arithmetic,org.joda.time.tz.ZoneInfoCompiler,532,0,0.2,0.2,3992,qwen3.6:latest
Time-11-0337,Time,11,337,LVR,arithmetic,org.joda.time.tz.ZoneInfoCompiler,533,0,0.25,0.25,4016,qwen3.6:latest
Time-11-0338,Time,11,338,LVR,arithmetic,org.joda.time.tz.ZoneInfoCompiler,533,0,0.85,0.85,4012,qwen3.6:latest
Time-11-0339,Time,11,339,LVR,arithmetic,org.joda.time.tz.ZoneInfoCompiler,534,0,0.2,0.2,4037,qwen3.6:latest
Time-11-0340,Time,11,340,LVR,arithmetic,org.joda.time.tz.ZoneInfoCompiler,535,0,0.25,0.25,3965,qwen3.6:latest
Time-11-0341,Time,11,341,LVR,arithmetic,org.joda.time.tz.ZoneInfoCompiler,535,1,0.85,0.85,3996,qwen3.6:latest
Time-11-0342,Time,11,342,LVR,arithmetic,org.joda.time.tz.ZoneInfoCompiler,540,0,0.85,0.85,3991,qwen3.6:latest
Time-11-0343,Time,11,343,LVR,arithmetic,org.joda.time.tz.ZoneInfoCompiler,540,0,0.15,0.15,3996,qwen3.6:latest
Time-11-0344,Time,11,344,LVR,arithmetic,org.joda.time.tz.ZoneInfoCompiler,541,0,0.85,0.85,3992,qwen3.6:latest
Time-11-0345,Time,11,345,LVR,arithmetic,org.joda.time.tz.ZoneInfoCompiler,541,0,0.15,0.15,3991,qwen3.6:latest
Time-11-0346,Time,11,346,LVR,arithmetic,org.joda.time.tz.ZoneInfoCompiler,542,0,0.15,0.15,4021,qwen3.6:latest
Time-11-0347,Time,11,347,LVR,arithmetic,org.joda.time.tz.ZoneInfoCompiler,542,0,0.15,0.15,3993,qwen3.6:latest
Time-11-0348,Time,11,348,LVR,arithmetic,org.joda.time.tz.ZoneInfoCompiler,543,1,0.15,0.15,4015,qwen3.6:latest
Time-11-0349,Time,11,349,LVR,arithmetic,org.joda.time.tz.ZoneInfoCompiler,543,1,0.15,0.15,3971,qwen3.6:latest
Time-11-0350,Time,11,350,LVR,arithmetic,org.joda.time.tz.ZoneInfoCompiler,544,0,0.15,0.15,3994,qwen3.6:latest
Time-11-0351,Time,11,351,COR,logical,org.joda.time.tz.ZoneInfoCompiler,547,1,0.25,0.25,4016,qwen3.6:latest
Time-11-0352,Time,11,352,COR,logical,org.joda.time.tz.ZoneInfoCompiler,547,0,0.25,0.25,3995,qwen3.6:latest
Time-11-0353,Time,11,353,STD,statement_deletion,org.joda.time.tz.ZoneInfoCompiler,548,1,0.15,0.15,3997,qwen3.6:latest
Time-11-0354,Time,11,354,COR,logical,org.joda.time.tz.ZoneInfoCompiler,550,1,0.75,0.75,4007,qwen3.6:latest
Time-11-0355,Time,11,355,COR,logical,org.joda.time.tz.ZoneInfoCompiler,550,0,0.75,0.75,4027,qwen3.6:latest
Time-11-0356,Time,11,356,COR,logical,org.joda.time.tz.ZoneInfoCompiler,552,1,0.75,0.75,3982,qwen3.6:latest
Time-11-0357,Time,11,357,COR,logical,org.joda.time.tz.ZoneInfoCompiler,552,1,0.75,0.75,3979,qwen3.6:latest
Time-11-0358,Time,11,358,LVR,arithmetic,org.joda.time.tz.ZoneInfoCompiler,553,1,0.75,0.75,4003,qwen3.6:latest
Time-11-0359,Time,11,359,LVR,arithmetic,org.joda.time.tz.ZoneInfoCompiler,553,1,0.75,0.75,3985,qwen3.6:latest
Time-11-0360,Time,11,360,STD,statement_deletion,org.joda.time.tz.ZoneInfoCompiler,553,1,0.75,0.75,4033,qwen3.6:latest
Time-11-0361,Time,11,361,LVR,arithmetic,org.joda.time.tz.ZoneInfoCompiler,554,1,0.75,0.75,3972,qwen3.6:latest
Time-11-0362,Time,11,362,LVR,arithmetic,org.joda.time.tz.ZoneInfoCompiler,554,1,0.15,0.15,4007,qwen3.6:latest
Time-11-0363,Time,11,363,STD,statement_deletion,org.joda.time.tz.ZoneInfoCompiler,554,1,0.15,0.15,4005,qwen3.6:latest
Time-11-0364,Time,11,364,LVR,arithmetic,org.joda.time.tz.ZoneInfoCompiler,555,1,0.75,0.75,3983,qwen3.6:latest
Time-11-0365,Time,11,365,STD,statement_deletion,org.joda.time.tz.ZoneInfoCompiler,555,0,0.15,0.15,3986,qwen3.6:latest
Time-11-0366,Time,11,366,STD,statement_deletion,org.joda.time.tz.ZoneInfoCompiler,558,1,0.15,0.15,4045,qwen3.6:latest
Time-11-0367,Time,11,367,LVR,arithmetic,org.joda.time.tz.ZoneInfoCompiler,559,1,0.15,0.15,4012,qwen3.6:latest
Time-11-0368,Time,11,368,LVR,arithmetic,org.joda.time.tz.ZoneInfoCompiler,559,1,0.15,0.15,3988,qwen3.6:latest
Time-11-0369,Time,11,369,STD,statement_deletion,org.joda.time.tz.ZoneInfoCompiler,559,0,0.15,0.15,4005,qwen3.6:latest
Time-11-0370,Time,11,370,LVR,arithmetic,org.joda.time.tz.ZoneInfoCompiler,560,0,0.15,0.15,4003,qwen3.6:latest
Time-11-0371,Time,11,371,STD,statement_deletion,org.joda.time.tz.ZoneInfoCompiler,560,0,0.15,0.15,3999,qwen3.6:latest
Time-11-0372,Time,11,372,LVR,arithmetic,org.joda.time.tz.ZoneInfoCompiler,563,0,0.15,0.15,4028,qwen3.6:latest
Time-11-0373,Time,11,373,LVR,arithmetic,org.joda.time.tz.ZoneInfoCompiler,563,0,0.15,0.15,4138,qwen3.6:latest
Time-11-0374,Time,11,374,ROR,relational,org.joda.time.tz.ZoneInfoCompiler,563,0,0.75,0.75,4030,qwen3.6:latest
Time-11-0375,Time,11,375,ROR,relational,org.joda.time.tz.ZoneInfoCompiler,563,0,0.15,0.15,3992,qwen3.6:latest
Time-11-0376,Time,11,376,ROR,relational,org.joda.time.tz.ZoneInfoCompiler,563,1,0.75,0.75,4021,qwen3.6:latest
Time-11-0377,Time,11,377,LVR,arithmetic,org.joda.time.tz.ZoneInfoCompiler,564,1,0.15,0.15,4102,qwen3.6:latest
Time-11-0378,Time,11,378,LVR,arithmetic,org.joda.time.tz.ZoneInfoCompiler,564,1,0.15,0.15,4085,qwen3.6:latest
Time-11-0379,Time,11,379,AOR,arithmetic,org.joda.time.tz.ZoneInfoCompiler,564,1,0.15,0.15,4029,qwen3.6:latest
Time-11-0380,Time,11,380,AOR,arithmetic,org.joda.time.tz.ZoneInfoCompiler,564,1,0.15,0.15,4129,qwen3.6:latest
Time-11-0381,Time,11,381,AOR,arithmetic,org.joda.time.tz.ZoneInfoCompiler,564,1,0.15,0.15,4101,qwen3.6:latest
Time-11-0382,Time,11,382,AOR,arithmetic,org.joda.time.tz.ZoneInfoCompiler,564,1,0.75,0.75,4094,qwen3.6:latest
Time-11-0383,Time,11,383,STD,statement_deletion,org.joda.time.tz.ZoneInfoCompiler,564,0,0.15,0.15,4039,qwen3.6:latest
Time-11-0384,Time,11,384,LVR,arithmetic,org.joda.time.tz.ZoneInfoCompiler,565,1,0.15,0.15,4021,qwen3.6:latest
Time-11-0385,Time,11,385,LVR,arithmetic,org.joda.time.tz.ZoneInfoCompiler,565,1,0.15,0.15,4134,qwen3.6:latest
Time-11-0386,Time,11,386,STD,statement_deletion,org.joda.time.tz.ZoneInfoCompiler,565,1,0.15,0.15,4031,qwen3.6:latest
Time-11-0387,Time,11,387,LVR,arithmetic,org.joda.time.tz.ZoneInfoCompiler,566,1,0.75,0.75,4006,qwen3.6:latest
Time-11-0388,Time,11,388,STD,statement_deletion,org.joda.time.tz.ZoneInfoCompiler,566,1,0.15,0.15,4147,qwen3.6:latest
Time-11-0389,Time,11,389,STD,statement_deletion,org.joda.time.tz.ZoneInfoCompiler,568,0,0.15,0.15,4108,qwen3.6:latest
Time-11-0390,Time,11,390,LVR,arithmetic,org.joda.time.tz.ZoneInfoCompiler,569,0,0.15,0.15,4044,qwen3.6:latest
Time-11-0391,Time,11,391,LVR,arithmetic,org.joda.time.tz.ZoneInfoCompiler,569,0,0.15,0.15,4071,qwen3.6:latest
Time-11-0392,Time,11,392,ROR,relational,org.joda.time.tz.ZoneInfoCompiler,569,0,0.75,0.75,4135,qwen3.6:latest
Time-11-0393,Time,11,393,ROR,relational,org.joda.time.tz.ZoneInfoCompiler,569,0,0.75,0.75,4057,qwen3.6:latest
Time-11-0394,Time,11,394,ROR,relational,org.joda.time.tz.ZoneInfoCompiler,569,0,0.85,0.85,4022,qwen3.6:latest
Time-11-0395,Time,11,395,LVR,arithmetic,org.joda.time.tz.ZoneInfoCompiler,570,0,0.75,0.75,4132,qwen3.6:latest
Time-11-0396,Time,11,396,LVR,arithmetic,org.joda.time.tz.ZoneInfoCompiler,570,0,0.15,0.15,4057,qwen3.6:latest
Time-11-0397,Time,11,397,AOR,arithmetic,org.joda.time.tz.ZoneInfoCompiler,570,0,0.75,0.75,4070,qwen3.6:latest
Time-11-0398,Time,11,398,AOR,arithmetic,org.joda.time.tz.ZoneInfoCompiler,570,0,0.75,0.75,4088,qwen3.6:latest
Time-11-0399,Time,11,399,AOR,arithmetic,org.joda.time.tz.ZoneInfoCompiler,570,0,0.75,0.75,4010,qwen3.6:latest
Time-11-0400,Time,11,400,AOR,arithmetic,org.joda.time.tz.ZoneInfoCompiler,570,0,0.75,0.75,4045,qwen3.6:latest
Time-11-0401,Time,11,401,STD,statement_deletion,org.joda.time.tz.ZoneInfoCompiler,570,0,0.15,0.15,3952,qwen3.6:latest
Time-11-0402,Time,11,402,LVR,arithmetic,org.joda.time.tz.ZoneInfoCompiler,571,0,0.15,0.15,3968,qwen3.6:latest
Time-11-0403,Time,11,403,LVR,arithmetic,org.joda.time.tz.ZoneInfoCompiler,571,0,0.15,0.15,4011,qwen3.6:latest
Time-11-0404,Time,11,404,STD,statement_deletion,org.joda.time.tz.ZoneInfoCompiler,571,0,0.15,0.15,4003,qwen3.6:latest
Time-11-0405,Time,11,405,LVR,arithmetic,org.joda.time.tz.ZoneInfoCompiler,572,0,0.15,0.15,4082,qwen3.6:latest
Time-11-0406,Time,11,406,STD,statement_deletion,org.joda.time.tz.ZoneInfoCompiler,572,0,0.15,0.15,3891,qwen3.6:latest
Time-11-0407,Time,11,407,COR,logical,org.joda.time.tz.ZoneInfoCompiler,580,1,0.75,0.75,4056,qwen3.6:latest
Time-11-0408,Time,11,408,COR,logical,org.joda.time.tz.ZoneInfoCompiler,580,0,0.75,0.75,3986,qwen3.6:latest
Time-11-0409,Time,11,409,STD,statement_deletion,org.joda.time.tz.ZoneInfoCompiler,581,1,0.15,0.15,3997,qwen3.6:latest
Time-11-0410,Time,11,410,LVR,arithmetic,org.joda.time.tz.ZoneInfoCompiler,582,1,0.75,0.75,4006,qwen3.6:latest
Time-11-0411,Time,11,411,LVR,arithmetic,org.joda.time.tz.ZoneInfoCompiler,582,1,0.75,0.75,3995,qwen3.6:latest
Time-11-0412,Time,11,412,AOR,arithmetic,org.joda.time.tz.ZoneInfoCompiler,582,1,0.75,0.75,4151,qwen3.6:latest
Time-11-0413,Time,11,413,AOR,arithmetic,org.joda.time.tz.ZoneInfoCompiler,582,1,0.75,0.75,4045,qwen3.6:latest
Time-11-0414,Time,11,414,AOR,arithmetic,org.joda.time.tz.ZoneInfoCompiler,582,1,0.75,0.75,4013,qwen3.6:latest
Time-11-0415,Time,11,415,AOR,arithmetic,org.joda.time.tz.ZoneInfoCompiler,582,1,0.75,0.75,4114,qwen3.6:latest
Time-11-0416,Time,11,416,STD,statement_deletion,org.joda.time.tz.ZoneInfoCompiler,582,1,0.75,0.75,4064,qwen3.6:latest
Time-11-0417,Time,11,417,COR,logical,org.joda.time.tz.ZoneInfoCompiler,583,1,0.75,0.75,4027,qwen3.6:latest
Time-11-0418,Time,11,418,COR,logical,org.joda.time.tz.ZoneInfoCompiler,583,1,0.75,0.75,3995,qwen3.6:latest
Time-11-0419,Time,11,419,LVR,arithmetic,org.joda.time.tz.ZoneInfoCompiler,584,1,0.85,0.85,4129,qwen3.6:latest
Time-11-0420,Time,11,420,LVR,arithmetic,org.joda.time.tz.ZoneInfoCompiler,584,1,0.25,0.25,4147,qwen3.6:latest
Time-11-0421,Time,11,421,ROR,relational,org.joda.time.tz.ZoneInfoCompiler,584,0,0.85,0.85,4119,qwen3.6:latest
Time-11-0422,Time,11,422,ROR,relational,org.joda.time.tz.ZoneInfoCompiler,584,1,0.85,0.85,4067,qwen3.6:latest
Time-11-0423,Time,11,423,ROR,relational,org.joda.time.tz.ZoneInfoCompiler,584,1,0.85,0.85,4116,qwen3.6:latest
Time-11-0424,Time,11,424,LVR,arithmetic,org.joda.time.tz.ZoneInfoCompiler,585,0,0.85,0.85,4125,qwen3.6:latest
Time-11-0425,Time,11,425,LVR,arithmetic,org.joda.time.tz.ZoneInfoCompiler,585,0,0.25,0.25,4081,qwen3.6:latest
Time-11-0426,Time,11,426,LVR,arithmetic,org.joda.time.tz.ZoneInfoCompiler,585,1,0.85,0.85,3999,qwen3.6:latest
Time-11-0427,Time,11,427,LVR,arithmetic,org.joda.time.tz.ZoneInfoCompiler,585,1,0.25,0.25,4121,qwen3.6:latest
Time-11-0428,Time,11,428,LVR,arithmetic,org.joda.time.tz.ZoneInfoCompiler,585,1,0.85,0.85,4071,qwen3.6:latest
Time-11-0429,Time,11,429,LVR,arithmetic,org.joda.time.tz.ZoneInfoCompiler,585,1,0.25,0.25,4009,qwen3.6:latest
Time-11-0430,Time,11,430,LVR,arithmetic,org.joda.time.tz.ZoneInfoCompiler,586,0,0.85,0.85,4038,qwen3.6:latest
Time-11-0431,Time,11,431,LVR,arithmetic,org.joda.time.tz.ZoneInfoCompiler,586,0,0.85,0.85,4097,qwen3.6:latest
Time-11-0432,Time,11,432,LVR,arithmetic,org.joda.time.tz.ZoneInfoCompiler,586,1,0.85,0.85,4059,qwen3.6:latest
Time-11-0433,Time,11,433,LVR,arithmetic,org.joda.time.tz.ZoneInfoCompiler,586,1,0.85,0.85,4002,qwen3.6:latest
Time-11-0434,Time,11,434,LVR,arithmetic,org.joda.time.tz.ZoneInfoCompiler,587,1,0.85,0.85,4100,qwen3.6:latest
Time-11-0435,Time,11,435,LVR,arithmetic,org.joda.time.tz.ZoneInfoCompiler,587,1,0.85,0.85,4097,qwen3.6:latest
Time-11-0436,Time,11,436,ROR,relational,org.joda.time.tz.ZoneInfoCompiler,587,1,0.85,0.85,4112,qwen3.6:latest
Time-11-0437,Time,11,437,ROR,relational,org.joda.time.tz.ZoneInfoCompiler,587,0,0.85,0.85,4121,qwen3.6:latest
Time-11-0438,Time,11,438,ROR,relational,org.joda.time.tz.ZoneInfoCompiler,587,1,0.85,0.85,4090,qwen3.6:latest
Time-11-0439,Time,11,439,STD,statement_deletion,org.joda.time.tz.ZoneInfoCompiler,587,0,0.25,0.25,4048,qwen3.6:latest
Time-11-0440,Time,11,440,STD,statement_deletion,org.joda.time.tz.ZoneInfoCompiler,588,1,0.15,0.15,4019,qwen3.6:latest
Time-11-0441,Time,11,441,STD,statement_deletion,org.joda.time.tz.ZoneInfoCompiler,589,1,0.15,0.15,4092,qwen3.6:latest
Time-11-0442,Time,11,442,LVR,arithmetic,org.joda.time.tz.ZoneInfoCompiler,590,1,0.25,0.25,4070,qwen3.6:latest
Time-11-0443,Time,11,443,LVR,arithmetic,org.joda.time.tz.ZoneInfoCompiler,590,1,0.25,0.25,4002,qwen3.6:latest
Time-11-0444,Time,11,444,AOR,arithmetic,org.joda.time.tz.ZoneInfoCompiler,590,1,0.85,0.85,4008,qwen3.6:latest
Time-11-0445,Time,11,445,AOR,arithmetic,org.joda.time.tz.ZoneInfoCompiler,590,1,0.85,0.85,4036,qwen3.6:latest
Time-11-0446,Time,11,446,AOR,arithmetic,org.joda.time.tz.ZoneInfoCompiler,590,1,0.85,0.85,4073,qwen3.6:latest
Time-11-0447,Time,11,447,AOR,arithmetic,org.joda.time.tz.ZoneInfoCompiler,590,1,0.85,0.85,4059,qwen3.6:latest
Time-11-0448,Time,11,448,LVR,arithmetic,org.joda.time.tz.ZoneInfoCompiler,590,1,0.25,0.25,4019,qwen3.6:latest
Time-11-0449,Time,11,449,LVR,arithmetic,org.joda.time.tz.ZoneInfoCompiler,590,1,0.25,0.25,3987,qwen3.6:latest
Time-11-0450,Time,11,450,AOR,arithmetic,org.joda.time.tz.ZoneInfoCompiler,590,0,0.85,0.85,4011,qwen3.6:latest
Time-11-0451,Time,11,451,AOR,arithmetic,org.joda.time.tz.ZoneInfoCompiler,590,1,0.85,0.85,4141,qwen3.6:latest
Time-11-0452,Time,11,452,AOR,arithmetic,org.joda.time.tz.ZoneInfoCompiler,590,1,0.85,0.85,4050,qwen3.6:latest
Time-11-0453,Time,11,453,AOR,arithmetic,org.joda.time.tz.ZoneInfoCompiler,590,1,0.85,0.85,4125,qwen3.6:latest
Time-11-0454,Time,11,454,LVR,arithmetic,org.joda.time.tz.ZoneInfoCompiler,590,1,0.25,0.25,4096,qwen3.6:latest
Time-11-0455,Time,11,455,AOR,arithmetic,org.joda.time.tz.ZoneInfoCompiler,590,1,0.85,0.85,4090,qwen3.6:latest
Time-11-0456,Time,11,456,AOR,arithmetic,org.joda.time.tz.ZoneInfoCompiler,590,1,0.85,0.85,4077,qwen3.6:latest
Time-11-0457,Time,11,457,AOR,arithmetic,org.joda.time.tz.ZoneInfoCompiler,590,0,0.85,0.85,4107,qwen3.6:latest
Time-11-0458,Time,11,458,AOR,arithmetic,org.joda.time.tz.ZoneInfoCompiler,590,1,0.85,0.85,4060,qwen3.6:latest
Time-11-0459,Time,11,459,LVR,arithmetic,org.joda.time.tz.ZoneInfoCompiler,590,1,0.25,0.25,4032,qwen3.6:latest
Time-11-0460,Time,11,460,LVR,arithmetic,org.joda.time.tz.ZoneInfoCompiler,590,1,0.25,0.25,4021,qwen3.6:latest
Time-11-0461,Time,11,461,AOR,arithmetic,org.joda.time.tz.ZoneInfoCompiler,590,1,0.85,0.85,4107,qwen3.6:latest
Time-11-0462,Time,11,462,AOR,arithmetic,org.joda.time.tz.ZoneInfoCompiler,590,1,0.85,0.85,4045,qwen3.6:latest
Time-11-0463,Time,11,463,AOR,arithmetic,org.joda.time.tz.ZoneInfoCompiler,590,1,0.85,0.85,4019,qwen3.6:latest
Time-11-0464,Time,11,464,AOR,arithmetic,org.joda.time.tz.ZoneInfoCompiler,590,1,0.85,0.85,4114,qwen3.6:latest
Time-11-0465,Time,11,465,STD,statement_deletion,org.joda.time.tz.ZoneInfoCompiler,590,1,0.2,0.2,4061,qwen3.6:latest
Time-11-0466,Time,11,466,STD,statement_deletion,org.joda.time.tz.ZoneInfoCompiler,592,1,0.2,0.2,3943,qwen3.6:latest
Time-11-0467,Time,11,467,STD,statement_deletion,org.joda.time.tz.ZoneInfoCompiler,612,1,0.15,0.15,4054,qwen3.6:latest
Time-11-0468,Time,11,468,STD,statement_deletion,org.joda.time.tz.ZoneInfoCompiler,626,1,0.15,0.15,3953,qwen3.6:latest
Time-11-0469,Time,11,469,LVR,arithmetic,org.joda.time.tz.ZoneInfoCompiler,657,0,0.15,0.15,4039,qwen3.6:latest
Time-11-0470,Time,11,470,LVR,arithmetic,org.joda.time.tz.ZoneInfoCompiler,657,0,0.15,0.15,4012,qwen3.6:latest
Time-11-0471,Time,11,471,ROR,relational,org.joda.time.tz.ZoneInfoCompiler,659,1,0.85,0.85,4006,qwen3.6:latest
Time-11-0472,Time,11,472,ROR,relational,org.joda.time.tz.ZoneInfoCompiler,659,1,0.85,0.85,4004,qwen3.6:latest
Time-11-0473,Time,11,473,ROR,relational,org.joda.time.tz.ZoneInfoCompiler,659,0,0.85,0.85,4045,qwen3.6:latest
Time-11-0474,Time,11,474,STD,statement_deletion,org.joda.time.tz.ZoneInfoCompiler,673,1,0.15,0.15,4066,qwen3.6:latest
Time-11-0475,Time,11,475,LVR,arithmetic,org.joda.time.tz.ZoneInfoCompiler,679,0,0.75,0.75,4070,qwen3.6:latest
Time-11-0476,Time,11,476,LVR,arithmetic,org.joda.time.tz.ZoneInfoCompiler,679,0,0.75,0.75,4010,qwen3.6:latest
Time-11-0477,Time,11,477,ROR,relational,org.joda.time.tz.ZoneInfoCompiler,679,1,0.75,0.75,4184,qwen3.6:latest
Time-11-0478,Time,11,478,ROR,relational,org.joda.time.tz.ZoneInfoCompiler,679,0,0.75,0.75,4020,qwen3.6:latest
Time-11-0479,Time,11,479,ROR,relational,org.joda.time.tz.ZoneInfoCompiler,679,0,0.25,0.25,3989,qwen3.6:latest
Time-11-0480,Time,11,480,LVR,arithmetic,org.joda.time.tz.ZoneInfoCompiler,680,0,0.85,0.85,4094,qwen3.6:latest
Time-11-0481,Time,11,481,LVR,arithmetic,org.joda.time.tz.ZoneInfoCompiler,680,0,0.85,0.85,4080,qwen3.6:latest
Time-11-0482,Time,11,482,ROR,relational,org.joda.time.tz.ZoneInfoCompiler,680,0,0.75,0.75,4012,qwen3.6:latest
Time-11-0483,Time,11,483,ROR,relational,org.joda.time.tz.ZoneInfoCompiler,680,0,0.25,0.25,4008,qwen3.6:latest
Time-11-0484,Time,11,484,ROR,relational,org.joda.time.tz.ZoneInfoCompiler,680,0,0.85,0.85,4002,qwen3.6:latest
Time-11-0485,Time,11,485,LVR,arithmetic,org.joda.time.tz.ZoneInfoCompiler,682,0,0.75,0.75,4084,qwen3.6:latest
Time-11-0486,Time,11,486,LVR,arithmetic,org.joda.time.tz.ZoneInfoCompiler,682,0,0.85,0.85,4051,qwen3.6:latest
Time-11-0487,Time,11,487,LVR,arithmetic,org.joda.time.tz.ZoneInfoCompiler,684,0,0.85,0.85,4004,qwen3.6:latest
Time-11-0488,Time,11,488,LVR,arithmetic,org.joda.time.tz.ZoneInfoCompiler,684,0,0.25,0.25,4006,qwen3.6:latest
Time-11-0489,Time,11,489,AOR,arithmetic,org.joda.time.tz.ZoneInfoCompiler,684,0,0.75,0.75,4016,qwen3.6:latest
Time-11-0490,Time,11,490,AOR,arithmetic,org.joda.time.tz.ZoneInfoCompiler,684,0,0.25,0.25,4008,qwen3.6:latest
Time-11-0491,Time,11,491,AOR,arithmetic,org.joda.time.tz.ZoneInfoCompiler,684,0,0.85,0.85,4005,qwen3.6:latest
Time-11-0492,Time,11,492,AOR,arithmetic,org.joda.time.tz.ZoneInfoCompiler,684,0,0.85,0.85,4006,qwen3.6:latest
Time-11-0493,Time,11,493,STD,statement_deletion,org.joda.time.tz.ZoneInfoCompiler,687,1,0.15,0.15,4113,qwen3.6:latest
Time-11-0494,Time,11,494,LVR,arithmetic,org.joda.time.tz.ZoneInfoCompiler,688,0,0.15,0.15,4065,qwen3.6:latest
Time-11-0495,Time,11,495,LVR,arithmetic,org.joda.time.tz.ZoneInfoCompiler,688,0,0.15,0.15,4048,qwen3.6:latest
Time-11-0496,Time,11,496,ROR,relational,org.joda.time.tz.ZoneInfoCompiler,688,1,0.15,0.15,4108,qwen3.6:latest
Time-11-0497,Time,11,497,ROR,relational,org.joda.time.tz.ZoneInfoCompiler,688,0,0.75,0.75,4028,qwen3.6:latest
Time-11-0498,Time,11,498,ROR,relational,org.joda.time.tz.ZoneInfoCompiler,688,0,0.75,0.75,3993,qwen3.6:latest
Time-11-0499,Time,11,499,LVR,arithmetic,org.joda.time.tz.ZoneInfoCompiler,691,1,0.15,0.15,3976,qwen3.6:latest
Time-11-0500,Time,11,500,LVR,arithmetic,org.joda.time.tz.ZoneInfoCompiler,691,1,0.15,0.15,4009,qwen3.6:latest
Time-11-0501,Time,11,501,LVR,arithmetic,org.joda.time.tz.ZoneInfoCompiler,692,1,0.15,0.15,3999,qwen3.6:latest
Time-11-0502,Time,11,502,LVR,arithmetic,org.joda.time.tz.ZoneInfoCompiler,692,1,0.15,0.15,4007,qwen3.6:latest
Time-11-0503,Time,11,503,AOR,arithmetic,org.joda.time.tz.ZoneInfoCompiler,692,1,0.15,0.15,4030,qwen3.6:latest
Time-11-0504,Time,11,504,AOR,arithmetic,org.joda.time.tz.ZoneInfoCompiler,692,1,0.15,0.15,3987,qwen3.6:latest
Time-11-0505,Time,11,505,AOR,arithmetic,org.joda.time.tz.ZoneInfoCompiler,692,1,0.85,0.85,3966,qwen3.6:latest
Time-11-0506,Time,11,506,AOR,arithmetic,org.joda.time.tz.ZoneInfoCompiler,692,1,0.85,0.85,3998,qwen3.6:latest
Time-11-0507,Time,11,507,ROR,relational,org.joda.time.tz.ZoneInfoCompiler,694,0,0.15,0.15,4023,qwen3.6:latest
Time-11-0508,Time,11,508,STD,statement_deletion,org.joda.time.tz.ZoneInfoCompiler,719,1,0.15,0.15,3964,qwen3.6:latest
Time-11-0509,Time,11,509,STD,statement_deletion,org.joda.time.tz.ZoneInfoCompiler,720,1,0.15,0.15,3991,qwen3.6:latest
Time-11-0510,Time,11,510,LVR,arithmetic,org.joda.time.tz.ZoneInfoCompiler,724,1,0.15,0.15,4117,qwen3.6:latest
Time-11-0511,Time,11,511,LVR,arithmetic,org.joda.time.tz.ZoneInfoCompiler,724,1,0.15,0.15,4100,qwen3.6:latest
Time-11-0512,Time,11,512,COR,logical,org.joda.time.tz.ZoneInfoCompiler,724,1,0.15,0.15,3977,qwen3.6:latest
Time-11-0513,Time,11,513,COR,logical,org.joda.time.tz.ZoneInfoCompiler,724,0,0.15,0.15,3983,qwen3.6:latest
Time-11-0514,Time,11,514,STD,statement_deletion,org.joda.time.tz.ZoneInfoCompiler,727,1,0.15,0.15,4006,qwen3.6:latest
Time-11-0515,Time,11,515,LVR,arithmetic,org.joda.time.tz.ZoneInfoCompiler,734,1,0.15,0.15,4028,qwen3.6:latest
Time-11-0516,Time,11,516,LVR,arithmetic,org.joda.time.tz.ZoneInfoCompiler,734,1,0.15,0.15,4012,qwen3.6:latest
Time-11-0517,Time,11,517,ROR,relational,org.joda.time.tz.ZoneInfoCompiler,734,1,0.75,0.75,3995,qwen3.6:latest
Time-11-0518,Time,11,518,ROR,relational,org.joda.time.tz.ZoneInfoCompiler,734,1,0.15,0.15,3994,qwen3.6:latest
Time-11-0519,Time,11,519,STD,statement_deletion,org.joda.time.tz.ZoneInfoCompiler,736,1,0.15,0.15,4068,qwen3.6:latest
Time-11-0520,Time,11,520,COR,logical,org.joda.time.tz.ZoneInfoCompiler,764,1,0.75,0.75,4054,qwen3.6:latest
Time-11-0521,Time,11,521,COR,logical,org.joda.time.tz.ZoneInfoCompiler,764,1,0.75,0.75,4013,qwen3.6:latest
Time-11-0522,Time,11,522,STD,statement_deletion,org.joda.time.tz.ZoneInfoCompiler,765,1,0.15,0.15,4010,qwen3.6:latest
Time-11-0523,Time,11,523,COR,logical,org.joda.time.tz.ZoneInfoCompiler,766,1,0.85,0.85,4006,qwen3.6:latest
Time-11-0524,Time,11,524,COR,logical,org.joda.time.tz.ZoneInfoCompiler,766,0,0.85,0.85,4002,qwen3.6:latest
Time-11-0525,Time,11,525,STD,statement_deletion,org.joda.time.tz.ZoneInfoCompiler,767,1,0.15,0.15,3992,qwen3.6:latest
Time-11-0526,Time,11,526,ROR,relational,org.joda.time.tz.ZoneInfoCompiler,776,1,0.2,0.2,3987,qwen3.6:latest
Time-11-0527,Time,11,527,STD,statement_deletion,org.joda.time.tz.ZoneInfoCompiler,777,1,0.15,0.15,4045,qwen3.6:latest
Time-11-0528,Time,11,528,STD,statement_deletion,org.joda.time.tz.ZoneInfoCompiler,779,1,0.15,0.15,4008,qwen3.6:latest
Time-11-0529,Time,11,529,STD,statement_deletion,org.joda.time.tz.ZoneInfoCompiler,795,1,0.15,0.15,3995,qwen3.6:latest
Time-11-0530,Time,11,530,ROR,relational,org.joda.time.tz.ZoneInfoCompiler,802,0,0.85,0.85,4015,qwen3.6:latest
Time-11-0531,Time,11,531,STD,statement_deletion,org.joda.time.tz.ZoneInfoCompiler,803,1,0.15,0.15,3992,qwen3.6:latest
Time-11-0532,Time,11,532,ROR,relational,org.joda.time.tz.ZoneInfoCompiler,805,1,0.75,0.75,4025,qwen3.6:latest
Time-11-0533,Time,11,533,LVR,arithmetic,org.joda.time.tz.ZoneInfoCompiler,806,1,0.15,0.15,4138,qwen3.6:latest
Time-11-0534,Time,11,534,LVR,arithmetic,org.joda.time.tz.ZoneInfoCompiler,806,1,0.15,0.15,4037,qwen3.6:latest
Time-11-0535,Time,11,535,STD,statement_deletion,org.joda.time.tz.ZoneInfoCompiler,806,1,0.15,0.15,4120,qwen3.6:latest
Time-11-0536,Time,11,536,STD,statement_deletion,org.joda.time.tz.ZoneInfoCompiler,811,0,0.15,0.15,4094,qwen3.6:latest
Time-11-0537,Time,11,537,ROR,relational,org.joda.time.tz.ZoneInfoCompiler,815,0,0.15,0.15,3983,qwen3.6:latest
Time-11-0538,Time,11,538,STD,statement_deletion,org.joda.time.tz.ZoneInfoCompiler,819,1,0.15,0.15,3953,qwen3.6:latest
Time-11-0539,Time,11,539,ROR,relational,org.joda.time.tz.ZoneInfoCompiler,823,1,0.75,0.75,3992,qwen3.6:latest
Time-11-0540,Time,11,540,ROR,relational,org.joda.time.tz.ZoneInfoCompiler,823,0,0.25,0.25,3992,qwen3.6:latest
Time-11-0541,Time,11,541,STD,statement_deletion,org.joda.time.tz.ZoneInfoCompiler,827,1,0.1,0.1,3966,qwen3.6:latest
Time-11-0542,Time,11,542,ROR,relational,org.joda.time.tz.ZoneInfoCompiler,841,0,0.15,0.15,4072,qwen3.6:latest
Time-17-0001,Time,17,1,LVR,arithmetic,org.joda.time.DateTimeZone,95,1,0.15,0.15,4101,qwen3.6:latest
Time-17-0002,Time,17,2,LVR,arithmetic,org.joda.time.DateTimeZone,95,1,0.15,0.15,4127,qwen3.6:latest
Time-17-0003,Time,17,3,LVR,arithmetic,org.joda.time.DateTimeZone,95,0,0.15,0.15,4123,qwen3.6:latest
Time-17-0004,Time,17,4,LVR,arithmetic,org.joda.time.DateTimeZone,95,0,0.15,0.15,4065,qwen3.6:latest
Time-17-0005,Time,17,5,STD,statement_deletion,org.joda.time.DateTimeZone,115,1,0.1,0.1,3901,qwen3.6:latest
Time-17-0006,Time,17,6,STD,statement_deletion,org.joda.time.DateTimeZone,116,1,0.1,0.1,4014,qwen3.6:latest
Time-17-0007,Time,17,7,ROR,relational,org.joda.time.DateTimeZone,134,1,0.15,0.15,4060,qwen3.6:latest
Time-17-0008,Time,17,8,STD,statement_deletion,org.joda.time.DateTimeZone,136,0,0.15,0.15,4039,qwen3.6:latest
Time-17-0009,Time,17,9,ROR,relational,org.joda.time.DateTimeZone,137,1,0.75,0.75,4120,qwen3.6:latest
Time-17-0010,Time,17,10,ROR,relational,org.joda.time.DateTimeZone,142,0,0.85,0.85,4017,qwen3.6:latest
Time-17-0011,Time,17,11,STD,statement_deletion,org.joda.time.DateTimeZone,143,0,0.15,0.15,3988,qwen3.6:latest
Time-17-0012,Time,17,12,ROR,relational,org.joda.time.DateTimeZone,148,0,0.15,0.15,3986,qwen3.6:latest
Time-17-0013,Time,17,13,STD,statement_deletion,org.joda.time.DateTimeZone,149,0,0.15,0.15,3979,qwen3.6:latest
Time-17-0014,Time,17,14,ROR,relational,org.joda.time.DateTimeZone,154,0,0.85,0.85,4030,qwen3.6:latest
Time-17-0015,Time,17,15,STD,statement_deletion,org.joda.time.DateTimeZone,155,0,0.1,0.1,3938,qwen3.6:latest
Time-17-0016,Time,17,16,STD,statement_deletion,org.joda.time.DateTimeZone,157,1,0.1,0.1,3984,qwen3.6:latest
Time-17-0017,Time,17,17,ROR,relational,org.joda.time.DateTimeZone,175,1,0.85,0.85,4142,qwen3.6:latest
Time-17-0018,Time,17,18,STD,statement_deletion,org.joda.time.DateTimeZone,176,0,0.15,0.15,4002,qwen3.6:latest
Time-17-0019,Time,17,19,ROR,relational,org.joda.time.DateTimeZone,178,1,0.95,0.95,3994,qwen3.6:latest
Time-17-0020,Time,17,20,STD,statement_deletion,org.joda.time.DateTimeZone,182,1,0.15,0.15,4031,qwen3.6:latest
Time-17-0021,Time,17,21,ROR,relational,org.joda.time.DateTimeZone,204,1,0.85,0.85,4080,qwen3.6:latest
Time-17-0022,Time,17,22,COR,logical,org.joda.time.DateTimeZone,207,0,0.85,0.85,4023,qwen3.6:latest
Time-17-0023,Time,17,23,COR,logical,org.joda.time.DateTimeZone,207,1,0.85,0.85,3987,qwen3.6:latest
Time-17-0024,Time,17,24,ROR,relational,org.joda.time.DateTimeZone,211,1,0.85,0.85,4039,qwen3.6:latest
Time-17-0025,Time,17,25,COR,logical,org.joda.time.DateTimeZone,214,0,0.85,0.85,4105,qwen3.6:latest
Time-17-0026,Time,17,26,COR,logical,org.joda.time.DateTimeZone,214,1,0.75,0.75,4060,qwen3.6:latest
Time-17-0027,Time,17,27,COR,logical,org.joda.time.DateTimeZone,214,1,0.75,0.75,4039,qwen3.6:latest
Time-17-0028,Time,17,28,COR,logical,org.joda.time.DateTimeZone,214,0,0.75,0.75,3970,qwen3.6:latest
Time-17-0029,Time,17,29,LVR,arithmetic,org.joda.time.DateTimeZone,216,0,0.15,0.15,3972,qwen3.6:latest
Time-17-0030,Time,17,30,LVR,arithmetic,org.joda.time.DateTimeZone,216,0,0.75,0.75,3990,qwen3.6:latest
Time-17-0031,Time,17,31,ROR,relational,org.joda.time.DateTimeZone,216,1,0.85,0.85,4015,qwen3.6:latest
Time-17-0032,Time,17,32,ROR,relational,org.joda.time.DateTimeZone,216,1,0.75,0.75,4019,qwen3.6:latest
Time-17-0033,Time,17,33,ROR,relational,org.joda.time.DateTimeZone,216,0,0.85,0.85,4009,qwen3.6:latest
Time-17-0034,Time,17,34,STD,statement_deletion,org.joda.time.DateTimeZone,219,1,0.15,0.15,3991,qwen3.6:latest
Time-17-0035,Time,17,35,LVR,arithmetic,org.joda.time.DateTimeZone,237,1,0.85,0.85,4021,qwen3.6:latest
Time-17-0036,Time,17,36,LVR,arithmetic,org.joda.time.DateTimeZone,237,1,0.85,0.85,3999,qwen3.6:latest
Time-17-0037,Time,17,37,LVR,arithmetic,org.joda.time.DateTimeZone,254,0,0.85,0.85,4025,qwen3.6:latest
Time-17-0038,Time,17,38,LVR,arithmetic,org.joda.time.DateTimeZone,254,0,0.85,0.85,4155,qwen3.6:latest
Time-17-0039,Time,17,39,ROR,relational,org.joda.time.DateTimeZone,254,1,0.85,0.85,4022,qwen3.6:latest
Time-17-0040,Time,17,40,ROR,relational,org.joda.time.DateTimeZone,254,1,0.85,0.85,4130,qwen3.6:latest
Time-17-0041,Time,17,41,ROR,relational,org.joda.time.DateTimeZone,254,0,0.85,0.85,4068,qwen3.6:latest
Time-17-0042,Time,17,42,LVR,arithmetic,org.joda.time.DateTimeZone,254,0,0.85,0.85,4190,qwen3.6:latest
Time-17-0043,Time,17,43,LVR,arithmetic,org.joda.time.DateTimeZone,254,0,0.85,0.85,4073,qwen3.6:latest
Time-17-0044,Time,17,44,ROR,relational,org.joda.time.DateTimeZone,254,0,0.85,0.85,4099,qwen3.6:latest
Time-17-0045,Time,17,45,ROR,relational,org.joda.time.DateTimeZone,254,1,0.85,0.85,4051,qwen3.6:latest
Time-17-0046,Time,17,46,ROR,relational,org.joda.time.DateTimeZone,254,0,0.85,0.85,4114,qwen3.6:latest
Time-17-0047,Time,17,47,COR,logical,org.joda.time.DateTimeZone,254,1,0.85,0.85,4076,qwen3.6:latest
Time-17-0048,Time,17,48,COR,logical,org.joda.time.DateTimeZone,254,0,0.85,0.85,4191,qwen3.6:latest
Time-17-0049,Time,17,49,COR,logical,org.joda.time.DateTimeZone,254,1,0.85,0.85,4121,qwen3.6:latest
Time-17-0050,Time,17,50,COR,logical,org.joda.time.DateTimeZone,254,1,0.85,0.85,4097,qwen3.6:latest
Time-17-0051,Time,17,51,LVR,arithmetic,org.joda.time.DateTimeZone,257,1,0.85,0.85,4139,qwen3.6:latest
Time-17-0052,Time,17,52,LVR,arithmetic,org.joda.time.DateTimeZone,257,1,0.85,0.85,4036,qwen3.6:latest
Time-17-0053,Time,17,53,ROR,relational,org.joda.time.DateTimeZone,257,1,0.85,0.85,4112,qwen3.6:latest
Time-17-0054,Time,17,54,ROR,relational,org.joda.time.DateTimeZone,257,1,0.85,0.85,4078,qwen3.6:latest
Time-17-0055,Time,17,55,ROR,relational,org.joda.time.DateTimeZone,257,1,0.85,0.85,4133,qwen3.6:latest
Time-17-0056,Time,17,56,LVR,arithmetic,org.joda.time.DateTimeZone,257,1,0.85,0.85,4062,qwen3.6:latest
Time-17-0057,Time,17,57,LVR,arithmetic,org.joda.time.DateTimeZone,257,1,0.85,0.85,4122,qwen3.6:latest
Time-17-0058,Time,17,58,ROR,relational,org.joda.time.DateTimeZone,257,1,0.85,0.85,4056,qwen3.6:latest
Time-17-0059,Time,17,59,ROR,relational,org.joda.time.DateTimeZone,257,0,0.85,0.85,4054,qwen3.6:latest
Time-17-0060,Time,17,60,ROR,relational,org.joda.time.DateTimeZone,257,1,0.85,0.85,4130,qwen3.6:latest
Time-17-0061,Time,17,61,COR,logical,org.joda.time.DateTimeZone,257,1,0.85,0.85,4033,qwen3.6:latest
Time-17-0062,Time,17,62,COR,logical,org.joda.time.DateTimeZone,257,1,0.85,0.85,3992,qwen3.6:latest
Time-17-0063,Time,17,63,COR,logical,org.joda.time.DateTimeZone,257,1,0.85,0.85,4131,qwen3.6:latest
Time-17-0064,Time,17,64,LVR,arithmetic,org.joda.time.DateTimeZone,262,1,0.85,0.85,4073,qwen3.6:latest
Time-17-0065,Time,17,65,LVR,arithmetic,org.joda.time.DateTimeZone,262,1,0.85,0.85,4114,qwen3.6:latest
Time-17-0066,Time,17,66,LVR,arithmetic,org.joda.time.DateTimeZone,263,1,0.15,0.15,4072,qwen3.6:latest
Time-17-0067,Time,17,67,LVR,arithmetic,org.joda.time.DateTimeZone,263,0,0.15,0.15,4134,qwen3.6:latest
Time-17-0068,Time,17,68,ROR,relational,org.joda.time.DateTimeZone,263,1,0.85,0.85,4085,qwen3.6:latest
Time-17-0069,Time,17,69,ROR,relational,org.joda.time.DateTimeZone,263,1,0.85,0.85,4108,qwen3.6:latest
Time-17-0070,Time,17,70,ROR,relational,org.joda.time.DateTimeZone,263,1,0.85,0.85,4072,qwen3.6:latest
Time-17-0071,Time,17,71,ORU,return_value,org.joda.time.DateTimeZone,264,1,0.85,0.85,4101,qwen3.6:latest
Time-17-0072,Time,17,72,ORU,return_value,org.joda.time.DateTimeZone,264,1,0.15,0.15,4080,qwen3.6:latest
Time-17-0073,Time,17,73,STD,statement_deletion,org.joda.time.DateTimeZone,264,1,0.15,0.15,4163,qwen3.6:latest
Time-17-0074,Time,17,74,STD,statement_deletion,org.joda.time.DateTimeZone,266,1,0.15,0.15,4034,qwen3.6:latest
Time-17-0075,Time,17,75,STD,statement_deletion,org.joda.time.DateTimeZone,268,1,0.15,0.15,4046,qwen3.6:latest
Time-17-0076,Time,17,76,ROR,relational,org.joda.time.DateTimeZone,302,1,0.85,0.85,4072,qwen3.6:latest
Time-17-0077,Time,17,77,COR,logical,org.joda.time.DateTimeZone,306,0,0.75,0.75,4019,qwen3.6:latest
Time-17-0078,Time,17,78,COR,logical,org.joda.time.DateTimeZone,306,1,0.85,0.85,3981,qwen3.6:latest
Time-17-0079,Time,17,79,ROR,relational,org.joda.time.DateTimeZone,313,0,0.85,0.85,4049,qwen3.6:latest
Time-17-0080,Time,17,80,STD,statement_deletion,org.joda.time.DateTimeZone,314,1,0.15,0.15,3994,qwen3.6:latest
Time-17-0081,Time,17,81,ROR,relational,org.joda.time.DateTimeZone,316,1,0.75,0.75,4141,qwen3.6:latest
Time-17-0082,Time,17,82,STD,statement_deletion,org.joda.time.DateTimeZone,317,1,0.15,0.15,4127,qwen3.6:latest
Time-17-0083,Time,17,83,ROR,relational,org.joda.time.DateTimeZone,319,1,0.85,0.85,4088,qwen3.6:latest
Time-17-0084,Time,17,84,ROR,relational,org.joda.time.DateTimeZone,324,1,0.85,0.85,4033,qwen3.6:latest
Time-17-0085,Time,17,85,STD,statement_deletion,org.joda.time.DateTimeZone,325,1,0.15,0.15,4027,qwen3.6:latest
Time-17-0086,Time,17,86,COR,logical,org.joda.time.DateTimeZone,326,0,0.75,0.75,3973,qwen3.6:latest
Time-17-0087,Time,17,87,COR,logical,org.joda.time.DateTimeZone,326,1,0.75,0.75,3999,qwen3.6:latest
Time-17-0088,Time,17,88,COR,logical,org.joda.time.DateTimeZone,326,1,0.75,0.75,4002,qwen3.6:latest
Time-17-0089,Time,17,89,COR,logical,org.joda.time.DateTimeZone,326,0,0.15,0.15,3999,qwen3.6:latest
Time-17-0090,Time,17,90,LVR,arithmetic,org.joda.time.DateTimeZone,327,1,0.15,0.15,3987,qwen3.6:latest
Time-17-0091,Time,17,91,LVR,arithmetic,org.joda.time.DateTimeZone,327,1,0.15,0.15,4057,qwen3.6:latest
Time-17-0092,Time,17,92,STD,statement_deletion,org.joda.time.DateTimeZone,327,1,0.15,0.15,4099,qwen3.6:latest
Time-17-0093,Time,17,93,LVR,arithmetic,org.joda.time.DateTimeZone,329,0,0.15,0.15,4042,qwen3.6:latest
Time-17-0094,Time,17,94,LVR,arithmetic,org.joda.time.DateTimeZone,329,0,0.15,0.15,4021,qwen3.6:latest
Time-17-0095,Time,17,95,ROR,relational,org.joda.time.DateTimeZone,329,1,0.75,0.75,4124,qwen3.6:latest
Time-17-0096,Time,17,96,ROR,relational,org.joda.time.DateTimeZone,329,1,0.75,0.75,4074,qwen3.6:latest
Time-17-0097,Time,17,97,ROR,relational,org.joda.time.DateTimeZone,329,0,0.75,0.75,4013,qwen3.6:latest
Time-17-0098,Time,17,98,STD,statement_deletion,org.joda.time.DateTimeZone,332,0,0.15,0.15,4090,qwen3.6:latest
Time-17-0099,Time,17,99,LVR,arithmetic,org.joda.time.DateTimeZone,349,1,0.85,0.85,4051,qwen3.6:latest
Time-17-0100,Time,17,100,LVR,arithmetic,org.joda.time.DateTimeZone,349,1,0.85,0.85,4118,qwen3.6:latest
Time-17-0101,Time,17,101,ROR,relational,org.joda.time.DateTimeZone,349,1,0.85,0.85,4085,qwen3.6:latest
Time-17-0102,Time,17,102,ROR,relational,org.joda.time.DateTimeZone,349,1,0.85,0.85,4019,qwen3.6:latest
Time-17-0103,Time,17,103,ROR,relational,org.joda.time.DateTimeZone,349,1,0.85,0.85,3999,qwen3.6:latest
Time-17-0104,Time,17,104,ROR,relational,org.joda.time.DateTimeZone,352,1,0.85,0.85,4016,qwen3.6:latest
Time-17-0105,Time,17,105,STD,statement_deletion,org.joda.time.DateTimeZone,353,1,0.15,0.15,4091,qwen3.6:latest
Time-17-0106,Time,17,106,ROR,relational,org.joda.time.DateTimeZone,357,1,0.85,0.85,4124,qwen3.6:latest
Time-17-0107,Time,17,107,ROR,relational,org.joda.time.DateTimeZone,359,0,0.85,0.85,4076,qwen3.6:latest
Time-17-0108,Time,17,108,STD,statement_deletion,org.joda.time.DateTimeZone,364,1,0.1,0.1,3992,qwen3.6:latest
Time-17-0109,Time,17,109,ROR,relational,org.joda.time.DateTimeZone,402,1,0.85,0.85,4084,qwen3.6:latest
Time-17-0110,Time,17,110,STD,statement_deletion,org.joda.time.DateTimeZone,403,0,0.15,0.15,4008,qwen3.6:latest
Time-17-0111,Time,17,111,STD,statement_deletion,org.joda.time.DateTimeZone,405,1,0.15,0.15,3973,qwen3.6:latest
Time-17-0112,Time,17,112,ROR,relational,org.joda.time.DateTimeZone,415,1,0.85,0.85,4040,qwen3.6:latest
Time-17-0113,Time,17,113,STD,statement_deletion,org.joda.time.DateTimeZone,416,1,0.15,0.15,4016,qwen3.6:latest
Time-17-0114,Time,17,114,ROR,relational,org.joda.time.DateTimeZone,419,1,0.95,0.95,4110,qwen3.6:latest
Time-17-0115,Time,17,115,LVR,arithmetic,org.joda.time.DateTimeZone,419,1,0.85,0.85,4022,qwen3.6:latest
Time-17-0116,Time,17,116,LVR,arithmetic,org.joda.time.DateTimeZone,419,0,0.85,0.85,4024,qwen3.6:latest
Time-17-0117,Time,17,117,ROR,relational,org.joda.time.DateTimeZone,419,1,0.85,0.85,4000,qwen3.6:latest
Time-17-0118,Time,17,118,ROR,relational,org.joda.time.DateTimeZone,419,0,0.95,0.95,4130,qwen3.6:latest
Time-17-0119,Time,17,119,COR,logical,org.joda.time.DateTimeZone,419,1,0.85,0.85,4065,qwen3.6:latest
Time-17-0120,Time,17,120,COR,logical,org.joda.time.DateTimeZone,419,0,0.85,0.85,4124,qwen3.6:latest
Time-17-0121,Time,17,121,COR,logical,org.joda.time.DateTimeZone,419,1,0.85,0.85,4068,qwen3.6:latest
Time-17-0122,Time,17,122,COR,logical,org.joda.time.DateTimeZone,419,1,0.95,0.95,4142,qwen3.6:latest
Time-17-0123,Time,17,123,COR,logical,org.joda.time.DateTimeZone,423,1,0.75,0.75,4039,qwen3.6:latest
Time-17-0124,Time,17,124,COR,logical,org.joda.time.DateTimeZone,423,0,0.95,0.95,4114,qwen3.6:latest
Time-17-0125,Time,17,125,COR,logical,org.joda.time.DateTimeZone,426,1,0.75,0.75,4037,qwen3.6:latest
Time-17-0126,Time,17,126,COR,logical,org.joda.time.DateTimeZone,426,1,0.85,0.85,4005,qwen3.6:latest
Time-17-0127,Time,17,127,STD,statement_deletion,org.joda.time.DateTimeZone,429,1,0.15,0.15,3992,qwen3.6:latest
Time-17-0128,Time,17,128,STD,statement_deletion,org.joda.time.DateTimeZone,430,1,0.15,0.15,4000,qwen3.6:latest
Time-17-0129,Time,17,129,ROR,relational,org.joda.time.DateTimeZone,448,0,0.15,0.15,4055,qwen3.6:latest
Time-17-0130,Time,17,130,STD,statement_deletion,org.joda.time.DateTimeZone,450,1,0.15,0.15,3976,qwen3.6:latest
Time-17-0131,Time,17,131,STD,statement_deletion,org.joda.time.DateTimeZone,453,1,0.15,0.15,4125,qwen3.6:latest
Time-17-0132,Time,17,132,ROR,relational,org.joda.time.DateTimeZone,460,1,0.15,0.15,4032,qwen3.6:latest
Time-17-0133,Time,17,133,STD,statement_deletion,org.joda.time.DateTimeZone,462,1,0.1,0.1,3999,qwen3.6:latest
Time-17-0134,Time,17,134,STD,statement_deletion,org.joda.time.DateTimeZone,465,0,0.15,0.15,4016,qwen3.6:latest
Time-17-0135,Time,17,135,ROR,relational,org.joda.time.DateTimeZone,469,0,0.15,0.15,3983,qwen3.6:latest
Time-17-0136,Time,17,136,STD,statement_deletion,org.joda.time.DateTimeZone,470,0,0.1,0.1,3968,qwen3.6:latest
Time-17-0137,Time,17,137,ROR,relational,org.joda.time.DateTimeZone,501,1,0.15,0.15,4089,qwen3.6:latest
Time-17-0138,Time,17,138,STD,statement_deletion,org.joda.time.DateTimeZone,502,0,0.15,0.15,4017,qwen3.6:latest
Time-17-0139,Time,17,139,STD,statement_deletion,org.joda.time.DateTimeZone,504,1,0.15,0.15,4131,qwen3.6:latest
Time-17-0140,Time,17,140,ROR,relational,org.joda.time.DateTimeZone,514,1,0.85,0.85,4031,qwen3.6:latest
Time-17-0141,Time,17,141,STD,statement_deletion,org.joda.time.DateTimeZone,515,1,0.15,0.15,3961,qwen3.6:latest
Time-17-0142,Time,17,142,STD,statement_deletion,org.joda.time.DateTimeZone,517,1,0.15,0.15,3997,qwen3.6:latest
Time-17-0143,Time,17,143,ROR,relational,org.joda.time.DateTimeZone,532,0,0.15,0.15,4064,qwen3.6:latest
Time-17-0144,Time,17,144,STD,statement_deletion,org.joda.time.DateTimeZone,534,1,0.15,0.15,4007,qwen3.6:latest
Time-17-0145,Time,17,145,STD,statement_deletion,org.joda.time.DateTimeZone,537,1,0.15,0.15,4072,qwen3.6:latest
Time-17-0146,Time,17,146,ROR,relational,org.joda.time.DateTimeZone,544,1,0.15,0.15,4017,qwen3.6:latest
Time-17-0147,Time,17,147,STD,statement_deletion,org.joda.time.DateTimeZone,545,1,0.1,0.1,3988,qwen3.6:latest
Time-17-0148,Time,17,148,ROR,relational,org.joda.time.DateTimeZone,560,1,0.15,0.15,4101,qwen3.6:latest
Time-17-0149,Time,17,149,STD,statement_deletion,org.joda.time.DateTimeZone,562,1,0.15,0.15,4025,qwen3.6:latest
Time-17-0150,Time,17,150,STD,statement_deletion,org.joda.time.DateTimeZone,563,1,0.15,0.15,4115,qwen3.6:latest
Time-17-0151,Time,17,151,STD,statement_deletion,org.joda.time.DateTimeZone,564,0,0.1,0.1,4036,qwen3.6:latest
Time-17-0152,Time,17,152,STD,statement_deletion,org.joda.time.DateTimeZone,565,0,0.15,0.15,4030,qwen3.6:latest
Time-17-0153,Time,17,153,STD,statement_deletion,org.joda.time.DateTimeZone,566,1,0.1,0.1,4130,qwen3.6:latest
Time-17-0154,Time,17,154,STD,statement_deletion,org.joda.time.DateTimeZone,567,1,0.15,0.15,4222,qwen3.6:latest
Time-17-0155,Time,17,155,STD,statement_deletion,org.joda.time.DateTimeZone,568,0,0.15,0.15,4221,qwen3.6:latest
Time-17-0156,Time,17,156,STD,statement_deletion,org.joda.time.DateTimeZone,569,1,0.15,0.15,4256,qwen3.6:latest
Time-17-0157,Time,17,157,STD,statement_deletion,org.joda.time.DateTimeZone,570,1,0.15,0.15,4294,qwen3.6:latest
Time-17-0158,Time,17,158,STD,statement_deletion,org.joda.time.DateTimeZone,571,1,0.15,0.15,4255,qwen3.6:latest
Time-17-0159,Time,17,159,STD,statement_deletion,org.joda.time.DateTimeZone,572,1,0.1,0.1,4303,qwen3.6:latest
Time-17-0160,Time,17,160,STD,statement_deletion,org.joda.time.DateTimeZone,573,1,0.1,0.1,4715,qwen3.6:latest
Time-17-0161,Time,17,161,STD,statement_deletion,org.joda.time.DateTimeZone,574,1,0.1,0.1,4662,qwen3.6:latest
Time-17-0162,Time,17,162,STD,statement_deletion,org.joda.time.DateTimeZone,575,1,0.1,0.1,4656,qwen3.6:latest
Time-17-0163,Time,17,163,STD,statement_deletion,org.joda.time.DateTimeZone,576,1,0.1,0.1,4753,qwen3.6:latest
Time-17-0164,Time,17,164,STD,statement_deletion,org.joda.time.DateTimeZone,577,1,0.1,0.1,4503,qwen3.6:latest
Time-17-0165,Time,17,165,STD,statement_deletion,org.joda.time.DateTimeZone,578,1,0.1,0.1,4427,qwen3.6:latest
Time-17-0166,Time,17,166,STD,statement_deletion,org.joda.time.DateTimeZone,579,1,0.1,0.1,4604,qwen3.6:latest
Time-17-0167,Time,17,167,STD,statement_deletion,org.joda.time.DateTimeZone,580,1,0.1,0.1,4314,qwen3.6:latest
Time-17-0168,Time,17,168,STD,statement_deletion,org.joda.time.DateTimeZone,581,1,0.1,0.1,4310,qwen3.6:latest
Time-17-0169,Time,17,169,STD,statement_deletion,org.joda.time.DateTimeZone,582,1,0.1,0.1,4308,qwen3.6:latest
Time-17-0170,Time,17,170,STD,statement_deletion,org.joda.time.DateTimeZone,583,1,0.1,0.1,4214,qwen3.6:latest
Time-17-0171,Time,17,171,STD,statement_deletion,org.joda.time.DateTimeZone,584,1,0.1,0.1,4206,qwen3.6:latest
Time-17-0172,Time,17,172,STD,statement_deletion,org.joda.time.DateTimeZone,585,1,0.1,0.1,4188,qwen3.6:latest
Time-17-0173,Time,17,173,STD,statement_deletion,org.joda.time.DateTimeZone,586,1,0.1,0.1,4195,qwen3.6:latest
Time-17-0174,Time,17,174,STD,statement_deletion,org.joda.time.DateTimeZone,587,1,0.1,0.1,4201,qwen3.6:latest
Time-17-0175,Time,17,175,STD,statement_deletion,org.joda.time.DateTimeZone,588,1,0.1,0.1,4186,qwen3.6:latest
Time-17-0176,Time,17,176,STD,statement_deletion,org.joda.time.DateTimeZone,589,1,0.15,0.15,4243,qwen3.6:latest
Time-17-0177,Time,17,177,STD,statement_deletion,org.joda.time.DateTimeZone,590,1,0.1,0.1,4344,qwen3.6:latest
Time-17-0178,Time,17,178,STD,statement_deletion,org.joda.time.DateTimeZone,591,1,0.15,0.15,4054,qwen3.6:latest
Time-17-0179,Time,17,179,STD,statement_deletion,org.joda.time.DateTimeZone,592,1,0.15,0.15,4136,qwen3.6:latest
Time-17-0180,Time,17,180,STD,statement_deletion,org.joda.time.DateTimeZone,593,1,0.15,0.15,4040,qwen3.6:latest
Time-17-0181,Time,17,181,STD,statement_deletion,org.joda.time.DateTimeZone,594,1,0.15,0.15,4011,qwen3.6:latest
Time-17-0182,Time,17,182,STD,statement_deletion,org.joda.time.DateTimeZone,595,1,0.15,0.15,4096,qwen3.6:latest
Time-17-0183,Time,17,183,STD,statement_deletion,org.joda.time.DateTimeZone,596,0,0.15,0.15,4091,qwen3.6:latest
Time-17-0184,Time,17,184,ORU,return_value,org.joda.time.DateTimeZone,618,1,0.85,0.85,4026,qwen3.6:latest
Time-17-0185,Time,17,185,ORU,return_value,org.joda.time.DateTimeZone,618,1,0.75,0.75,4033,qwen3.6:latest
Time-17-0186,Time,17,186,LVR,arithmetic,org.joda.time.DateTimeZone,632,1,0.85,0.85,4041,qwen3.6:latest
Time-17-0187,Time,17,187,LVR,arithmetic,org.joda.time.DateTimeZone,632,0,0.85,0.85,4012,qwen3.6:latest
Time-17-0188,Time,17,188,ROR,relational,org.joda.time.DateTimeZone,632,1,0.85,0.85,4004,qwen3.6:latest
Time-17-0189,Time,17,189,ROR,relational,org.joda.time.DateTimeZone,632,1,0.85,0.85,4022,qwen3.6:latest
Time-17-0190,Time,17,190,ROR,relational,org.joda.time.DateTimeZone,632,1,0.85,0.85,3996,qwen3.6:latest
Time-17-0191,Time,17,191,STD,statement_deletion,org.joda.time.DateTimeZone,633,1,0.15,0.15,3992,qwen3.6:latest
Time-17-0192,Time,17,192,STD,statement_deletion,org.joda.time.DateTimeZone,635,1,0.15,0.15,4091,qwen3.6:latest
Time-17-0193,Time,17,193,ORU,return_value,org.joda.time.DateTimeZone,636,1,0.85,0.85,4109,qwen3.6:latest
Time-17-0194,Time,17,194,ORU,return_value,org.joda.time.DateTimeZone,636,1,0.85,0.85,4012,qwen3.6:latest
Time-17-0195,Time,17,195,STD,statement_deletion,org.joda.time.DateTimeZone,636,1,0.15,0.15,3989,qwen3.6:latest
Time-17-0196,Time,17,196,AOR,arithmetic,org.joda.time.DateTimeZone,639,1,0.75,0.75,4037,qwen3.6:latest
Time-17-0197,Time,17,197,AOR,arithmetic,org.joda.time.DateTimeZone,639,1,0.85,0.85,4002,qwen3.6:latest
Time-17-0198,Time,17,198,AOR,arithmetic,org.joda.time.DateTimeZone,639,1,0.85,0.85,4013,qwen3.6:latest
Time-17-0199,Time,17,199,AOR,arithmetic,org.joda.time.DateTimeZone,639,1,0.85,0.85,4136,qwen3.6:latest
Time-17-0200,Time,17,200,LVR,arithmetic,org.joda.time.DateTimeZone,640,1,0.85,0.85,4041,qwen3.6:latest
Time-17-0201,Time,17,201,LVR,arithmetic,org.joda.time.DateTimeZone,640,1,0.85,0.85,4063,qwen3.6:latest
Time-17-0202,Time,17,202,STD,statement_deletion,org.joda.time.DateTimeZone,640,1,0.15,0.15,4108,qwen3.6:latest
Time-17-0203,Time,17,203,AOR,arithmetic,org.joda.time.DateTimeZone,641,1,0.85,0.85,4135,qwen3.6:latest
Time-17-0204,Time,17,204,AOR,arithmetic,org.joda.time.DateTimeZone,641,1,0.85,0.85,4090,qwen3.6:latest
Time-17-0205,Time,17,205,AOR,arithmetic,org.joda.time.DateTimeZone,641,1,0.85,0.85,4013,qwen3.6:latest
Time-17-0206,Time,17,206,AOR,arithmetic,org.joda.time.DateTimeZone,641,1,0.85,0.85,4089,qwen3.6:latest
Time-17-0207,Time,17,207,STD,statement_deletion,org.joda.time.DateTimeZone,641,1,0.15,0.15,4092,qwen3.6:latest
Time-17-0208,Time,17,208,AOR,arithmetic,org.joda.time.DateTimeZone,643,1,0.85,0.85,4088,qwen3.6:latest
Time-17-0209,Time,17,209,AOR,arithmetic,org.joda.time.DateTimeZone,643,1,0.85,0.85,4158,qwen3.6:latest
Time-17-0210,Time,17,210,AOR,arithmetic,org.joda.time.DateTimeZone,643,1,0.85,0.85,4104,qwen3.6:latest
Time-17-0211,Time,17,211,AOR,arithmetic,org.joda.time.DateTimeZone,643,1,0.85,0.85,4042,qwen3.6:latest
Time-17-0212,Time,17,212,STD,statement_deletion,org.joda.time.DateTimeZone,644,1,0.15,0.15,4051,qwen3.6:latest
Time-17-0213,Time,17,213,LVR,arithmetic,org.joda.time.DateTimeZone,645,1,0.75,0.75,4083,qwen3.6:latest
Time-17-0214,Time,17,214,LVR,arithmetic,org.joda.time.DateTimeZone,645,1,0.75,0.75,4043,qwen3.6:latest
Time-17-0215,Time,17,215,STD,statement_deletion,org.joda.time.DateTimeZone,645,1,0.15,0.15,4018,qwen3.6:latest
Time-17-0216,Time,17,216,AOR,arithmetic,org.joda.time.DateTimeZone,646,1,0.75,0.75,4101,qwen3.6:latest
Time-17-0217,Time,17,217,AOR,arithmetic,org.joda.time.DateTimeZone,646,1,0.85,0.85,4136,qwen3.6:latest
Time-17-0218,Time,17,218,AOR,arithmetic,org.joda.time.DateTimeZone,646,1,0.85,0.85,4064,qwen3.6:latest
Time-17-0219,Time,17,219,AOR,arithmetic,org.joda.time.DateTimeZone,646,1,0.85,0.85,4083,qwen3.6:latest
Time-17-0220,Time,17,220,STD,statement_deletion,org.joda.time.DateTimeZone,646,1,0.15,0.15,4005,qwen3.6:latest
Time-17-0221,Time,17,221,LVR,arithmetic,org.joda.time.DateTimeZone,647,1,0.85,0.85,4004,qwen3.6:latest
Time-17-0222,Time,17,222,LVR,arithmetic,org.joda.time.DateTimeZone,647,1,0.85,0.85,4110,qwen3.6:latest
Time-17-0223,Time,17,223,ROR,relational,org.joda.time.DateTimeZone,647,0,0.85,0.85,4083,qwen3.6:latest
Time-17-0224,Time,17,224,ROR,relational,org.joda.time.DateTimeZone,647,1,0.85,0.85,4129,qwen3.6:latest
Time-17-0225,Time,17,225,ROR,relational,org.joda.time.DateTimeZone,647,1,0.75,0.75,4072,qwen3.6:latest
Time-17-0226,Time,17,226,AOR,arithmetic,org.joda.time.DateTimeZone,651,1,0.75,0.75,3999,qwen3.6:latest
Time-17-0227,Time,17,227,AOR,arithmetic,org.joda.time.DateTimeZone,651,1,0.75,0.75,4106,qwen3.6:latest
Time-17-0228,Time,17,228,AOR,arithmetic,org.joda.time.DateTimeZone,651,1,0.85,0.85,4103,qwen3.6:latest
Time-17-0229,Time,17,229,AOR,arithmetic,org.joda.time.DateTimeZone,651,1,0.85,0.85,4112,qwen3.6:latest
Time-17-0230,Time,17,230,STD,statement_deletion,org.joda.time.DateTimeZone,652,1,0.15,0.15,4046,qwen3.6:latest
Time-17-0231,Time,17,231,LVR,arithmetic,org.joda.time.DateTimeZone,653,0,0.75,0.75,3974,qwen3.6:latest
Time-17-0232,Time,17,232,LVR,arithmetic,org.joda.time.DateTimeZone,653,0,0.15,0.15,4052,qwen3.6:latest
Time-17-0233,Time,17,233,STD,statement_deletion,org.joda.time.DateTimeZone,653,1,0.15,0.15,4057,qwen3.6:latest
Time-17-0234,Time,17,234,AOR,arithmetic,org.joda.time.DateTimeZone,654,1,0.75,0.75,4087,qwen3.6:latest
Time-17-0235,Time,17,235,AOR,arithmetic,org.joda.time.DateTimeZone,654,1,0.85,0.85,3993,qwen3.6:latest
Time-17-0236,Time,17,236,AOR,arithmetic,org.joda.time.DateTimeZone,654,1,0.85,0.85,4004,qwen3.6:latest
Time-17-0237,Time,17,237,AOR,arithmetic,org.joda.time.DateTimeZone,654,1,0.85,0.85,4040,qwen3.6:latest
Time-17-0238,Time,17,238,STD,statement_deletion,org.joda.time.DateTimeZone,654,1,0.15,0.15,3967,qwen3.6:latest
Time-17-0239,Time,17,239,LVR,arithmetic,org.joda.time.DateTimeZone,655,1,0.15,0.15,3993,qwen3.6:latest
Time-17-0240,Time,17,240,LVR,arithmetic,org.joda.time.DateTimeZone,655,1,0.15,0.15,4051,qwen3.6:latest
Time-17-0241,Time,17,241,ROR,relational,org.joda.time.DateTimeZone,655,0,0.75,0.75,4098,qwen3.6:latest
Time-17-0242,Time,17,242,ROR,relational,org.joda.time.DateTimeZone,655,0,0.75,0.75,4030,qwen3.6:latest
Time-17-0243,Time,17,243,ROR,relational,org.joda.time.DateTimeZone,655,1,0.15,0.15,4001,qwen3.6:latest
Time-17-0244,Time,17,244,STD,statement_deletion,org.joda.time.DateTimeZone,659,0,0.1,0.1,3998,qwen3.6:latest
Time-17-0245,Time,17,245,LVR,arithmetic,org.joda.time.DateTimeZone,660,0,0.85,0.85,3967,qwen3.6:latest
Time-17-0246,Time,17,246,LVR,arithmetic,org.joda.time.DateTimeZone,660,0,0.15,0.15,4013,qwen3.6:latest
Time-17-0247,Time,17,247,STD,statement_deletion,org.joda.time.DateTimeZone,660,0,0.1,0.1,3987,qwen3.6:latest
Time-17-0248,Time,17,248,ROR,relational,org.joda.time.DateTimeZone,670,1,0.15,0.15,4131,qwen3.6:latest
Time-17-0249,Time,17,249,LVR,arithmetic,org.joda.time.DateTimeZone,672,0,0.15,0.15,4042,qwen3.6:latest
Time-17-0250,Time,17,250,LVR,arithmetic,org.joda.time.DateTimeZone,672,1,0.75,0.75,4020,qwen3.6:latest
Time-17-0251,Time,17,251,LVR,arithmetic,org.joda.time.DateTimeZone,672,1,0.15,0.15,4007,qwen3.6:latest
Time-17-0252,Time,17,252,LVR,arithmetic,org.joda.time.DateTimeZone,672,1,0.75,0.75,3997,qwen3.6:latest
Time-17-0253,Time,17,253,LVR,arithmetic,org.joda.time.DateTimeZone,672,1,0.15,0.15,4011,qwen3.6:latest
Time-17-0254,Time,17,254,STD,statement_deletion,org.joda.time.DateTimeZone,671,1,0.15,0.15,4008,qwen3.6:latest
Time-17-0255,Time,17,255,ROR,relational,org.joda.time.DateTimeZone,690,0,0.95,0.95,3993,qwen3.6:latest
Time-17-0256,Time,17,256,ROR,relational,org.joda.time.DateTimeZone,744,0,0.85,0.85,4062,qwen3.6:latest
Time-17-0257,Time,17,257,STD,statement_deletion,org.joda.time.DateTimeZone,745,0,0.15,0.15,4104,qwen3.6:latest
Time-17-0258,Time,17,258,ROR,relational,org.joda.time.DateTimeZone,748,1,0.85,0.85,4131,qwen3.6:latest
Time-17-0259,Time,17,259,ROR,relational,org.joda.time.DateTimeZone,752,1,0.85,0.85,4066,qwen3.6:latest
Time-17-0260,Time,17,260,ROR,relational,org.joda.time.DateTimeZone,784,0,0.85,0.85,4065,qwen3.6:latest
Time-17-0261,Time,17,261,STD,statement_deletion,org.joda.time.DateTimeZone,785,0,0.1,0.1,4007,qwen3.6:latest
Time-17-0262,Time,17,262,ROR,relational,org.joda.time.DateTimeZone,788,1,0.85,0.85,4119,qwen3.6:latest
Time-17-0263,Time,17,263,ROR,relational,org.joda.time.DateTimeZone,792,1,0.85,0.85,4009,qwen3.6:latest
Time-17-0264,Time,17,264,ROR,relational,org.joda.time.DateTimeZone,813,1,0.85,0.85,4058,qwen3.6:latest
Time-17-0265,Time,17,265,ROR,relational,org.joda.time.DateTimeZone,844,0,0.85,0.85,4034,qwen3.6:latest
Time-17-0266,Time,17,266,ROR,relational,org.joda.time.DateTimeZone,844,1,0.85,0.85,4124,qwen3.6:latest
Time-17-0267,Time,17,267,ROR,relational,org.joda.time.DateTimeZone,844,1,0.85,0.85,4060,qwen3.6:latest
Time-17-0268,Time,17,268,AOR,arithmetic,org.joda.time.DateTimeZone,884,1,0.75,0.75,4181,qwen3.6:latest
Time-17-0269,Time,17,269,AOR,arithmetic,org.joda.time.DateTimeZone,884,1,0.85,0.85,4161,qwen3.6:latest
Time-17-0270,Time,17,270,AOR,arithmetic,org.joda.time.DateTimeZone,884,1,0.85,0.85,4078,qwen3.6:latest
Time-17-0271,Time,17,271,AOR,arithmetic,org.joda.time.DateTimeZone,884,1,0.85,0.85,4194,qwen3.6:latest
Time-17-0272,Time,17,272,ROR,relational,org.joda.time.DateTimeZone,887,0,0.85,0.85,4309,qwen3.6:latest
Time-17-0273,Time,17,273,ROR,relational,org.joda.time.DateTimeZone,887,1,0.85,0.85,4239,qwen3.6:latest
Time-17-0274,Time,17,274,ROR,relational,org.joda.time.DateTimeZone,887,1,0.85,0.85,4208,qwen3.6:latest
Time-17-0275,Time,17,275,AOR,arithmetic,org.joda.time.DateTimeZone,890,1,0.75,0.75,4178,qwen3.6:latest
Time-17-0276,Time,17,276,AOR,arithmetic,org.joda.time.DateTimeZone,890,1,0.75,0.75,4192,qwen3.6:latest
Time-17-0277,Time,17,277,AOR,arithmetic,org.joda.time.DateTimeZone,890,1,0.75,0.75,4172,qwen3.6:latest
Time-17-0278,Time,17,278,AOR,arithmetic,org.joda.time.DateTimeZone,890,1,0.75,0.75,4087,qwen3.6:latest
Time-17-0279,Time,17,279,LVR,arithmetic,org.joda.time.DateTimeZone,890,0,0.15,0.15,4120,qwen3.6:latest
Time-17-0280,Time,17,280,LVR,arithmetic,org.joda.time.DateTimeZone,890,0,0.15,0.15,4121,qwen3.6:latest
Time-17-0281,Time,17,281,ROR,relational,org.joda.time.DateTimeZone,890,1,0.85,0.85,4189,qwen3.6:latest
Time-17-0282,Time,17,282,ROR,relational,org.joda.time.DateTimeZone,890,0,0.85,0.85,4128,qwen3.6:latest
Time-17-0283,Time,17,283,ROR,relational,org.joda.time.DateTimeZone,890,1,0.75,0.75,4156,qwen3.6:latest
Time-17-0284,Time,17,284,AOR,arithmetic,org.joda.time.DateTimeZone,895,1,0.75,0.75,4095,qwen3.6:latest
Time-17-0285,Time,17,285,AOR,arithmetic,org.joda.time.DateTimeZone,895,1,0.75,0.75,4096,qwen3.6:latest
Time-17-0286,Time,17,286,AOR,arithmetic,org.joda.time.DateTimeZone,895,1,0.75,0.75,4050,qwen3.6:latest
Time-17-0287,Time,17,287,AOR,arithmetic,org.joda.time.DateTimeZone,895,1,0.75,0.75,4109,qwen3.6:latest
Time-17-0288,Time,17,288,ROR,relational,org.joda.time.DateTimeZone,896,1,0.75,0.75,4081,qwen3.6:latest
Time-17-0289,Time,17,289,ROR,relational,org.joda.time.DateTimeZone,896,0,0.75,0.75,4057,qwen3.6:latest
Time-17-0290,Time,17,290,ROR,relational,org.joda.time.DateTimeZone,896,1,0.75,0.75,4091,qwen3.6:latest
Time-17-0291,Time,17,291,LVR,arithmetic,org.joda.time.DateTimeZone,900,1,0.15,0.15,4020,qwen3.6:latest
Time-17-0292,Time,17,292,LVR,arithmetic,org.joda.time.DateTimeZone,900,0,0.15,0.15,4046,qwen3.6:latest
Time-17-0293,Time,17,293,ROR,relational,org.joda.time.DateTimeZone,900,1,0.75,0.75,4109,qwen3.6:latest
Time-17-0294,Time,17,294,ROR,relational,org.joda.time.DateTimeZone,900,1,0.75,0.75,4052,qwen3.6:latest
Time-17-0295,Time,17,295,ROR,relational,org.joda.time.DateTimeZone,900,0,0.85,0.85,4006,qwen3.6:latest
Time-17-0296,Time,17,296,ROR,relational,org.joda.time.DateTimeZone,902,0,0.75,0.75,3962,qwen3.6:latest
Time-17-0297,Time,17,297,ROR,relational,org.joda.time.DateTimeZone,902,0,0.75,0.75,4011,qwen3.6:latest
Time-17-0298,Time,17,298,ROR,relational,org.joda.time.DateTimeZone,902,1,0.75,0.75,3983,qwen3.6:latest
Time-17-0299,Time,17,299,AOR,arithmetic,org.joda.time.DateTimeZone,904,1,0.75,0.75,3986,qwen3.6:latest
Time-17-0300,Time,17,300,AOR,arithmetic,org.joda.time.DateTimeZone,904,1,0.75,0.75,3991,qwen3.6:latest
Time-17-0301,Time,17,301,AOR,arithmetic,org.joda.time.DateTimeZone,904,1,0.75,0.75,4014,qwen3.6:latest
Time-17-0302,Time,17,302,AOR,arithmetic,org.joda.time.DateTimeZone,904,1,0.75,0.75,4005,qwen3.6:latest
Time-17-0303,Time,17,303,AOR,arithmetic,org.joda.time.DateTimeZone,905,1,0.75,0.75,3981,qwen3.6:latest
Time-17-0304,Time,17,304,AOR,arithmetic,org.joda.time.DateTimeZone,905,1,0.75,0.75,4003,qwen3.6:latest
Time-17-0305,Time,17,305,AOR,arithmetic,org.joda.time.DateTimeZone,905,1,0.75,0.75,4016,qwen3.6:latest
Time-17-0306,Time,17,306,AOR,arithmetic,org.joda.time.DateTimeZone,905,1,0.75,0.75,3972,qwen3.6:latest
Time-17-0307,Time,17,307,ROR,relational,org.joda.time.DateTimeZone,905,1,0.75,0.75,4003,qwen3.6:latest
Time-17-0308,Time,17,308,ROR,relational,org.joda.time.DateTimeZone,905,1,0.75,0.75,3998,qwen3.6:latest
Time-17-0309,Time,17,309,ROR,relational,org.joda.time.DateTimeZone,905,1,0.75,0.75,4000,qwen3.6:latest
Time-17-0310,Time,17,310,AOR,arithmetic,org.joda.time.DateTimeZone,925,1,0.85,0.85,4072,qwen3.6:latest
Time-17-0311,Time,17,311,AOR,arithmetic,org.joda.time.DateTimeZone,925,1,0.85,0.85,4122,qwen3.6:latest
Time-17-0312,Time,17,312,AOR,arithmetic,org.joda.time.DateTimeZone,925,1,0.85,0.85,4077,qwen3.6:latest
Time-17-0313,Time,17,313,AOR,arithmetic,org.joda.time.DateTimeZone,925,1,0.85,0.85,4129,qwen3.6:latest
Time-17-0314,Time,17,314,LOR,logical,org.joda.time.DateTimeZone,927,1,0.85,0.85,4040,qwen3.6:latest
Time-17-0315,Time,17,315,LOR,logical,org.joda.time.DateTimeZone,927,1,0.85,0.85,3999,qwen3.6:latest
Time-17-0316,Time,17,316,LVR,arithmetic,org.joda.time.DateTimeZone,927,1,0.85,0.85,4053,qwen3.6:latest
Time-17-0317,Time,17,317,LVR,arithmetic,org.joda.time.DateTimeZone,927,0,0.85,0.85,4082,qwen3.6:latest
Time-17-0318,Time,17,318,ROR,relational,org.joda.time.DateTimeZone,927,1,0.85,0.85,4056,qwen3.6:latest
Time-17-0319,Time,17,319,ROR,relational,org.joda.time.DateTimeZone,927,1,0.85,0.85,4022,qwen3.6:latest
Time-17-0320,Time,17,320,ROR,relational,org.joda.time.DateTimeZone,927,0,0.85,0.85,4128,qwen3.6:latest
Time-17-0321,Time,17,321,LOR,logical,org.joda.time.DateTimeZone,927,1,0.85,0.85,4035,qwen3.6:latest
Time-17-0322,Time,17,322,LOR,logical,org.joda.time.DateTimeZone,927,0,0.85,0.85,4002,qwen3.6:latest
Time-17-0323,Time,17,323,LVR,arithmetic,org.joda.time.DateTimeZone,927,0,0.85,0.85,3995,qwen3.6:latest
Time-17-0324,Time,17,324,LVR,arithmetic,org.joda.time.DateTimeZone,927,0,0.85,0.85,3998,qwen3.6:latest
Time-17-0325,Time,17,325,ROR,relational,org.joda.time.DateTimeZone,927,0,0.85,0.85,3996,qwen3.6:latest
Time-17-0326,Time,17,326,ROR,relational,org.joda.time.DateTimeZone,927,0,0.85,0.85,3997,qwen3.6:latest
Time-17-0327,Time,17,327,ROR,relational,org.joda.time.DateTimeZone,927,1,0.85,0.85,4133,qwen3.6:latest
Time-17-0328,Time,17,328,COR,logical,org.joda.time.DateTimeZone,927,1,0.85,0.85,4079,qwen3.6:latest
Time-17-0329,Time,17,329,COR,logical,org.joda.time.DateTimeZone,927,0,0.85,0.85,4113,qwen3.6:latest
Time-17-0330,Time,17,330,COR,logical,org.joda.time.DateTimeZone,927,1,0.85,0.85,4103,qwen3.6:latest
Time-17-0331,Time,17,331,COR,logical,org.joda.time.DateTimeZone,927,1,0.85,0.85,4102,qwen3.6:latest
Time-17-0332,Time,17,332,AOR,arithmetic,org.joda.time.DateTimeZone,952,1,0.85,0.85,4097,qwen3.6:latest
Time-17-0333,Time,17,333,AOR,arithmetic,org.joda.time.DateTimeZone,952,1,0.85,0.85,4106,qwen3.6:latest
Time-17-0334,Time,17,334,AOR,arithmetic,org.joda.time.DateTimeZone,952,1,0.85,0.85,4076,qwen3.6:latest
Time-17-0335,Time,17,335,AOR,arithmetic,org.joda.time.DateTimeZone,952,1,0.85,0.85,4012,qwen3.6:latest
Time-17-0336,Time,17,336,ROR,relational,org.joda.time.DateTimeZone,954,1,0.85,0.85,4181,qwen3.6:latest
Time-17-0337,Time,17,337,ROR,relational,org.joda.time.DateTimeZone,954,1,0.85,0.85,4165,qwen3.6:latest
Time-17-0338,Time,17,338,ROR,relational,org.joda.time.DateTimeZone,954,1,0.85,0.85,4026,qwen3.6:latest
Time-17-0339,Time,17,339,AOR,arithmetic,org.joda.time.DateTimeZone,976,1,0.85,0.85,3927,qwen3.6:latest
Time-17-0340,Time,17,340,AOR,arithmetic,org.joda.time.DateTimeZone,976,1,0.85,0.85,4090,qwen3.6:latest
Time-17-0341,Time,17,341,AOR,arithmetic,org.joda.time.DateTimeZone,976,1,0.85,0.85,4115,qwen3.6:latest
Time-17-0342,Time,17,342,AOR,arithmetic,org.joda.time.DateTimeZone,976,1,0.85,0.85,4124,qwen3.6:latest
Time-17-0343,Time,17,343,ROR,relational,org.joda.time.DateTimeZone,978,0,0.85,0.85,4317,qwen3.6:latest
Time-17-0344,Time,17,344,ROR,relational,org.joda.time.DateTimeZone,978,1,0.85,0.85,4385,qwen3.6:latest
Time-17-0345,Time,17,345,ROR,relational,org.joda.time.DateTimeZone,978,0,0.85,0.85,4223,qwen3.6:latest
Time-17-0346,Time,17,346,LVR,arithmetic,org.joda.time.DateTimeZone,982,0,0.15,0.15,4023,qwen3.6:latest
Time-17-0347,Time,17,347,LVR,arithmetic,org.joda.time.DateTimeZone,982,0,0.15,0.15,4141,qwen3.6:latest
Time-17-0348,Time,17,348,ROR,relational,org.joda.time.DateTimeZone,982,1,0.85,0.85,4119,qwen3.6:latest
Time-17-0349,Time,17,349,ROR,relational,org.joda.time.DateTimeZone,982,0,0.85,0.85,4106,qwen3.6:latest
Time-17-0350,Time,17,350,ROR,relational,org.joda.time.DateTimeZone,982,1,0.85,0.85,4142,qwen3.6:latest
Time-17-0351,Time,17,351,COR,logical,org.joda.time.DateTimeZone,982,0,0.75,0.75,4079,qwen3.6:latest
Time-17-0352,Time,17,352,COR,logical,org.joda.time.DateTimeZone,982,1,0.75,0.75,4210,qwen3.6:latest
Time-17-0353,Time,17,353,COR,logical,org.joda.time.DateTimeZone,982,0,0.75,0.75,4155,qwen3.6:latest
Time-17-0354,Time,17,354,COR,logical,org.joda.time.DateTimeZone,982,1,0.75,0.75,4029,qwen3.6:latest
Time-17-0355,Time,17,355,AOR,arithmetic,org.joda.time.DateTimeZone,984,1,0.75,0.75,4152,qwen3.6:latest
Time-17-0356,Time,17,356,AOR,arithmetic,org.joda.time.DateTimeZone,984,1,0.75,0.75,4043,qwen3.6:latest
Time-17-0357,Time,17,357,AOR,arithmetic,org.joda.time.DateTimeZone,984,1,0.75,0.75,4109,qwen3.6:latest
Time-17-0358,Time,17,358,AOR,arithmetic,org.joda.time.DateTimeZone,984,1,0.75,0.75,4101,qwen3.6:latest
Time-17-0359,Time,17,359,AOR,arithmetic,org.joda.time.DateTimeZone,985,0,0.75,0.75,4129,qwen3.6:latest
Time-17-0360,Time,17,360,AOR,arithmetic,org.joda.time.DateTimeZone,985,0,0.75,0.75,4080,qwen3.6:latest
Time-17-0361,Time,17,361,AOR,arithmetic,org.joda.time.DateTimeZone,985,0,0.75,0.75,4124,qwen3.6:latest
Time-17-0362,Time,17,362,AOR,arithmetic,org.joda.time.DateTimeZone,985,0,0.75,0.75,4049,qwen3.6:latest
Time-17-0363,Time,17,363,ROR,relational,org.joda.time.DateTimeZone,985,0,0.75,0.75,4117,qwen3.6:latest
Time-17-0364,Time,17,364,ROR,relational,org.joda.time.DateTimeZone,985,1,0.75,0.75,4086,qwen3.6:latest
Time-17-0365,Time,17,365,ROR,relational,org.joda.time.DateTimeZone,985,0,0.75,0.75,4130,qwen3.6:latest
Time-17-0366,Time,17,366,STD,statement_deletion,org.joda.time.DateTimeZone,986,0,0.15,0.15,4063,qwen3.6:latest
Time-17-0367,Time,17,367,AOR,arithmetic,org.joda.time.DateTimeZone,988,1,0.75,0.75,4165,qwen3.6:latest
Time-17-0368,Time,17,368,AOR,arithmetic,org.joda.time.DateTimeZone,988,1,0.75,0.75,4214,qwen3.6:latest
Time-17-0369,Time,17,369,AOR,arithmetic,org.joda.time.DateTimeZone,988,1,0.75,0.75,4125,qwen3.6:latest
Time-17-0370,Time,17,370,AOR,arithmetic,org.joda.time.DateTimeZone,988,1,0.75,0.75,4077,qwen3.6:latest
Time-17-0371,Time,17,371,AOR,arithmetic,org.joda.time.DateTimeZone,989,0,0.75,0.75,4112,qwen3.6:latest
Time-17-0372,Time,17,372,AOR,arithmetic,org.joda.time.DateTimeZone,989,0,0.75,0.75,4073,qwen3.6:latest
Time-17-0373,Time,17,373,AOR,arithmetic,org.joda.time.DateTimeZone,989,0,0.75,0.75,4135,qwen3.6:latest
Time-17-0374,Time,17,374,AOR,arithmetic,org.joda.time.DateTimeZone,989,0,0.75,0.75,4059,qwen3.6:latest
Time-17-0375,Time,17,375,ROR,relational,org.joda.time.DateTimeZone,989,0,0.75,0.75,4184,qwen3.6:latest
Time-17-0376,Time,17,376,ROR,relational,org.joda.time.DateTimeZone,989,1,0.85,0.85,4028,qwen3.6:latest
Time-17-0377,Time,17,377,ROR,relational,org.joda.time.DateTimeZone,989,0,0.85,0.85,4120,qwen3.6:latest
Time-17-0378,Time,17,378,STD,statement_deletion,org.joda.time.DateTimeZone,990,0,0.15,0.15,4054,qwen3.6:latest
Time-17-0379,Time,17,379,ROR,relational,org.joda.time.DateTimeZone,992,1,0.85,0.85,4006,qwen3.6:latest
Time-17-0380,Time,17,380,ROR,relational,org.joda.time.DateTimeZone,992,0,0.85,0.85,4006,qwen3.6:latest
Time-17-0381,Time,17,381,ROR,relational,org.joda.time.DateTimeZone,992,1,0.85,0.85,3991,qwen3.6:latest
Time-17-0382,Time,17,382,COR,logical,org.joda.time.DateTimeZone,994,0,0.85,0.85,4154,qwen3.6:latest
Time-17-0383,Time,17,383,COR,logical,org.joda.time.DateTimeZone,994,1,0.85,0.85,4061,qwen3.6:latest
Time-17-0384,Time,17,384,STD,statement_deletion,org.joda.time.DateTimeZone,1003,1,0.15,0.15,4108,qwen3.6:latest
Time-17-0385,Time,17,385,AOR,arithmetic,org.joda.time.DateTimeZone,1009,1,0.85,0.85,4049,qwen3.6:latest
Time-17-0386,Time,17,386,AOR,arithmetic,org.joda.time.DateTimeZone,1009,1,0.85,0.85,3998,qwen3.6:latest
Time-17-0387,Time,17,387,AOR,arithmetic,org.joda.time.DateTimeZone,1009,1,0.85,0.85,4009,qwen3.6:latest
Time-17-0388,Time,17,388,AOR,arithmetic,org.joda.time.DateTimeZone,1009,1,0.85,0.85,3982,qwen3.6:latest
Time-17-0389,Time,17,389,LOR,logical,org.joda.time.DateTimeZone,1011,1,0.85,0.85,4094,qwen3.6:latest
Time-17-0390,Time,17,390,LOR,logical,org.joda.time.DateTimeZone,1011,1,0.85,0.85,4067,qwen3.6:latest
Time-17-0391,Time,17,391,LVR,arithmetic,org.joda.time.DateTimeZone,1011,0,0.85,0.85,4006,qwen3.6:latest
Time-17-0392,Time,17,392,LVR,arithmetic,org.joda.time.DateTimeZone,1011,0,0.85,0.85,4059,qwen3.6:latest
Time-17-0393,Time,17,393,ROR,relational,org.joda.time.DateTimeZone,1011,1,0.85,0.85,3938,qwen3.6:latest
Time-17-0394,Time,17,394,ROR,relational,org.joda.time.DateTimeZone,1011,0,0.85,0.85,3993,qwen3.6:latest
Time-17-0395,Time,17,395,ROR,relational,org.joda.time.DateTimeZone,1011,0,0.85,0.85,4001,qwen3.6:latest
Time-17-0396,Time,17,396,LOR,logical,org.joda.time.DateTimeZone,1011,0,0.85,0.85,3996,qwen3.6:latest
Time-17-0397,Time,17,397,LOR,logical,org.joda.time.DateTimeZone,1011,0,0.85,0.85,4003,qwen3.6:latest
Time-17-0398,Time,17,398,LVR,arithmetic,org.joda.time.DateTimeZone,1011,0,0.85,0.85,3993,qwen3.6:latest
Time-17-0399,Time,17,399,LVR,arithmetic,org.joda.time.DateTimeZone,1011,0,0.85,0.85,4013,qwen3.6:latest
Time-17-0400,Time,17,400,ROR,relational,org.joda.time.DateTimeZone,1011,0,0.85,0.85,3987,qwen3.6:latest
Time-17-0401,Time,17,401,ROR,relational,org.joda.time.DateTimeZone,1011,0,0.85,0.85,3996,qwen3.6:latest
Time-17-0402,Time,17,402,ROR,relational,org.joda.time.DateTimeZone,1011,0,0.85,0.85,4003,qwen3.6:latest
Time-17-0403,Time,17,403,COR,logical,org.joda.time.DateTimeZone,1011,1,0.85,0.85,4011,qwen3.6:latest
Time-17-0404,Time,17,404,COR,logical,org.joda.time.DateTimeZone,1011,0,0.85,0.85,4181,qwen3.6:latest
Time-17-0405,Time,17,405,COR,logical,org.joda.time.DateTimeZone,1011,0,0.85,0.85,4019,qwen3.6:latest
Time-17-0406,Time,17,406,COR,logical,org.joda.time.DateTimeZone,1011,1,0.85,0.85,4004,qwen3.6:latest
Time-17-0407,Time,17,407,ROR,relational,org.joda.time.DateTimeZone,1028,1,0.85,0.85,4023,qwen3.6:latest
Time-17-0408,Time,17,408,STD,statement_deletion,org.joda.time.DateTimeZone,1029,1,0.15,0.15,4182,qwen3.6:latest
Time-17-0409,Time,17,409,ROR,relational,org.joda.time.DateTimeZone,1031,0,0.85,0.85,4140,qwen3.6:latest
Time-17-0410,Time,17,410,LVR,arithmetic,org.joda.time.DateTimeZone,1035,1,0.15,0.15,4004,qwen3.6:latest
Time-17-0411,Time,17,411,COR,logical,org.joda.time.DateTimeZone,1145,0,0.85,0.85,4045,qwen3.6:latest
Time-17-0412,Time,17,412,COR,logical,org.joda.time.DateTimeZone,1145,1,0.85,0.85,3984,qwen3.6:latest
Time-17-0413,Time,17,413,LVR,arithmetic,org.joda.time.DateTimeZone,1146,0,0.85,0.85,3994,qwen3.6:latest
Time-17-0414,Time,17,414,STD,statement_deletion,org.joda.time.DateTimeZone,1149,1,0.15,0.15,3973,qwen3.6:latest
Time-17-0415,Time,17,415,LVR,arithmetic,org.joda.time.DateTimeZone,1150,1,0.85,0.85,4002,qwen3.6:latest
Time-17-0416,Time,17,416,LVR,arithmetic,org.joda.time.DateTimeZone,1152,1,0.85,0.85,3978,qwen3.6:latest
Time-17-0417,Time,17,417,LVR,arithmetic,org.joda.time.DateTimeZone,1167,1,0.75,0.75,4117,qwen3.6:latest
Time-17-0418,Time,17,418,LVR,arithmetic,org.joda.time.DateTimeZone,1167,1,0.75,0.75,4168,qwen3.6:latest
Time-17-0419,Time,17,419,AOR,arithmetic,org.joda.time.DateTimeZone,1167,1,0.75,0.75,4032,qwen3.6:latest
Time-17-0420,Time,17,420,AOR,arithmetic,org.joda.time.DateTimeZone,1167,0,0.85,0.85,4114,qwen3.6:latest
Time-17-0421,Time,17,421,AOR,arithmetic,org.joda.time.DateTimeZone,1167,1,0.85,0.85,4076,qwen3.6:latest
Time-17-0422,Time,17,422,AOR,arithmetic,org.joda.time.DateTimeZone,1167,1,0.75,0.75,4131,qwen3.6:latest
Time-17-0423,Time,17,423,AOR,arithmetic,org.joda.time.DateTimeZone,1167,1,0.75,0.75,4061,qwen3.6:latest
Time-17-0424,Time,17,424,AOR,arithmetic,org.joda.time.DateTimeZone,1167,1,0.85,0.85,4138,qwen3.6:latest
Time-17-0425,Time,17,425,AOR,arithmetic,org.joda.time.DateTimeZone,1167,1,0.85,0.85,4041,qwen3.6:latest
Time-17-0426,Time,17,426,AOR,arithmetic,org.joda.time.DateTimeZone,1167,1,0.85,0.85,4123,qwen3.6:latest
Time-17-0427,Time,17,427,LVR,arithmetic,org.joda.time.DateTimeZone,1168,1,0.75,0.75,4072,qwen3.6:latest
Time-17-0428,Time,17,428,LVR,arithmetic,org.joda.time.DateTimeZone,1168,1,0.75,0.75,4006,qwen3.6:latest
Time-17-0429,Time,17,429,AOR,arithmetic,org.joda.time.DateTimeZone,1168,1,0.75,0.75,4113,qwen3.6:latest
Time-17-0430,Time,17,430,AOR,arithmetic,org.joda.time.DateTimeZone,1168,0,0.85,0.85,4115,qwen3.6:latest
Time-17-0431,Time,17,431,AOR,arithmetic,org.joda.time.DateTimeZone,1168,1,0.85,0.85,4114,qwen3.6:latest
Time-17-0432,Time,17,432,AOR,arithmetic,org.joda.time.DateTimeZone,1168,1,0.75,0.75,4060,qwen3.6:latest
Time-17-0433,Time,17,433,AOR,arithmetic,org.joda.time.DateTimeZone,1168,0,0.75,0.75,4256,qwen3.6:latest
Time-17-0434,Time,17,434,AOR,arithmetic,org.joda.time.DateTimeZone,1168,1,0.75,0.75,4097,qwen3.6:latest
Time-17-0435,Time,17,435,AOR,arithmetic,org.joda.time.DateTimeZone,1168,1,0.85,0.85,4022,qwen3.6:latest
Time-17-0436,Time,17,436,AOR,arithmetic,org.joda.time.DateTimeZone,1168,0,0.75,0.75,4147,qwen3.6:latest
Time-17-0437,Time,17,437,ROR,relational,org.joda.time.DateTimeZone,1171,0,0.85,0.85,4049,qwen3.6:latest
Time-17-0438,Time,17,438,ROR,relational,org.joda.time.DateTimeZone,1171,0,0.75,0.75,4162,qwen3.6:latest
Time-17-0439,Time,17,439,ROR,relational,org.joda.time.DateTimeZone,1171,1,0.85,0.85,4173,qwen3.6:latest
Time-17-0440,Time,17,440,AOR,arithmetic,org.joda.time.DateTimeZone,1176,1,0.75,0.75,4082,qwen3.6:latest
Time-17-0441,Time,17,441,AOR,arithmetic,org.joda.time.DateTimeZone,1176,1,0.75,0.75,4159,qwen3.6:latest
Time-17-0442,Time,17,442,AOR,arithmetic,org.joda.time.DateTimeZone,1176,1,0.85,0.85,3998,qwen3.6:latest
Time-17-0443,Time,17,443,AOR,arithmetic,org.joda.time.DateTimeZone,1176,1,0.75,0.75,4012,qwen3.6:latest
Time-17-0444,Time,17,444,AOR,arithmetic,org.joda.time.DateTimeZone,1178,1,0.75,0.75,4164,qwen3.6:latest
Time-17-0445,Time,17,445,AOR,arithmetic,org.joda.time.DateTimeZone,1178,1,0.75,0.75,3986,qwen3.6:latest
Time-17-0446,Time,17,446,AOR,arithmetic,org.joda.time.DateTimeZone,1178,1,0.75,0.75,4020,qwen3.6:latest
Time-17-0447,Time,17,447,AOR,arithmetic,org.joda.time.DateTimeZone,1178,1,0.75,0.75,3983,qwen3.6:latest
Time-17-0448,Time,17,448,AOR,arithmetic,org.joda.time.DateTimeZone,1179,1,0.85,0.85,4000,qwen3.6:latest
Time-17-0449,Time,17,449,AOR,arithmetic,org.joda.time.DateTimeZone,1179,1,0.85,0.85,4103,qwen3.6:latest
Time-17-0450,Time,17,450,AOR,arithmetic,org.joda.time.DateTimeZone,1179,1,0.85,0.85,4052,qwen3.6:latest
Time-17-0451,Time,17,451,AOR,arithmetic,org.joda.time.DateTimeZone,1179,1,0.85,0.85,4019,qwen3.6:latest
Time-17-0452,Time,17,452,ROR,relational,org.joda.time.DateTimeZone,1180,1,0.75,0.75,4025,qwen3.6:latest
Time-17-0453,Time,17,453,ROR,relational,org.joda.time.DateTimeZone,1180,0,0.75,0.75,4012,qwen3.6:latest
Time-17-0454,Time,17,454,ROR,relational,org.joda.time.DateTimeZone,1180,1,0.85,0.85,3978,qwen3.6:latest
Time-17-0455,Time,17,455,ROR,relational,org.joda.time.DateTimeZone,1180,1,0.85,0.85,4004,qwen3.6:latest
Time-17-0456,Time,17,456,ROR,relational,org.joda.time.DateTimeZone,1180,0,0.85,0.85,4012,qwen3.6:latest
Time-17-0457,Time,17,457,ROR,relational,org.joda.time.DateTimeZone,1180,1,0.85,0.85,4051,qwen3.6:latest
Time-17-0458,Time,17,458,COR,logical,org.joda.time.DateTimeZone,1180,0,0.75,0.75,4082,qwen3.6:latest
Time-17-0459,Time,17,459,COR,logical,org.joda.time.DateTimeZone,1180,1,0.75,0.75,4077,qwen3.6:latest
Time-17-0460,Time,17,460,COR,logical,org.joda.time.DateTimeZone,1180,1,0.75,0.75,4122,qwen3.6:latest
Time-17-0461,Time,17,461,COR,logical,org.joda.time.DateTimeZone,1180,1,0.75,0.75,4047,qwen3.6:latest
Time-17-0462,Time,17,462,AOR,arithmetic,org.joda.time.DateTimeZone,1185,0,0.75,0.75,4004,qwen3.6:latest
Time-17-0463,Time,17,463,AOR,arithmetic,org.joda.time.DateTimeZone,1185,1,0.75,0.75,3999,qwen3.6:latest
Time-17-0464,Time,17,464,AOR,arithmetic,org.joda.time.DateTimeZone,1185,1,0.85,0.85,3999,qwen3.6:latest
Time-17-0465,Time,17,465,AOR,arithmetic,org.joda.time.DateTimeZone,1185,1,0.75,0.75,4165,qwen3.6:latest
Time-17-0466,Time,17,466,ROR,relational,org.joda.time.DateTimeZone,1186,1,0.75,0.75,4003,qwen3.6:latest
Time-17-0467,Time,17,467,ROR,relational,org.joda.time.DateTimeZone,1186,0,0.85,0.85,3994,qwen3.6:latest
Time-17-0468,Time,17,468,ROR,relational,org.joda.time.DateTimeZone,1186,1,0.85,0.85,3988,qwen3.6:latest
Time-17-0469,Time,17,469,COR,logical,org.joda.time.DateTimeZone,1188,1,0.85,0.85,4023,qwen3.6:latest
Time-17-0470,Time,17,470,COR,logical,org.joda.time.DateTimeZone,1188,1,0.85,0.85,3995,qwen3.6:latest
Time-17-0471,Time,17,471,AOR,arithmetic,org.joda.time.DateTimeZone,1188,1,0.85,0.85,4010,qwen3.6:latest
Time-17-0472,Time,17,472,AOR,arithmetic,org.joda.time.DateTimeZone,1188,1,0.85,0.85,4015,qwen3.6:latest
Time-17-0473,Time,17,473,AOR,arithmetic,org.joda.time.DateTimeZone,1188,1,0.85,0.85,4032,qwen3.6:latest
Time-17-0474,Time,17,474,AOR,arithmetic,org.joda.time.DateTimeZone,1188,1,0.85,0.85,4139,qwen3.6:latest
Time-17-0475,Time,17,475,COR,logical,org.joda.time.DateTimeZone,1191,1,0.85,0.85,3961,qwen3.6:latest
Time-17-0476,Time,17,476,COR,logical,org.joda.time.DateTimeZone,1191,1,0.75,0.75,3996,qwen3.6:latest
Time-17-0477,Time,17,477,AOR,arithmetic,org.joda.time.DateTimeZone,1191,1,0.85,0.85,4019,qwen3.6:latest
Time-17-0478,Time,17,478,AOR,arithmetic,org.joda.time.DateTimeZone,1191,1,0.85,0.85,4033,qwen3.6:latest
Time-17-0479,Time,17,479,AOR,arithmetic,org.joda.time.DateTimeZone,1191,1,0.85,0.85,3992,qwen3.6:latest
Time-17-0480,Time,17,480,AOR,arithmetic,org.joda.time.DateTimeZone,1191,1,0.85,0.85,3994,qwen3.6:latest
Time-17-0481,Time,17,481,LVR,arithmetic,org.joda.time.DateTimeZone,1250,0,0.85,0.85,4071,qwen3.6:latest
Time-17-0482,Time,17,482,LVR,arithmetic,org.joda.time.DateTimeZone,1250,0,0.8,0.8,4012,qwen3.6:latest
Time-17-0483,Time,17,483,AOR,arithmetic,org.joda.time.DateTimeZone,1250,1,0.85,0.85,4085,qwen3.6:latest
Time-17-0484,Time,17,484,AOR,arithmetic,org.joda.time.DateTimeZone,1250,0,0.85,0.85,3985,qwen3.6:latest
Time-17-0485,Time,17,485,AOR,arithmetic,org.joda.time.DateTimeZone,1250,0,0.85,0.85,4003,qwen3.6:latest
Time-17-0486,Time,17,486,AOR,arithmetic,org.joda.time.DateTimeZone,1250,1,0.85,0.85,3992,qwen3.6:latest
Time-17-0487,Time,17,487,STD,statement_deletion,org.joda.time.DateTimeZone,1285,1,0.1,0.1,3946,qwen3.6:latest
Time-17-0488,Time,17,488,STD,statement_deletion,org.joda.time.DateTimeZone,1289,1,0.1,0.1,4029,qwen3.6:latest
Time-17-0489,Time,17,489,STD,statement_deletion,org.joda.time.DateTimeZone,1293,1,0.15,0.15,3994,qwen3.6:latest
